case_id,waypoint,iteration,pre_position_mm,pre_normal_deg,post_position_mm,post_normal_deg,damping,damping_increased,accepted_alpha,unclipped_delta_norm_rad,accepted_delta_norm_rad,trust_region_radius_rad,trust_region_clipped,sigma_min,sigma_max,condition_number,effective_rank,manipulability,converged,accepted
unspecified,16,0,64.55144135200787,13.520047958135823,20.90991966385065,4.897992854325793,0.01,False,1.0,0.45437944473352015,0.28016081163591416,0.16,True,0.12383755842909439,1.9873592941258418,16.048114314719335,6,0.009532006840558006,False,True
unspecified,16,1,20.90991966385065,4.897992854325793,1.1576993150077748,0.2657733587957175,0.01,False,1.0,0.15669430450274613,0.15669430450274613,0.16,False,0.11872919753310211,1.9885261209045286,16.748417088813564,6,0.009718987939678429,False,True
unspecified,16,2,1.1576993150077748,0.2657733587957175,0.0063701080978643574,0.009075730099131882,0.01,False,1.0,0.009032676198228047,0.009032676198228047,0.16,False,0.11499497632127435,1.9795359676313753,17.214108224179498,6,0.01064281172387217,False,True
unspecified,16,3,0.0063701080978643574,0.009075730099131882,0.0063701080978643574,0.009075730099131882,0.01,False,0.0,0.0,0.0,0.16,False,,,,,,True,True
unspecified,17,0,4.618242027293921,2.458181035507751,0.17204031675538514,0.1745162130300935,0.01,False,1.0,0.08431040328123787,0.08431040328123787,0.16,False,0.1159692394876477,1.9786181863772734,17.06157766592945,6,0.01080143298287021,False,True
unspecified,17,1,0.17204031675538514,0.1745162130300935,0.0026421827903089752,0.010963130162599312,0.01,False,1.0,0.007560820979564062,0.007560820979564062,0.16,False,0.1177985065729797,1.9816753045903732,16.82258427752364,6,0.010344930765094554,False,True
unspecified,17,2,0.0026421827903089752,0.010963130162599312,0.0026421827903089752,0.010963130162599312,0.01,False,0.0,0.0,0.0,0.16,False,,,,,,True,True
unspecified,18,0,5.1885737892409125,2.3398958927354174,0.16921418523506393,0.1649029708686064,0.01,False,1.0,0.0820314177836381,0.0820314177836381,0.16,False,0.11802854277213624,1.9814746831236172,16.78809749391735,6,0.010344180550097731,False,True
unspecified,18,1,0.16921418523506393,0.1649029708686064,0.0024674907873970153,0.01076226761185523,0.01,False,1.0,0.0072508674655846934,0.0072508674655846934,0.16,False,0.1199813867445787,1.983855853272297,16.534696815061913,6,0.00996905351354539,False,True
unspecified,18,2,0.0024674907873970153,0.01076226761185523,0.0024674907873970153,0.01076226761185523,0.01,False,0.0,0.0,0.0,0.16,False,,,,,,True,True
unspecified,19,0,5.733434771749355,2.2201564924828228,0.16589999169488157,0.152481646681363,0.01,False,1.0,0.07880779077992073,0.07880779077992073,0.16,False,0.12017314746154219,1.983651755827405,16.506613979318576,6,0.009970077805546729,False,True
unspecified,19,1,0.16589999169488157,0.152481646681363,0.002189428164049844,0.010278020666424,0.01,False,1.0,0.006785914326787795,0.006785914326787795,0.16,False,0.1219413211570089,1.9854350687715743,16.281889108083163,6,0.009664527903053798,False,True
unspecified,19,2,0.002189428164049844,0.010278020666424,0.002189428164049844,0.010278020666424,0.01,False,0.0,0.0,0.0,0.16,False,,,,,,True,True
unspecified,20,0,6.250060599137102,2.106303353300052,0.16205083942689244,0.13891563338275142,0.01,False,1.0,0.07503270942794193,0.07503270942794193,0.16,False,0.12208771534573196,1.985234958282886,16.260726582203894,6,0.009667258903981712,False,True
unspecified,20,1,0.16205083942689244,0.13891563338275142,0.001868718719782933,0.00961547941812003,0.01,False,1.0,0.006240620819298328,0.006240620819298328,0.16,False,0.123420131742017,1.986517078033126,16.095567635477078,6,0.009418573661356256,False,True
unspecified,20,2,0.001868718719782933,0.00961547941812003,0.001868718719782933,0.00961547941812003,0.01,False,0.0,0.0,0.0,0.16,False,,,,,,True,True
unspecified,21,0,6.734073728891087,1.9993711421453284,0.15789642748352364,0.12508454409972788,0.01,False,1.0,0.07098022929543782,0.07098022929543782,0.16,False,0.12352423330615347,1.9863259627816083,16.080455709921477,6,0.009422916956883859,False,True
unspecified,21,1,0.15789642748352364,0.12508454409972788,0.0015426605558731253,0.008840893757651413,0.01,False,1.0,0.005657453419998973,0.005657453419998973,0.16,False,0.12426048037184716,1.9871993971216932,15.992207588245565,6,0.009219741043455399,False,True
unspecified,21,2,0.0015426605558731253,0.008840893757651413,0.0015426605558731253,0.008840893757651413,0.01,False,0.0,0.0,0.0,0.16,False,,,,,,True,True
unspecified,22,0,8.593490236056406,1.5892970548525471,0.1507242758513653,0.07584788214423754,0.01,False,1.0,0.05440281958083527,0.05440281958083527,0.16,False,0.12433158706403119,1.9870204648031509,15.98162230310652,6,0.009225579314759962,False,True
unspecified,22,1,0.1507242758513653,0.07584788214423754,0.0005361388563994684,0.0051819952980150675,0.01,False,1.0,0.003319438438863798,0.003319438438863798,0.16,False,0.12437316943000577,1.9874304657253377,15.979575617744596,6,0.009134328308688565,False,True
unspecified,22,2,0.0005361388563994684,0.0051819952980150675,0.0005361388563994684,0.0051819952980150675,0.01,False,0.0,0.0,0.0,0.16,False,,,,,,True,True
unspecified,23,0,11.862086878281733,0.865858195920665,0.27291940205902115,0.01855670292281343,0.01,False,1.0,0.05268203585128643,0.05268203585128643,0.16,False,0.12444127956033374,1.9873118613067426,15.96987646163844,6,0.009144759869013095,False,True
unspecified,23,1,0.27291940205902115,0.01855670292281343,0.0001497696712849119,0.0006740583979142745,0.01,False,1.0,0.0011506394135495901,0.0011506394135495901,0.16,False,0.12394980410084441,1.987423973366886,16.03410338389834,6,0.009214270784132563,False,True
unspecified,23,2,0.0001497696712849119,0.0006740583979142745,0.0001497696712849119,0.0006740583979142745,0.01,False,0.0,0.0,0.0,0.16,False,,,,,,True,True
unspecified,24,0,15.130658223611002,0.13998995431093714,0.5767388461987631,0.0864169339025821,0.01,False,1.0,0.08384833684403165,0.08384833684403165,0.16,False,0.1241258602816186,1.9873866561159717,16.011060480120413,6,0.009240983204427324,False,True
unspecified,24,1,0.5767388461987631,0.0864169339025821,0.0007904062989373326,0.005102133570782712,0.01,False,1.0,0.004083114687873848,0.004083114687873848,0.16,False,0.12342006151211629,1.9873655905102456,16.102451790749946,6,0.009458346422730407,False,True
unspecified,24,2,0.0007904062989373326,0.005102133570782712,0.0007904062989373326,0.005102133570782712,0.01,False,0.0,0.0,0.0,0.16,False,,,,,,True,True
unspecified,25,0,18.400324695229244,0.5848620639327939,1.0615841571844735,0.15453114107278923,0.01,False,1.0,0.12116087102720528,0.12116087102720528,0.16,False,0.1238151106440691,1.987366684879035,16.051083543365817,6,0.009513585272946753,False,True
unspecified,25,1,1.0615841571844735,0.15453114107278923,0.003078735842149601,0.008069787249788636,0.01,False,1.0,0.007132593299755574,0.007132593299755574,0.16,False,0.12313785856017453,1.9870611771611322,16.1368826808865,6,0.00989522535726729,False,True
unspecified,25,2,0.003078735842149601,0.008069787249788636,0.003078735842149601,0.008069787249788636,0.01,False,0.0,0.0,0.0,0.16,False,,,,,,True,True
unspecified,26,0,20.048566773711865,0.9505466248008672,1.299248155550384,0.17616826674714517,0.01,False,1.0,0.13441615447704913,0.13441615447704913,0.16,False,0.12381858494890542,1.9870521217732453,16.04809263967292,6,0.009990319193302604,False,True
unspecified,26,1,1.299248155550384,0.17616826674714517,0.004691478631725997,0.008534231170822422,0.01,False,1.0,0.008153518063478296,0.008153518063478296,0.16,False,0.1233464146242133,1.9862801670359678,16.10326634209321,6,0.010509349542916801,False,True
unspecified,26,2,0.004691478631725997,0.008534231170822422,0.004691478631725997,0.008534231170822422,0.01,False,0.0,0.0,0.0,0.16,False,,,,,,True,True
unspecified,27,0,17.989608091052407,0.49692324629579665,0.860567190886747,0.11934582085581294,0.01,False,1.0,0.100100033282266,0.100100033282266,0.16,False,0.12412675864148186,1.986241058684058,16.00171534665594,6,0.01062469367711302,False,True
unspecified,27,1,0.860567190886747,0.11934582085581294,0.0020049761588948247,0.006002769327585034,0.01,False,1.0,0.005483963539666114,0.005483963539666114,0.16,False,0.12401138251937602,1.9854696153776075,16.01038207172144,6,0.011111797152966667,False,True
unspecified,27,2,0.0020049761588948247,0.006002769327585034,0.0020049761588948247,0.006002769327585034,0.01,False,0.0,0.0,0.0,0.16,False,,,,,,True,True
unspecified,28,0,15.781877351570223,0.008462129929264465,0.5475722246944171,0.07057856445005341,0.01,False,1.0,0.0697343205183651,0.0697343205183651,0.16,False,0.12452923352302092,1.9854491495867277,15.94363904295364,6,0.011191500975453962,False,True
unspecified,28,1,0.5475722246944171,0.07057856445005341,0.000791605132538013,0.003602346429656996,0.01,False,1.0,0.0033364216598765774,0.0033364216598765774,0.16,False,0.12463926680779083,1.984983718612849,15.925829551564512,6,0.011590154157343026,False,True
unspecified,28,2,0.000791605132538013,0.003602346429656996,0.000791605132538013,0.003602346429656996,0.01,False,0.0,0.0,0.0,0.16,False,,,,,,True,True
unspecified,29,0,13.577614040275183,0.4794135948513094,0.34580327967619795,0.02775228947143268,0.01,False,1.0,0.04619468030902061,0.04619468030902061,0.16,False,0.12497633335538391,1.9849755347410027,15.882811420755218,6,0.01164218246106446,False,True
unspecified,29,1,0.34580327967619795,0.02775228947143268,0.0002945255102246529,0.001227990460935465,0.01,False,1.0,0.0016331449484538797,0.0016331449484538797,0.16,False,0.12515893060902283,1.984948047175659,15.859419999171536,6,0.011921505575903438,False,True
unspecified,29,2,0.0002945255102246529,0.001227990460935465,0.0002945255102246529,0.001227990460935465,0.01,False,0.0,0.0,0.0,0.16,False,,,,,,True,True
unspecified,30,0,11.647138742389597,0.9070350295038444,0.23461414338028425,0.016725421461935962,0.01,False,1.0,0.03605962928934175,0.03605962928934175,0.16,False,0.12537589554538678,1.984938957758857,15.831902528985708,6,0.011954221106033969,False,True
unspecified,30,1,0.23461414338028425,0.016725421461935962,5.707864718743674e-05,0.0009384202895798899,0.01,False,1.0,0.0011417942905147336,0.0011417942905147336,0.16,False,0.12541723760077778,1.9853107279739408,15.829648028873736,6,0.012117029014806284,False,True
unspecified,30,2,5.707864718743674e-05,0.0009384202895798899,5.707864718743674e-05,0.0009384202895798899,0.01,False,0.0,0.0,0.0,0.16,False,,,,,,True,True
unspecified,31,0,11.072897536681275,1.0356596343965623,0.2094989953701367,0.02645334406314301,0.01,False,1.0,0.03589600542886862,0.03589600542886862,0.16,False,0.1255567293300424,1.985288419775365,15.811883842217435,6,0.012138614352814542,False,True
unspecified,31,1,0.2094989953701367,0.02645334406314301,5.202826216432329e-05,0.001628374599182682,0.01,False,1.0,0.0013916598802348288,0.0013916598802348288,0.16,False,0.1252870461749288,1.9858036035963127,15.850031301908784,6,0.012257888913448976,False,True
unspecified,31,2,5.202826216432329e-05,0.001628374599182682,5.202826216432329e-05,0.001628374599182682,0.01,False,0.0,0.0,0.0,0.16,False,,,,,,True,True
unspecified,32,0,10.680326512841313,1.1228285318598634,0.1949355905799656,0.0338091008807596,0.01,False,1.0,0.03678304291977452,0.03678304291977452,0.16,False,0.1254031957186548,1.9857774754067348,15.835142509939509,6,0.012276982950504299,False,True
unspecified,32,1,0.1949355905799656,0.0338091008807596,9.785854953797223e-05,0.002110529941944019,0.01,False,1.0,0.001632531728044411,0.001632531728044411,0.16,False,0.1247531426233085,1.9863789856899718,15.922476531816384,6,0.012365015568560133,False,True
unspecified,32,2,9.785854953797223e-05,0.002110529941944019,9.785854953797223e-05,0.002110529941944019,0.01,False,0.0,0.0,0.0,0.16,False,,,,,,True,True
unspecified,33,0,10.28103142618937,1.2112732267419979,0.1832260102642101,0.04139281941170723,0.01,False,1.0,0.0385579279815608,0.0385579279815608,0.16,False,0.1248509542611568,1.986350626841867,15.909775288436489,6,0.01238273194918832,False,True
unspecified,33,1,0.1832260102642101,0.04139281941170723,0.00015376180797179058,0.002595675630884413,0.01,False,1.0,0.0019069735638670045,0.0019069735638670045,0.16,False,0.12376302898261597,1.9870072649651944,16.05493402431427,6,0.012442572780350714,False,True
unspecified,33,2,0.00015376180797179058,0.002595675630884413,0.00015376180797179058,0.002595675630884413,0.01,False,0.0,0.0,0.0,0.16,False,,,,,,True,True
unspecified,34,0,9.87574872038422,1.3010338875795782,0.17448404922617028,0.048916093798916184,0.01,False,1.0,0.04108832336742371,0.04108832336742371,0.16,False,0.12384160518594808,1.9869756524507567,16.04449207087807,6,0.012459281725889585,False,True
unspecified,34,1,0.17448404922617028,0.048916093798916184,0.00021562279998251475,0.003072501214650441,0.01,False,1.0,0.0021955404695887244,0.0021955404695887244,0.16,False,0.12227808041804875,1.9876505802187123,16.255166694008118,6,0.012494985168533982,False,True
unspecified,34,2,0.00021562279998251475,0.003072501214650441,0.00021562279998251475,0.003072501214650441,0.01,False,0.0,0.0,0.0,0.16,False,,,,,,True,True
unspecified,35,0,9.465866730282741,1.3917904249008792,0.1689095823480461,0.056083520647060965,0.01,False,1.0,0.04419911122078634,0.04419911122078634,0.16,False,0.12233785205761558,1.9876145097203366,16.24692992635068,6,0.012511087345606796,False,True
unspecified,35,1,0.1689095823480461,0.056083520647060965,0.0002816590596558924,0.0035231239747114183,0.01,False,1.0,0.002480239738007632,0.002480239738007632,0.16,False,0.12029537374761974,1.988264808839649,16.528190128167672,6,0.012527643497826053,False,True
unspecified,35,2,0.0002816590596558924,0.0035231239747114183,0.0002816590596558924,0.0035231239747114183,0.01,False,0.0,0.0,0.0,0.16,False,,,,,,True,True
unspecified,36,0,9.053481047162151,1.4830603736456016,0.16674629927708212,0.06257208073233618,0.01,False,1.0,0.04769403519680273,0.04769403519680273,0.16,False,0.12033887540727509,1.9882229327709606,16.52186731878635,6,0.012543566023447758,False,True
unspecified,36,1,0.16674629927708212,0.06257208073233618,0.00034906233016158435,0.003924557933001972,0.01,False,1.0,0.0027433061401116224,0.0027433061401116224,0.16,False,0.11786000603816568,1.9887994125127446,16.874251744639544,6,0.012546744759568266,False,True
unspecified,36,2,0.00034906233016158435,0.003924557933001972,0.00034906233016158435,0.003924557933001972,0.01,False,0.0,0.0,0.0,0.16,False,,,,,,True,True
unspecified,37,0,8.701531115579774,1.5609538981282967,0.16790059252813339,0.06713821615099001,0.01,False,1.0,0.05085059835031906,0.05085059835031906,0.16,False,0.11789227698175732,1.988750294695082,16.869216081073926,6,0.012562931590238609,False,True
unspecified,37,1,0.16790059252813339,0.06713821615099001,0.00040249133216861677,0.00420005994812723,0.01,False,1.0,0.002930898120309048,0.002930898120309048,0.16,False,0.11507623433017604,1.9892075670017688,17.285998091442117,6,0.012559145863793645,False,True
unspecified,37,2,0.00040249133216861677,0.00420005994812723,0.00040249133216861677,0.00420005994812723,0.01,False,0.0,0.0,0.0,0.16,False,,,,,,True,True
unspecified,38,0,8.696695729802155,1.5622502497767687,0.16908164319385857,0.06576526024685116,0.01,False,1.0,0.051003943628854936,0.051003943628854936,0.16,False,0.1151052354617821,1.9891514993820558,17.28115573024917,6,0.012575960914446169,False,True
unspecified,38,1,0.16908164319385857,0.06576526024685116,0.000388003578000424,0.00412642713600098,0.01,False,1.0,0.002878898186589078,0.002878898186589078,0.16,False,0.11211114174270263,1.9895106402703409,17.745877968456593,6,0.012569544069552945,False,True
unspecified,38,2,0.000388003578000424,0.00412642713600098,0.000388003578000424,0.00412642713600098,0.01,False,0.0,0.0,0.0,0.16,False,,,,,,True,True
unspecified,39,0,8.743730716645619,1.5517709328480107,0.1701623619999086,0.06356598033599976,0.01,False,1.0,0.050707647073298466,0.050707647073298466,0.16,False,0.1121458739789854,1.9894567120985338,17.739901090532594,6,0.012586709602827657,False,True
unspecified,39,1,0.1701623619999086,0.06356598033599976,0.00036408891393221684,0.004004664252627421,0.01,False,1.0,0.002794208228921305,0.002794208228921305,0.16,False,0.1090748309018011,1.989725511108153,18.24183906275758,6,0.012577214423901474,False,True
unspecified,39,2,0.00036408891393221684,0.004004664252627421,0.00036408891393221684,0.004004664252627421,0.01,False,0.0,0.0,0.0,0.16,False,,,,,,True,True
unspecified,40,0,8.786367702919318,1.5422043731827115,0.17147459413283636,0.0614461644678013,0.01,False,1.0,0.0504740970547301,0.0504740970547301,0.16,False,0.10911688477732985,1.9896751631458052,18.234347206722862,6,0.012594626906658302,False,True
unspecified,40,1,0.17147459413283636,0.0614461644678013,0.0003416890080832965,0.00388780997489489,0.01,False,1.0,0.0027139045920518898,0.0027139045920518898,0.16,False,0.1060404118444965,1.989853663014386,18.765050308673047,6,0.012581296105318858,False,True
unspecified,40,2,0.0003416890080832965,0.00388780997489489,0.0003416890080832965,0.00388780997489489,0.01,False,0.0,0.0,0.0,0.16,False,,,,,,True,True
unspecified,41,0,8.824330786870458,1.5336638907860771,0.173058695601261,0.05939994916576957,0.01,False,1.0,0.05031088524899921,0.05031088524899921,0.16,False,0.10608995049868981,1.989806757066545,18.75584584320377,6,0.012598932904085928,False,True
unspecified,41,1,0.173058695601261,0.05939994916576957,0.00032079654239727286,0.0037763769221892344,0.01,False,1.0,0.002638182462451083,0.002638182462451083,0.16,False,0.10306034516648797,1.9898937900006461,19.308045075786314,6,0.012581129037264646,False,True
unspecified,41,2,0.00032079654239727286,0.0037763769221892344,0.00032079654239727286,0.0037763769221892344,0.01,False,0.0,0.0,0.0,0.16,False,,,,,,True,True
unspecified,42,0,8.857392978004341,1.5262010126751184,0.17494351130297534,0.05741261122363332,0.01,False,1.0,0.05022096826127911,0.05022096826127911,0.16,False,0.10311709713245432,1.9898501800522417,19.29699570088044,6,0.012598971385794331,False,True
unspecified,42,1,0.17494351130297534,0.05741261122363332,0.00030131053009863616,0.0036702165471337016,0.01,False,1.0,0.0025668327133590236,0.0025668327133590236,0.16,False,0.10017106114863483,1.989843292436038,19.864452563635005,6,0.012576184280528684,False,True
unspecified,42,2,0.00030131053009863616,0.0036702165471337016,0.00030131053009863616,0.0036702165471337016,0.01,False,0.0,0.0,0.0,0.16,False,,,,,,True,True
unspecified,43,0,8.885365426794928,1.519858090647406,0.17715129118833198,0.055464733479503356,0.01,False,1.0,0.05020475942035291,0.05020475942035291,0.16,False,0.10023450713074458,1.9898028315368728,19.85147519048904,6,0.012594216494680453,False,True
unspecified,43,1,0.17715129118833198,0.055464733479503356,0.0002830892874751517,0.003568758359108073,0.01,False,1.0,0.002499409429621351,0.002499409429621351,0.16,False,0.0973967981988281,1.989698226642614,20.428784759236105,6,0.01256606538067422,False,True
unspecified,43,2,0.0002830892874751517,0.003568758359108073,0.0002830892874751517,0.003568758359108073,0.01,False,0.0,0.0,0.0,0.16,False,,,,,,True,True
unspecified,44,0,8.908094782708133,1.5146691790010198,0.17969714092281075,0.05353301939920975,0.01,False,1.0,0.050260321286610586,0.050260321286610586,0.16,False,0.09746630330776031,1.9896607677110159,20.413832270096965,6,0.012584274644762356,False,True
unspecified,44,1,0.17969714092281075,0.05353301939920975,0.00026596286555431655,0.0034710634927170294,0.01,False,1.0,0.0024352608161001587,0.0024352608161001587,0.16,False,0.09475291785813132,1.9894532628867563,20.99622162417692,6,0.012550506862968385,False,True
unspecified,44,2,0.00026596286555431655,0.0034710634927170294,0.00026596286555431655,0.0034710634927170294,0.01,False,0.0,0.0,0.0,0.16,False,,,,,,True,True
unspecified,45,0,8.925460905675392,1.5106606635078894,0.18258835823374345,0.051591113478510614,0.01,False,1.0,0.05038356649027448,0.05038356649027448,0.16,False,0.09482781711000202,1.9894186594851315,20.97927296140719,6,0.012568882826769878,False,True
unspecified,45,1,0.18258835823374345,0.051591113478510614,0.0002497448829500083,0.003375881964945885,0.01,False,1.0,0.002373560640731434,0.002373560640731434,0.16,False,0.09224853189575426,1.989101659205334,21.56242075974851,6,0.012529369377874841,False,True
unspecified,45,2,0.0002497448829500083,0.003375881964945885,0.0002497448829500083,0.003375881964945885,0.01,False,0.0,0.0,0.0,0.16,False,,,,,,True,True
unspecified,46,0,8.937374960742542,1.5078518115022033,0.1858236445824341,0.04961046719701659,0.01,False,1.0,0.05056846980462119,0.05056846980462119,0.16,False,0.09232818007460877,1.989069766659384,21.543474213962106,6,0.0125479035528476,False,True
unspecified,46,1,0.1858236445824341,0.04961046719701659,0.00023424437806226052,0.003281715324922426,0.01,False,1.0,0.002313341779063695,0.002313341779063695,0.16,False,0.08988846818212613,1.9886352533655953,22.123363470121134,6,0.01250263172590751,False,True
unspecified,46,2,0.00023424437806226052,0.003281715324922426,0.00023424437806226052,0.003281715324922426,0.01,False,0.0,0.0,0.0,0.16,False,,,,,,True,True
unspecified,47,0,8.943777937576172,1.5062552295669278,0.18939220525200684,0.047561279888295095,0.01,False,1.0,0.050807292336746565,0.050807292336746565,0.16,False,0.0899722642729328,1.9886059305262833,22.10243286190736,6,0.012521316675359804,False,True
unspecified,47,1,0.18939220525200684,0.047561279888295095,0.00021927823673162757,0.0031868860357212292,0.01,False,1.0,0.0022535331781581925,0.0022535331781581925,0.16,False,0.08767467598545428,1.9880444758053928,22.675241778312593,6,0.012470379989879554,False,True
unspecified,47,2,0.00021927823673162757,0.0031868860357212292,0.00021927823673162757,0.0031868860357212292,0.01,False,0.0,0.0,0.0,0.16,False,,,,,,True,True
unspecified,48,0,8.944639624240168,1.5058772174709891,0.19327279121513988,0.04541354046659171,0.01,False,1.0,0.05109082233661259,0.05109082233661259,0.16,False,0.08776207032532476,1.9880175876872563,22.652355172546457,6,0.012489208314306543,False,True
unspecified,48,1,0.19327279121513988,0.04541354046659171,0.00020468470430636118,0.0030896147512635783,0.01,False,1.0,0.002193001536581248,0.002193001536581248,0.16,False,0.08560718653085791,1.9873183870080757,23.214387337583254,6,0.012432794017396812,False,True
unspecified,48,2,0.00020468470430636118,0.0030896147512635783,0.00020468470430636118,0.0030896147512635783,0.01,False,0.0,0.0,0.0,0.16,False,,,,,,True,True
unspecified,49,0,8.939958057878998,1.506718009457926,0.19743277256550057,0.04313818834094399,0.01,False,1.0,0.05140863925551462,0.05140863925551462,0.16,False,0.08569767674403837,1.9872938084606622,23.18958790909008,6,0.012451757146131502,False,True
unspecified,49,1,0.19743277256550057,0.04313818834094399,0.00019033833922905277,0.0029881059902702803,0.01,False,1.0,0.002130598718853185,0.002130598718853185,0.16,False,0.08368473460390971,1.9864447433549393,23.737241358977,6,0.012390131531712636,False,True
unspecified,49,2,0.00019033833922905277,0.0029881059902702803,0.00019033833922905277,0.0029881059902702803,0.01,False,0.0,0.0,0.0,0.16,False,,,,,,True,True
unspecified,50,0,8.929759444855573,1.508771891689246,0.20182736341973959,0.04070840153442694,0.01,False,1.0,0.05174940799596372,0.05174940799596372,0.16,False,0.08377785468395332,1.986422363836685,23.710590004128633,6,0.012409218345502451,False,True
unspecified,50,1,0.20182736341973959,0.04070840153442694,0.00017616645169198008,0.0028806416089390465,0.01,False,1.0,0.0020652154090174332,0.0020652154090174332,0.16,False,0.0819051287535531,1.9854100960018983,24.240363530541057,6,0.012342710204816818,False,True
unspecified,50,2,0.00017616645169198008,0.0028806416089390465,0.00017616645169198008,0.0028806416089390465,0.01,False,0.0,0.0,0.0,0.16,False,,,,,,True,True
unspecified,51,0,8.914098576967513,1.5120271928951734,0.2063991441074635,0.03810101059600634,0.01,False,1.0,0.05210120923439344,0.05210120923439344,0.16,False,0.08200043440018608,1.9853898254295002,24.211942777525028,6,0.012361905530426247,False,True
unspecified,51,1,0.2063991441074635,0.03810101059600634,0.00016216662499691733,0.0027656800571887147,0.01,False,1.0,0.0019958408371178915,0.0019958408371178915,0.16,False,0.08026543900945395,1.9841999276705522,24.7204768597459,6,0.012290888099470454,False,True
unspecified,51,2,0.00016216662499691733,0.0027656800571887147,0.00016216662499691733,0.0027656800571887147,0.01,False,0.0,0.0,0.0,0.16,False,,,,,,True,True
unspecified,52,0,8.901458836122513,1.5146159302935451,0.2112503416484791,0.03531624258616797,0.01,False,1.0,0.052454953392882385,0.052454953392882385,0.16,False,0.08036249145797784,1.9841817032138869,24.690395571563762,6,0.012310171136242599,False,True
unspecified,52,1,0.2112503416484791,0.03531624258616797,0.0001487505078478796,0.0026477053718218083,0.01,False,1.0,0.0019245492326690533,0.0019245492326690533,0.16,False,0.07875528251845151,1.9828067835118917,25.176809987918478,6,0.012234138519291678,False,True
unspecified,52,2,0.0001487505078478796,0.0026477053718218083,0.0001487505078478796,0.0026477053718218083,0.01,False,0.0,0.0,0.0,0.16,False,,,,,,True,True
unspecified,53,0,8.92297330572024,1.509681883205828,0.2171632975896421,0.032446900307135124,0.01,False,1.0,0.05285494481235646,0.05285494481235646,0.16,False,0.07885341700026154,1.9827908617449408,25.14527508349276,6,0.012253453688334262,False,True
unspecified,53,1,0.2171632975896421,0.032446900307135124,0.00013787203743139328,0.0025525727000446224,0.01,False,1.0,0.0018652036251936529,0.0018652036251936529,0.16,False,0.07733714993540658,1.9812541615710566,25.618401547326695,6,0.012168420078771218,False,True
unspecified,53,2,0.00013787203743139328,0.0025525727000446224,0.00013787203743139328,0.0025525727000446224,0.01,False,0.0,0.0,0.0,0.16,False,,,,,,True,True
unspecified,54,0,8.945150852245177,1.504604780198911,0.22368635712530227,0.029464666637014428,0.01,False,1.0,0.05334247144392384,0.05334247144392384,0.16,False,0.07743494812006266,1.981241868296334,25.585887462911764,6,0.012187606551850366,False,True
unspecified,54,1,0.22368635712530227,0.029464666637014428,0.00012917465367187777,0.0024649669648055144,0.01,False,1.0,0.0018110078532846774,0.0018110078532846774,0.16,False,0.07599812825221268,1.979536616445078,26.047175923539196,6,0.012093028273161823,False,True
unspecified,54,2,0.00012917465367187777,0.0024649669648055144,0.00012917465367187777,0.0024649669648055144,0.01,False,0.0,0.0,0.0,0.16,False,,,,,,True,True
unspecified,55,0,8.962979087222672,1.5004871350777358,0.23069221380362204,0.026333119978861202,0.01,False,1.0,0.053912123253839185,0.053912123253839185,0.16,False,0.07609508685075285,1.979528194108079,26.013876533061534,6,0.01211203477636794,False,True
unspecified,55,1,0.23069221380362204,0.026333119978861202,0.0001226103594151771,0.0023808911070626504,0.01,False,1.0,0.0017601013277301202,0.0017601013277301202,0.16,False,0.07473052051030903,1.9776417684775747,26.463642364230026,6,0.012007951721179886,False,True
unspecified,55,2,0.0001226103594151771,0.0023808911070626504,0.0001226103594151771,0.0023808911070626504,0.01,False,0.0,0.0,0.0,0.16,False,,,,,,True,True
unspecified,56,0,8.976339108564906,1.497353842755304,0.23812927837433556,0.023024544813538352,0.01,False,1.0,0.054556787802755385,0.054556787802755385,0.16,False,0.07482626376461843,1.9776373240778844,26.429721658947905,6,0.012026736633245239,False,True
unspecified,56,1,0.23812927837433556,0.023024544813538352,0.00011830875631284737,0.0022994011713306913,0.01,False,1.0,0.001712251740365379,0.001712251740365379,0.16,False,0.07352701214347013,1.975555874993981,26.86843674728905,6,0.011913242753436113,False,True
unspecified,56,2,0.00011830875631284737,0.0022994011713306913,0.00011830875631284737,0.0022994011713306913,0.01,False,0.0,0.0,0.0,0.16,False,,,,,,True,True
unspecified,57,0,8.985141931671672,1.495223498522257,0.24593225286329456,0.01951626953328244,0.01,False,1.0,0.055269056324409115,0.055269056324409115,0.16,False,0.07362114611018557,1.97555554710827,26.834077591668322,6,0.011931756132916372,False,True
unspecified,57,1,0.24593225286329456,0.01951626953328244,0.00011639570763307797,0.002219920221620222,0.01,False,1.0,0.0016675319471489607,0.0016675319471489607,0.16,False,0.07238028647889434,1.973264190926377,27.262453451351966,6,0.011808983010710821,False,True
unspecified,57,2,0.00011639570763307797,0.002219920221620222,0.00011639570763307797,0.002219920221620222,0.01,False,0.0,0.0,0.0,0.16,False,,,,,,True,True
unspecified,58,0,8.98932773074945,1.494108435106351,0.25402144056745696,0.015796069976617734,0.01,False,1.0,0.056041391103897296,0.056041391103897296,0.16,False,0.07247237771241556,1.9732681605199092,27.22786560626201,6,0.011827164611018813,False,True
unspecified,58,1,0.25402144056745696,0.015796069976617734,0.00011695081230657797,0.00214238695946823,0.01,False,1.0,0.0016264216111735869,0.0016264216111735869,0.16,False,0.07128275485480096,1.9707512307732207,27.64695661366529,6,0.011695264999825206,False,True
unspecified,58,2,0.00011695081230657797,0.00214238695946823,0.00011695081230657797,0.00214238695946823,0.01,False,0.0,0.0,0.0,0.16,False,,,,,,True,True
unspecified,59,0,8.988865235008822,1.4940148145696435,0.26230270409161016,0.011878697211968454,0.01,False,1.0,0.05686638257934749,0.05686638257934749,0.16,False,0.0713723100769092,1.9707597338986234,27.61238541634672,6,0.011713042206427333,False,True
unspecified,59,1,0.26230270409161016,0.011878697211968454,0.00011997390932617291,0.0020674582287065297,0.01,False,1.0,0.0015899318672997348,0.0015899318672997348,0.16,False,0.07022628766637128,1.9680011100660828,28.02370985941329,6,0.011572173603455907,False,True
unspecified,59,2,0.00011997390932617291,0.0020674582287065297,0.00011997390932617291,0.0020674582287065297,0.01,False,0.0,0.0,0.0,0.16,False,,,,,,True,True
unspecified,60,0,8.983751446275347,1.4949426241419383,0.2706679477878138,0.007875961380075581,0.01,False,1.0,0.05773699813393153,0.05773699813393153,0.16,False,0.07031273494894184,1.9680144522255578,27.989445349475417,6,0.011589459389508913,False,True
unspecified,60,1,0.2706679477878138,0.007875961380075581,0.00012537373480173275,0.0019967583641649737,0.01,False,1.0,0.0015597322889004783,0.0015597322889004783,0.16,False,0.06920196114102857,1.9649979787925052,28.395119825982707,6,0.011439768276684643,False,True
unspecified,60,2,0.00012537373480173275,0.0019967583641649737,0.00012537373480173275,0.0019967583641649737,0.01,False,0.0,0.0,0.0,0.16,False,,,,,,True,True
unspecified,61,0,8.974011687739228,1.4968855667584247,0.27899628330472387,0.004470176473957152,0.01,False,1.0,0.05864681192486278,0.05864681192486278,0.16,False,0.06928463308736814,1.965016550625609,28.361506196442104,6,0.011456459251849432,False,True
unspecified,61,1,0.27899628330472387,0.004470176473957152,0.0001329812381139252,0.0019331761074517669,0.01,False,1.0,0.0015382565819226117,0.0015382565819226117,0.16,False,0.06819983685565964,1.9617265597536941,28.76438786658033,6,0.011298066720275484,False,True
unspecified,61,2,0.0001329812381139252,0.0019331761074517669,0.0001329812381139252,0.0019331761074517669,0.01,False,0.0,0.0,0.0,0.16,False,,,,,,True,True
unspecified,62,0,8.95969998375443,1.4998308472202755,0.2871560286759017,0.004889501127142866,0.01,False,1.0,0.05959020159259317,0.05959020159259317,0.16,False,0.06827795635940512,1.9617508534969015,28.731833202073794,6,0.01131404134973039,False,True
unspecified,62,1,0.2871560286759017,0.004889501127142866,0.0001425761059259841,0.0018811889834490121,0.01,False,1.0,0.0015287473281939555,0.0015287473281939555,0.16,False,0.06720879421093301,1.958172804527723,29.135663383307396,6,0.011147030888846075,False,True
unspecified,62,2,0.0001425761059259841,0.0018811889834490121,0.0001425761059259841,0.0018811889834490121,0.01,False,0.0,0.0,0.0,0.16,False,,,,,,True,True
unspecified,63,0,8.940899760941445,1.5037588593028195,0.29500766502318326,0.009162837345219431,0.01,False,1.0,0.060562494592482856,0.060562494592482856,0.16,False,0.06728146341447247,1.9582034304093392,29.10464979553526,6,0.011162147953076311,False,True
unspecified,63,1,0.29500766502318326,0.009162837345219431,0.00015391066675606257,0.0018471495128081785,0.01,False,1.0,0.0015351875990168734,0.0015351875990168734,0.16,False,0.06621643942482873,1.9543246782235886,29.514191569333892,6,0.010986556226631654,False,True
unspecified,63,2,0.00015391066675606257,0.0018471495128081785,0.00015391066675606257,0.0018471495128081785,0.01,False,0.0,0.0,0.0,0.16,False,,,,,,True,True
unspecified,64,0,8.917724851197109,1.5086427835251206,0.30240783064004956,0.014540805437707038,0.01,False,1.0,0.061560045561402245,0.061560045561402245,0.16,False,0.06628263245449892,1.954362379598006,29.485286073084357,6,0.011000653574603947,False,True
unspecified,64,1,0.30240783064004956,0.014540805437707038,0.00016672080354108258,0.001839397072160174,0.01,False,1.0,0.001562075418970021,0.001562075418970021,0.16,False,0.06520911707246521,1.950173081074119,29.90644818740517,6,0.010816465007567742,False,True
unspecified,64,2,0.00016672080354108258,0.001839397072160174,0.00016672080354108258,0.001839397072160174,0.01,False,0.0,0.0,0.0,0.16,False,,,,,,True,True
unspecified,65,0,8.890320760601663,1.514448108012426,0.30921436955246473,0.020464120088089687,0.01,False,1.0,0.06258022742790817,0.06258022742790817,0.16,False,0.0652676769567298,1.9502187466574308,29.880314998040422,6,0.010829358624629451,False,True
unspecified,65,1,0.30921436955246473,0.020464120088089687,0.00018072107413149614,0.0018680069499789156,0.01,False,1.0,0.0016140459014242618,0.0016140459014242618,0.16,False,0.06417205036905733,1.9457129095351804,30.320254664534918,6,0.010636504573574703,False,True
unspecified,65,2,0.00018072107413149614,0.0018680069499789156,0.00018072107413149614,0.0018680069499789156,0.01,False,0.0,0.0,0.0,0.16,False,,,,,,True,True
unspecified,66,0,8.85886618852007,1.5211320928306231,0.3152923754726341,0.026826483848777068,0.01,False,1.0,0.06362132390437392,0.06362132390437392,0.16,False,0.0642216902125789,1.9457675805860504,30.297670057349862,6,0.010647987940269492,False,True
unspecified,66,1,0.3152923754726341,0.026826483848777068,0.0001955857593366803,0.0019440689585274917,0.01,False,1.0,0.001695432667551147,0.001695432667551147,0.16,False,0.06308963253002473,1.940944251203463,30.764868542858547,6,0.010446351099935865,False,True
unspecified,66,2,0.0001955857593366803,0.0019440689585274917,0.0001955857593366803,0.0019440689585274917,0.01,False,0.0,0.0,0.0,0.16,False,,,,,,True,True
unspecified,67,0,8.838324155100725,1.5253941192874991,0.3222776153486801,0.03363576716680295,0.01,False,1.0,0.06489904530015789,0.06489904530015789,0.16,False,0.06312894049958312,1.9410091209258178,30.746740014409642,6,0.010456194760084041,False,True
unspecified,67,1,0.3222776153486801,0.03363576716680295,0.0002133450744317546,0.0021082241432680646,0.01,False,1.0,0.0018307689075538704,0.0018307689075538704,0.16,False,0.061932349128139906,1.9358866380125042,31.258085076138418,6,0.0102433815729837,False,True
unspecified,67,2,0.0002133450744317546,0.0021082241432680646,0.0002133450744317546,0.0021082241432680646,0.01,False,0.0,0.0,0.0,0.16,False,,,,,,True,True
unspecified,68,0,8.868847318410563,1.518359732050434,0.3354583226492936,0.04117049437799087,0.01,False,1.0,0.0670815168420395,0.0670815168420395,0.16,False,0.06195967412341953,1.9359631970735631,31.245535494864836,6,0.010251300672194357,False,True
unspecified,68,1,0.3354583226492936,0.04117049437799087,0.00024110400630117447,0.0024608057593758425,0.01,False,1.0,0.002086345906504908,0.002086345906504908,0.16,False,0.06063533871061944,1.9305962776858656,31.8394572989785,6,0.0100188951276999,False,True
unspecified,68,2,0.00024110400630117447,0.0024608057593758425,0.00024110400630117447,0.0024608057593758425,0.01,False,0.0,0.0,0.0,0.16,False,,,,,,True,True
unspecified,69,0,8.899983688483807,1.511049154361762,0.34937310353470574,0.04959614665126869,0.01,False,1.0,0.06952592349477192,0.06952592349477192,0.16,False,0.06064839991203222,1.9306864122378722,31.834086555263553,6,0.010024461608151701,False,True
unspecified,69,1,0.34937310353470574,0.04959614665126869,0.0002708568383380048,0.0029304922179466063,0.01,False,1.0,0.002404253775449718,0.002404253775449718,0.16,False,0.05918166150722565,1.925084923860739,32.52840279966963,6,0.009771788998524362,False,True
unspecified,69,2,0.0002708568383380048,0.0029304922179466063,0.0002708568383380048,0.0029304922179466063,0.01,False,0.0,0.0,0.0,0.16,False,,,,,,True,True
unspecified,70,0,8.926307570353107,1.5047040379976264,0.3631607012613705,0.05905263466972644,0.01,False,1.0,0.07214776780777815,0.07214776780777815,0.16,False,0.05917805800040284,1.9251901165360772,32.53216110138274,6,0.009774589545257157,False,True
unspecified,70,1,0.3631607012613705,0.05905263466972644,0.0003001636775132865,0.0035318848649588974,0.01,False,1.0,0.002784477406189539,0.002784477406189539,0.16,False,0.057560675157941034,1.9193663492802024,33.34509791647932,6,0.009501858517322048,False,True
unspecified,70,2,0.0003001636775132865,0.0035318848649588974,0.0003001636775132865,0.0035318848649588974,0.01,False,0.0,0.0,0.0,0.16,False,,,,,,True,True
unspecified,71,0,8.947671886237107,1.4993443863696234,0.376546450025684,0.0697074734316323,0.01,False,1.0,0.07493413492684177,0.07493413492684177,0.16,False,0.05753754486992378,1.9194882084099987,33.36062066515737,6,0.009501403826505894,False,True
unspecified,71,1,0.376546450025684,0.0697074734316323,0.0003264275107308983,0.004298727784914887,0.01,False,1.0,0.003236674565554968,0.003236674565554968,0.16,False,0.05576348533580945,1.9134644178672418,34.31393153323002,6,0.009208915612585362,False,True
unspecified,71,2,0.0003264275107308983,0.004298727784914887,0.0003264275107308983,0.004298727784914887,0.01,False,0.0,0.0,0.0,0.16,False,,,,,,True,True
unspecified,72,0,8.963962056190416,1.494969269163754,0.38923893388242947,0.08175641351388672,0.01,False,1.0,0.0778681169613982,0.0778681169613982,0.16,False,0.05571738245802102,1.913604674099648,34.34484158586253,6,0.009204612379564063,False,True
unspecified,72,1,0.38923893388242947,0.08175641351388672,0.00034569663565372865,0.005277199256230641,0.01,False,1.0,0.0037735524522744383,0.0037735524522744383,0.16,False,0.0537836537842202,1.9074157217196412,35.46459913958589,6,0.008892790514524363,False,True
unspecified,72,2,0.00034569663565372865,0.005277199256230641,0.00034569663565372865,0.005277199256230641,0.01,False,0.0,0.0,0.0,0.16,False,,,,,,True,True
unspecified,73,0,8.975095288555499,1.491563220643762,0.40093871689928434,0.09542745578452741,0.01,False,1.0,0.08092696949671019,0.08092696949671019,0.16,False,0.05371043286754669,1.9075761412411762,35.51593311387713,6,0.00888391786364161,False,True
unspecified,73,1,0.40093871689928434,0.09542745578452741,0.00035251377836695617,0.006530841061990657,0.01,False,1.0,0.004411622060721027,0.004411622060721027,0.16,False,0.05161797076083874,1.9012721493994,36.83353144990054,6,0.008553354207040648,False,True
unspecified,73,2,0.00035251377836695617,0.006530841061990657,0.00035251377836695617,0.006530841061990657,0.01,False,0.0,0.0,0.0,0.16,False,,,,,,True,True
unspecified,74,0,8.981019738947483,1.4890939855469112,0.41135268133604597,0.11098410363831385,0.01,False,1.0,0.08408011816978894,0.08408011816978894,0.16,False,0.05151263579505014,1.9014543877220087,36.91238777388906,6,0.008539033332473411,False,True
unspecified,74,1,0.41135268133604597,0.11098410363831385,0.0003411969882091505,0.008147853670910485,0.01,False,1.0,0.005172229258527654,0.005172229258527654,0.16,False,0.04926715951040528,1.8951031270172412,38.46584917518927,6,0.008190551082077191,False,True
unspecified,74,2,0.0003411969882091505,0.008147853670910485,0.0003411969882091505,0.008147853670910485,0.01,False,0.0,0.0,0.0,0.16,False,,,,,,True,True
unspecified,75,0,8.981714236268635,1.4875092972825616,0.42021208913601793,0.12872757318533096,0.01,False,1.0,0.08728672430159388,0.08728672430159388,0.16,False,0.04912366503369237,1.8953085086671115,38.582392160014514,6,0.008169705752312602,False,True
unspecified,75,1,0.42021208913601793,0.12872757318533096,0.00031450128686585785,0.01025200165819769,0.01,False,1.0,0.006082920478816651,0.006082920478816651,0.16,False,0.046736409222550956,1.8889970300137626,40.418103603524074,6,0.007804441272254141,False,True
unspecified,75,2,0.00031450128686585785,0.01025200165819769,0.00031450128686585785,0.01025200165819769,0.01,False,0.0,0.0,0.0,0.16,False,,,,,,True,True
unspecified,76,0,8.977188666055358,1.4867324526076529,0.42729273318885574,0.14899740585492563,0.01,False,1.0,0.09049276406130984,0.09049276406130984,0.16,False,0.046547396712415263,1.8892262474857806,40.587151611464456,6,0.007775746030760038,False,True
unspecified,76,1,0.42729273318885574,0.14899740585492563,0.00032260608189096734,0.01301913749320694,0.01,False,1.0,0.007179220302232468,0.007179220302232468,0.16,False,0.04403564154127796,1.8830610739695957,42.76220370729603,6,0.007395250831206697,False,True
unspecified,76,2,0.00032260608189096734,0.01301913749320694,1.6258991460177327e-05,0.0012213994728110908,0.01,False,1.0,0.0006594453413771169,0.0006594453413771169,0.16,False,0.04379209153191898,1.8833138159092417,43.00579739464009,6,0.0073570628677471,False,True
unspecified,76,3,1.6258991460177327e-05,0.0012213994728110908,1.6258991460177327e-05,0.0012213994728110908,0.01,False,0.0,0.0,0.0,0.16,False,,,,,,True,True
unspecified,77,0,8.96749100857899,1.4974006129545572,0.42996820835603594,0.1715866890405024,0.01,False,1.0,0.09317914178015634,0.09317914178015634,0.16,False,0.043760422176541726,1.8833387524730845,43.037490471987944,6,0.007351554499812198,False,True
unspecified,77,1,0.42996820835603594,0.1715866890405024,0.0004958273597550032,0.01652940895035507,0.01,False,1.0,0.0084214220859712,0.0084214220859712,0.16,False,0.0411762610553579,1.8774187765776973,45.59468801826546,6,0.006962861207499952,False,True
unspecified,77,2,0.0004958273597550032,0.01652940895035507,2.9285984027306072e-05,0.0017831103620594762,0.01,False,1.0,0.0008944318771855398,0.0008944318771855398,0.16,False,0.040869758252882825,1.8776936804619309,45.943351777214986,6,0.0069136138990811965,False,True
unspecified,77,3,2.9285984027306072e-05,0.0017831103620594762,2.9285984027306072e-05,0.0017831103620594762,0.01,False,0.0,0.0,0.0,0.16,False,,,,,,True,True
unspecified,78,0,8.952486223462119,1.5002434563322566,0.43233508058337544,0.19766635814434935,0.01,False,1.0,0.09597728373956184,0.09597728373956184,0.16,False,0.04082647974334702,1.8777209168774898,45.99272160327461,6,0.006906094085860474,False,True
unspecified,78,1,0.43233508058337544,0.19766635814434935,0.000934051865914091,0.021396157896292487,0.01,False,1.0,0.009997940817244949,0.009997940817244949,0.16,False,0.03818153992384037,1.8722046421819554,49.03428845238795,6,0.006508790400977264,False,True
unspecified,78,2,0.000934051865914091,0.021396157896292487,5.5166734293429446e-05,0.002694753454717549,0.01,False,1.0,0.0012437540517860734,0.0012437540517860734,0.16,False,0.037797116688568944,1.8724978309765226,49.54075852941518,6,0.006445699480907196,False,True
unspecified,78,3,5.5166734293429446e-05,0.002694753454717549,5.5166734293429446e-05,0.002694753454717549,0.01,False,0.0,0.0,0.0,0.16,False,,,,,,True,True
unspecified,79,0,8.932395102286035,1.503961813496089,0.43243780185708086,0.2272544322817009,0.01,False,1.0,0.09841977505223203,0.09841977505223203,0.16,False,0.03773676049339852,1.8725272966914976,49.62077486802473,6,0.006435208077872021,False,True
unspecified,79,1,0.43243780185708086,0.2272544322817009,0.0017092200422961948,0.028026336933726307,0.01,False,1.0,0.01191637639235408,0.01191637639235408,0.16,False,0.03507138725124578,1.867553980919906,53.25007441368229,6,0.006033638263074762,False,True
unspecified,79,2,0.0017092200422961948,0.028026336933726307,0.00010689329206679404,0.004183618873583465,0.01,False,1.0,0.0017579474683243352,0.0017579474683243352,0.16,False,0.03459275607559828,1.86785988661025,53.99569443175526,6,0.005953628155181621,False,True
unspecified,79,3,0.00010689329206679404,0.004183618873583465,0.00010689329206679404,0.004183618873583465,0.01,False,0.0,0.0,0.0,0.16,False,,,,,,True,True
unspecified,80,0,8.907339268413045,1.5084062365470556,0.43023035849822266,0.2606720287207538,0.01,False,1.0,0.10032139354967524,0.10032139354967524,0.16,False,0.034507432171465985,1.8678911597240366,54.130111752232494,6,0.00593876780734298,False,True
unspecified,80,1,0.43023035849822266,0.2606720287207538,0.002960691037967845,0.03718865921171637,0.01,False,1.0,0.01425557547789673,0.01425557547789673,0.16,False,0.03186997252935372,1.8635900518243045,58.474793164878065,6,0.0055386674499610196,False,True
unspecified,80,2,0.002960691037967845,0.03718865921171637,0.00021310722017961128,0.006681195826730655,0.01,False,1.0,0.002525306864774665,0.002525306864774665,0.16,False,0.031277236654353516,1.8639011592072627,59.59289753776327,6,0.005437930255699765,False,True
unspecified,80,3,0.00021310722017961128,0.006681195826730655,0.00021310722017961128,0.006681195826730655,0.01,False,0.0,0.0,0.0,0.16,False,,,,,,True,True
unspecified,81,0,8.877481550923196,1.5133253930678252,0.4256196564140204,0.2981906848793161,0.01,False,1.0,0.10144149493067085,0.10144149493067085,0.16,False,0.031154933352731513,1.8639337276726027,59.82788364749244,6,0.005416550108839583,False,True
unspecified,81,1,0.4256196564140204,0.2981906848793161,0.004910366806768859,0.05003664676434413,0.01,False,1.0,0.01710389005249879,0.01710389005249879,0.16,False,0.028602558214336417,1.8604080309982718,65.04341384631051,6,0.005025439854936381,False,True
unspecified,81,2,0.004910366806768859,0.05003664676434413,0.0004366133825164231,0.010988253011341485,0.01,False,1.0,0.0036832843325727573,0.0036832843325727573,0.16,False,0.02787180510057128,1.860715364655524,66.75977239154078,6,0.004899325023135058,False,True
unspecified,81,3,0.0004366133825164231,0.010988253011341485,0.0004366133825164231,0.010988253011341485,0.01,False,0.0,0.0,0.0,0.16,False,,,,,,True,True
unspecified,82,0,8.859254615744629,1.5147515393909199,0.42073617266024005,0.3415143649287886,0.01,False,1.0,0.10192645346532217,0.10192645346532217,0.16,False,0.027694157870074825,1.8607488127481655,67.18921808266337,6,0.004868095290790906,False,True
unspecified,82,1,0.42073617266024005,0.3415143649287886,0.00794835913399733,0.06873134397215974,0.01,False,1.0,0.020661337433767135,0.020661337433767135,0.16,False,0.02528186772954016,1.8580549733149962,73.49358018925098,6,0.0044935791909685805,False,True
unspecified,82,2,0.00794835913399733,0.06873134397215974,0.000927413814168543,0.018756177720555357,0.01,False,1.0,0.005476043520331345,0.005476043520331345,0.16,False,0.024380895694697136,1.8583496815608764,76.22155087456728,6,0.0043357948699794275,False,True
unspecified,82,3,0.000927413814168543,0.018756177720555357,6.694669676434315e-05,0.005109931526790652,0.01,False,1.0,0.0014724267131950325,0.0014724267131950325,0.16,False,0.024118321733931542,1.858384172122867,77.05279797757846,6,0.004289287092866172,False,True
unspecified,82,4,6.694669676434315e-05,0.005109931526790652,6.694669676434315e-05,0.005109931526790652,0.01,False,0.0,0.0,0.0,0.16,False,,,,,,True,True
unspecified,83,0,8.886216359076814,1.51323469714659,0.4159754190159096,0.3922937668806367,0.01,False,1.0,0.1013374298897081,0.1013374298897081,0.16,False,0.024047566191583995,1.858393770955425,77.27991082963786,6,0.004276752527496121,False,True
unspecified,83,1,0.4159754190159096,0.3922937668806367,0.012592494673397668,0.09663623800125665,0.01,False,1.0,0.02504324988429321,0.02504324988429321,0.16,False,0.021877471723153914,1.8565199945231148,84.85989688462384,6,0.003935372429499143,False,True
unspecified,83,2,0.012592494673397668,0.09663623800125665,0.0020337216494623464,0.0334007755789593,0.01,False,1.0,0.00827594910372245,0.00827594910372245,0.16,False,0.020768662846105845,1.8567942322790632,89.40364846970468,6,0.003738403644661473,False,True
unspecified,83,3,0.0020337216494623464,0.0334007755789593,0.00023455831210120943,0.011618931785708662,0.01,False,1.0,0.0028178588295330147,0.0028178588295330147,0.16,False,0.020374590782836332,1.8568308034696877,91.13463054354408,6,0.00366794992297535,False,True
unspecified,83,4,0.00023455831210120943,0.011618931785708662,2.796707943133171e-05,0.00402037328745459,0.01,False,1.0,0.0009679600049986277,0.0009679600049986277,0.16,False,0.020239912024317748,1.856843648351104,91.74168574053843,6,0.003643869678636851,False,True
unspecified,83,5,2.796707943133171e-05,0.00402037328745459,2.796707943133171e-05,0.00402037328745459,0.01,False,0.0,0.0,0.0,0.16,False,,,,,,True,True
unspecified,84,0,8.912742687105897,1.5083728805042316,0.4046637346791396,0.4493129368707043,0.01,False,1.0,0.09815318422757939,0.09815318422757939,0.16,False,0.020193495005456166,1.8568482249631968,91.95279095874622,6,0.0036355697746246226,False,True
unspecified,84,1,0.4046637346791396,0.4493129368707043,0.019320649535760393,0.13855928853267482,0.01,False,1.0,0.030131937835636106,0.030131937835636106,0.16,False,0.018405294822404702,1.8557494477836318,100.82693408011234,6,0.0033515956623324313,False,True
unspecified,84,2,0.019320649535760393,0.13855928853267482,0.004460649778783029,0.06166329557465713,0.01,False,1.0,0.012505469535773788,0.012505469535773788,0.16,False,0.017054697160954663,1.8559948883952702,108.8260243426907,6,0.0031082573122604845,False,True
unspecified,84,3,0.004460649778783029,0.06166329557465713,0.0008489983314992749,0.028024158707660868,0.01,False,1.0,0.0054753163203603685,0.0054753163203603685,0.16,False,0.0164637473266191,1.8560363288343988,112.73474331287272,6,0.003001426523347782,False,True
unspecified,84,4,0.0008489983314992749,0.028024158707660868,0.00017149173419461427,0.012776528602736134,0.01,False,1.0,0.0024552330654430137,0.0024552330654430137,0.16,False,0.0162039272959156,1.8560547061487118,114.543509869768,6,0.002954448672265305,False,True
unspecified,84,5,0.00017149173419461427,0.012776528602736134,3.561584513400912e-05,0.0058369313328949166,0.01,False,1.0,0.0011132868276073665,0.0011132868276073665,0.16,False,0.016087045627003735,1.8560631356819173,115.37625855715405,6,0.0029333121693386477,False,True
unspecified,84,6,3.561584513400912e-05,0.0058369313328949166,3.561584513400912e-05,0.0058369313328949166,0.01,False,0.0,0.0,0.0,0.16,False,,,,,,True,True
unspecified,85,0,8.934961396128204,1.5029467573173572,0.37990998755876654,0.5085205298963672,0.01,False,1.0,0.09015928159898814,0.09015928159898814,0.16,False,0.016033977404096494,1.8560669891586075,115.75836377843491,6,0.002923714865721323,False,True
unspecified,85,1,0.37990998755876654,0.5085205298963672,0.027608541243155135,0.20073239588805275,0.01,False,1.0,0.035205914507215934,0.035205914507215934,0.16,False,0.014865994549000058,1.8556324563715836,124.8239699170615,6,0.002740654674974661,False,True
unspecified,85,2,0.027608541243155135,0.20073239588805275,0.009115226741818711,0.1158011109035611,0.01,False,1.0,0.018219743537305894,0.018219743537305894,0.16,False,0.013271284664688568,1.8558415034818003,139.83887395767428,6,0.0024492404192820254,False,True
unspecified,85,3,0.009115226741818711,0.1158011109035611,0.0028473795372956747,0.06955007330532063,0.01,False,1.0,0.010222218821433687,0.010222218821433687,0.16,False,0.012416929933971834,1.8558926782367862,149.46469764311033,6,0.0022928200385851456,False,True
unspecified,85,4,0.0028473795372956747,0.06955007330532063,0.0009871824780358345,0.04258089967470246,0.01,False,1.0,0.006012483081059829,0.006012483081059829,0.16,False,0.011935782716961107,1.8559211828674895,155.4922058215897,6,0.002204681904522537,False,True
unspecified,85,5,0.0009871824780358345,0.04258089967470246,0.000362728660107652,0.026402051489042656,0.01,False,1.0,0.0036383806483710136,0.0036383806483710136,0.16,False,0.01165197709161766,1.855937941473433,159.2809466479796,6,0.0021526732538105302,False,True
unspecified,85,6,0.000362728660107652,0.026402051489042656,0.00013825591633653115,0.016503013320269454,0.01,False,1.0,0.002240333749570941,0.002240333749570941,0.16,False,0.011479999520219001,1.8559480445633056,161.6679548892438,6,0.0021211503497766356,False,True
unspecified,85,7,0.00013825591633653115,0.016503013320269454,5.400422966734624e-05,0.01036824085188146,0.01,False,1.0,0.0013944101901154338,0.0013944101901154338,0.16,False,0.011374026157723174,1.8559542451397633,163.1747825618931,6,0.002101723070138479,False,True
unspecified,85,8,5.400422966734624e-05,0.01036824085188146,5.400422966734624e-05,0.01036824085188146,0.01,False,0.0,0.0,0.0,0.16,False,,,,,,True,True
unspecified,86,0,8.952705594337562,1.4978625084275317,0.32496530424653486,0.5566138289108831,0.01,False,1.0,0.07339428802519965,0.07339428802519965,0.16,False,0.011308039224120674,1.8559580952810346,164.12731318814082,6,0.002089625143980675,False,True
unspecified,86,1,0.32496530424653486,0.5566138289108831,0.03364830546187947,0.2888434789001193,0.01,False,1.0,0.038109914115614096,0.038109914115614096,0.16,False,0.011190723150273696,1.8560112097030164,165.85266070652665,6,0.0020884634661758883,False,True
unspecified,86,2,0.03364830546187947,0.2888434789001193,0.015005264874603052,0.21296914973988582,0.01,False,1.0,0.023781602931952063,0.023781602931952063,0.16,False,0.009446341901034485,1.8561761372738599,196.49681926827006,6,0.0017651495185144477,False,True
unspecified,86,3,0.015005264874603052,0.21296914973988582,0.006993855339194667,0.1654042160959233,0.01,False,1.0,0.016288853860348985,0.016288853860348985,0.16,False,0.008339366755555855,1.8562403135745937,222.58768177307095,6,0.0015596334604006923,False,True
unspecified,86,4,0.006993855339194667,0.1654042160959233,0.0037283047724337853,0.13282444851626474,0.01,False,1.0,0.011882893096654988,0.011882893096654988,0.16,False,0.007579072169265879,1.856284063348065,244.9223363877623,6,0.00141831682335725,False,True
unspecified,86,5,0.0037283047724337853,0.13282444851626474,0.002173714721932092,0.10936668319316156,0.01,False,1.0,0.009064471177617559,0.009064471177617559,0.16,False,0.007023218376323306,1.8563157926749303,264.3112734373955,6,0.0013149053350874245,False,True
unspecified,86,6,0.002173714721932092,0.10936668319316156,0.0013540069786134568,0.09178402708879324,0.01,False,1.0,0.007146212695436613,0.007146212695436613,0.16,False,0.006598716664909432,1.8563398496583203,281.3183144428582,6,0.0012358751807668546,False,True
unspecified,86,7,0.0013540069786134568,0.09178402708879324,0.0008871691442540188,0.07818021416604762,0.01,False,1.0,0.005777408601181993,0.005777408601181993,0.16,False,0.006263822046737117,1.8563587186772634,296.3619823210428,6,0.0011734924331342402,False,True
unspecified,86,8,0.0008871691442540188,0.07818021416604762,0.0006048634693996877,0.06738454192774573,0.01,False,1.0,0.00476384601413523,0.00476384601413523,0.16,False,0.005992956393029141,1.8563739096606156,309.75928872432706,6,0.0011230136934383588,False,True
unspecified,86,9,0.0006048634693996877,0.06738454192774573,0.00042578506833836294,0.05863923442442096,0.01,False,1.0,0.003990742928105283,0.003990742928105283,0.16,False,0.005769544774344716,1.856386392859562,321.7561290301978,6,0.0010813627228132762,False,True
unspecified,86,10,0.00042578506833836294,0.05863923442442096,0.0003076795990295201,0.05143385178964985,0.01,False,1.0,0.0033865967283473173,0.0033865967283473173,0.16,False,0.0055823511102684464,1.8563968209520392,332.5474847931534,6,0.0010464527446968146,False,True
unspecified,86,11,0.0003076795990295201,0.05143385178964985,0.00022723633408159476,0.04541277597756817,0.01,False,1.0,0.002904895099612448,0.002904895099612448,0.16,False,0.005423472398753984,1.8564056498958923,342.2909740118512,6,0.0010168151542211208,False,True
unspecified,86,12,0.00022723633408159476,0.04541277597756817,0.00017094250830900886,0.04032103440042782,0.01,False,1.0,0.0025142675905818466,0.0025142675905818466,0.16,False,0.005287177073950047,1.8564132084207732,351.11614051425136,6,0.0009913843224791826,False,True
unspecified,86,13,0.00017094250830900886,0.04032103440042782,0.00013063162793172805,0.0359712471312741,0.01,False,1.0,0.002192897955239235,0.002192897955239235,0.16,False,0.00516919969746072,1.8564197399174023,359.13097743724944,6,0.000969366852326424,False,True
unspecified,86,14,0.00013063162793172805,0.0359712471312741,0.00010118965543455603,0.03222272894511465,0.01,False,1.0,0.001925210420194212,0.001925210420194212,0.16,False,0.005066295258016793,1.8564254287282034,366.42661633086567,6,0.0009501589113053876,False,True
unspecified,86,15,0.00010118965543455603,0.03222272894511465,7.931440333773603e-05,0.028967857762962228,0.01,False,1.0,0.0016998284948529006,0.0016998284948529006,0.16,False,0.004975947731227755,1.8564304172310375,373.08077124294584,6,0.0009332921490300798,False,True
unspecified,86,16,7.931440333773603e-05,0.028967857762962228,6.281596813348595e-05,0.02612293579697851,0.01,False,1.0,0.0015082756420400174,0.0015082756420400174,0.16,False,0.00489617379880988,1.8564348172795349,379.1603185595211,6,0.0009183972568957512,False,True
unspecified,86,17,6.281596813348595e-05,0.02612293579697851,5.020767050010837e-05,0.023621912399448653,0.01,False,1.0,0.0013441240883593352,0.0013441240883593352,0.16,False,0.004825387209791829,1.8564387180683735,384.7232641354105,6,0.0009051787759331999,False,True
unspecified,86,18,5.020767050010837e-05,0.023621912399448653,4.045912240637293e-05,0.02141197858905252,0.01,False,1.0,0.0012024229217178358,0.0012024229217178358,0.16,False,0.004762302903093461,1.8564421916672418,389.8202675141365,6,0.000893397282910269,False,True
unspecified,86,19,4.045912240637293e-05,0.02141197858905252,3.284290461221635e-05,0.01945041500335907,0.01,False,1.0,0.0010793051111367693,0.0010793051111367693,0.16,False,0.004705867863956636,1.856445296995148,394.49584022834665,6,0.0008828565391712192,False,True
unspecified,86,20,3.284290461221635e-05,0.01945041500335907,2.683694719720802e-05,0.017702297237998967,0.01,False,1.0,0.0009717119998146689,0.0009717119998146689,0.16,False,0.0046552103608899715,1.8564480827272787,398.7893003340815,6,0.0008733940527528623,False,True
unspecified,86,21,2.683694719720802e-05,0.017702297237998967,2.2060962766113624e-05,0.016138798993974274,0.01,False,1.0,0.0008771966412567286,0.0008771966412567286,0.16,False,0.004609602074699497,1.8564505894562389,402.7355418910562,6,0.0008648740353550157,False,True
unspecified,86,22,2.2060962766113624e-05,0.016138798993974274,1.8234205565564125e-05,0.014735919328431907,0.01,False,1.0,0.0007937811101358258,0.0007937811101358258,0.16,False,0.004568429433812241,1.8564528513228806,406.3656620331589,6,0.0008571820700048356,False,True
unspecified,86,23,1.8234205565564125e-05,0.014735919328431907,1.5146882320534765e-05,0.013473515559024898,0.01,False,1.0,0.0007198514321000563,0.0007198514321000563,0.16,False,0.004531171631403884,1.856454897263468,409.70747706775484,6,0.0008502210206698634,False,True
unspecified,86,24,1.5146882320534765e-05,0.013473515559024898,1.2640477468320945e-05,0.012334559649066703,0.01,False,1.0,0.0006540791641834829,0.0006540791641834829,0.16,False,0.004497383564097544,1.8564567519751707,412.78595110170284,6,0.0008439078568855511,False,True
unspecified,86,25,1.2640477468320945e-05,0.012334559649066703,1.0594003132562744e-05,0.011304560164395872,0.01,False,1.0,0.0005953621389044483,0.0005953621389044483,0.16,False,0.004466682444768488,1.8564584366718655,415.62355498233484,6,0.00083817116163796,False,True
unspecified,86,26,1.0594003132562744e-05,0.011304560164395872,1.0594003132562744e-05,0.011304560164395872,0.01,False,0.0,0.0,0.0,0.16,False,,,,,,True,True
unspecified,87,0,8.965831751463455,1.4960027334995927,0.1645324817974697,0.515499626320737,0.01,False,1.0,0.0370874814376075,0.0370874814376075,0.16,False,0.004438737192178674,1.8564599696818966,418.24056917654246,6,0.000832949155759236,False,True
unspecified,87,1,0.1645324817974697,0.515499626320737,0.02153147684465888,0.388602408181931,0.01,False,1.0,0.02969298411904561,0.02969298411904561,0.16,False,0.006483489293806561,1.8567370701447579,286.3792914593737,6,0.0012252599425892695,False,True
unspecified,87,2,0.02153147684465888,0.388602408181931,0.011660499814369377,0.35399668683285934,0.01,False,1.0,0.021282007382908818,0.021282007382908818,0.16,False,0.005099915822470191,1.8568417164894262,364.0926205699701,6,0.0009649916411297295,False,True
unspecified,87,3,0.011660499814369377,0.35399668683285934,0.006681220366944262,0.3323296264531345,0.01,False,1.0,0.016114846034856613,0.016114846034856613,0.16,False,0.004115159728651884,1.8569012875313369,451.23431652060157,6,0.0007793520588451282,False,True
unspecified,87,4,0.006681220366944262,0.3323296264531345,0.0041162277018284175,0.3181471605976635,0.01,False,1.0,0.012626003067480109,0.012626003067480109,0.16,False,0.0033688420088135804,1.8569469519590471,551.2122406158834,6,0.0006384560078850174,False,True
unspecified,87,5,0.0041162277018284175,0.3181471605976635,0.0026564936116475943,0.30864373305704373,0.01,False,1.0,0.0101188997807542,0.0101188997807542,0.16,False,0.002783581664675218,1.8569830999669126,667.1200358634283,6,0.0005278350624789627,False,True
unspecified,87,6,0.0026564936116475943,0.30864373305704373,0.0017708622132434184,0.30216465529538455,0.01,False,1.0,0.008235149641500466,0.008235149641500466,0.16,False,0.002314324043506042,1.8570123362648696,802.3994485455129,6,0.0004390540290998555,False,True
unspecified,87,7,0.0017708622132434184,0.30216465529538455,0.0012085597629684626,0.2976931280426974,0.01,False,1.0,0.006773283671043168,0.006773283671043168,0.16,False,0.0019323371017223572,1.8570363233744385,961.0312412462605,6,0.0003667260376010643,False,True
unspecified,87,8,0.0012085597629684626,0.2976931280426974,0.000839783924046964,0.2945803102689873,0.01,False,1.0,0.005611984446388609,0.005611984446388609,0.16,False,0.0016181248854511886,1.8570561935517302,1147.659374284896,6,0.0003071909695498988,False,True
unspecified,87,9,0.000839783924046964,0.2945803102689873,0.0005922714473305951,0.29240003436016,0.01,False,1.0,0.004673760273879679,0.004673760273879679,0.16,False,0.0013577748417500505,1.8570727599510117,1367.7324861590532,6,0.00025783351383946936,False,True
unspecified,87,10,0.0005922714473305951,0.29240003436016,0.00042338802650078883,0.29086627502566,0.01,False,1.0,0.003906501566615135,0.003906501566615135,0.16,False,0.001140950316481302,1.8570866318673405,1627.6665206549987,6,0.00021670809683625668,False,True
unspecified,87,11,0.00042338802650078883,0.29086627502566,0.0003067994769935068,0.28978397967620145,0.01,False,1.0,0.003273560023493008,0.003273560023493008,0.16,False,0.0009597238714570368,1.85709828121785,1935.0339576303695,6,0.00018232079293979754,False,True
unspecified,87,12,0.0003067994769935068,0.28978397967620145,0.0002256476370958408,0.2890185747559979,0.01,False,1.0,0.002748147969321242,0.002748147969321242,0.16,False,0.0008078648000081157,1.8571080828423685,2298.785740910747,6,0.0001534960837966612,False,True
unspecified,87,13,0.0002256476370958408,0.2890185747559979,0.0001688399588066017,0.2884764243048815,0.01,False,1.0,0.002310040826277593,0.002310040826277593,0.16,False,0.00068038383251033,1.857116340091128,2729.5127417110284,6,0.0001292916786401011,False,True
unspecified,87,14,0.0001688399588066017,0.2884764243048815,0.00012892372313900012,0.288091976892908,0.01,False,1.0,0.0019435597318701655,0.0019435597318701655,0.16,False,0.0005732296207245333,1.8571233018104603,3239.7546021141584,6,0.00010894170090939759,False,True
unspecified,87,15,0.00012892372313900012,0.288091976892908,0.00010081193094635289,0.28781913937878073,0.01,False,1.0,0.00163629140547343,0.00163629140547343,0.16,False,0.00048307825358063556,1.8571291741120595,3844.365090638606,6,9.181726165950868e-05,False,True
unspecified,87,16,0.00010081193094635289,0.28781913937878073,8.099021197108266e-05,0.2876253979572794,0.01,False,1.0,0.001378246212259398,0.001378246212259398,0.16,False,0.0004071819008533722,1.8571341288628647,4560.944690740628,6,7.739808326824521e-05,False,True
unspecified,87,17,8.099021197108266e-05,0.2876253979572794,6.700804337667423e-05,0.28748776526489783,0.01,False,1.0,0.0011612845088649231,0.0011612845088649231,0.16,False,0.00034325639884801815,1.8571383100356413,5410.35306630341,6,6.525140154703083e-05,False,True
unspecified,87,18,6.700804337667423e-05,0.28748776526489783,5.714492507694148e-05,0.2873899625261694,0.01,False,1.0,0.0009787121257298094,0.0009787121257298094,0.16,False,0.0002893954008990145,1.8571418386094334,6417.316352782984,6,5.5015834350672815e-05,False,True
unspecified,87,19,5.714492507694148e-05,0.2873899625261694,5.018759609502341e-05,0.2873204481571464,0.01,False,1.0,0.0008249857302009819,0.0008249857302009819,0.16,False,0.00024400327881878242,1.8571448164481843,7611.146970805495,6,4.6388757798205483e-05,False,True
unspecified,87,20,5.018759609502341e-05,0.2873204481571464,4.5278982777862226e-05,0.28727103229347367,0.01,False,1.0,0.0006954918290874844,0.0006954918290874844,0.16,False,0.000205741692516139,1.857147329431839,9026.59692704802,6,3.911624147901801e-05,False,True
unspecified,87,21,4.5278982777862226e-05,0.28727103229347367,4.181391352927025e-05,0.2872358998951335,0.01,False,1.0,0.0005863767178606869,0.0005863767178606869,0.16,False,0.00017348641746371796,1.8571494500215953,10704.869448410795,6,3.2984906267993066e-05,False,True
unspecified,87,22,4.181391352927025e-05,0.2872358998951335,3.9365790467890694e-05,0.2872109203005481,0.01,False,1.0,0.0004944128074997016,0.0004944128074997016,0.16,False,0.00014629206819333736,1.8571512393841147,12694.818402114133,6,2.7815263963548448e-05,False,True
unspecified,87,23,3.9365790467890694e-05,0.2872109203005481,3.763438879827777e-05,0.28719315839905635,0.01,False,1.0,0.00041689171946837075,0.00041689171946837075,0.16,False,0.00012336302997141473,1.8571527491636866,15054.37041870664,6,2.3456223581966865e-05,False,True
unspecified,87,24,3.763438879827777e-05,0.28719315839905635,3.640859148775602e-05,0.2871805281186531,0.01,False,1.0,0.0003515376244975246,0.0003515376244975246,0.16,False,0.00010402935584810436,1.8571540229682277,17852.21111702259,6,1.9780532034874378e-05,False,True
unspecified,87,25,3.640859148775602e-05,0.2871805281186531,3.5539906839852545e-05,0.28717154657697286,0.01,False,1.0,0.0002964362601444821,0.0002964362601444821,0.16,False,8.772668876647882e-05,1.857155097619503,21169.784517492688,6,1.6680973238691768e-05,False,True
unspecified,87,26,3.5539906839852545e-05,0.28717154657697286,3.4923780474413394e-05,0.2871651595401416,0.01,False,1.0,0.00024997633548811695,0.00024997633548811695,0.16,False,7.397948026962692e-05,1.8571560042072308,25103.663846226107,6,1.4067189152954284e-05,False,True
unspecified,87,27,3.4923780474413394e-05,0.2871651595401416,3.448648496851502e-05,0.28716061744877525,0.01,False,1.0,0.0002108008805133547,0.0002108008805133547,0.16,False,6.238693021088881e-05,1.857156768978983,29768.362743625443,6,1.1863014725062986e-05,False,True
unspecified,87,28,3.448648496851502e-05,0.28716061744877525,3.417594610419094e-05,0.28715738733220575,0.01,False,1.0,0.00017776668015663484,0.00017776668015663484,0.16,False,5.2611185370789724e-05,1.8571574140920106,35299.668711192426,6,1.0004239886356877e-05,False,True
unspecified,87,29,3.417594610419094e-05,0.28715738733220575,3.3955329401403157e-05,0.2871550902056163,0.01,False,1.0,0.0001499103442991896,0.0001499103442991896,0.16,False,4.4367421347976384e-05,1.8571579582486313,41858.59583054937,6,8.436727892078318e-06,False,True
unspecified,87,30,3.3955329401403157e-05,0.2871550902056163,3.379854605937356e-05,0.28715345657101027,0.01,False,1.0,0.0001264198640374583,0.0001264198640374583,0.16,False,3.7415499437477554e-05,1.8571584172332896,49636.07181929131,6,7.114831895497591e-06,False,True
unspecified,87,31,3.379854605937356e-05,0.28715345657101027,3.3687099428018395e-05,0.28715229478178167,0.01,False,1.0,0.00010661072813109243,0.00010661072813109243,0.16,False,3.155294367043661e-05,1.8571588043664786,58858.495859026145,6,6.000061664185879e-06,False,True
unspecified,87,32,3.3687099428018395e-05,0.28715229478178167,3.3607864816473525e-05,0.28715146855070467,0.01,False,1.0,8.990584478809371e-05,8.990584478809371e-05,0.16,False,2.660902623333475e-05,1.857159130888343,69794.32898456714,6,5.059960426119892e-06,False,True
unspecified,87,33,3.3607864816473525e-05,0.28715146855070467,3.355152368789558e-05,0.28715088095725844,0.01,False,1.0,7.581864806405649e-05,7.581864806405649e-05,0.16,False,2.2439784575582155e-05,1.8571594062828103,82761.90887784537,6,4.267158431098434e-06,False,True
unspecified,87,34,3.355152368789558e-05,0.28715088095725844,3.351145661938602e-05,0.2871504630757279,0.01,False,1.0,6.393887497839014e-05,6.393887497839014e-05,0.16,False,1.8923822360363903e-05,1.8571596385514149,98138.71654392881,6,3.5985752448791276e-06,False,True
unspecified,87,35,3.351145661938602e-05,0.2871504630757279,3.3482960112223844e-05,0.2871501658886752,0.01,False,1.0,5.392058576488451e-05,5.392058576488451e-05,0.16,False,1.595877028210299e-05,1.85715983444458,116372.36463810106,6,3.0347472942497843e-06,False,True
unspecified,87,36,3.3482960112223844e-05,0.2871501658886752,3.346269100005819e-05,0.287149954536497,0.01,False,1.0,4.547207023497451e-05,4.547207023497451e-05,0.16,False,1.3458302649270839e-05,1.8571599996569226,137993.62728386422,6,2.5592609336919123e-06,False,True
unspecified,87,37,3.346269100005819e-05,0.287149954536497,3.34482728187112e-05,0.28714980422800696,0.01,False,1.0,3.834734127771517e-05,3.834734127771517e-05,0.16,False,1.134962219875173e-05,1.857160138992157,163631.89068940232,6,2.1582744355135983e-06,False,True
unspecified,87,38,3.34482728187112e-05,0.28714980422800696,3.343801574319896e-05,0.2871496973324141,0.01,False,1.0,3.233896471593033e-05,3.233896471593033e-05,0.16,False,9.571339495889955e-06,1.8571602565023106,194033.4743428333,6,1.8201149325618083e-06,False,True
unspecified,87,39,3.343801574319896e-05,0.2871496973324141,3.3430718247238374e-05,0.2871496213110756,0.01,False,1.0,2.727201482188422e-05,2.727201482188422e-05,0.16,False,8.071684921188e-06,1.857160355605223,230083.3560450578,6,1.534938547647685e-06,False,True
unspecified,87,40,3.3430718247238374e-05,0.2871496213110756,3.3425525881696885e-05,0.2871495672468078,0.01,False,1.0,2.2998978293962728e-05,2.2998978293962728e-05,0.16,False,6.807001013074356e-06,1.857160439183717,272830.9332724688,6,1.2944437944618385e-06,False,True
unspecified,87,41,3.3425525881696885e-05,0.2871495672468078,3.342183109898985e-05,0.2871495287978914,0.01,False,1.0,1.9395457588260323e-05,1.9395457588260323e-05,0.16,False,5.740471171600924e-06,1.857160509669284,323520.5707254431,6,1.091629895886284e-06,False,True
unspecified,87,42,3.342183109898985e-05,0.2871495287978914,3.3419201499208086e-05,0.28714950145429,0.01,False,1.0,1.6356548032409462e-05,1.6356548032409462e-05,0.16,False,4.841047642095103e-06,1.8571605691127049,383627.8232347586,6,9.205929769095665e-07,False,True
unspecified,87,43,3.3419201499208086e-05,0.28714950145429,3.3417329798450656e-05,0.28714948200849355,0.01,False,1.0,1.37937829476331e-05,1.37937829476331e-05,0.16,False,4.082547521590718e-06,1.8571606192436187,454902.3886242474,6,7.76354194321222e-07,False,True
unspecified,87,44,3.3417329798450656e-05,0.28714948200849355,3.3415997368275274e-05,0.2871494681794009,0.01,False,1.0,1.1632557655183585e-05,1.1632557655183585e-05,0.16,False,3.442890446035133e-06,1.8571606615207947,539419.0406666931,6,6.547147982671266e-07,False,True
unspecified,87,45,3.3415997368275274e-05,0.2871494681794009,3.341504864101021e-05,0.28714945834476197,0.01,False,1.0,9.80995725008176e-06,9.80995725008176e-06,0.16,False,2.9034557433983853e-06,1.8571606971745314,639638.0249284582,6,5.521339043103512e-07,False,True
unspecified,87,46,3.341504864101021e-05,0.28714945834476197,3.341437294549345e-05,0.28714945135085956,0.01,False,1.0,8.272924825599738e-06,8.272924825599738e-06,0.16,False,2.4485403270900318e-06,1.857160727242429,758476.6755504379,6,4.6562541727580935e-07,False,True
unspecified,87,47,3.341437294549345e-05,0.28714945135085956,3.341389163631522e-05,0.28714944637717976,0.01,False,1.0,6.976716772511905e-06,6.976716772511905e-06,0.16,False,2.0649015399547506e-06,1.8571607525995657,899394.3375335285,6,3.926711058118477e-07,False,True
unspecified,87,48,3.341389163631522e-05,0.28714944637717976,3.3413548599312564e-05,0.2871494428402403,0.01,False,1.0,5.883600145783255e-06,5.883600145783255e-06,0.16,False,1.741371633173726e-06,1.857160773983941,1066493.0670767757,6,3.311472966226202e-07,False,True
unspecified,87,49,3.3413548599312564e-05,0.2871494428402403,3.341330413961047e-05,0.28714944032500783,0.01,False,1.0,4.961754166362834e-06,4.961754166362834e-06,0.16,False,1.4685326559488988e-06,1.8571607920179514,1264637.0405824846,6,2.792630547388459e-07,False,True
unspecified,87,50,3.341330413961047e-05,0.28714944032500783,3.341312971334287e-05,0.2871494385364055,0.01,False,1.0,4.184343850272989e-06,4.184343850272989e-06,0.16,False,1.23844228672563e-06,1.85716080722649,1499594.149144177,6,2.3550804967921556e-07,False,True
unspecified,87,51,3.341312971334287e-05,0.2871494385364055,3.341300538201803e-05,0.28714943726449615,0.01,False,1.0,3.528738802740733e-06,3.528738802740733e-06,0.16,False,1.0444026250857888e-06,1.8571608200522245,1778203.8989988891,6,1.9860859022688526e-07,False,True
unspecified,87,52,3.341300538201803e-05,0.28714943726449615,3.341291652092418e-05,0.28714943636009554,0.01,False,1.0,2.9758544180538838e-06,2.9758544180538838e-06,0.16,False,8.807652103192804e-07,1.8571608308684708,2108576.5072342535,6,1.6749054754043524e-07,False,True
unspecified,87,53,3.341291652092418e-05,0.28714943636009554,3.341285303131285e-05,0.28714943571700974,0.01,False,1.0,2.5095963080324823e-06,2.5095963080324823e-06,0.16,False,7.427665916458579e-07,1.8571608399900623,2500328.9874344994,6,1.4124808761305973e-07,False,True
unspecified,87,54,3.341285303131285e-05,0.28714943571700974,3.3412807688950896e-05,0.2871494352597244,0.01,False,1.0,2.1163917836277274e-06,2.1163917836277274e-06,0.16,False,6.263896629993057e-07,1.8571608476825063,2964865.094979329,6,1.1911730288960694e-07,False,True
unspecified,87,55,3.3412807688950896e-05,0.2871494352597244,3.341277519884627e-05,0.287149434934603,0.01,False,1.0,1.7847947474970217e-06,1.7847947474970217e-06,0.16,False,5.282467230325546e-07,1.8571608541697153,3515707.2882689,6,1.0045397500406648e-07,False,True
unspecified,87,56,3.341277519884627e-05,0.287149434934603,3.341275191425017e-05,0.2871494347034467,0.01,False,1.0,1.5051524907102848e-06,1.5051524907102848e-06,0.16,False,4.4548085875950446e-07,1.8571608596405205,4168890.3644749415,6,8.471482184919642e-08,False,True
unspecified,87,57,3.341275191425017e-05,0.2871494347034467,3.34127352267064e-05,0.2871494345391019,0.01,False,1.0,1.269324705270163e-06,1.269324705270163e-06,0.16,False,3.7568278226992565e-07,1.8571608642541668,4943428.210984151,6,7.144168315016028e-08,False,True
unspecified,87,58,3.34127352267064e-05,0.2871494345391019,3.341272321764477e-05,0.28714943442227664,0.01,False,1.0,1.0704465120718306e-06,1.0704465120718306e-06,0.16,False,3.1682069346990696e-07,1.8571608681449532,5861867.31619333,6,6.024818304009016e-08,False,True
unspecified,87,59,3.341272321764477e-05,0.28714943442227664,3.341271458252603e-05,0.28714943433922546,0.01,False,1.0,9.027286288984713e-07,9.027286288984713e-07,0.16,False,2.6718113671272834e-07,1.8571608714261352,6950943.0728373015,6,5.0808483223220015e-08,False,True
unspecified,87,60,3.341271458252603e-05,0.28714943433922546,3.34127083337501e-05,0.28714943428019063,0.01,False,1.0,7.612888440696214e-07,7.612888440696214e-07,0.16,False,2.253191219720269e-07,1.8571608741932244,8242358.029531948,6,4.284779788302648e-08,False,True
unspecified,87,61,3.34127083337501e-05,0.28714943428019063,3.3412703856061256e-05,0.28714943423823097,0.01,False,1.0,6.420098914179069e-07,6.420098914179069e-07,0.16,False,1.9001606049266674e-07,1.8571608765267673,9773704.768489506,6,3.613439459731441e-08,False,True
unspecified,87,62,3.3412703856061256e-05,0.28714943423823097,3.341270059906411e-05,0.28714943420841876,0.01,False,1.0,5.414196043044703e-07,5.414196043044703e-07,0.16,False,1.6024429347276188e-07,1.8571608784946927,11589560.15373097,6,3.0472848993441555e-08,False,True
unspecified,87,63,3.341270059906411e-05,0.28714943420841876,3.3412698194216e-05,0.28714943418724725,0.01,False,1.0,4.5658983436184355e-07,4.5658983436184355e-07,0.16,False,1.3513717563274102e-07,1.8571608801542827,13742783.001484677,6,2.5698355731822325e-08,False,True
unspecified,87,64,3.3412698194216e-05,0.28714943418724725,3.341269651698146e-05,0.28714943417218064,0.01,False,1.0,3.8505121750419514e-07,3.8505121750419514e-07,0.16,False,1.1396384785036457e-07,1.85716088155385,16296052.797307415,6,2.167193117369077e-08,False,True
unspecified,87,65,3.341269651698146e-05,0.28714943417218064,3.341269522672159e-05,0.28714943416150274,0.01,False,1.0,3.2472129208766456e-07,3.2472129208766456e-07,0.16,False,9.610796303879977e-08,1.8571608827341326,19323694.145763736,6,1.827636780881161e-08,False,True
unspecified,87,66,3.341269522672159e-05,0.28714943416150274,3.34126942434773e-05,0.28714943415392863,0.01,False,1.0,2.738438762313026e-07,2.738438762313026e-07,0.16,False,8.104974306636266e-08,1.8571608837294886,22913840.48199715,6,1.541282212466642e-08,False,True
unspecified,87,67,3.34126942434773e-05,0.28714943415392863,3.34126936276575e-05,0.2871494341485217,0.01,False,1.0,2.309379479576246e-07,2.309379479576246e-07,0.16,False,6.835084903121329e-08,1.857160884568893,27170999.495862834,6,1.299793747296613e-08,False,True
unspecified,87,68,3.34126936276575e-05,0.2871494341485217,3.341269303985073e-05,0.2871494341447234,0.01,False,1.0,1.94754531847705e-07,1.94754531847705e-07,0.16,False,5.764162101322206e-08,1.8571608852767796,32219095.379895315,6,1.0961417524715532e-08,False,True
unspecified,87,69,3.341269303985073e-05,0.2871494341447234,3.341269266545984e-05,0.2871494341420024,0.01,False,1.0,1.6424034355548785e-07,1.6424034355548785e-07,0.16,False,4.8610317631963693e-08,1.8571608858737538,38205076.130845495,6,9.243980016219306e-09,False,True
unspecified,87,70,3.341269266545984e-05,0.2871494341420024,3.3412692399957964e-05,0.2871494341400723,0.01,False,1.0,1.3850712537405972e-07,1.3850712537405972e-07,0.16,False,4.09940409879151e-08,1.8571608863771947,45303191.43030274,6,7.795630994424287e-09,False,True
unspecified,87,71,3.3412692399957964e-05,0.2871494341400723,3.3412692177333806e-05,0.28714943413871186,0.01,False,1.0,1.1680579465107099e-07,1.1680579465107099e-07,0.16,False,3.457108461955648e-08,1.8571608868017562,53720064.2455742,6,6.574209668968495e-09,False,True
unspecified,87,72,3.3412692177333806e-05,0.28714943413871186,3.3412691992312916e-05,0.2871494341377528,0.01,False,1.0,9.85046341226583e-08,9.85046341226583e-08,0.16,False,2.9154478630506158e-08,1.8571608871597978,63700706.52597896,6,5.5441609232761625e-09,False,True
unspecified,87,73,3.3412691992312916e-05,0.2871494341377528,3.3412691858632353e-05,0.2871494341370707,0.01,False,1.0,8.307090384299042e-08,8.307090384299042e-08,0.16,False,2.458654787599022e-08,1.8571608874617402,75535650.5040439,6,4.675500473515193e-09,False,True
unspecified,87,74,3.3412691858632353e-05,0.2871494341370707,3.3412691807476544e-05,0.28714943413657473,0.01,False,1.0,7.005533440949275e-08,7.005533440949275e-08,0.16,False,2.0734321593736955e-08,1.8571608877163748,89569406.90441264,6,3.942941942079605e-09,False,True
unspecified,87,75,3.3412691807476544e-05,0.28714943413657473,3.341269173965381e-05,0.28714943413623356,0.01,False,1.0,5.9079047573877396e-08,5.9079047573877396e-08,0.16,False,1.7485663031334254e-08,1.8571608879311134,106210492.82506971,6,3.3251608489106093e-09,False,True
unspecified,87,76,3.341269173965381e-05,0.28714943413623356,3.34126916356308e-05,0.2871494341360104,0.01,False,1.0,4.982252818494932e-08,4.982252818494932e-08,0.16,False,1.4746005268527484e-08,1.8571608881122066,125943321.88907866,6,2.8041738796722104e-09,False,True
unspecified,87,77,3.34126916356308e-05,0.2871494341360104,3.34126915975108e-05,0.2871494341358317,0.01,False,1.0,4.201632226796872e-08,4.201632226796872e-08,0.16,False,1.2435597488758171e-08,1.8571608882649264,149342312.65878516,6,2.3648152233590427e-09,False,True
unspecified,87,78,3.34126915975108e-05,0.2871494341358317,3.341269156616228e-05,0.28714943413570415,0.01,False,1.0,3.543319473132152e-08,3.543319473132152e-08,0.16,False,1.048718506288694e-08,1.8571608883937172,177088596.91682348,6,1.99429540569235e-09,False,True
unspecified,87,79,3.341269156616228e-05,0.28714943413570415,3.341269153619909e-05,0.2871494341356297,0.01,False,1.0,2.9881513326478556e-08,2.9881513326478556e-08,0.16,False,8.844050413930682e-09,1.8571608885023294,209989857.7666436,6,1.681828730361732e-09,False,True
unspecified,88,0,8.97431075020218,1.4779313442674415,0.09451399182531078,0.6000571896247546,0.01,False,1.0,0.0234834436396449,0.0234834436396449,0.16,False,7.458362534426476e-09,1.8571608885939253,249003836.9711315,6,1.41831941513907e-09,False,True
unspecified,88,1,0.09451399182531078,0.6000571896247546,0.012944098990473663,0.5712113462984602,0.01,False,1.0,0.022626786381952597,0.022626786381952597,0.16,False,0.0033646128161368186,1.857439507236909,552.0514866758381,6,0.0006426350833380009,False,True
unspecified,88,2,0.012944098990473663,0.5712113462984602,0.005868353145761058,0.5621243953331528,0.01,False,1.0,0.015234607094594182,0.015234607094594182,0.16,False,0.0023018963683026396,1.8575234833365244,806.9535661617189,6,0.00044017632633164836,False,True
unspecified,88,3,0.005868353145761058,0.5621243953331528,0.0028342229480485368,0.5576244963830093,0.01,False,1.0,0.010522710592619304,0.010522710592619304,0.16,False,0.001603068395613462,1.857566380281489,1158.7567850282744,6,0.0003067490447779169,False,True
unspecified,88,4,0.0028342229480485368,0.5576244963830093,0.001405005348378063,0.555418000401812,0.01,False,1.0,0.0073235773877207465,0.0073235773877207465,0.16,False,0.0011202769956695643,1.8575963588970004,1658.1580859711905,6,0.00021446695890433017,False,True
unspecified,88,5,0.001405005348378063,0.555418000401812,0.0007171784870366974,0.554334838983122,0.01,False,1.0,0.0051158068811551945,0.0051158068811551945,0.16,False,0.0007841559565312406,1.8576174600559072,2368.938786454146,6,0.00015016931043427151,False,True
unspecified,88,6,0.0007171784870366974,0.554334838983122,0.0003827721904960286,0.5538027885485232,0.01,False,1.0,0.0035801265114389753,0.0035801265114389753,0.16,False,0.0005493263100733353,1.8576323205513687,3381.6554686837662,6,0.00010522295672266058,False,True
unspecified,88,7,0.0003827721904960286,0.5538027885485232,0.00021953724520270643,0.5535413569431081,0.01,False,1.0,0.0025077235736487703,0.0025077235736487703,0.16,False,0.000384977548814371,1.857642780475137,4825.327570909486,6,7.375422292431403e-05,False,True
unspecified,88,8,0.00021953724520270643,0.5535413569431081,0.00013987296574571398,0.5534128748065117,0.01,False,1.0,0.0017573612109483962,0.0017573612109483962,0.16,False,0.0002698551138057196,1.8576501371853906,6883.879690057656,6,5.170497902071051e-05,False,True
unspecified,88,9,0.00013987296574571398,0.5534128748065117,0.00010110222041299365,0.5533497251116964,0.01,False,1.0,0.001231811305585248,0.001231811305585248,0.16,False,0.00018917882123791236,1.857655307471548,9819.573329169601,6,3.625012710289333e-05,False,True
unspecified,88,10,0.00010110222041299365,0.5533497251116964,8.227504616825601e-05,0.5533186849177463,0.01,False,1.0,0.0008635346308302696,0.0008635346308302696,0.16,False,0.0001326291138126146,1.8576589388915041,14006.418994219493,6,2.5415618675656288e-05,False,True
unspecified,88,11,8.227504616825601e-05,0.5533186849177463,7.312443412156521e-05,0.5533034271271124,0.01,False,1.0,0.0006054005065945706,0.0006054005065945706,0.16,False,9.298617084490481e-05,1.8576614882410227,19977.82542674531,6,1.7819585308211813e-05,False,True
unspecified,88,12,7.312443412156521e-05,0.5533034271271124,6.866300114773036e-05,0.5532959270312701,0.01,False,1.0,0.00042444406942756873,0.00042444406942756873,0.16,False,6.519361977870354e-05,1.8576632773047166,28494.556424546776,6,1.2493857363936164e-05,False,True
unspecified,88,13,6.866300114773036e-05,0.5532959270312701,6.648080016636503e-05,0.5532922402604635,0.01,False,1.0,0.00029758168244655385,0.00029758168244655385,0.16,False,4.5708390195390427e-05,1.8576645324894019,40641.652977678976,6,8.759835433631498e-06,False,True
unspecified,88,14,6.648080016636503e-05,0.5532922402604635,6.541099838942544e-05,0.5532904279731108,0.01,False,1.0,0.00020863945904905657,0.00020863945904905657,0.16,False,3.2047130789461956e-05,1.857665412943516,57966.66869017713,6,6.141793178283641e-06,False,True
unspecified,88,15,6.541099838942544e-05,0.5532904279731108,6.488582610195285e-05,0.553289537117174,0.01,False,1.0,0.000146281475579082,0.000146281475579082,0.16,False,2.2469004125807133e-05,1.8576660304572794,82676.82982547622,6,4.306198810902171e-06,False,True
unspecified,88,16,6.488582610195285e-05,0.553289537117174,6.462782047577234e-05,0.5532890992065213,0.01,False,1.0,0.00010256136557179678,0.00010256136557179678,0.16,False,1.5753584701718988e-05,1.8576664635137072,117920.23838936187,6,3.0192050064446715e-06,False,True
unspecified,88,17,6.462782047577234e-05,0.5532890992065213,6.450101349602687e-05,0.5532888839487405,0.01,False,1.0,7.19083347846162e-05,7.19083347846162e-05,0.16,False,1.1045249559800232e-05,1.8576667671911684,168186.94381992458,6,2.1168535715728804e-06,False,True
unspecified,88,18,6.450101349602687e-05,0.5532888839487405,6.443867239241813e-05,0.5532887781391936,0.01,False,1.0,5.041680121450323e-05,5.041680121450323e-05,0.16,False,7.744119512577913e-06,1.8576669801323258,239880.98028641264,6,1.4841875560710393e-06,False,True
unspecified,88,19,6.443867239241813e-05,0.5532887781391936,6.440801774668582e-05,0.5532887261299986,0.01,False,1.0,3.534856155933922e-05,3.534856155933922e-05,0.16,False,5.429612155018512e-06,1.857667129443344,342136.2477477013,6,1.0406065796935125e-06,False,True
unspecified,88,20,6.440801774668582e-05,0.5532887261299986,6.43929407826766e-05,0.5532887005665847,0.01,False,1.0,2.4783832783232006e-05,2.4783832783232006e-05,0.16,False,3.8068497586162004e-06,1.8576672341353915,487980.18097006757,6,7.295989688292496e-07,False,True
unspecified,88,21,6.43929407826766e-05,0.5532887005665847,6.438552346336466e-05,0.5532886880024019,0.01,False,1.0,1.7376622799477044e-05,1.7376622799477044e-05,0.16,False,2.669087306514035e-06,1.8576673075408265,695993.4592649332,6,5.115425399595265e-07,False,True
unspecified,88,22,6.438552346336466e-05,0.5532886880024019,6.438187311209291e-05,0.5532886818277002,0.01,False,1.0,1.2183228770454274e-05,1.2183228770454274e-05,0.16,False,1.8713710243518222e-06,1.8576673590088617,992677.2055543037,6,3.5865693099002353e-07,False,True
unspecified,88,23,6.438187311209291e-05,0.5532886818277002,6.438007581228163e-05,0.5532886787934347,0.01,False,1.0,8.541998842453054e-06,8.541998842453054e-06,0.16,False,1.3120702115200343e-06,1.8576673950952456,1415829.2588192644,6,2.514644804610883e-07,False,True
unspecified,88,24,6.438007581228163e-05,0.5532886787934347,6.437919026817516e-05,0.5532886773026304,0.01,False,1.0,5.9890325686685565e-06,5.9890325686685565e-06,0.16,False,9.199289535040933e-07,1.857667420396765,2019359.6617659878,6,1.7630881821468865e-07,False,True
unspecified,88,25,6.437919026817516e-05,0.5532886773026304,6.437875354668027e-05,0.5532886765703237,0.01,False,1.0,4.199077414506265e-06,4.199077414506265e-06,0.16,False,6.449878390574793e-07,1.8576674381365386,2880158.8582680067,6,1.236150628388778e-07,False,True
unspecified,88,26,6.437875354668027e-05,0.5532886765703237,6.437853775218604e-05,0.5532886762107414,0.01,False,1.0,2.94409022841403e-06,2.94409022841403e-06,0.16,False,4.522189766650474e-07,1.8576674505744732,4107893.6232930864,6,8.66699878162375e-08,False,True
unspecified,88,27,6.437853775218604e-05,0.5532886762107414,6.437843109075036e-05,0.5532886760342197,0.01,False,1.0,2.064183821459841e-06,2.064183821459841e-06,0.16,False,3.170633561292799e-07,1.8576674592951,5858978.72896309,6,6.07667576985805e-08,False,True
unspecified,88,28,6.437843109075036e-05,0.5532886760342197,6.43783780628228e-05,0.5532886759476617,0.01,False,1.0,1.4472569268405662e-06,1.4472569268405662e-06,0.16,False,2.223019795868353e-07,1.8576674654093945,8356504.376893121,6,4.260527609817118e-08,False,True
unspecified,88,29,6.43783780628228e-05,0.5532886759476617,6.437835171673884e-05,0.5532886759052196,0.01,False,1.0,1.0147122743168135e-06,1.0147122743168135e-06,0.16,False,1.5586213274588877e-07,1.8576674696963074,11918658.092052238,6,2.987175219472665e-08,False,True
unspecified,88,30,6.437835171673884e-05,0.5532886759052196,6.437833848817628e-05,0.5532886758844744,0.01,False,1.0,7.114431419437756e-07,7.114431419437756e-07,0.16,False,1.0927929976185686e-07,1.8576674727019877,16999262.227615345,6,2.094392178076785e-08,False,True
unspecified,88,31,6.437833848817628e-05,0.5532886758844744,6.437833180777306e-05,0.5532886758743333,0.01,False,1.0,4.988126809627248e-07,4.988126809627248e-07,0.16,False,7.661877351403394e-08,1.8576674748093558,24245591.381975003,6,1.468436983124312e-08,False,True
unspecified,88,32,6.437833180777306e-05,0.5532886758743333,6.437832846235776e-05,0.5532886758693704,0.01,False,1.0,3.497315209881073e-07,3.497315209881073e-07,0.16,False,5.371956517616709e-08,1.8576674762868928,34580836.05470163,6,1.0295622657116703e-08,False,True
unspecified,88,33,6.437832846235776e-05,0.5532886758693704,6.437832661547395e-05,0.5532886758670017,0.01,False,1.0,2.4520655224678395e-07,2.4520655224678395e-07,0.16,False,3.7664289940111256e-08,1.857667477322834,49321717.74050831,6,7.218549180694078e-09,False,True
unspecified,88,34,6.437832661547395e-05,0.5532886758670017,6.437832581106163e-05,0.553288675865813,0.01,False,1.0,1.71921172939853e-07,1.71921172939853e-07,0.16,False,2.640748743386836e-08,1.8576674780491627,70346241.10685559,6,5.061126846161878e-09,False,True
unspecified,88,35,6.437832581106163e-05,0.553288675865813,6.437832519884988e-05,0.5532886758652916,0.01,False,1.0,1.20538743982933e-07,1.20538743982933e-07,0.16,False,1.8515028175166754e-08,1.8576674785584129,100332954.45102297,6,3.548497642571085e-09,False,True
unspecified,88,36,6.437832519884988e-05,0.5532886758652916,6.437832501511631e-05,0.5532886758650072,0.01,False,1.0,8.451308604735369e-08,8.451308604735369e-08,0.16,False,1.2981404317742833e-08,1.857667478915462,143102197.06942058,6,2.4879510007569863e-09,False,True
unspecified,88,37,6.437832501511631e-05,0.5532886758650072,6.437832485553677e-05,0.5532886758648896,0.01,False,1.0,5.9254488339229515e-08,5.9254488339229515e-08,0.16,False,9.101625618849237e-09,1.8576674791657988,204102822.6121075,6,1.7443720341671575e-09,False,True
unspecified,88,38,6.437832485553677e-05,0.5532886758648896,6.437832473313783e-05,0.5532886758648549,0.01,False,1.0,4.154498076724075e-08,4.154498076724075e-08,0.16,False,6.3814045704776536e-09,1.8576674793413175,291106363.6265064,6,1.223028079634822e-09,False,True
unspecified,88,39,6.437832473313783e-05,0.5532886758648549,6.437832465221382e-05,0.5532886758648334,0.01,False,1.0,2.912834830047575e-08,2.912834830047575e-08,0.16,False,4.4741812933899194e-09,1.857667479464378,415197185.28367746,6,8.574992081052246e-10,False,True
unspecified,88,40,6.437832465221382e-05,0.5532886758648334,6.437832463708882e-05,0.5532886758648156,0.01,False,1.0,2.0422699270228045e-08,2.0422699270228045e-08,0.16,False,3.1369735531225324e-09,1.8576674795506591,592184616.1889199,6,6.012166617552979e-10,False,True
unspecified,88,41,6.437832463708882e-05,0.5532886758648156,6.437832460434468e-05,0.5532886758648216,0.01,False,0.5,1.4318926419723143e-08,7.159463209861571e-09,0.16,False,2.1994200284953876e-09,1.8576674796111543,844616969.7208657,6,4.2152984275930764e-10,False,True
unspecified,88,42,6.437832460434468e-05,0.5532886758648216,6.437832467203088e-05,0.5532886758647865,0.01,False,1.0,1.217916318725367e-08,1.217916318725367e-08,0.16,False,1.8707474799617958e-09,1.857667479632361,993008142.2161252,6,3.585381060084043e-10,False,True
unspecified,88,43,6.437832467203088e-05,0.5532886758647865,6.437832460779565e-05,0.5532886758648079,0.01,False,0.5,8.5391519789832e-09,4.2695759894916e-09,0.16,False,1.311633365118183e-09,1.8576674796684363,1416300872.691702,6,2.5138109114723226e-10,False,True
unspecified,88,44,6.437832460779565e-05,0.5532886758648079,6.437832460779565e-05,0.5532886758648079,0.01,False,0.0,7.263094969634029e-09,0.0,0.16,False,1.1156281168421227e-09,1.857667479681084,1665131464.1830332,6,2.1381570554727263e-10,False,False
unspecified,89,0,8.97806930823031,1.5351874671797892,0.09200133460656361,0.7724784902793588,0.01,False,1.0,0.022298390525387044,0.022298390525387044,0.16,False,1.1156281168421227e-09,1.857667479681084,1665131464.1830332,6,2.1381570554727263e-10,False,True
unspecified,89,1,0.09200133460656361,0.7724784902793588,0.021206723879822337,0.7347460294446579,0.01,False,1.0,0.029331074240933157,0.029331074240933157,0.16,False,0.003392507064837156,1.8579232085383368,547.6549268814917,6,0.0006525363026177245,False,True
unspecified,89,2,0.021206723879822337,0.7347460294446579,0.007507291738311156,0.728545690742985,0.01,False,1.0,0.01736564558904474,0.01736564558904474,0.16,False,0.0020247338331741333,1.8580081963950834,917.6555288170013,6,0.00038998612858811703,False,True
unspecified,89,3,0.007507291738311156,0.728545690742985,0.0028270713056430786,0.7261092825606872,0.01,False,1.0,0.010557839087473533,0.010557839087473533,0.16,False,0.0012353090920546373,1.8580498389113633,1504.1173507603248,6,0.00023810487643430498,False,True
unspecified,89,4,0.0028270713056430786,0.7261092825606872,0.0011045436281187408,0.7251923589616731,0.01,False,1.0,0.006444537073161545,0.006444537073161545,0.16,False,0.0007550548387235727,1.8580753598318351,2460.8482252400754,6,0.00014560052907007325,False,True
unspecified,89,5,0.0011045436281187408,0.7251923589616731,0.0004636363733634952,0.7248487366817237,0.01,False,1.0,0.003939100868286626,0.003939100868286626,0.16,False,0.00046175393931486365,1.8580910757968543,4023.9853255043863,6,8.90662789428285e-05,False,True
unspecified,89,6,0.0004636363733634952,0.7248487366817237,0.00022485924775672675,0.7247200962690378,0.01,False,1.0,0.0024089052195443105,0.0024089052195443105,0.16,False,0.00028243752651209723,1.858100734708249,6578.802603373825,6,5.4487615099798124e-05,False,True
unspecified,89,7,0.00022485924775672675,0.7247200962690378,0.0001362680193279338,0.7246719553447412,0.01,False,1.0,0.0014734036500724521,0.0014734036500724521,0.16,False,0.00017276685594776664,1.8581066612569648,10754.994938489443,6,3.3333463872435466e-05,False,True
unspecified,89,8,0.0001362680193279338,0.7246719553447412,0.00010356648955211569,0.7246539416957789,0.01,False,1.0,0.0009012646135244216,0.0009012646135244216,0.16,False,0.00010568323225437536,1.8581102936026777,17581.88365331484,6,2.039170082985672e-05,False,True
unspecified,89,9,0.00010356648955211569,0.7246539416957789,9.148254499914095e-05,0.7246472014512746,0.01,False,1.0,0.00055130617752258,0.00055130617752258,0.16,False,6.464772592764043e-05,1.8581125182234464,28742.11724482333,6,1.2474333928593157e-05,False,True
unspecified,89,10,9.148254499914095e-05,0.7246472014512746,8.699412864832122e-05,0.7246446794438058,0.01,False,1.0,0.0003372381378368993,0.0003372381378368993,0.16,False,3.954578101966032e-05,1.858113880059683,46986.39986743252,6,7.630878240714878e-06,False,True
unspecified,89,11,8.699412864832122e-05,0.7246446794438058,8.532019733665201e-05,0.7246437357861595,0.01,False,1.0,0.00020629156191163364,0.00020629156191163364,0.16,False,2.4190589932622965e-05,1.8581147134898481,76811.46754441198,6,4.667959739126019e-06,False,True
unspecified,89,12,8.532019733665201e-05,0.7246437357861595,8.469463826563713e-05,0.724643382703239,0.01,False,1.0,0.00012619043521228682,0.00012619043521228682,0.16,False,1.4797632175468633e-05,1.858115223450316,125568.41536652607,6,2.855464134591404e-06,False,True
unspecified,89,13,8.469463826563713e-05,0.724643382703239,8.446065544122982e-05,0.7246432505958743,0.01,False,1.0,7.719183815733671e-05,7.719183815733671e-05,0.16,False,9.051855395482238e-06,1.8581155354515955,205274.54916911034,6,1.7467246072032195e-06,False,True
unspecified,89,14,8.446065544122982e-05,0.7246432505958743,8.437310174789373e-05,0.7246432011697953,0.01,False,1.0,4.721894227078757e-05,4.721894227078757e-05,0.16,False,5.537104577725232e-06,1.8581157263257424,335575.33549223637,6,1.0684913095389115e-06,False,True
unspecified,89,15,8.437310174789373e-05,0.7246432011697953,8.434033201300537e-05,0.7246431826792686,0.01,False,1.0,2.8884247701026296e-05,2.8884247701026296e-05,0.16,False,3.3870973275966215e-06,1.8581158430927047,548586.4926152463,6,6.536071939681967e-07,False,True
unspecified,89,16,8.434033201300537e-05,0.7246431826792686,8.432806387060161e-05,0.7246431757628237,0.01,False,1.0,1.7668749732544796e-05,1.7668749732544796e-05,0.16,False,2.0719177936534657e-06,1.8581159145229134,896809.6708346956,6,3.998178739382265e-07,False,True
unspecified,89,17,8.432806387060161e-05,0.7246431757628237,8.432346944836512e-05,0.7246431731762528,0.01,False,1.0,1.0808129654743304e-05,1.0808129654743304e-05,0.16,False,1.2674104918011303e-06,1.8581159582184577,1466072.7287951275,6,2.445723250598301e-07,False,True
unspecified,89,18,8.432346944836512e-05,0.7246431731762528,8.432174783014173e-05,0.7246431722093238,0.01,False,1.0,6.61142768024106e-06,6.61142768024106e-06,0.16,False,7.752861663752803e-07,1.8581159849478006,2396684.044596215,6,1.4960711576453098e-07,False,True
unspecified,89,19,8.432174783014173e-05,0.7246431722093238,8.43211021402803e-05,0.7246431718480791,0.01,False,1.0,4.044268162126071e-06,4.044268162126071e-06,0.16,False,4.7424935224017564e-07,1.8581160012985216,3918014.8428700645,6,9.151601167719034e-08,False,True
unspecified,89,20,8.43211021402803e-05,0.7246431718480791,8.432085963662838e-05,0.7246431717132483,0.01,False,1.0,2.4739141745571377e-06,2.4739141745571377e-06,0.16,False,2.9010248053458937e-07,1.8581160113004558,6405033.172678817,6,5.598115521849134e-08,False,True
unspecified,89,21,8.432085963662838e-05,0.7246431717132483,8.432076835463345e-05,0.7246431716630011,0.01,False,1.0,1.5133149034413365e-06,1.5133149034413365e-06,0.16,False,1.7745822345142517e-07,1.8581160174187468,10470723.65134637,6,3.424416567317835e-08,False,True
unspecified,89,22,8.432076835463345e-05,0.7246431716630011,8.432073385759885e-05,0.7246431716443321,0.01,False,1.0,9.257079329952346e-07,9.257079329952346e-07,0.16,False,1.0855274501084162e-07,1.8581160211613674,17117172.126561973,6,2.0947456552525688e-08,False,True
unspecified,89,23,8.432073385759885e-05,0.7246431716443321,8.432072071454727e-05,0.7246431716374304,0.01,False,1.0,5.662636192416012e-07,5.662636192416012e-07,0.16,False,6.640266162833132e-08,1.8581160234507634,27982553.377920333,6,1.281374252215922e-08,False,True
unspecified,89,24,8.432072071454727e-05,0.7246431716374304,8.432071571238666e-05,0.7246431716348832,0.01,False,1.0,3.4638839593498336e-07,3.4638839593498336e-07,0.16,False,4.0619087543572726e-08,1.8581160248512079,45744898.20476587,6,7.838278303045924e-09,False,True
unspecified,89,25,8.432071571238666e-05,0.7246431716348832,8.432071368407986e-05,0.7246431716339887,0.01,False,1.0,2.1188880170809272e-07,2.1188880170809272e-07,0.16,False,2.4847049962094204e-08,1.858116025707872,74782158.38671187,6,4.794743242233097e-09,False,True
unspecified,89,26,8.432071368407986e-05,0.7246431716339887,8.432071296552889e-05,0.7246431716336443,0.01,False,1.0,1.2961422814199178e-07,1.2961422814199178e-07,0.16,False,1.519915724333249e-08,1.8581160262319019,122251253.57177374,6,2.932986300321005e-09,False,True
unspecified,89,27,8.432071296552889e-05,0.7246431716336443,8.432071259015911e-05,0.7246431716335527,0.01,False,1.0,7.928615318279081e-08,7.928615318279081e-08,0.16,False,9.297456985818176e-09,1.8581160265524552,199852070.2367026,6,1.7941332984592437e-09,False,True
unspecified,89,28,8.432071259015911e-05,0.7246431716335527,8.432071249030077e-05,0.7246431716334937,0.01,False,1.0,4.850003147289064e-08,4.850003147289064e-08,0.16,False,5.687335527416475e-09,1.8581160267485413,326711166.90606225,6,1.0974869902062357e-09,False,True
unspecified,89,29,8.432071249030077e-05,0.7246431716334937,8.432071247337024e-05,0.7246431716334741,0.01,False,1.0,2.9667893275089534e-08,2.9667893275089534e-08,0.16,False,3.4789928575777274e-09,1.8581160268684882,534095959.070814,6,6.713423869132241e-10,False,True
unspecified,89,30,8.432071247337024e-05,0.7246431716334741,8.432071238883356e-05,0.7246431716334955,0.01,False,1.0,1.8148108016089543e-08,1.8148108016089543e-08,0.16,False,2.1281301793067322e-09,1.858116026941861,873121411.9369183,6,4.1066597562665114e-10,False,True
unspecified,89,31,8.432071238883356e-05,0.7246431716334955,8.432071242689064e-05,0.7246431716334758,0.01,False,1.0,1.1101355686983938e-08,1.1101355686983938e-08,0.16,False,1.30179572931887e-09,1.8581160269867432,1427348381.2694278,6,2.5120794717431274e-10,False,True
unspecified,89,32,8.432071242689064e-05,0.7246431716334758,8.432071232315283e-05,0.7246431716335102,0.01,False,1.0,6.790796934734918e-09,6.790796934734918e-09,0.16,False,7.963199777792598e-10,1.858116027014198,2333378640.324993,6,1.5366612633743228e-10,False,True
unspecified,89,33,8.432071232315283e-05,0.7246431716335102,8.432071232315283e-05,0.7246431716335102,0.01,False,0.0,4.153989524498505e-09,0.0,0.16,False,4.871158477818669e-10,1.8581160270309933,3814525919.2287,6,9.399890435595554e-11,False,False
unspecified,90,0,8.977080289991365,1.6204918638656138,0.09031696911771143,0.8474838171450038,0.01,False,1.0,0.02138115638813751,0.02138115638813751,0.16,False,4.871158477818669e-10,1.8581160270309933,3814525919.2287,6,9.399890435595554e-11,False,True
unspecified,90,1,0.09031696911771143,0.8474838171450038,0.02533943428879721,0.805786568178327,0.01,False,1.0,0.032292783165504074,0.032292783165504074,0.16,False,0.0034072572268823444,1.8582940696963142,545.392949799878,6,0.0006593649836268607,False,True
unspecified,90,2,0.02533943428879721,0.805786568178327,0.007986840520445576,0.801397031731395,0.01,False,1.0,0.017981886215455063,0.017981886215455063,0.16,False,0.0019061747130222808,1.8583607392178065,974.9162689664138,6,0.00036939157366103166,False,True
unspecified,90,3,0.007986840520445576,0.801397031731395,0.0026715558261640976,0.7998397381008729,0.01,False,1.0,0.010281241171116468,0.010281241171116468,0.16,False,0.0010920952239869316,1.8583922199718543,1701.6759886444595,6,0.0002117787699536886,False,True
unspecified,90,4,0.0026715558261640976,0.7998397381008729,0.0009379269515995587,0.7993242876034385,0.01,False,1.0,0.0058916366802829944,0.0058916366802829944,0.16,False,0.0006262495265971022,1.858410234387367,2967.5235756033962,6,0.00012149017285947557,False,True
unspecified,90,5,0.0009379269515995587,0.7993242876034385,0.000368947994827723,0.7991547665797338,0.01,False,1.0,0.003377873525926266,0.003377873525926266,0.16,False,0.0003591317561519518,1.8584206190239434,5174.759923590909,6,6.96861959222496e-05,False,True
unspecified,90,6,0.000368947994827723,0.7991547665797338,0.0001827029754259765,0.7990990453763925,0.01,False,1.0,0.0019368788561591654,0.0019368788561591654,0.16,False,0.0002059426310709255,1.858426593202934,9024.001410193221,6,3.996651890683738e-05,False,True
unspecified,90,7,0.0001827029754259765,0.7990990453763925,0.00012215210410851612,0.7990807310939242,0.01,False,1.0,0.001110623947116509,0.001110623947116509,0.16,False,0.00011809249144991397,1.8584300253074646,15737.071870447175,6,2.2919502067161055e-05,False,True
unspecified,90,8,0.00012215210410851612,0.7990807310939242,0.0001025112235415233,0.7990747112237422,0.01,False,1.0,0.0006368349093935922,0.0006368349093935922,0.16,False,6.771519850288486e-05,1.85843199540376,27444.828288062767,6,1.3142799930401672e-05,False,True
unspecified,90,9,0.0001025112235415233,0.7990747112237422,9.610846649671956e-05,0.7990727323684539,0.01,False,1.0,0.00036515846618327073,0.00036515846618327073,0.16,False,3.8827743835056774e-05,1.8584331257434534,47863.53628060954,6,7.536239850275194e-06,False,True
unspecified,90,10,9.610846649671956e-05,0.7990727323684539,9.40110238413302e-05,0.7990720818476087,0.01,False,1.0,0.00020937845222080564,0.00020937845222080564,0.16,False,2.2263495227423296e-05,1.8584337740977173,83474.48390801511,6,4.321277010696708e-06,False,True
unspecified,90,11,9.40110238413302e-05,0.7990720818476087,9.332232702250211e-05,0.7990718679928771,0.01,False,1.0,0.00012005495209327827,0.00012005495209327827,0.16,False,1.2765613272416049e-05,1.858434145930737,145581.26634984656,6,2.4777871831001722e-06,False,True
unspecified,90,12,9.332232702250211e-05,0.7990718679928771,9.309599443001731e-05,0.7990717976892233,0.01,False,1.0,6.883774529849369e-05,6.883774529849369e-05,0.16,False,7.319616908733619e-06,1.8584343591589358,253897.7630019803,6,1.4207337938476986e-06,False,True
unspecified,90,13,9.309599443001731e-05,0.7990717976892233,9.302158930981304e-05,0.7990717745776447,0.01,False,1.0,3.947046880504677e-05,3.947046880504677e-05,0.16,False,4.196952486865509e-06,1.8584344814286835,442805.6994318404,6,8.146284660415956e-07,False,True
unspecified,90,14,9.302158930981304e-05,0.7990717745776447,9.299712596720436e-05,0.7990717669802717,0.01,False,1.0,2.263171159996945e-05,2.263171159996945e-05,0.16,False,2.4064630379280277e-06,1.8584345515387855,772268.0640625602,6,4.6709519059346407e-07,False,True
unspecified,90,15,9.299712596720436e-05,0.7990717669802717,9.298908194018245e-05,0.7990717644830357,0.01,False,1.0,1.2976638529692885e-05,1.2976638529692885e-05,0.16,False,1.3798250253793104e-06,1.8584345917395992,1346862.5061563298,6,2.6782468460687075e-07,False,True
unspecified,90,16,9.298908194018245e-05,0.7990717644830357,9.298643666585307e-05,0.7990717636622806,0.01,False,1.0,7.440580788720304e-06,7.440580788720304e-06,0.16,False,7.91167893147461e-07,1.8584346147903397,2348976.2803657623,6,1.5356613714396496e-07,False,True
unspecified,90,17,9.298643666585307e-05,0.7990717636622806,9.298556644124239e-05,0.7990717633926518,0.01,False,1.0,4.266299728347519e-06,4.266299728347519e-06,0.16,False,4.5364192643253407e-07,1.8584346280073287,4096699.444476317,6,8.805218106222956e-08,False,True
unspecified,90,18,9.298556644124239e-05,0.7990717633926518,9.298528009772899e-05,0.7990717633041012,0.01,False,1.0,2.4462217961414548e-06,2.4462217961414548e-06,0.16,False,2.60110363859055e-07,1.85843463558575,7144792.725724581,6,5.04875924047219e-08,False,True
unspecified,90,19,9.298528009772899e-05,0.7990717633041012,9.298518577013475e-05,0.7990717632750539,0.01,False,1.0,1.4026207698664243e-06,1.4026207698664243e-06,0.16,False,1.4914273127945258e-07,1.8584346399310947,12460779.174339363,6,2.8948704835329237e-08,False,True
unspecified,90,20,9.298518577013475e-05,0.7990717632750539,9.298515468818674e-05,0.799071763265536,0.01,False,1.0,8.042381686715832e-07,8.042381686715832e-07,0.16,False,8.551582859544835e-08,1.8584346424226421,21732054.438885,6,1.6598680977859005e-08,False,True
unspecified,90,21,9.298515468818674e-05,0.799071763265536,9.298514447162732e-05,0.7990717632624055,0.01,False,1.0,4.6113605997053486e-07,4.6113605997053486e-07,0.16,False,4.90332762360198e-08,1.8584346438512538,37901498.462100506,6,9.517392844460147e-09,False,True
unspecified,90,22,9.298514447162732e-05,0.7990717632624055,9.298514102710928e-05,0.7990717632614104,0.01,False,1.0,2.6440732489815965e-07,2.6440732489815965e-07,0.16,False,2.8114820188053725e-08,1.858434644670394,66101601.65491871,6,5.457106150177969e-09,False,True
unspecified,90,23,9.298514102710928e-05,0.7990717632614104,9.298513985107293e-05,0.7990717632610963,0.01,False,1.0,1.516065186515802e-07,1.516065186515802e-07,0.16,False,1.6120544403734783e-08,1.8584346451400757,115283615.65193273,6,3.1290089117375537e-09,False,True
unspecified,90,24,9.298513985107293e-05,0.7990717632610963,9.298513946441813e-05,0.7990717632609984,0.01,False,1.0,8.692851520446749e-08,8.692851520446749e-08,0.16,False,9.24323701379553e-09,1.8584346454093823,201058854.45062903,6,1.7941187615476771e-09,False,True
unspecified,90,25,9.298513946441813e-05,0.7990717632609984,9.29851393820054e-05,0.799071763260949,0.01,False,1.0,4.984328575951359e-08,4.984328575951359e-08,0.16,False,5.2999099738618766e-09,1.8584346455637983,350654002.5640503,6,1.0287162318549497e-09,False,True
unspecified,90,26,9.29851393820054e-05,0.799071763260949,9.298513931709049e-05,0.7990717632609475,0.01,False,1.0,2.857926492153034e-08,2.857926492153034e-08,0.16,False,3.0388752496555255e-09,1.8584346456523375,611553450.8575178,6,5.898478120231446e-10,False,True
unspecified,90,27,9.298513931709049e-05,0.7990717632609475,9.298513929529882e-05,0.7990717632609485,0.01,False,1.0,1.6386848275440193e-08,1.6386848275440193e-08,0.16,False,1.74243769753273e-09,1.8584346457031047,1066571647.488243,6,3.382083765177863e-10,False,True
unspecified,90,28,9.298513929529882e-05,0.7990717632609485,9.298513918494762e-05,0.7990717632609831,0.01,False,1.0,9.395930576183217e-09,9.395930576183217e-09,0.16,False,9.990831955474832e-10,1.858434645732214,1860140030.3943844,6,1.9392274757801401e-10,False,True
unspecified,90,29,9.298513918494762e-05,0.7990717632609831,9.298513928709637e-05,0.7990717632609408,0.01,False,1.0,5.387462016822088e-09,5.387462016822088e-09,0.16,False,5.728568138683361e-10,1.858434645748904,3244152117.5238075,6,1.1119190859187268e-10,False,True
unspecified,90,30,9.298513928709637e-05,0.7990717632609408,9.298513927263229e-05,0.7990717632609458,0.01,False,0.25,3.0890766339979772e-09,7.722691584994943e-10,0.16,False,3.2846607041716556e-10,1.858434645758473,5657919685.275815,6,6.375549421928216e-11,False,True
unspecified,90,31,9.298513927263229e-05,0.7990717632609458,9.298513925529106e-05,0.7990717632609486,0.01,False,1.0,2.7596126684949125e-09,2.7596126684949125e-09,0.16,False,2.934336350801278e-10,1.8584346457598448,6333407024.90484,6,5.695567399670722e-11,False,True
unspecified,90,32,9.298513925529106e-05,0.7990717632609486,9.298513925529106e-05,0.7990717632609486,0.01,False,0.0,1.5823134938880424e-09,0.0,0.16,False,1.682497135056517e-10,1.858434645764748,11045692780.346523,6,3.265738718359824e-11,False,False
unspecified,91,0,8.971351213241748,1.6880216299806838,0.08953810885254075,0.8243970612976965,0.01,False,1.0,0.02080494379009738,0.02080494379009738,0.16,False,1.682497135056517e-10,1.858434645764748,11045692780.346523,6,3.265738718359824e-11,False,True
unspecified,91,1,0.08953810885254075,0.8243970612976965,0.023853434276550782,0.7838723522592368,0.01,False,1.0,0.03141023438327432,0.03141023438327432,0.16,False,0.0034081476732922738,1.85850682710032,545.3128811478408,6,0.0006629048491245427,False,True
unspecified,91,2,0.023853434276550782,0.7838723522592368,0.007875373806481581,0.7787608853791117,0.01,False,1.0,0.01786344829784957,0.01786344829784957,0.16,False,0.001949159223161626,1.8585478789679137,953.5126001421595,6,0.0003795962187008174,False,True
unspecified,91,3,0.007875373806481581,0.7787608853791117,0.0027330184908330966,0.7769316393125518,0.01,False,1.0,0.010410231188889665,0.010410231188889665,0.16,False,0.0011385811517295099,1.8585657582754216,1632.3524725947307,6,0.0002218740601959697,False,True
unspecified,91,4,0.0027330184908330966,0.7769316393125518,0.000990928826813768,0.7763020905333027,0.01,False,1.0,0.006082544617398146,0.006082544617398146,0.16,False,0.0006657857475002785,1.8585762937784136,2791.553139664703,6,0.00012978816052561877,False,True
unspecified,91,5,0.000990928826813768,0.7763020905333027,0.0003965044498457927,0.7760866898752179,0.01,False,1.0,0.0035561334673384643,0.0035561334673384643,0.16,False,0.0003893511746659281,1.858582536186602,4773.537765184108,6,7.591633674201595e-05,False,True
unspecified,91,6,0.0003965044498457927,0.7760866898752179,0.00019397635883215068,0.7760130504158603,0.01,False,1.0,0.002079378753780512,0.002079378753780512,0.16,False,0.00022768465462966048,1.858586215215066,8162.9840985030005,6,4.4399927710029395e-05,False,True
unspecified,91,7,0.00019397635883215068,0.7760130504158603,0.0001253691571881009,0.775987879620002,0.01,False,1.0,0.0012158887509254735,0.0012158887509254735,0.16,False,0.00013313896806920651,1.85858837625862,13959.762518908165,6,2.5964848468763555e-05,False,True
unspecified,91,8,0.0001253691571881009,0.775987879620002,0.00010220416849870633,0.7759792758697629,0.01,False,1.0,0.0007109611735290532,0.0007109611735290532,0.16,False,7.785029378417928e-05,1.8585896431907376,23873.893762600543,6,1.5183072467317378e-05,False,True
unspecified,91,9,0.00010220416849870633,0.7759792758697629,9.435439485793911e-05,0.7759763348383969,0.01,False,1.0,0.0004157089731533009,0.0004157089731533009,0.16,False,4.552021853925575e-05,1.8585903851101278,40829.996971726214,6,8.877992066028624e-06,False,True
unspecified,91,10,9.435439485793911e-05,0.7759763348383969,9.168188609813e-05,0.7759753294538476,0.01,False,1.0,0.00024306736330748983,0.00024306736330748983,0.16,False,2.661592172785301e-05,1.8585908192981464,69830.03776093802,6,5.191087666025e-06,False,True
unspecified,91,11,9.168188609813e-05,0.7759753294538476,9.076970289179715e-05,0.7759749857508033,0.01,False,1.0,0.00014212150637134065,0.00014212150637134065,0.16,False,1.556232483918831e-05,1.8585910732987447,119428.8830559897,6,3.035254380549865e-06,False,True
unspecified,91,12,9.076970289179715e-05,0.7759749857508033,9.045804648737982e-05,0.7759748682465074,0.01,False,1.0,8.309796878176429e-05,8.309796878176429e-05,0.16,False,9.099235922805096e-06,1.858591221856706,204257.94403226583,6,1.7747114283611815e-06,False,True
unspecified,91,13,9.045804648737982e-05,0.7759748682465074,9.035153237157491e-05,0.775974828072186,0.01,False,1.0,4.858693179281959e-05,4.858693179281959e-05,0.16,False,5.320272582874838e-06,1.8585913087329966,349341.36922148016,6,1.0376669681423996e-06,False,True
unspecified,91,14,9.035153237157491e-05,0.775974828072186,9.0315127648432e-05,0.775974814335563,0.01,False,1.0,2.84084555622617e-05,2.84084555622617e-05,0.16,False,3.1107274673821312e-06,1.8585913595341983,597478.0430052645,6,6.067179239897176e-07,False,True
unspecified,91,15,9.0315127648432e-05,0.775974814335563,9.030268641723065e-05,0.7759748096379743,0.01,False,1.0,1.6610214094346728e-05,1.6610214094346728e-05,0.16,False,1.8188191923985055e-06,1.8585913892390673,1021867.0426432622,6,3.54743813096263e-07,False,True
unspecified,91,16,9.030268641723065e-05,0.7759748096379743,9.029843549312805e-05,0.7759748080311679,0.01,False,1.0,9.711862331936046e-06,9.711862331936046e-06,0.16,False,1.0634493013417774e-06,1.8585914066078806,1747700.9992510737,6,2.0741604520024623e-07,False,True
unspecified,91,17,9.029843549312805e-05,0.7759748080311679,9.029698360945757e-05,0.7759748074813441,0.01,False,1.0,5.678447533384804e-06,5.678447533384804e-06,0.16,False,6.217902031762528e-07,1.8585914167634936,2989097.298846725,6,1.2127452566397155e-07,False,True
unspecified,91,18,9.029698360945757e-05,0.7759748074813441,9.029648806946244e-05,0.7759748072930742,0.01,False,1.0,3.3201416112666752e-06,3.3201416112666752e-06,0.16,False,3.6355561492076466e-07,1.858591422701468,5112261.6359715415,6,7.090823152548969e-08,False,True
unspecified,91,19,9.029648806946244e-05,0.7759748072930742,9.029631914781697e-05,0.7759748072285236,0.01,False,1.0,1.9412592299446156e-06,1.9412592299446156e-06,0.16,False,2.125679466176829e-07,1.8585914261733767,8743516.864827096,6,4.145945858367706e-08,False,True
unspecified,91,20,9.029631914781697e-05,0.7759748072285236,9.029626159939154e-05,0.7759748072063724,0.01,False,1.0,1.135038053052365e-06,1.135038053052365e-06,0.16,False,1.242867015538758e-07,1.858591428203382,14954065.116916146,6,2.424100055799896e-08,False,True
unspecified,91,21,9.029626159939154e-05,0.7759748072063724,9.02962420917537e-05,0.7759748071987389,0.01,False,1.0,6.636472336966989e-07,6.636472336966989e-07,0.16,False,7.2669392104884e-08,1.8585914293903112,25575987.022263777,6,1.4173510310424424e-08,False,True
unspecified,91,22,9.02962420917537e-05,0.7759748071987389,9.029623561392251e-05,0.7759748071960646,0.01,False,1.0,3.880289615525502e-07,3.880289615525502e-07,0.16,False,4.248918294623763e-08,1.8585914300842992,43742696.404306255,6,8.28713257934444e-09,False,True
unspecified,91,23,9.029623561392251e-05,0.7759748071960646,9.029623342144448e-05,0.7759748071951371,0.01,False,1.0,2.2687726988369594e-07,2.2687726988369594e-07,0.16,False,2.4843067844959795e-08,1.8585914304900688,74813281.59988675,6,4.845416773968138e-09,False,True
unspecified,91,24,9.029623342144448e-05,0.7759748071951371,9.029623259736e-05,0.7759748071948469,0.01,False,1.0,1.3265322875106382e-07,1.3265322875106382e-07,0.16,False,1.4525532447224718e-08,1.858591430727319,127953411.51727805,6,2.833074384360587e-09,False,True
unspecified,91,25,9.029623259736e-05,0.7759748071948469,9.029623246224943e-05,0.7759748071946924,0.01,False,1.0,7.756122716961987e-08,7.756122716961987e-08,0.16,False,8.49295663746295e-09,1.8585914308660372,218839152.27680275,6,1.6564747694044514e-09,False,True
unspecified,91,26,9.029623246224943e-05,0.7759748071946924,9.029623237093456e-05,0.7759748071946619,0.01,False,1.0,4.5349395902406596e-08,4.5349395902406596e-08,0.16,False,4.9657602166844316e-09,1.8585914309471445,374281348.64475995,6,9.685268492170986e-10,False,True
unspecified,91,27,9.029623237093456e-05,0.7759748071946619,9.029623227778357e-05,0.7759748071946689,0.01,False,1.0,2.65154089073872e-08,2.65154089073872e-08,0.16,False,2.9034380643452365e-09,1.8585914309945673,640134691.9772177,6,5.662894707360839e-10,False,True
unspecified,91,28,9.029623227778357e-05,0.7759748071946689,9.029623235947334e-05,0.7759748071946366,0.01,False,1.0,1.5503336724203404e-08,1.5503336724203404e-08,0.16,False,1.6976158539443703e-09,1.8585914310222955,1094824501.4936106,6,3.3110469830871516e-10,False,True
unspecified,91,29,9.029623235947334e-05,0.7759748071946366,9.029623235588283e-05,0.7759748071946305,0.01,False,1.0,9.064670150951634e-09,9.064670150951634e-09,0.16,False,9.925816111478016e-10,1.8585914310385077,1872482232.356964,6,1.9359411278123093e-10,False,True
unspecified,91,30,9.029623235588283e-05,0.7759748071946305,9.029623232299058e-05,0.7759748071946379,0.01,False,0.5,5.30003658902447e-09,2.650018294512235e-09,0.16,False,5.803541425974646e-10,1.8585914310479865,3202512560.226715,6,1.1319285397751046e-10,False,True
unspecified,91,31,9.029623232299058e-05,0.7759748071946379,9.029623233325263e-05,0.7759748071946324,0.01,False,1.0,4.199461842041845e-09,4.199461842041845e-09,0.16,False,4.598411527496941e-10,1.8585914310507583,4041811873.3763,6,8.968787959022404e-11,False,True
unspecified,91,32,9.029623233325263e-05,0.7759748071946324,9.029623240447195e-05,0.7759748071946022,0.01,False,1.0,2.45538924891293e-09,2.45538924891293e-09,0.16,False,2.6886516172885853e-10,1.858591431055149,6912726881.772344,6,5.2439730786522224e-11,False,True
unspecified,91,33,9.029623240447195e-05,0.7759748071946022,9.029623240447195e-05,0.7759748071946022,0.01,False,0.0,1.4356463537249926e-09,0.0,0.16,False,1.572033293269185e-10,1.858591431057717,11822850311.22088,6,3.066109501269077e-11,False,False
unspecified,92,0,8.960918213403229,1.7141341157203693,0.08969508069930845,0.7042114395147607,0.01,False,1.0,0.020619686619264766,0.020619686619264766,0.16,False,1.572033293269185e-10,1.858591431057717,11822850311.22088,6,3.066109501269077e-11,False,True
unspecified,92,1,0.08969508069930845,0.7042114395147607,0.017324766998394397,0.6699354115926078,0.01,False,1.0,0.0267304707901105,0.0267304707901105,0.16,False,0.0033948442293490594,1.8585577184719309,547.4648004183384,6,0.0006630436335779017,False,True
unspecified,92,2,0.017324766998394397,0.6699354115926078,0.006975276757760437,0.6620531004655686,0.01,False,1.0,0.016757320683519296,0.016757320683519296,0.16,False,0.002151757385919545,1.858579180085175,863.7494135013361,6,0.00042067469087501123,False,True
unspecified,92,3,0.006975276757760437,0.6620531004655686,0.0029093726622130495,0.6587415539562141,0.01,False,1.0,0.010736786472222152,0.010736786472222152,0.16,False,0.001385436827683666,1.8585845285559663,1341.515175154802,6,0.0002709962486412068,False,True
unspecified,92,4,0.0029093726622130495,0.6587415539562141,0.001250289335034014,0.657354616467625,0.01,False,1.0,0.00691431895728902,0.00691431895728902,0.16,False,0.0008940074115899302,1.8585883831907504,2078.940687846625,6,0.0001749297039771506,False,True
unspecified,92,5,0.001250289335034014,0.657354616467625,0.0005637587572806022,0.6567751889082106,0.01,False,1.0,0.004461203548686519,0.004461203548686519,0.16,False,0.0005773007534981416,1.8585910708642892,3219.4502771773573,6,0.00011298475421804188,False,True
unspecified,92,6,0.0005637587572806022,0.6567751889082106,0.0002784546372255244,0.6565333200918545,0.01,False,1.0,0.0028805261091691308,0.0028805261091691308,0.16,False,0.00037287690038386535,1.8585928890555523,4984.46776172562,6,7.298695081410778e-05,False,True
unspecified,92,7,0.0002784546372255244,0.6565333200918545,0.0001599712234939872,0.6564323926706191,0.01,False,1.0,0.0018603980154012927,0.0018603980154012927,0.16,False,0.00024085491861525264,1.8585940973789863,7716.654108890957,6,4.7149330303618155e-05,False,True
unspecified,92,8,0.0001599712234939872,0.6564323926706191,0.00011094509722983755,0.6563902836405993,0.01,False,1.0,0.0012016440251021489,0.0012016440251021489,0.16,False,0.00015557732538815666,1.858594891884742,11946.438128099016,6,3.045737068369686e-05,False,True
unspecified,92,9,0.00011094509722983755,0.6563902836405993,9.070320957939289e-05,0.6563727159214433,0.01,False,1.0,0.0007761633898004578,0.0007761633898004578,0.16,False,0.00010049180924625091,1.858595410881519,18494.994018140424,6,1.9674045376190152e-05,False,True
unspecified,92,10,9.070320957939289e-05,0.6563727159214433,8.232960729520298e-05,0.6563653869050422,0.01,False,1.0,0.0005013356834292268,0.0005013356834292268,0.16,False,6.490946125918151e-05,1.8585957485205908,28633.66468409396,6,1.2708138424793013e-05,False,True
unspecified,92,11,8.232960729520298e-05,0.6563653869050422,7.885361098350274e-05,0.6563623293549607,0.01,False,1.0,0.00032381735431490587,0.00032381735431490587,0.16,False,4.1925630653762315e-05,1.858595967607034,44330.78140090536,6,8.20843950626845e-06,False,True
unspecified,92,12,7.885361098350274e-05,0.6563623293549607,7.740703553061966e-05,0.6563610537884569,0.01,False,1.0,0.00020915483728602087,0.00020915483728602087,0.16,False,2.7079896153980812e-05,1.8585961095328931,68633.79752140131,6,5.301912534190069e-06,False,True
unspecified,92,13,7.740703553061966e-05,0.6563610537884569,7.680423901571452e-05,0.6563605216342703,0.01,False,1.0,0.000135092994977259,0.000135092994977259,0.16,False,1.7490871822135867e-05,1.8585962013764612,106260.9239994706,6,3.4245220908785636e-06,False,True
unspecified,92,14,7.680423901571452e-05,0.6563605216342703,7.65529089321528e-05,0.6563602996202473,0.01,False,1.0,8.725607799842477e-05,8.725607799842477e-05,0.16,False,1.1297281262026062e-05,1.8585962607702944,164517.1274099068,6,2.2118942644721937e-06,False,True
unspecified,92,15,7.65529089321528e-05,0.6563602996202473,7.644809973440595e-05,0.6563602069934349,0.01,False,1.0,5.635820255861976e-05,5.635820255861976e-05,0.16,False,7.296844832394328e-06,1.8585962991626164,254712.32318266956,6,1.4286530205146445e-06,False,True
unspecified,92,16,7.644809973440595e-05,0.6563602069934349,7.640439289598712e-05,0.656360168346521,0.01,False,1.0,3.6401361811204545e-05,3.6401361811204545e-05,0.16,False,4.712978046124041e-06,1.8585963239725303,394357.09349442914,6,9.227580973294041e-07,False,True
unspecified,92,17,7.640439289598712e-05,0.656360168346521,7.638616896106456e-05,0.6563601522205694,0.01,False,1.0,2.3511346526558508e-05,2.3511346526558508e-05,0.16,False,3.0440736653117012e-06,1.858596340002303,610562.2085239484,6,5.960025528168222e-07,False,True
unspecified,92,18,7.638616896106456e-05,0.6563601522205694,7.637857228749272e-05,0.656360145491018,0.01,False,1.0,1.5185775068383322e-05,1.5185775068383322e-05,0.16,False,1.9661404219475267e-06,1.858596350357985,945301.9375477689,6,3.8495310397431627e-07,False,True
unspecified,92,19,7.637857228749272e-05,0.656360145491018,7.63754068711343e-05,0.6563601426821921,0.01,False,1.0,9.808354529516157e-06,9.808354529516157e-06,0.16,False,1.2699121187366286e-06,1.8585963570475388,1463562.9738666974,6,2.486378122983879e-07,False,True
unspecified,92,20,7.63754068711343e-05,0.6563601426821921,7.637408890590575e-05,0.6563601415094559,0.01,False,1.0,6.3351247849422435e-06,6.3351247849422435e-06,0.16,False,8.202243328621159e-07,1.85859636136864,2265961.0144497873,6,1.605928833402783e-07,False,True
unspecified,92,21,7.637408890590575e-05,0.6563601415094559,7.637354049592319e-05,0.6563601410196621,0.01,False,1.0,4.091796998388738e-06,4.091796998388738e-06,0.16,False,5.297750857840954e-07,1.858596364159757,3508274.3866841816,6,1.0372543541937233e-07,False,True
unspecified,92,22,7.637354049592319e-05,0.6563601410196621,7.63733128346265e-05,0.6563601408149081,0.01,False,1.0,2.642852416861739e-06,2.642852416861739e-06,0.16,False,3.421766319237584e-07,1.8585963659625795,5431687.0077109765,6,6.699526989801337e-08,False,True
unspecified,92,23,7.63733128346265e-05,0.6563601408149081,7.637321856499285e-05,0.6563601407292315,0.01,False,1.0,1.7069928305740247e-06,1.7069928305740247e-06,0.16,False,2.2100857395161891e-07,1.8585963671270327,8409612.052127438,6,4.327159996408708e-08,False,True
unspecified,92,24,7.637321856499285e-05,0.6563601407292315,7.637317957796998e-05,0.6563601406933457,0.01,False,1.0,1.1025300923569237e-06,1.1025300923569237e-06,0.16,False,1.427472895014968e-07,1.8585963678791537,13020186.753596222,6,2.7948707326434497e-08,False,True
unspecified,92,25,7.637317957796998e-05,0.6563601406933457,7.637316367785969e-05,0.6563601406782468,0.01,False,1.0,7.121134459247929e-07,7.121134459247929e-07,0.16,False,9.21990827949405e-08,1.8585963683649456,20158512.558076527,6,1.8051798266372857e-08,False,True
unspecified,92,26,7.637316367785969e-05,0.6563601406782468,7.63731572475011e-05,0.6563601406718753,0.01,False,1.0,4.599471252628291e-07,4.599471252628291e-07,0.16,False,5.9550487390982964e-08,1.8585963686787157,31210430.84796215,6,1.1659480521308478e-08,False,True
unspecified,92,27,7.63731572475011e-05,0.6563601406718753,7.63731545532285e-05,0.6563601406692159,0.01,False,1.0,2.970753534099287e-07,2.970753534099287e-07,0.16,False,3.8463077677624604e-08,1.8585963688813776,48321571.78006044,6,7.53074460553765e-09,False,True
unspecified,92,28,7.63731545532285e-05,0.6563601406692159,7.63731535066953e-05,0.656360140668075,0.01,False,1.0,1.9187806497167216e-07,1.9187806497167216e-07,0.16,False,2.4842925654595915e-08,1.8585963690122753,74813908.58924207,6,4.8640343275128774e-09,False,True
unspecified,92,29,7.63731535066953e-05,0.656360140668075,7.637315318242556e-05,0.6563601406675491,0.01,False,1.0,1.2393216416321445e-07,1.2393216416321445e-07,0.16,False,1.604580242702196e-08,1.858596369096822,115830690.14777657,6,3.1416321648043342e-09,False,True
unspecified,92,30,7.637315318242556e-05,0.6563601406675491,7.63731530600111e-05,0.6563601406673211,0.01,False,1.0,8.004657338065595e-08,8.004657338065595e-08,0.16,False,1.0363826881404684e-08,1.8585963691514285,179334949.37919298,6,2.0291495025153715e-09,False,True
unspecified,92,31,7.63731530600111e-05,0.6563601406673211,7.637315299625451e-05,0.6563601406672489,0.01,False,1.0,5.170129817645311e-08,5.170129817645311e-08,0.16,False,6.693894401918432e-09,1.8585963691866985,277655465.9502898,6,1.3106078175868704e-09,False,True
unspecified,92,32,7.637315299625451e-05,0.6563601406672489,7.63731530055119e-05,0.6563601406671994,0.01,False,1.0,3.339336111913553e-08,3.339336111913553e-08,0.16,False,4.323520705698292e-09,1.8585963692094798,429880297.96177363,6,8.465087295500168e-10,False,True
unspecified,92,33,7.63731530055119e-05,0.6563601406671994,7.637315295265192e-05,0.6563601406671928,0.01,False,1.0,2.1568444619902685e-08,2.1568444619902685e-08,0.16,False,2.7925196611669946e-09,1.858596369224194,665562500.8016903,6,5.467516947631001e-10,False,True
unspecified,92,34,7.637315295265192e-05,0.6563601406671928,7.637315295688774e-05,0.6563601406671842,0.01,False,0.125,1.3930847603962051e-08,1.7413559504952564e-09,0.16,False,1.8036611095947174e-09,1.8585963692336964,1030457639.3795633,6,3.531415670421782e-10,False,True
unspecified,92,35,7.637315295688774e-05,0.6563601406671842,7.637315295688774e-05,0.6563601406671842,0.01,False,0.0,1.3314216061260604e-08,0.0,0.16,False,1.723824331683493e-09,1.8585963692344645,1078182002.118135,6,3.3751020221719437e-10,False,False
unspecified,93,0,8.945846344443746,1.6918363086272072,0.09076720003679224,0.4895400718446787,0.01,False,1.0,0.020837588421735203,0.020837588421735203,0.16,False,1.723824331683493e-09,1.8585963692344645,1078182002.118135,6,3.3751020221719437e-10,False,True
unspecified,93,1,0.09076720003679224,0.4895400718446787,0.008305214810401767,0.4662390579994968,0.01,False,1.0,0.01844844443962171,0.01844844443962171,0.16,False,0.003367435966556849,1.8584845385255258,551.8989988177258,6,0.0006597836330954353,False,True
unspecified,93,2,0.008305214810401767,0.4662390579994968,0.004557373921396175,0.4560966752202762,0.01,False,1.0,0.013442792416430286,0.013442792416430286,0.16,False,0.0025070392905893243,1.8585000416173707,741.3126904686433,6,0.000491537132450361,False,True
unspecified,93,3,0.004557373921396175,0.4560966752202762,0.002540913716163363,0.45039776087758154,0.01,False,1.0,0.009987207451514385,0.009987207451514385,0.16,False,0.001885732934564016,1.8584987659008008,985.557780657041,6,0.00036985431253004056,False,True
unspecified,93,4,0.002540913716163363,0.45039776087758154,0.0014506368977825024,0.44715056578697965,0.01,False,1.0,0.007487587595285782,0.007487587595285782,0.16,False,0.0014238126435261135,1.8584983498648726,1305.296984343563,6,0.00027933241793444446,False,True
unspecified,93,5,0.0014506368977825024,0.44715056578697965,0.0008454228556993334,0.44529249980180563,0.01,False,1.0,0.00564211688567071,0.00564211688567071,0.16,False,0.0010772369482272691,1.8584983376486521,1725.245630227452,6,0.00021138292321275264,False,True
unspecified,93,6,0.0008454228556993334,0.44529249980180563,0.0005042460323558367,0.4442267808456031,0.01,False,1.0,0.004263725875618412,0.004263725875618412,0.16,False,0.0008159464457815424,1.8584984915143539,2277.7211680041305,6,0.0001601360886408718,False,True
unspecified,93,7,0.0005042460323558367,0.4442267808456031,0.00031025577441727884,0.44361470414394005,0.01,False,1.0,0.003227310901900324,0.003227310901900324,0.16,False,0.0006184206162188513,1.858498697580209,3005.234057272291,6,0.00012138475209439157,False,True
unspecified,93,8,0.00031025577441727884,0.44361470414394005,0.00019946961246554033,0.44326290703367294,0.01,False,1.0,0.002445050925091014,0.002445050925091014,0.16,False,0.0004688722649897642,1.8584989035202455,3963.7637844943074,6,9.203962826701737e-05,False,True
unspecified,93,9,0.00019946961246554033,0.44326290703367294,0.0001360993035879756,0.4430606260698726,0.01,False,1.0,0.0018533410405535376,0.0018533410405535376,0.16,False,0.0003555529988273846,1.8584990875694338,5227.066270566616,6,6.97999710054128e-05,False,True
unspecified,93,10,0.0001360993035879756,0.4430606260698726,9.986019553144842e-05,0.4429442907530274,0.01,False,1.0,0.0014052191051159763,0.0014052191051159763,0.16,False,0.0002696467092439087,1.8584992428945966,6892.349059648612,6,5.2938216374010296e-05,False,True
unspecified,93,11,9.986019553144842e-05,0.4429442907530274,7.915739660065362e-05,0.4428773768655561,0.01,False,1.0,0.0010656101543840327,0.0010656101543840327,0.16,False,0.00020450597160032134,1.8584993696303822,9087.751106175825,6,4.0151140510853314e-05,False,True
unspecified,93,12,7.915739660065362e-05,0.4428773768655561,6.733671242253563e-05,0.4428388871935085,0.01,False,1.0,0.0008081411741218388,0.0008081411741218388,0.16,False,0.00015510499360374446,1.8584994708384655,11982.202685146809,6,3.0453073935362266e-05,False,True
unspecified,93,13,6.733671242253563e-05,0.4428388871935085,6.0583633516985676e-05,0.4428167469573671,0.01,False,1.0,0.0006129056324893289,0.0006129056324893289,0.16,False,0.00011763828710137889,1.858499550502957,15798.424104061718,6,2.30974629632556e-05,False,True
unspecified,93,14,6.0583633516985676e-05,0.4428167469573671,5.6720219046458244e-05,0.4428040112323503,0.01,False,1.0,0.0004648450756033021,0.0004648450756033021,0.16,False,8.922198529465803e-05,1.8584996125848667,20830.063424918437,6,1.751843231563293e-05,False,True
unspecified,93,15,5.6720219046458244e-05,0.4428040112323503,5.4506455822569065e-05,0.44279668525902344,0.01,False,1.0,0.0003525544642682249,0.0003525544642682249,0.16,False,6.766967332711556e-05,1.858499660621664,27464.291893913345,6,1.328688989274608e-05,False,True
unspecified,93,16,5.4506455822569065e-05,0.44279668525902344,5.323626877394694e-05,0.4427924711480399,0.01,False,1.0,0.0002673899552827575,0.0002673899552827575,0.16,False,5.1323330549405904e-05,1.858499697600081,36211.59573443922,6,1.0077401579537012e-05,False,True
unspecified,93,17,5.323626877394694e-05,0.4427924711480399,5.2506792467757704e-05,0.44279004707694963,0.01,False,1.0,0.0002027980031302719,0.0002027980031302719,0.16,False,3.892548997431786e-05,1.858499725958838,47745.056701534995,6,7.643129533203521e-06,False,True
unspecified,93,18,5.2506792467757704e-05,0.44279004707694963,5.2087599892129106e-05,0.442788652688607,0.01,False,1.0,0.00015380890980013157,0.00015380890980013157,0.16,False,2.952242182074945e-05,1.8584997476467842,62952.143930839775,6,5.796845047762514e-06,False,True
unspecified,93,19,5.2087599892129106e-05,0.442788652688607,5.1846627575640616e-05,0.4427878506010986,0.01,False,1.0,0.00011665367244504383,0.00011665367244504383,0.16,False,2.239075349222702e-05,1.858499764198837,83003.00232611723,6,4.396533385752603e-06,False,True
unspecified,93,20,5.1846627575640616e-05,0.4427878506010986,5.170807938730804e-05,0.44278738921968835,0.01,False,1.0,8.847375792386879e-05,8.847375792386879e-05,0.16,False,1.6981829496444326e-05,1.858499776811728,109440.49209779562,6,3.3344762379617366e-06,False,True
unspecified,93,21,5.170807938730804e-05,0.44278738921968835,5.1628414328899526e-05,0.44278712382042834,0.01,False,1.0,6.710112070000031e-05,6.710112070000031e-05,0.16,False,1.2879513888115456e-05,1.8584997864117998,144298.90775044906,6,2.5289704124561786e-06,False,True
unspecified,93,22,5.1628414328899526e-05,0.44278712382042834,5.158260660298116e-05,0.4427869711547225,0.01,False,1.0,5.089140451636988e-05,5.089140451636988e-05,0.16,False,9.768184568640435e-06,1.85849979371236,190260.5116286241,6,1.918045863232458e-06,False,True
unspecified,93,23,5.158260660298116e-05,0.4427869711547225,5.155626831413285e-05,0.4427868833360314,0.01,False,1.0,3.85974472922247e-05,3.85974472922247e-05,0.16,False,7.408457004129605e-06,1.8584997992605707,250861.92687959314,6,1.4547003492830548e-06,False,True
unspecified,93,24,5.155626831413285e-05,0.4427868833360314,5.154112590846131e-05,0.44278683281902564,0.01,False,1.0,2.9273342673998287e-05,2.9273342673998287e-05,0.16,False,5.618770610540159e-06,1.8584998034749585,330766.2711819253,6,1.1032846397088808e-06,False,True
unspecified,93,25,5.154112590846131e-05,0.44278683281902564,5.153242149582991e-05,0.4427868037590384,0.01,False,1.0,2.2201674254789913e-05,2.2201674254789913e-05,0.16,False,4.2614221001003096e-06,1.8584998066749863,436121.9712619501,6,8.367605489748146e-07,False,True
unspecified,93,26,5.153242149582991e-05,0.4427868037590384,5.1527418687274625e-05,0.44278678704191143,0.01,False,1.0,1.683832484546766e-05,1.683832484546766e-05,0.16,False,3.231971973756454e-06,1.8584998091041114,575035.8679453571,6,6.346211052482196e-07,False,True
unspecified,93,27,5.1527418687274625e-05,0.44278678704191143,5.1524544298934845e-05,0.4427867774248364,0.01,False,1.0,1.2770615986375712e-05,1.2770615986375712e-05,0.16,False,2.4512096087501324e-06,1.8584998109476543,758197.0160011327,6,4.813129976358765e-07,False,True
unspecified,93,28,5.1524544298934845e-05,0.4427867774248364,5.1522893291106496e-05,0.44278677189209376,0.01,False,1.0,9.685558257419485e-06,9.685558257419485e-06,0.16,False,1.859059057123444e-06,1.858499812346552,999699.1785845914,6,3.650400273256626e-07,False,True
unspecified,93,29,5.1522893291106496e-05,0.44278677189209376,5.152194557756873e-05,0.4427867687088862,0.01,False,1.0,7.345770476055284e-06,7.345770476055284e-06,0.16,False,1.409956858461749e-06,1.8584998134079191,1318125.3045114633,6,2.768555599745718e-07,False,True
unspecified,93,30,5.152194557756873e-05,0.4427867687088862,5.152140159372183e-05,0.4427867668774233,0.01,False,1.0,5.57121556805908e-06,5.57121556805908e-06,0.16,False,1.0693463418235385e-06,1.8584998142131195,1737977.436799242,6,2.099741862686716e-07,False,True
unspecified,93,31,5.152140159372183e-05,0.4427867668774233,5.152108984931867e-05,0.44278676582351584,0.01,False,1.0,4.225348204604564e-06,4.225348204604564e-06,0.16,False,8.11018750103375e-07,1.8584998148239396,2291562.0811319705,6,1.5924964930046847e-07,False,True
unspecified,93,32,5.152108984931867e-05,0.44278676582351584,5.1520911355835844e-05,0.4427867652169852,0.01,False,1.0,3.2046086044767488e-06,3.2046086044767488e-06,0.16,False,6.150966457318258e-07,1.8584998152872771,3021476.1016556723,6,1.2077888117934868e-07,False,True
unspecified,93,33,5.1520911355835844e-05,0.4427867652169852,5.152080919404044e-05,0.44278676486789853,0.01,False,1.0,2.430454223179777e-06,2.430454223179777e-06,0.16,False,4.6650444887568594e-07,1.8584998156387293,3983884.4412263734,6,9.160168745026512e-08,False,True
unspecified,93,34,5.152080919404044e-05,0.44278676486789853,5.152075097828769e-05,0.44278676466689804,0.01,False,1.0,1.8433163147633093e-06,1.8433163147633093e-06,0.16,False,3.5380844579844554e-07,1.858499815905304,5252841.863939104,6,6.947297728194324e-08,False,True
unspecified,93,35,5.152075097828769e-05,0.44278676466689804,5.152071772592825e-05,0.4427867645511861,0.01,False,1.0,1.3980163996921397e-06,1.3980163996921397e-06,0.16,False,2.6833701432478314e-07,1.8584998161074966,6925991.260594603,6,5.2690014975454645e-08,False,True
unspecified,93,36,5.152071772592825e-05,0.4427867645511861,5.1520698999274825e-05,0.44278676448449067,0.01,False,1.0,1.0602899571895693e-06,1.0602899571895693e-06,0.16,False,2.0351337496216803e-07,1.8584998162608521,9132077.02740096,6,3.996140167601358e-08,False,True
unspecified,93,37,5.1520698999274825e-05,0.44278676448449067,5.152068833193523e-05,0.4427867644460669,0.01,False,1.0,8.041499085388818e-07,8.041499085388818e-07,0.16,False,1.5434953248460004e-07,1.8584998163771667,12040851.607779216,6,3.0307707584365646e-08,False,True
unspecified,93,38,5.152068833193523e-05,0.4427867644460669,5.1520682428204835e-05,0.4427867644238915,0.01,False,1.0,6.098869990889325e-07,6.098869990889325e-07,0.16,False,1.1706246699499879e-07,1.858499816465384,15876137.451851103,6,2.298610851179191e-08,False,True
unspecified,93,39,5.1520682428204835e-05,0.4427867644238915,5.1520679125069685e-05,0.4427867644110892,0.01,False,1.0,4.625532395685106e-07,4.625532395685106e-07,0.16,False,8.8783041622597e-08,1.8584998165322921,20933049.62937053,6,1.7433227896368455e-08,False,True
unspecified,93,40,5.1520679125069685e-05,0.4427867644110892,5.152067730368157e-05,0.44278676440371284,0.01,False,1.0,3.508117031463972e-07,3.508117031463972e-07,0.16,False,6.73352322810767e-08,1.858499816583038,27600704.02408539,6,1.3221787002073187e-08,False,True
unspecified,93,41,5.152067730368157e-05,0.44278676440371284,5.152067628406682e-05,0.4427867643994496,0.01,False,1.0,2.6606418366616396e-07,2.6606418366616396e-07,0.16,False,5.106868835474583e-08,1.8584998166215256,36392158.80602923,6,1.0027727000746856e-08,False,True
unspecified,93,42,5.152067628406682e-05,0.4427867643994496,5.152067575034458e-05,0.44278676439697195,0.01,False,1.0,2.017895874008486e-07,2.017895874008486e-07,0.16,False,3.8731742767993176e-08,1.858499816650715,47983893.41226667,6,7.605273569439128e-09,False,True
unspecified,93,43,5.152067575034458e-05,0.44278676439697195,5.152067556815069e-05,0.4427867643955101,0.01,False,1.0,1.530421603743498e-07,1.530421603743498e-07,0.16,False,2.937510126972751e-08,1.8584998166728546,63267860.75076889,6,5.768025568748174e-09,False,True
unspecified,93,44,5.152067556815069e-05,0.4427867643955101,5.152067536903742e-05,0.4427867643946901,0.01,False,1.0,1.1607091908832712e-07,1.1607091908832712e-07,0.16,False,2.2278795487254156e-08,1.8584998166896454,83420121.06322826,6,4.374611730119226e-09,False,True
unspecified,93,45,5.152067536903742e-05,0.4427867643946901,5.152067537952133e-05,0.4427867643941859,0.01,False,1.0,8.803102441771191e-08,8.803102441771191e-08,0.16,False,1.689678342853772e-08,1.8584998167023798,109991337.97048482,6,3.317812548779609e-09,False,True
unspecified,93,46,5.152067537952133e-05,0.4427867643941859,5.152067542588132e-05,0.44278676439387943,0.01,False,1.0,6.676488191112415e-08,6.676488191112415e-08,0.16,False,1.2814933806114587e-08,1.8584998167120375,145026095.7122746,6,2.5163101890524623e-09,False,True
unspecified,93,47,5.152067542588132e-05,0.44278676439387943,5.152067527999521e-05,0.44278676439375875,0.01,False,1.0,5.0636119452518054e-08,5.0636119452518054e-08,0.16,False,9.719159245624717e-09,1.8584998167193634,191220224.89301285,6,1.908431198840204e-09,False,True
unspecified,93,48,5.152067527999521e-05,0.44278676439375875,5.152067540729774e-05,0.4427867643936174,0.01,False,1.0,3.840367130209898e-08,3.840367130209898e-08,0.16,False,7.3712480759150185e-09,1.8584998167249192,252128241.7284833,6,1.4474008983528246e-09,False,True
unspecified,93,49,5.152067540729774e-05,0.4427867643936174,5.15206753726869e-05,0.44278676439356807,0.01,False,1.0,2.912628419026258e-08,2.912628419026258e-08,0.16,False,5.590534845538498e-09,1.8584998167291307,332436854.0896044,6,1.0977442467653676e-09,False,True
unspecified,93,50,5.15206753726869e-05,0.44278676439356807,5.152067539038461e-05,0.44278676439353454,0.01,False,1.0,2.2090086295162777e-08,2.2090086295162777e-08,0.16,False,4.2399984126593174e-09,1.858499816732327,438325592.5717859,6,8.325560963956986e-10,False,True
unspecified,93,51,5.152067539038461e-05,0.44278676439353454,5.152067540394225e-05,0.4427867643935099,0.01,False,1.0,1.675366133902501e-08,1.675366133902501e-08,0.16,False,3.215718409313561e-09,1.8584998167347515,577942338.2818751,6,6.314308891499424e-10,False,True
unspecified,93,52,5.152067540394225e-05,0.4427867643935099,5.1520675428297244e-05,0.4427867643934887,0.01,False,1.0,1.2706386054052572e-08,1.2706386054052572e-08,0.16,False,2.438879432372033e-09,1.8584998167365891,762030214.396055,6,4.788926184607493e-10,False,True
unspecified,93,53,5.1520675428297244e-05,0.4427867643934887,5.152067547222713e-05,0.44278676439347076,0.01,False,1.0,9.63683438240533e-09,9.63683438240533e-09,0.16,False,1.849705916111386e-09,1.8584998167379823,1004754215.5485363,6,3.6320389524847645e-10,False,True
unspecified,93,54,5.152067547222713e-05,0.44278676439347076,5.1520675415738795e-05,0.4427867643934903,0.01,False,1.0,7.308810931571414e-09,7.308810931571414e-09,0.16,False,1.4028621914852014e-09,1.8584998167390405,1324791435.6943774,6,2.754627144510445e-10,False,True
unspecified,93,55,5.1520675415738795e-05,0.4427867643934903,5.1520675442609756e-05,0.44278676439346587,0.01,False,1.0,5.543180617322284e-09,5.543180617322284e-09,0.16,False,1.063964901642865e-09,1.8584998167398417,1746767975.0244932,6,2.0891764118305904e-10,False,True
unspecified,93,56,5.1520675442609756e-05,0.44278676439346587,5.152067547243254e-05,0.4427867643934519,0.01,False,1.0,4.204084112101017e-09,4.204084112101017e-09,0.16,False,8.069370673035298e-10,1.8584998167404498,2303153358.6018476,6,1.584482612643683e-10,False,True
unspecified,93,57,5.152067547243254e-05,0.4427867643934519,5.152067547243254e-05,0.4427867643934519,0.01,False,0.0,3.1884801960088744e-09,0.0,0.16,False,6.120008267797906e-10,1.8584998167409108,3036760303.9360504,6,1.2017104039055182e-10,False,False
unspecified,94,0,8.926230209859218,1.627971550346406,0.09268577748204443,0.184528059497061,0.01,False,1.0,0.02142947192139348,0.02142947192139348,0.16,False,6.120008267797906e-10,1.8584998167409108,3036760303.9360504,6,1.2017104039055182e-10,False,True
unspecified,94,1,0.09268577748204443,0.184528059497061,0.0011328243234398807,0.1761672929848981,0.01,False,1.0,0.006894671490778824,0.006894671490778824,0.16,False,0.0033264271021640635,1.8583632680719184,558.6664643463639,6,0.0006532385925110474,False,True
unspecified,94,2,0.0011328243234398807,0.1761672929848981,0.0009315400466102225,0.16959633499758814,0.01,False,1.0,0.005984430912724779,0.005984430912724779,0.16,False,0.0030032929711720424,1.858382796684334,618.7817221038864,6,0.0005899901900169944,False,True
unspecified,94,3,0.0009315400466102225,0.16959633499758814,0.0007243967029921142,0.16436771357008534,0.01,False,1.0,0.005260433502236298,0.005260433502236298,0.16,False,0.00272348637639817,1.858382478407378,682.3542406939087,6,0.0005350941109904735,False,True
unspecified,94,4,0.0007243967029921142,0.16436771357008534,0.0005728866508124575,0.1601400519756647,0.01,False,1.0,0.004663156133034977,0.004663156133034977,0.16,False,0.002477659695597788,1.858382339707662,750.0555233672992,6,0.00048685298971258903,False,True
unspecified,94,5,0.0005728866508124575,0.1601400519756647,0.0004596947420668425,0.1566916327732298,0.01,False,1.0,0.004161750929869251,0.004161750929869251,0.16,False,0.002259648158192023,1.8583823362108756,822.4211054599731,6,0.00044406139944856135,False,True
unspecified,94,6,0.0004596947420668425,0.1566916327732298,0.00037341122161562725,0.15385863836116398,0.01,False,1.0,0.0037348771431640632,0.0037348771431640632,0.16,False,0.0020649993902589164,1.858382424105711,899.9433282509109,6,0.0004058482621183072,False,True
unspecified,94,7,0.00037341122161562725,0.15385863836116398,0.00030651844476991283,0.15151745372878014,0.01,False,1.0,0.00336711117944304,0.00336711117944304,0.16,False,0.0018902547371216524,1.8583825730928407,983.1386937416994,6,0.00037153676265730656,False,True
unspecified,94,8,0.00030651844476991283,0.15151745372878014,0.0002539150095981002,0.14957319994617974,0.01,False,1.0,0.003047049007698161,0.003047049007698161,0.16,False,0.0017326689068810134,1.8583827620936153,1072.5550361718558,6,0.0003405895692509845,False,True
unspecified,94,9,0.0002539150095981002,0.14957319994617974,0.00021204779403914171,0.1479519793690174,0.01,False,1.0,0.0027660915486464963,0.0027660915486464963,0.16,False,0.0015900244635131244,1.858382976242665,1168.776342054894,6,0.00031257257668647673,False,True
unspecified,94,10,0.00021204779403914171,0.1479519793690174,0.00017838439097859815,0.14659550383642345,0.01,False,1.0,0.002517639479414285,0.002517639479414285,0.16,False,0.0014605023451539172,1.8583832049499454,1272.4274021991364,6,0.00028712959575149225,False,True
unspecified,94,11,0.00017838439097859815,0.14659550383642345,0.00015108253866648878,0.1454572931699829,0.01,False,1.0,0.0022965463746417994,0.0022965463746417994,0.16,False,0.0013425894594241154,1.8583834406242752,1384.1784825432803,6,0.00026396428793934326,False,True
unspecified,94,12,0.00015108253866648878,0.1454572931699829,0.0001287773026618374,0.14449993251988189,0.01,False,1.0,0.002098739369327162,0.002098739369327162,0.16,False,0.0012350114888264535,1.8583836778130138,1504.7501133604094,6,0.00024282702727527125,False,True
unspecified,94,13,0.0001287773026618374,0.14449993251988189,0.00011044070277843192,0.14369305870833463,0.01,False,1.0,0.0019209510479394492,0.0019209510479394492,0.16,False,0.0011366832021947955,1.8583839126101178,1634.9180748178621,6,0.00022350518405023416,False,True
unspecified,94,14,0.00011044070277843192,0.14369305870833463,9.528707746718353e-05,0.14301185809453193,0.01,False,1.0,0.0017605267539180256,0.0017605267539180256,0.16,False,0.0010466711506135807,1.8583841422412302,1775.5186441814185,6,0.00020581582964886155,False,True
unspecified,94,15,9.528707746718353e-05,0.14301185809453193,8.270800216434864e-05,0.14243592966925883,0.01,False,1.0,0.0016152840142532351,0.0016152840142532351,0.16,False,0.0009641652711155793,1.8583843647679874,1927.4541621041374,6,0.000189600182987445,False,True
unspecified,94,16,8.270800216434864e-05,0.14243592966925883,7.222671052383075e-05,0.14194841314935147,0.01,False,1.0,0.0014834085905574786,0.0014834085905574786,0.16,False,0.0008884569934450096,1.8583845788741251,2091.698970895825,6,0.00017471932852043857,False,True
unspecified,94,17,7.222671052383075e-05,0.14194841314935147,6.346563472652003e-05,0.1415353122306794,0.01,False,1.0,0.0013633766665281726,0.0013633766665281726,0.16,False,0.0008189221584237348,1.8583847837086744,2269.3057753934786,6,0.00016105087514868942,False,True
unspecified,94,18,6.346563472652003e-05,0.1415353122306794,5.612292805042528e-05,0.14118496356491858,0.01,False,1.0,0.0012538959439955418,0.0012538959439955418,0.16,False,0.0007550075399943162,1.8583849787696527,2461.412476468305,6,0.00014848631986260692,False,True
unspecified,94,19,5.612292805042528e-05,0.14118496356491858,4.995523738609861e-05,0.1408876159560633,0.01,False,1.0,0.0011538605891621555,0.0011538605891621555,0.16,False,0.0006962200964884349,1.8583851638168885,2669.249527829105,6,0.00013692894513507223,False,True
unspecified,94,20,4.995523738609861e-05,0.1408876159560633,4.476489354710919e-05,0.14063509392450968,0.01,False,1.0,0.0010623164382770295,0.0010623164382770295,0.16,False,0.0006421183102256597,1.85838533880609,2894.147868409168,6,0.00012629212473616895,False,True
unspecified,94,21,4.476489354710919e-05,0.14063509392450968,4.0390265294348465e-05,0.1404205265718527,0.01,False,1.0,0.0009784338807242346,0.0009784338807242346,0.16,False,0.0005923051404659419,1.858385503838617,3137.5474850289193,6,0.00011649794508074742,False,True
unspecified,94,22,4.0390265294348465e-05,0.1404205265718527,3.669841531488609e-05,0.14023812750999873,0.01,False,1.0,0.000901486540971697,0.000901486540971697,0.16,False,0.0005464222341229518,1.858385659122962,3401.006663108811,6,0.00010747607256338515,False,True
unspecified,94,23,3.669841531488609e-05,0.14023812750999873,3.3579445268645236e-05,0.1400830151026546,0.01,False,1.0,0.0008308343780411385,0.0008308343780411385,0.16,False,0.0005041451255515034,1.8583858049450808,3686.211986899848,6,9.916281433017181e-05,False,True
unspecified,94,24,3.3579445268645236e-05,0.1400830151026546,3.0942101339020776e-05,0.13995106480865463,0.01,False,1.0,0.0007659101769043888,0.0007659101769043888,0.16,False,0.0004651792206543926,1.8583859416454713,3994.9891549996146,6,9.150033244008478e-05,False,True
unspecified,94,25,3.0942101339020776e-05,0.13995106480865463,2.8710325298718302e-05,0.13983878729318688,0.01,False,1.0,0.0007062086636781169,0.0007062086636781169,0.16,False,0.000429256408057054,1.858386069601414,4329.314681667861,6,8.443598065976055e-05,False,True
unspecified,94,26,2.8710325298718302e-05,0.13983878729318688,2.682052342419457e-05,0.1397432273720259,0.01,False,1.0,0.0006512776646869552,0.0006512776646869552,0.16,False,0.00039613217566899535,1.8583861892132403,4691.328559904944,6,7.792174009303692e-05,False,True
unspecified,94,27,2.682052342419457e-05,0.1397432273720259,2.5219386421570727e-05,0.13966187990886225,0.01,False,1.0,0.0006007108683883575,0.0006007108683883575,0.16,False,0.00036558313783640754,1.8583863008937087,5083.347968103786,6,7.191373510568024e-05,False,True
unspecified,94,28,2.5219386421570727e-05,0.13966187990886225,2.386213231960338e-05,0.13959261958950359,0.01,False,1.0,0.0005541418525418914,0.0005541418525418914,0.16,False,0.00033740489872604554,1.858386405059841,5507.882108637522,6,6.637181500319478e-05,False,True
unspecified,94,29,2.386213231960338e-05,0.13959261958950359,2.2711080647818135e-05,0.13953364211410643,0.01,False,1.0,0.0005112391165641822,0.0005112391165641822,0.16,False,0.0003114101932374515,1.8583865021266703,5967.648273830405,6,6.125918998232931e-05,False,True
unspecified,94,30,2.2711080647818135e-05,0.13953364211410643,2.1734484717598974e-05,0.1394834148278051,0.01,False,1.0,0.0004717019176011673,0.0004717019176011673,0.16,False,0.00028742725880093564,1.8583865925025216,6465.589242492793,6,5.6542112236027074e-05,False,True
unspecified,94,31,2.1734484717598974e-05,0.1394834148278051,2.090557021431711e-05,0.13944063518530356,0.01,False,1.0,0.0004352567533849794,0.0004352567533849794,0.16,False,0.0002652984007613727,1.8583866765854893,7004.89211865641,6,5.218959491899933e-05,False,True
unspecified,94,32,2.090557021431711e-05,0.13944063518530356,2.0201737556161814e-05,0.13940419574145993,0.01,False,1.0,0.0004016543689989018,0.0004016543689989018,0.16,False,0.0002448787213253913,1.8583867547608697,7589.0087333944875,6,4.8173163104506295e-05,False,True
unspecified,94,33,2.0201737556161814e-05,0.13940419574145993,1.9603898148409397e-05,0.13937315459480137,0.01,False,1.0,0.0003706671908637953,0.0003706671908637953,0.16,False,0.00022603498776043246,1.8583868273993407,8221.677740301815,6,4.446663197983915e-05,False,True
unspecified,94,34,1.9603898148409397e-05,0.13937315459480137,1.9095918978554393e-05,0.13934671040050325,0.01,False,1.0,0.0003420871114622604,0.0003420871114622604,0.16,False,0.00020864462000380192,1.8583868948557605,8906.948546393849,6,4.104590840202823e-05,False,True
unspecified,94,35,1.9095918978554393e-05,0.13934671040050325,1.866415741983242e-05,0.13932418122135412,0.01,False,1.0,0.00031572356402504044,0.00031572356402504044,0.16,False,0.00019259478140317722,1.858386957468409,9649.207231519262,6,3.7888812632051555e-05,False,True
unspecified,94,36,1.866415741983242e-05,0.13932418122135412,1.829707057309e-05,0.13930498660895893,0.01,False,1.0,0.0002914018386146113,0.0002914018386146113,0.16,False,0.00017778155911733165,1.8583870155586242,10453.204622489176,6,3.497491761463434e-05,False,True
unspecified,94,37,1.829707057309e-05,0.13930498660895893,1.7984886723657265e-05,0.13928863240880146,0.01,False,1.0,0.0002689616006189802,0.0002689616006189802,0.16,False,0.00016410922297239143,1.8583870694307136,11324.08670135106,6,3.2285403613793395e-05,False,True
unspecified,94,38,1.7984886723657265e-05,0.13928863240880146,1.7719329365351718e-05,0.13927469786540278,0.01,False,1.0,0.00024825558016690634,0.00024825558016690634,0.16,False,0.00015148955336248123,1.8583871193720962,12267.427542844383,6,2.980292636479137e-05,False,True
unspecified,94,39,1.7719329365351718e-05,0.13927469786540278,1.7493384377907738e-05,0.13926282467270193,0.01,False,1.0,0.00022914840690735588,0.00022914840690735588,0.16,False,0.00013984123025793311,1.8583871656536135,13289.264991632812,6,2.7511497191279783e-05,False,True
unspecified,94,40,1.7493384377907738e-05,0.13926282467270193,1.7301104740398435e-05,0.13925270767084535,0.01,False,1.0,0.00021151556927982457,0.00021151556927982457,0.16,False,0.00012908927656204538,1.8583872085299717,14396.13930779725,6,2.539637376652045e-05,False,True
unspecified,94,41,1.7301104740398435e-05,0.13925270767084535,1.713744553684084e-05,0.1392440869386295,0.01,False,1.0,0.0001952424811234029,0.0001952424811234029,0.16,False,0.00011916455002890206,1.8583872482402706,15595.135027905018,6,2.3443960387362622e-05,False,True
unspecified,94,42,1.713744553684084e-05,0.1392440869386295,1.69981246725948e-05,0.13923674106934206,0.01,False,1.0,0.00018022364144436434,0.00018022364144436434,0.16,False,0.00011000327874802089,1.8583872850086096,16893.926309828694,6,2.1641716784597695e-05,False,True
unspecified,94,43,1.69981246725948e-05,0.13923674106934206,1.6879506608738486e-05,0.13923048145078118,0.01,False,1.0,0.00016636187554284516,0.00016636187554284516,0.16,False,0.0001015466358646038,1.8583873190447333,18300.826051220403,6,1.9978074622802377e-05,False,True
unspecified,94,44,1.6879506608738486e-05,0.13923048145078118,1.67785026846395e-05,0.1392251473987862,0.01,False,1.0,0.00015356764761274323,0.00015356764761274323,0.16,False,9.37403497476047e-05,1.858387350544705,19824.83909595389,6,1.8442360948905744e-05,False,True
unspecified,94,45,1.67785026846395e-05,0.1392251473987862,1.6692488601946936e-05,0.13922060201506684,0.01,False,1.0,0.0001417584364703996,0.0001417584364703996,0.16,False,8.653434627218517e-05,1.858387379691591,21475.71987019141,6,1.7024727937432742e-05,False,True
unspecified,94,46,1.6692488601946936e-05,0.13922060201506684,1.6619233045317224e-05,0.13921672866169038,0.01,False,1.0,0.00013085816733894197,0.00013085816733894197,0.16,False,7.988242028745958e-05,1.8583874066561519,23264.034814777544,6,1.57160883593576e-05,False,True
unspecified,94,47,1.6619233045317224e-05,0.13921672866169038,1.6556838700769877e-05,0.13921342795899425,0.01,False,1.0,0.0001207966936223265,0.0001207966936223265,0.16,False,7.374193364343924e-05,1.858387431597525,25201.230016333648,6,1.4508056260634642e-05,False,True
unspecified,94,48,1.6556838700769877e-05,0.13921342795899425,1.650369198415457e-05,0.1392106152296013,0.01,False,1.0,0.00011150932346819421,0.00011150932346819421,0.16,False,6.807353745823106e-05,1.8583874546638939,27299.704467454383,6,1.3392892396494286e-05,False,True
unspecified,94,49,1.650369198415457e-05,0.1392106152296013,1.645841963588493e-05,0.1392082183217036,0.01,False,1.0,0.00010293638659613137,0.00010293638659613137,0.16,False,6.284091653006551e-05,1.858387475993138,29572.88942633442,6,1.236345401122287e-05,False,True
unspecified,94,50,1.645841963588493e-05,0.1392082183217036,1.641985326504002e-05,0.13920617575487398,0.01,False,1.0,9.502283745677919e-05,9.502283745677919e-05,0.16,False,5.8010554017140095e-05,1.8583874957134674,32035.334383539564,6,1.1413148595820304e-05,False,True
unspecified,94,51,1.641985326504002e-05,0.13920617575487398,1.6386998288967647e-05,0.1392044351409331,0.01,False,1.0,8.771789127413632e-05,8.771789127413632e-05,0.16,False,5.3551514690242e-05,1.8583875139440227,34702.800185830274,6,1.0535891291483785e-05,False,True
unspecified,94,52,1.6386998288967647e-05,0.1392044351409331,1.63590079578618e-05,0.13920295183866582,0.01,False,1.0,8.09746899214115e-05,8.09746899214115e-05,0.16,False,4.9435245222722076e-05,1.85838753079546,37592.35991290853,6,9.726065638054435e-06,False,True
unspecified,94,53,1.63590079578618e-05,0.13920295183866582,1.6335161466615342e-05,0.13920168780772496,0.01,False,1.0,7.474999493495476e-05,7.474999493495476e-05,0.16,False,4.563539012223545e-05,1.8583875463705015,40722.50815414895,6,8.978487393895965e-06,False,True
unspecified,94,54,1.6335161466615342e-05,0.13920168780772496,1.631484492127683e-05,0.13920061063233505,0.01,False,1.0,6.900390526447051e-05,6.900390526447051e-05,0.16,False,4.212762203996772e-05,1.8583875607644573,44113.27938238124,6,8.288371179353767e-06,False,True
unspecified,94,55,1.631484492127683e-05,0.13920061063233505,1.629753558298442e-05,0.13919969268941426,0.01,False,1.0,6.369959760704606e-05,6.369959760704606e-05,0.16,False,3.8889485297993455e-05,1.8583875740657307,47786.37618435172,6,7.651299716455215e-06,False,True
unspecified,94,56,1.629753558298442e-05,0.13919969268941426,1.628278807621899e-05,0.13919891043980648,0.01,False,1.0,5.880308739606028e-05,5.880308739606028e-05,0.16,False,3.590025158014654e-05,1.858387586356279,51765.308168035226,6,7.063195458005632e-06,False,True
unspecified,94,57,1.628278807621899e-05,0.13919891043980648,1.627022325936186e-05,0.13919824382433232,0.01,False,1.0,5.428300870311089e-05,5.428300870311089e-05,0.16,False,3.31407868203627e-05,1.8583875977120639,56075.54243613234,6,6.520294416567048e-06,False,True
unspecified,94,58,1.627022325936186e-05,0.13919824382433232,1.6259517923189357e-05,0.13919767574933314,0.01,False,1.0,5.0110411485844645e-05,5.0110411485844645e-05,0.16,False,3.0593428405539915e-05,1.85838760820346,60744.666585551415,6,6.0191220200719634e-06,False,True
unspecified,94,59,1.6259517923189357e-05,0.13919767574933314,1.6250397027404905e-05,0.13919719164810687,0.01,False,1.0,4.625857474406762e-05,4.625857474406762e-05,0.16,False,2.8241871875788786e-05,1.8583876178956555,65802.56528565359,6,5.556470833706085e-06,False,True
unspecified,94,60,1.6250397027404905e-05,0.13919719164810687,1.6242625975391396e-05,0.13919677910736983,0.01,False,1.0,4.270283430251557e-05,4.270283430251557e-05,0.16,False,2.607106638636872e-05,1.8583876268490112,71281.6115500619,6,5.1293800036546e-06,False,True
unspecified,94,61,1.6242625975391396e-05,0.13919677910736983,1.6236005034472637e-05,0.13919642754885883,0.01,False,1.0,3.9420424025218324e-05,3.9420424025218324e-05,0.16,False,2.406711823744798e-05,1.8583876351194062,77216.87394329539,6,4.735116286488616e-06,False,True
unspecified,94,62,1.6236005034472637e-05,0.13919642754885883,1.623036410345053e-05,0.13919612795803937,0.01,False,1.0,3.639032939530411e-05,3.639032939530411e-05,0.16,False,2.2217201849674312e-05,1.8583876427585604,83646.34103487713,6,4.371156542061006e-06,False,True
unspecified,94,63,1.623036410345053e-05,0.13919612795803937,1.622555816501392e-05,0.13919587265297245,0.01,False,1.0,3.359315246859384e-05,3.359315246859384e-05,0.16,False,2.0509477603211492e-05,1.8583876498143348,90611.16454391494,6,4.035171575549237e-06,False,True
unspecified,94,64,1.622555816501392e-05,0.13919587265297245,1.62214635551594e-05,0.13919565508727946,0.01,False,1.0,3.101098730140883e-05,3.101098730140883e-05,0.16,False,1.8933016007457224e-05,1.8583876563310058,98155.9227330202,6,3.725011224002008e-06,False,True
unspecified,94,65,1.62214635551594e-05,0.13919565508727946,1.6217975215942513e-05,0.13919546968227073,0.01,False,1.0,2.8627305027387756e-05,2.8627305027387756e-05,0.16,False,1.747772771267536e-05,1.8583876623495306,106328.90573079322,6,3.438690591380279e-06,False,True
unspecified,94,66,1.6217975215942513e-05,0.13919546968227073,1.621500326636765e-05,0.1391953116839466,0.01,False,1.0,2.642684782566983e-05,2.642684782566983e-05,0.16,False,1.613429891151036e-05,1.8583876679077937,115182.42460364997,6,3.174377343287908e-06,False,True
unspecified,94,67,1.621500326636765e-05,0.1391953116839466,1.6212471389400573e-05,0.13919517704101333,0.01,False,1.0,2.4395531078382896e-05,2.4395531078382896e-05,0.16,False,1.4894131708932611e-05,1.8583876730408213,124773.14618657973,6,2.9303799785845497e-06,False,True
unspecified,94,68,1.6212471389400573e-05,0.13919517704101333,1.6210314473878072e-05,0.13919506230104864,0.01,False,1.0,2.252035308769154e-05,2.252035308769154e-05,0.16,False,1.3749289084977266e-05,1.8583876777810044,135162.45576736866,6,2.7051370040705664e-06,False,True
unspecified,94,69,1.6210314473878072e-05,0.13919506230104864,1.6208477026074947e-05,0.13919496452200203,0.01,False,1.0,2.078931175516423e-05,2.078931175516423e-05,0.16,False,1.2692444089066901e-05,1.8583876821582868,146416.84998707825,6,2.497206941258175e-06,False,True
unspecified,94,70,1.6208477026074947e-05,0.13919496452200203,1.620691177591159e-05,0.13919488119667878,0.01,False,1.0,1.9191327686427014e-05,1.9191327686427014e-05,0.16,False,1.171683294338345e-05,1.858387686200345,158608.36244573968,6,2.305259101840405e-06,False,True
unspecified,94,71,1.620691177591159e-05,0.13919488119667878,1.620557838793987e-05,0.13919481018854213,0.01,False,1.0,1.771617322148574e-05,1.771617322148574e-05,0.16,False,1.081621175149224e-05,1.8583876899327643,171815.0247637649,6,2.128065072145608e-06,False,True
unspecified,94,72,1.620557838793987e-05,0.13919481018854213,1.620444261231446e-05,0.1391947496768407,0.01,False,1.0,1.6354406931900645e-05,1.6354406931900645e-05,0.16,False,9.98481653782733e-06,1.8583876933791887,186121.36600995265,6,1.9644908526421122e-06,False,True
unspecified,94,73,1.620444261231446e-05,0.1391947496768407,1.620347518781352e-05,0.13919469810998197,0.01,False,1.0,1.5097313162462231e-05,1.5097313162462231e-05,0.16,False,9.217326358226065e-06,1.8583876965614683,201618.95373303536,6,1.8134896014186293e-06,False,True
unspecified,94,74,1.620347518781352e-05,0.13919469810998197,1.6202651092886788e-05,0.13919465416575255,0.01,False,1.0,1.3936846224239112e-05,1.3936846224239112e-05,0.16,False,8.508829246824635e-06,1.8583876994997923,218406.98004291416,6,1.674094935502568e-06,False,True
unspecified,94,75,1.6202651092886788e-05,0.13919465416575255,1.6201949265030926e-05,0.1391946167173405,0.01,False,1.0,1.286557888638719e-05,1.286557888638719e-05,0.16,False,7.85479078141154e-06,1.858387702212816,236592.89647926885,6,1.5454147471755583e-06,False,True
unspecified,94,76,1.6201949265030926e-05,0.1391946167173405,1.620135151152638e-05,0.13919458480454563,0.01,False,1.0,1.187665482633678e-05,1.187665482633678e-05,0.16,False,7.25102506413335e-06,1.858387704717775,256293.10177262384,6,1.4266254953521318e-06,False,True
unspecified,94,77,1.620135151152638e-05,0.13919458480454563,1.6200842415053148e-05,0.1391945576090836,0.01,False,1.0,1.0963744742180218e-05,1.0963744742180218e-05,0.16,False,6.693667934691158e-06,1.8583877070305923,277633.68681603676,6,1.3169669360666202e-06,False,True
unspecified,94,78,1.6200842415053148e-05,0.1391945576090836,1.6200408907658897e-05,0.13919453443362656,0.01,False,1.0,1.0121005836329313e-05,1.0121005836329313e-05,0.16,False,6.179152239922447e-06,1.858387709165976,300751.2417576072,6,1.2157372574391923e-06,False,True
unspecified,94,79,1.6200408907658897e-05,0.13919453443362656,1.620003980026975e-05,0.1391945146839495,0.01,False,1.0,9.343044419350324e-06,9.343044419350324e-06,0.16,False,5.704185006854997e-06,1.8583877111375156,325793.7302005809,6,1.1222885890521267e-06,False,True
unspecified,95,0,8.9021949231141,1.5444694789596427,0.09535504505220292,0.20628271378601132,0.01,False,1.0,0.022332674100887472,0.022332674100887472,0.16,False,5.2657263687046545e-06,1.858387712957761,352921.4362528519,6,1.0360228561341938e-06,False,True
unspecified,95,1,0.09535504505220292,0.20628271378601132,0.0016267632884645698,0.19590482161373557,0.01,False,1.0,0.00755585535412362,0.00755585535412362,0.16,False,0.003278616798218981,1.8583014512247564,566.7943421244678,6,0.0006447836076696663,False,True
unspecified,95,2,0.0016267632884645698,0.19590482161373557,0.0015994721326906996,0.18429104369140545,0.01,False,1.0,0.007856651175264684,0.007856651175264684,0.16,False,0.0036308289557402695,1.8583171275834773,511.81621338716997,6,0.0007141121571624536,False,True
unspecified,95,3,0.0015994721326906996,0.18429104369140545,0.001677704621346719,0.17126953697465722,0.01,False,1.0,0.00804313760881282,0.00804313760881282,0.16,False,0.004000763185765533,1.8583126017891383,464.48952749837804,6,0.0007867656218725664,False,True
unspecified,95,4,0.001677704621346719,0.17126953697465722,0.0016889821510549276,0.1570013959430538,0.01,False,1.0,0.008069031530323295,0.008069031530323295,0.16,False,0.004379766262391763,1.8583083458863199,424.29395418729706,6,0.000861181737532704,False,True
unspecified,95,5,0.0016889821510549276,0.1570013959430538,0.0016265353330171012,0.14182486337348513,0.01,False,1.0,0.007918816494889581,0.007918816494889581,0.16,False,0.004759691613504435,1.858304506726661,390.4254009764386,6,0.0009357621547843296,False,True
unspecified,95,6,0.0016265353330171012,0.14182486337348513,0.0014953517946729568,0.12617879042597843,0.01,False,1.0,0.0075942467210266705,0.0075942467210266705,0.16,False,0.005132229426041383,1.858301196958659,362.0845918402391,6,0.0010088768951389444,False,True
unspecified,95,7,0.0014953517946729568,0.12617879042597843,0.0013115342906779063,0.11055410180125885,0.01,False,1.0,0.007114477443520829,0.007114477443520829,0.16,False,0.005489190603412212,1.8582984849705426,338.5377953200204,6,0.0010789209107155363,False,True
unspecified,95,8,0.0013115342906779063,0.11055410180125885,0.0010982943665005117,0.09543308735146035,0.01,False,1.0,0.006513342952803397,0.006513342952803397,0.16,False,0.005823313918549757,1.8582963860068917,319.11320804592367,6,0.0011444721602622734,False,True
unspecified,95,9,0.0010982943665005117,0.09543308735146035,0.0008800150008994991,0.08123197904075752,0.01,False,1.0,0.0058335463205533775,0.0058335463205533775,0.16,False,0.006128950197579368,1.8582948641769594,303.1995373222145,6,0.0012044253868698255,False,True
unspecified,95,10,0.0008800150008994991,0.08123197904075752,0.0006768480544438644,0.06826061845917902,0.01,False,1.0,0.005119570514546321,0.005119570514546321,0.16,False,0.0064024697818534084,1.8582938443960735,290.2464061076956,6,0.0012580715826537702,False,True
unspecified,95,11,0.0006768480544438644,0.06826061845917902,0.0005016889750929669,0.05670596865616743,0.01,False,1.0,0.004411374796088245,0.004411374796088245,0.16,False,0.006642335674580784,1.8582932297902728,279.7650285729582,6,0.0013051119597738852,False,True
unspecified,95,12,0.0005016889750929669,0.05670596865616743,0.00035990430678421,0.04663794681367264,0.01,False,1.0,0.0037402832383495468,0.0037402832383495468,0.16,False,0.006848881989861487,1.8582929190568713,271.32792210578793,6,0.0013456142624931893,False,True
unspecified,95,13,0.00035990430678421,0.04663794681367264,0.00025097320186640677,0.03803045830798099,0.01,False,1.0,0.003127435281061704,0.003127435281061704,0.16,False,0.007023902421849796,1.8582928196694242,264.56700393341015,6,0.0013799319639556562,False,True
unspecified,95,14,0.00025097320186640677,0.03803045830798099,0.00017081882606441844,0.0307890109557854,0.01,False,1.0,0.00258432611298826,0.00258432611298826,0.16,False,0.007170169471558005,1.8582928553290223,259.17000465614296,6,0.0014086099931776746,False,True
unspecified,95,15,0.00017081882606441844,0.0307890109557854,0.0001138988536192895,0.024777903629160124,0.01,False,1.0,0.0021145907387841575,0.0021145907387841575,0.16,False,0.0072909819310532755,1.8582929682245954,254.8755415659275,6,0.0014322960670184806,False,True
unspecified,95,16,0.0001138988536192895,0.024777903629160124,7.463959125923581e-05,0.019842843971915748,0.01,False,1.0,0.0017162250968010791,0.0017162250968010791,0.16,False,0.0073897979171549935,1.8582931177545388,251.46737956671555,6,0.0014516688225607074,False,True
unspecified,95,17,7.463959125923581e-05,0.019842843971915748,4.819933608460259e-05,0.01582748176175297,0.01,False,1.0,0.0013836868205380428,0.0013836868205380428,0.16,False,0.007469972909392337,1.858293277465296,248.76840920383785,6,0.0014673865388249367,False,True
unspecified,95,18,4.819933608460259e-05,0.01582748176175297,3.0736237770310194e-05,0.01258409773856363,0.01,False,1.0,0.0011095942530034595,0.0011095942530034595,0.16,False,0.007534596381701106,1.8582934315300803,246.6347681268268,6,0.0014800551776858373,False,True
unspecified,95,19,3.0736237770310194e-05,0.01258409773856363,1.938550809662095e-05,0.009979543501039238,0.01,False,1.0,0.0008859497218499552,0.0008859497218499552,0.16,False,0.007586407757261435,1.858293571538323,244.95039431009118,6,0.0014902119612599455,False,True
unspecified,95,20,1.938550809662095e-05,0.009979543501039238,1.938550809662095e-05,0.009979543501039238,0.01,False,0.0,0.0,0.0,0.16,False,,,,,,True,True
unspecified,96,0,8.873883705707645,1.517814494245245,0.15477974458498617,0.20212795229135233,0.01,False,1.0,0.02679832205822454,0.02679832205822454,0.16,False,0.007627769215786113,1.8582936939203667,243.62217069631834,6,0.0014983200806089824,False,True
unspecified,96,1,0.15477974458498617,0.20212795229135233,0.005710584440584646,0.10045990905525828,0.01,False,1.0,0.013646978915478595,0.013646978915478595,0.16,False,0.011666999705468936,1.8581911203436687,159.2689780794832,6,0.0022920064416057863,False,True
unspecified,96,2,0.005710584440584646,0.10045990905525828,0.0018819133488006208,0.0589567860101768,0.01,False,1.0,0.008428399296431443,0.008428399296431443,0.16,False,0.012294404556180446,1.8582130655176456,151.1429900509915,6,0.0024159567799951313,False,True
unspecified,96,3,0.0018819133488006208,0.0589567860101768,0.000665042436670494,0.033974427950341744,0.01,False,1.0,0.005009073500284904,0.005009073500284904,0.16,False,0.012685244769374169,1.858216103498522,146.48642082057341,6,0.002492693698613744,False,True
unspecified,96,4,0.000665042436670494,0.033974427950341744,0.00022314185779804513,0.01936593978384624,0.01,False,1.0,0.002906760369828889,0.002906760369828889,0.16,False,0.01291757014025821,1.858218646448428,143.85202683414917,6,0.002538308648172399,False,True
unspecified,96,5,0.00022314185779804513,0.01936593978384624,7.264137647586277e-05,0.010972363198769257,0.01,False,1.0,0.0016638284871276228,0.0016638284871276228,0.16,False,0.013052207990887127,1.8582203855190005,142.36827874765592,6,0.002564744671128459,False,True
unspecified,96,6,7.264137647586277e-05,0.010972363198769257,7.264137647586277e-05,0.010972363198769257,0.01,False,0.0,0.0,0.0,0.16,False,,,,,,True,True
unspecified,97,0,8.860543837570818,1.5208227157026926,0.1431994529115788,0.11259616217509821,0.01,False,1.0,0.025373542648162294,0.025373542648162294,0.16,False,0.013129209585839408,1.858221468180025,141.53338447610903,6,0.0025798642692538977,False,True
unspecified,97,1,0.1431994529115788,0.11259616217509821,0.0015921639951250234,0.033738232438133564,0.01,False,1.0,0.006674700133391955,0.006674700133391955,0.16,False,0.01706211491619109,1.85810960290676,108.90265433293426,6,0.003354713356506328,False,True
unspecified,97,2,0.0015921639951250234,0.033738232438133564,0.00022377978797013867,0.014359238779738407,0.01,False,1.0,0.0028735011839830116,0.0028735011839830116,0.16,False,0.017361747129216402,1.8581371842629992,107.02478099891918,6,0.003414818560282148,False,True
unspecified,97,3,0.00022377978797013867,0.014359238779738407,4.08600566768911e-05,0.006106412345211138,0.01,False,1.0,0.001231046703869416,0.001231046703869416,0.16,False,0.017493025613082372,1.858140267560672,106.22177710475877,6,0.0034406970873767347,False,True
unspecified,97,4,4.08600566768911e-05,0.006106412345211138,4.08600566768911e-05,0.006106412345211138,0.01,False,0.0,0.0,0.0,0.16,False,,,,,,True,True
unspecified,98,0,8.890825394802619,1.5147570811308775,0.1261831140515538,0.06988293348365024,0.01,False,1.0,0.023347757118791265,0.023347757118791265,0.16,False,0.017549454890793018,1.8581416529733101,105.8803059431862,6,0.0034518192033309624,False,True
unspecified,98,1,0.1261831140515538,0.06988293348365024,0.0005329598954979149,0.014305583972388196,0.01,False,1.0,0.003545119449372008,0.003545119449372008,0.16,False,0.0213419113605982,1.8580163941835006,87.05951228032004,6,0.0042010004075002496,False,True
unspecified,98,2,0.0005329598954979149,0.014305583972388196,3.7767452120964846e-05,0.004747636554350776,0.01,False,1.0,0.001165695519480027,0.001165695519480027,0.16,False,0.021497951193967465,1.858042818113234,86.42883228028813,6,0.004233095847803897,False,True
unspecified,98,3,3.7767452120964846e-05,0.004747636554350776,3.7767452120964846e-05,0.004747636554350776,0.01,False,0.0,0.0,0.0,0.16,False,,,,,,True,True
unspecified,99,0,8.918668614258344,1.50878746720167,0.11539958243582306,0.04811806359855925,0.01,False,1.0,0.022044865236358645,0.022044865236358645,0.16,False,0.021550340456325145,1.8580446452634127,86.21880703133236,6,0.00424347955130413,False,True
unspecified,99,1,0.11539958243582306,0.04811806359855925,0.00022541591096887758,0.007160961792159319,0.01,False,1.0,0.0021209250038786245,0.0021209250038786245,0.16,False,0.025237993832946296,1.857903557916513,73.61534241644675,6,0.004973674428547221,False,True
unspecified,99,2,0.00022541591096887758,0.007160961792159319,0.00022541591096887758,0.007160961792159319,0.01,False,0.0,0.0,0.0,0.16,False,,,,,,True,True
unspecified,100,0,8.941450660403884,1.5037265173880832,0.10934962983053713,0.03644199554260875,0.01,False,1.0,0.021266849886596256,0.021266849886596256,0.16,False,0.025330238362203772,1.8579282974543816,73.34823584710787,6,0.00499334372065585,False,True
unspecified,100,1,0.10934962983053713,0.03644199554260875,0.00011832863758884862,0.004123950945259545,0.01,False,1.0,0.0014329721700540997,0.0014329721700540997,0.16,False,0.028944879768813797,1.8577705725853917,64.1830467918204,6,0.0057105294754765746,False,True
unspecified,100,2,0.00011832863758884862,0.004123950945259545,0.00011832863758884862,0.004123950945259545,0.01,False,0.0,0.0,0.0,0.16,False,,,,,,True,True
unspecified,101,0,8.959451018140483,1.500110747936938,0.10389534444426451,0.027302446653364752,0.01,False,1.0,0.020567474138086208,0.020567474138086208,0.16,False,0.02900715653409073,1.8577940267389106,64.04605789455901,6,0.005724406950612617,False,True
unspecified,101,1,0.10389534444426451,0.027302446653364752,6.412046372692005e-05,0.0024218430924525304,0.01,False,1.0,0.0009932658437546802,0.0009932658437546802,0.16,False,0.03253923239392201,1.8576182541777921,57.08857024312522,6,0.006426401143392313,False,True
unspecified,101,2,6.412046372692005e-05,0.0024218430924525304,6.412046372692005e-05,0.0024218430924525304,0.01,False,0.0,0.0,0.0,0.16,False,,,,,,True,True
unspecified,102,0,8.97228144430932,1.497474646892018,0.10050017430297759,0.021545274804096817,0.01,False,1.0,0.020092324590907516,0.020092324590907516,0.16,False,0.03258315034409001,1.8576404576556875,57.012303538433926,6,0.006436730439516705,False,True
unspecified,102,1,0.10050017430297759,0.021545274804096817,3.9966644291103965e-05,0.0015439544241408413,0.01,False,1.0,0.0007549111919620302,0.0007549111919620302,0.16,False,0.03604503481062711,1.8574465959086017,51.53127485289522,6,0.007125732000755811,False,True
unspecified,102,2,3.9966644291103965e-05,0.0015439544241408413,3.9966644291103965e-05,0.0015439544241408413,0.01,False,0.0,0.0,0.0,0.16,False,,,,,,True,True
unspecified,103,0,8.979887697524845,1.4958926563255792,0.09830904050663097,0.017770101552646203,0.01,False,1.0,0.019751058015398296,0.019751058015398296,0.16,False,0.03607953724550489,1.857467873633882,51.48258584899955,6,0.007134279903951573,False,True
unspecified,103,1,0.09830904050663097,0.017770101552646203,2.804048323455683e-05,0.0010582195331692195,0.01,False,1.0,0.0006210630308281706,0.0006210630308281706,0.16,False,0.03947704360311935,1.8572560605037172,47.04648299339626,6,0.00781123633369759,False,True
unspecified,103,2,2.804048323455683e-05,0.0010582195331692195,2.804048323455683e-05,0.0010582195331692195,0.01,False,0.0,0.0,0.0,0.16,False,,,,,,True,True
unspecified,104,0,8.982242390232376,1.4954231508055509,0.09682520344715687,0.015199009708032203,0.01,False,1.0,0.01949362831100574,0.01949362831100574,0.16,False,0.03950674887011439,1.8572766317822071,47.011629276009046,6,0.007818919173690543,False,True
unspecified,104,1,0.09682520344715687,0.015199009708032203,2.1622143593731893e-05,0.0007723153468771395,0.01,False,1.0,0.0005428017812229053,0.0005428017812229053,0.16,False,0.0428412429154228,1.8570470351465707,43.3471792313018,6,0.008483931928872413,False,True
unspecified,104,2,2.1622143593731893e-05,0.0007723153468771395,2.1622143593731893e-05,0.0007723153468771395,0.01,False,0.0,0.0,0.0,0.16,False,,,,,,True,True
unspecified,105,0,8.97933732161815,1.4960905499673998,0.09577976779824687,0.013409824880224045,0.01,False,1.0,0.019293955232027878,0.019293955232027878,0.16,False,0.04286863721315294,1.8570670414040593,43.319945818904515,6,0.00849124459989114,False,True
unspecified,105,1,0.09577976779824687,0.013409824880224045,1.7950230052920753e-05,0.0005958268296650276,0.01,False,1.0,0.0004952997310352531,0.0004952997310352531,0.16,False,0.04613898451452486,1.8568198162014167,40.24405469125306,6,0.009143948531088528,False,True
unspecified,105,2,1.7950230052920753e-05,0.0005958268296650276,1.7950230052920753e-05,0.0005958268296650276,0.01,False,0.0,0.0,0.0,0.16,False,,,,,,True,True
unspecified,106,0,8.971188797272653,1.4979016327860348,0.09501581944167758,0.012154433155684267,0.01,False,1.0,0.01913737534962911,0.01913737534962911,0.16,False,0.04616547490039358,1.8568393500656306,40.22138522503968,6,0.009151172033967212,False,True
unspecified,106,1,0.09501581944167758,0.012154433155684267,1.5757537632603593e-05,0.0004826572805735578,0.01,False,1.0,0.00046542257789238613,0.00046542257789238613,0.16,False,0.049369068848359184,1.8565746104951082,37.60602850739837,6,0.009790935271027385,False,True
unspecified,106,2,1.5757537632603593e-05,0.0004826572805735578,1.5757537632603593e-05,0.0004826572805735578,0.01,False,0.0,0.0,0.0,0.16,False,,,,,,True,True
unspecified,107,0,8.957839847609103,1.5008520965459649,0.09443679558826043,0.011277975685714868,0.01,False,1.0,0.019015231443135768,0.019015231443135768,0.16,False,0.04939547710093076,1.8565937326535318,37.58631035914315,6,0.009798234176932827,False,True
unspecified,107,1,0.09443679558826043,0.011277975685714868,1.4409745284715438e-05,0.0004077827314982815,0.01,False,1.0,0.0004460332454500289,0.0004460332454500289,0.16,False,0.05252883759928353,1.8563115335209286,35.33890370241598,6,0.010424273959390273,False,True
unspecified,107,2,1.4409745284715438e-05,0.0004077827314982815,1.4409745284715438e-05,0.0004077827314982815,0.01,False,0.0,0.0,0.0,0.16,False,,,,,,True,True
unspecified,108,0,8.939361599171542,1.5049290261175647,0.09398130884760147,0.01067941848945719,0.01,False,1.0,0.01892230433235698,0.01892230433235698,0.16,False,0.05255565145373868,1.8563302830102484,35.32123057487462,6,0.010431746076557953,False,True
unspecified,108,1,0.09398130884760147,0.01067941848945719,1.356717197680164e-05,0.00035694722017435345,0.01,False,1.0,0.00043315416839432257,0.00043315416839432257,0.16,False,0.05561480862099303,1.856030607589703,33.37295683669949,6,0.01104320244679589,False,True
unspecified,108,2,1.356717197680164e-05,0.00035694722017435345,1.356717197680164e-05,0.00035694722017435345,0.01,False,0.0,0.0,0.0,0.16,False,,,,,,True,True
unspecified,109,0,8.91585463281677,1.5101117989631285,0.09360968496973775,0.010290464922969539,0.01,False,1.0,0.01885546509339228,0.01885546509339228,0.16,False,0.05564231795843482,1.8560490084089607,33.35678807981079,6,0.011050905812099584,False,True
unspecified,109,1,0.09360968496973775,0.010290464922969539,1.3038218320203375e-05,0.0003217158355038166,0.01,False,1.0,0.00042450333882985183,0.00042450333882985183,0.16,False,0.05862307567715489,1.8557317608564043,31.65531216881501,6,0.011646891702425043,False,True
unspecified,109,2,1.3038218320203375e-05,0.0003217158355038166,1.3038218320203375e-05,0.0003217158355038166,0.01,False,0.0,0.0,0.0,0.16,False,,,,,,True,True
unspecified,110,0,8.887450570359583,1.516372303131205,0.09329627517874212,0.010063501555692418,0.01,False,1.0,0.018812906485028903,0.018812906485028903,0.16,False,0.05865145004914042,1.8557498263773233,31.640305991113696,6,0.011654859994859922,False,True
unspecified,110,1,0.09329627517874212,0.010063501555692418,1.2710426388507969e-05,0.00029694015679410785,0.01,False,1.0,0.00041872819558120455,0.00041872819558120455,0.16,False,0.061549576851216495,1.8554148273956383,30.145046031441026,6,0.012234496978214614,False,True
unspecified,110,2,1.2710426388507969e-05,0.00029694015679410785,1.2710426388507969e-05,0.00029694015679410785,0.01,False,0.0,0.0,0.0,0.16,False,,,,,,True,True
unspecified,111,0,8.85431394983328,1.523674809093868,0.0930248354091929,0.009964357526839517,0.01,False,1.0,0.01879366779183506,0.01879366779183506,0.16,False,0.06157891143233484,1.8554325633951794,30.13097374145687,6,0.012242748687985828,False,True
unspecified,111,1,0.0930248354091929,0.009964357526839517,1.2515756149017098e-05,0.00027938880609859856,0.01,False,1.0,0.000414998523548256,0.000414998523548256,0.16,False,0.06439028477552654,1.8550795483477536,28.80992924343817,6,0.01280519347213191,False,True
unspecified,111,2,1.2515756149017098e-05,0.00027938880609859856,1.2515756149017098e-05,0.00027938880609859856,0.01,False,0.0,0.0,0.0,0.16,False,,,,,,True,True
unspecified,112,0,8.840650397059406,1.526687575411569,0.09300574009669399,0.009814565215541948,0.01,False,1.0,0.018716130910616437,0.018716130910616437,0.16,False,0.06442062858100969,1.8550969551533067,28.796629216687954,6,0.012813737551573855,False,True
unspecified,112,1,0.09300574009669399,0.009814565215541948,1.256935800533922e-05,0.0002665686827629645,0.01,False,1.0,0.00041122737211006174,0.00041122737211006174,0.16,False,0.06716223152414545,1.854725690092918,27.615605497356455,6,0.01336172835598775,False,True
unspecified,112,2,1.256935800533922e-05,0.0002665686827629645,1.256935800533922e-05,0.0002665686827629645,0.01,False,0.0,0.0,0.0,0.16,False,,,,,,True,True
unspecified,113,0,8.872757941487748,1.5196133163176182,0.0934673482369881,0.009405517074538516,0.01,False,1.0,0.01849309367976188,0.01849309367976188,0.16,False,0.06719398877386162,1.854742846490226,27.60280912526685,6,0.01337064008657537,False,True
unspecified,113,1,0.0934673482369881,0.009405517074538516,1.2980070001068918e-05,0.000255086894615286,0.01,False,1.0,0.00040529326163016717,0.00040529326163016717,0.16,False,0.06990448972640781,1.8543539632450996,26.526965156353622,6,0.013910450896673853,False,True
unspecified,113,2,1.2980070001068918e-05,0.000255086894615286,1.2980070001068918e-05,0.000255086894615286,0.01,False,0.0,0.0,0.0,0.16,False,,,,,,True,True
unspecified,114,0,8.902441190778955,1.513063854160393,0.0939564874389475,0.009025466139078444,0.01,False,1.0,0.018287699339154893,0.018287699339154893,0.16,False,0.0699384182098651,1.8543710433740184,26.514340627630204,6,0.013919870737023856,False,True
unspecified,114,1,0.0939564874389475,0.009025466139078444,1.3396505608485896e-05,0.0002444456810245927,0.01,False,1.0,0.00040012758546158255,0.00040012758546158255,0.16,False,0.0726135920326247,1.8539655486000202,25.531935505504926,6,0.014450430710086703,False,True
unspecified,114,2,1.3396505608485896e-05,0.0002444456810245927,1.3396505608485896e-05,0.0002444456810245927,0.01,False,0.0,0.0,0.0,0.16,False,,,,,,True,True
unspecified,115,0,8.927969160034024,1.5074300723312992,0.09444837687980992,0.008683353832651257,0.01,False,1.0,0.018104145598004356,0.018104145598004356,0.16,False,0.0726496415686046,1.8539825659101778,25.519500521684236,6,0.014460346967993736,False,True
unspecified,115,1,0.09444837687980992,0.008683353832651257,1.3801694405231848e-05,0.00023456755804675126,0.01,False,1.0,0.0003957473749808413,0.0003957473749808413,0.16,False,0.075283885919416,1.8535613758234017,24.620957767874216,6,0.014980374779202176,False,True
unspecified,115,2,1.3801694405231848e-05,0.00023456755804675126,1.3801694405231848e-05,0.00023456755804675126,0.01,False,0.0,0.0,0.0,0.16,False,,,,,,True,True
unspecified,116,0,8.949178673719699,1.5027482686608853,0.09493383240669472,0.008378941260434735,0.01,False,1.0,0.01794129738687232,0.01794129738687232,0.16,False,0.07532197239040542,1.8535783344201102,24.608733356220778,6,0.01499076904417648,False,True
unspecified,116,1,0.09493383240669472,0.008378941260434735,1.4191722088321007e-05,0.00022540148372174687,0.01,False,1.0,0.00039207924991015923,0.00039207924991015923,0.16,False,0.07790975131223725,1.8531422730476377,23.78575520823881,6,0.01549902219615453,False,True
unspecified,116,2,1.4191722088321007e-05,0.00022540148372174687,1.4191722088321007e-05,0.00022540148372174687,0.01,False,0.0,0.0,0.0,0.16,False,,,,,,True,True
unspecified,117,0,8.965938919123897,1.4990472932894998,0.09540473695471986,0.008112115081250105,0.01,False,1.0,0.017797950008350816,0.017797950008350816,0.16,False,0.07794978410121482,1.8531591733957957,23.773756332532482,6,0.015509874540050586,False,True
unspecified,117,1,0.09540473695471986,0.008112115081250105,1.4564149726248759e-05,0.00021690880254330506,0.01,False,1.0,0.0003890512726082476,0.0003890512726082476,0.16,False,0.08048568426784806,1.8527089719217142,23.019111892694976,6,0.016005161309779838,False,True
unspecified,117,2,1.4564149726248759e-05,0.00021690880254330506,1.4564149726248759e-05,0.00021690880254330506,0.01,False,0.0,0.0,0.0,0.16,False,,,,,,True,True
unspecified,118,0,8.978150050786416,1.4963491629303962,0.09585405424542906,0.007882815253170625,0.01,False,1.0,0.01767289504437236,0.01767289504437236,0.16,False,0.08052756785198362,1.8527258112548317,23.00734842334114,6,0.016016450623223988,False,True
unspecified,118,1,0.09585405424542906,0.007882815253170625,1.4917591508752874e-05,0.00020905804708751125,0.01,False,1.0,0.00038659376554613323,0.00038659376554613323,0.16,False,0.08300634805423365,1.8522621080430466,22.3147042540992,6,0.016497640359816754,False,True
unspecified,118,2,1.4917591508752874e-05,0.00020905804708751125,1.4917591508752874e-05,0.00020905804708751125,0.01,False,0.0,0.0,0.0,0.16,False,,,,,,True,True
unspecified,119,0,8.985742047526363,1.4946693153633883,0.09627584896723049,0.007690988220297825,0.01,False,1.0,0.017564977461577938,0.017564977461577938,0.16,False,0.08304998337965228,1.8522788807525037,22.30318183551043,6,0.01650934464348859,False,True
unspecified,119,1,0.09627584896723049,0.007690988220297825,1.5251426563285982e-05,0.00020182230246024396,0.01,False,1.0,0.00038464042517288833,0.00038464042517288833,0.16,False,0.08546661872445166,1.8518022219869237,21.666964829358932,6,0.016975376694187867,False,True
unspecified,119,2,1.5251426563285982e-05,0.00020182230246024396,1.5251426563285982e-05,0.00020182230246024396,0.01,False,0.0,0.0,0.0,0.16,False,,,,,,True,True
unspecified,120,0,8.988673860022056,1.4940167980942174,0.09666530278339143,0.007536549304156301,0.01,False,1.0,0.01747314442130861,0.01747314442130861,0.16,False,0.08551190445169186,1.8518189199971253,21.655685624956128,6,0.016987473323125325,False,True
unspecified,120,1,0.09666530278339143,0.007536549304156301,1.5565600151490296e-05,0.00019517773001503786,0.01,False,1.0,0.00038312941180978995,0.00038312941180978995,0.16,False,0.08786162572193802,1.8513297608186805,21.070970922820347,6,0.017437364670895707,False,True
unspecified,120,2,1.5565600151490296e-05,0.00019517773001503786,1.5565600151490296e-05,0.00019517773001503786,0.01,False,0.0,0.0,0.0,0.16,False,,,,,,True,True
unspecified,121,0,8.986932875060718,1.4943943869718699,0.09701872380183495,0.007419348180335382,0.01,False,1.0,0.017396484304481954,0.017396484304481954,0.16,False,0.08790845938370363,1.8513463739491252,21.05993424214559,6,0.017449830639802613,False,True
unspecified,121,1,0.09701872380183495,0.007419348180335382,1.5860482624249207e-05,0.00018910278191677332,0.01,False,1.0,0.00038200428948903254,0.00038200428948903254,0.16,False,0.09018678795192761,1.8508450800048708,20.522352797301412,6,0.017882682328082412,False,True
unspecified,121,2,1.5860482624249207e-05,0.00018910278191677332,1.5860482624249207e-05,0.00018910278191677332,0.01,False,0.0,0.0,0.0,0.16,False,,,,,,True,True
unspecified,122,0,8.98053470969029,1.495798631898836,0.09733354786963189,0.007339133708906098,0.01,False,1.0,0.01733425484730416,0.01733425484730416,0.16,False,0.09023506704757932,1.8508615963197703,20.511555616663358,6,0.01789549448219068,False,True
unspecified,122,1,0.09733354786963189,0.007339133708906098,1.6136773129409928e-05,0.00018357778600142108,0.01,False,1.0,0.000381214737199968,0.000381214737199968,0.16,False,0.09243784567932029,1.8503484456726735,20.01721732126676,6,0.018310496892873136,False,True
unspecified,122,2,1.6136773129409928e-05,0.00018357778600142108,1.6136773129409928e-05,0.00018357778600142108,0.01,False,0.0,0.0,0.0,0.16,False,,,,,,True,True
unspecified,123,0,8.969523339336567,1.4982198288154,0.09760833040335774,0.007295516399573185,0.01,False,1.0,0.017285899590856052,0.017285899590856052,0.16,False,0.09248746871872748,1.850364851818649,20.006654711742314,6,0.018323632146517176,False,True
unspecified,123,1,0.09760833040335774,0.007295516399573185,1.6395432265326203e-05,0.00017858467164498968,0.01,False,1.0,0.0003807169872677655,0.0003807169872677655,0.16,False,0.0946108885400215,1.849840037197875,19.55208396986327,6,0.018720069185757342,False,True
unspecified,123,2,1.6395432265326203e-05,0.00017858467164498968,1.6395432265326203e-05,0.00017858467164498968,0.01,False,0.0,0.0,0.0,0.16,False,,,,,,True,True
unspecified,124,0,8.95397155482973,1.501641919136856,0.09784272757795733,0.007287928508058509,0.01,False,1.0,0.017251052088571733,0.017251052088571733,0.16,False,0.09466175604100717,1.8498563187303507,19.54174944661917,6,0.018733504729096646,False,True
unspecified,124,1,0.09784272757795733,0.007287928508058509,1.6637636391279958e-05,0.00017410666718566394,0.01,False,1.0,0.00038047397143621244,0.00038047397143621244,0.16,False,0.09670237987855865,1.84931995013115,19.123830793550002,6,0.01911075696228206,False,True
unspecified,124,2,1.6637636391279958e-05,0.00017410666718566394,1.6637636391279958e-05,0.00017410666718566394,0.01,False,0.0,0.0,0.0,0.16,False,,,,,,True,True
unspecified,125,0,8.933981734033347,1.5060423198424038,0.09803746565903398,0.0073155830910805785,0.01,False,1.0,0.017229527521505684,0.017229527521505684,0.16,False,0.09675439531603189,1.8493360918301738,19.11371659953669,6,0.019124470455328387,False,True
unspecified,125,1,0.09803746565903398,0.0073155830910805785,1.6864742529836415e-05,0.00017012784727446582,0.01,False,1.0,0.0003804551731608626,0.0003804551731608626,0.16,False,0.09870917754886355,1.8487881995002415,18.729648502896747,6,0.019482017217835886,False,True
unspecified,125,2,1.6864742529836415e-05,0.00017012784727446582,1.6864742529836415e-05,0.00017012784727446582,0.01,False,0.0,0.0,0.0,0.16,False,,,,,,True,True
unspecified,126,0,8.909686904059997,1.511391689551017,0.09819429717931814,0.0073774341660601565,0.01,False,1.0,0.01722130158324077,0.01722130158324077,0.16,False,0.09876224824907576,1.8488041856767072,18.719745838653576,6,0.019495986969967325,False,True
unspecified,126,1,0.09819429717931814,0.0073774341660601565,1.707826754054434e-05,0.0001666324535491059,0.01,False,1.0,0.0003806361978874273,0.0003806361978874273,0.16,False,0.10062855123736576,1.848244723551983,18.367001222071515,6,0.019833407464568617,False,True
unspecified,126,2,1.707826754054434e-05,0.0001666324535491059,1.707826754054434e-05,0.0001666324535491059,0.01,False,0.0,0.0,0.0,0.16,False,,,,,,True,True
unspecified,127,0,8.901139088986685,1.5132728917894103,0.09855144800681395,0.00732449390413726,0.01,False,1.0,0.01717107117122983,0.01717107117122983,0.16,False,0.10068258920709745,1.8482605383453616,18.357300431990396,6,0.019847612596959052,False,True
unspecified,127,1,0.09855144800681395,0.00732449390413726,1.7374880517307816e-05,0.00016230773120926614,0.01,False,1.0,0.0003805974000602155,0.0003805974000602155,0.16,False,0.10246912892606011,1.8476901697105275,18.031676360241022,6,0.02016578377836132,False,True
unspecified,127,2,1.7374880517307816e-05,0.00016230773120926614,1.7374880517307816e-05,0.00016230773120926614,0.01,False,0.0,0.0,0.0,0.16,False,,,,,,True,True
unspecified,128,0,8.921508378083866,1.508781357076898,0.09927068315718915,0.007058136815446203,0.01,False,1.0,0.017046384742553305,0.017046384742553305,0.16,False,0.10252433203657546,1.8477058875662145,18.022120708936168,6,0.020180251973532286,False,True
unspecified,128,1,0.09927068315718915,0.007058136815446203,1.7809886169095595e-05,0.0001564266573861214,0.01,False,1.0,0.00038032526859002337,0.00038032526859002337,0.16,False,0.10424619487613984,1.8471262788616303,17.71888442600993,6,0.020480605872548116,False,True
unspecified,128,2,1.7809886169095595e-05,0.0001564266573861214,1.7809886169095595e-05,0.0001564266573861214,0.01,False,0.0,0.0,0.0,0.16,False,,,,,,True,True
unspecified,129,0,8.937178949195134,1.5053198326508812,0.09995207323903031,0.006827016904494084,0.01,False,1.0,0.016941288290338103,0.016941288290338103,0.16,False,0.10430293081444915,1.8471420392938231,17.70939728031053,6,0.02049539279426289,False,True
unspecified,129,1,0.09995207323903031,0.006827016904494084,1.8219562225132928e-05,0.00015117585515856413,0.01,False,1.0,0.00038054122953292877,0.00038054122953292877,0.16,False,0.10595621591869347,1.8465538493100953,17.42751789783684,6,0.020777201673558864,False,True
unspecified,129,2,1.8219562225132928e-05,0.00015117585515856413,1.8219562225132928e-05,0.00015117585515856413,0.01,False,0.0,0.0,0.0,0.16,False,,,,,,True,True
unspecified,130,0,8.947515817197175,1.5030340511561378,0.10058266803327709,0.006635637419742489,0.01,False,1.0,0.016855444943278244,0.016855444943278244,0.16,False,0.10601436959706421,1.8465696414737665,17.418107078239913,6,0.020792280781677747,False,True
unspecified,130,1,0.10058266803327709,0.006635637419742489,1.8602366033283343e-05,0.00014652732976519446,0.01,False,1.0,0.0003811587021110728,0.0003811587021110728,0.16,False,0.1075952139489143,1.8459733979666733,17.156649726475127,6,0.021054891244950358,False,True
unspecified,130,2,1.8602366033283343e-05,0.00014652732976519446,1.8602366033283343e-05,0.00014652732976519446,0.01,False,0.0,0.0,0.0,0.16,False,,,,,,True,True
unspecified,131,0,8.952462605640722,1.5019365290224398,0.10115713855490006,0.006484200436400349,0.01,False,1.0,0.016787122129187128,0.016787122129187128,0.16,False,0.10765466221293558,1.845989206085126,17.147322448830415,6,0.021070234538709005,False,True
unspecified,131,1,0.10115713855490006,0.006484200436400349,1.8959459827777623e-05,0.00014241915254716887,0.01,False,1.0,0.0003820883932825774,0.0003820883932825774,0.16,False,0.10915957982236262,1.8453853285770996,16.90539054455989,6,0.02131310721560965,False,True
unspecified,131,2,1.8959459827777623e-05,0.00014241915254716887,1.8959459827777623e-05,0.00014241915254716887,0.01,False,0.0,0.0,0.0,0.16,False,,,,,,True,True
unspecified,132,0,8.951991593959006,1.5020333675295854,0.10167137865728912,0.00637276984052969,0.01,False,1.0,0.016734824756085478,0.016734824756085478,0.16,False,0.10922020030751178,1.845401134831887,16.896152265204798,6,0.021328686779146774,False,True
unspecified,132,1,0.10167137865728912,0.00637276984052969,1.9292033492757258e-05,0.00013879046124422664,0.01,False,1.0,0.00038325084617066415,0.00038325084617066415,0.16,False,0.11064610041420748,1.8447899376447277,16.672887076351476,6,0.02155139862978854,False,True
unspecified,132,2,1.9292033492757258e-05,0.00013879046124422664,1.9292033492757258e-05,0.00013879046124422664,0.01,False,0.0,0.0,0.0,0.16,False,,,,,,True,True
unspecified,133,0,8.94610328770576,1.5033244409419884,0.10212254440946796,0.006301274098268528,0.01,False,1.0,0.01669734184255858,0.01669734184255858,0.16,False,0.11070777250350033,1.844805722562707,16.663741676352295,6,0.021567186845946034,False,True
unspecified,133,1,0.10212254440946796,0.006301274098268528,1.9601309658918903e-05,0.00013558399913896993,0.01,False,1.0,0.0003845776152527301,0.0003845776152527301,0.16,False,0.1120519738019342,1.8441874179217164,16.458321574785884,6,0.021769432215149365,False,True
unspecified,133,2,1.9601309658918903e-05,0.00013558399913896993,1.9601309658918903e-05,0.00013558399913896993,0.01,False,0.0,0.0,0.0,0.16,False,,,,,,True,True
unspecified,134,0,8.934826465387031,1.5058033903204446,0.10250907863053742,0.006269495524284026,0.01,False,1.0,0.016673776103685048,0.016673776103685048,0.16,False,0.11211457957110199,1.8442031607532072,16.449271520334527,6,0.021785401974760643,False,True
unspecified,134,1,0.10250907863053742,0.006269495524284026,1.9888555362328584e-05,0.00013274840018528562,0.01,False,1.0,0.00038601192420943567,0.00038601192420943567,0.16,False,0.1133748209107002,1.8435778619965535,16.26091090762251,6,0.02196699247527568,False,True
unspecified,134,2,1.9888555362328584e-05,0.00013274840018528562,1.9888555362328584e-05,0.00013274840018528562,0.01,False,0.0,0.0,0.0,0.16,False,,,,,,True,True
unspecified,135,0,8.91821866957966,1.509457514093238,0.10283072175877696,0.006277047501278697,0.01,False,1.0,0.016663557160316617,0.016663557160316617,0.16,False,0.11343824605130338,1.8435935410840845,16.25195738878318,6,0.021983117378881204,False,True
unspecified,135,1,0.10283072175877696,0.006277047501278697,2.0155100119877398e-05,0.00013023998367950128,0.01,False,1.0,0.00038750887356837096,0.00038750887356837096,0.16,False,0.11461269385919524,1.8429612660140209,16.07990532251295,6,0.022143980650219306,False,True
unspecified,135,2,2.0155100119877398e-05,0.00013023998367950128,2.0155100119877398e-05,0.00013023998367950128,0.01,False,0.0,0.0,0.0,0.16,False,,,,,,True,True
unspecified,136,0,8.896367149166926,1.5142675600923976,0.10308850871307165,0.006323341323617171,0.01,False,1.0,0.016666438182797238,0.016666438182797238,0.16,False,0.11467682856706997,1.84297685915147,16.07104837289414,6,0.022160235198655648,False,True
unspecified,136,1,0.10308850871307165,0.006323341323617171,2.04023537716008e-05,0.00012802391216384593,0.01,False,1.0,0.0003890352568722358,0.0003890352568722358,0.16,False,0.11576408116696683,1.8423375335924355,15.914586934225541,6,0.022300412572297233,False,True
unspecified,136,2,2.04023537716008e-05,0.00012802391216384593,2.04023537716008e-05,0.00012802391216384593,0.01,False,0.0,0.0,0.0,0.16,False,,,,,,True,True
unspecified,137,0,8.86939023242075,1.5202074228524252,0.10328475021108434,0.0064075458116939436,0.01,False,1.0,0.016682475740018434,0.016682475740018434,0.16,False,0.11582882098227465,1.8423530183750416,15.905825534190475,6,0.022316772342383915,False,True
unspecified,137,1,0.10328475021108434,0.0064075458116939436,2.063182230887091e-05,0.0001260746172715307,0.01,False,1.0,0.0003905690320785456,0.0003905690320785456,0.16,False,0.11682790990123051,1.841706480032851,15.764267986903812,6,0.022436415426908513,False,True
unspecified,137,2,2.063182230887091e-05,0.0001260746172715307,2.063182230887091e-05,0.0001260746172715307,0.01,False,0.0,0.0,0.0,0.16,False,,,,,,True,True
unspecified,138,0,8.837439101417925,1.5272437525300269,0.10342299637693453,0.006528543755206911,0.01,False,1.0,0.016711992655568417,0.016711992655568417,0.16,False,0.11689315648472941,1.8417218341990877,15.755600153031072,6,0.02245285722815763,False,True
unspecified,138,1,0.10342299637693453,0.006528543755206911,2.0845120284489296e-05,0.00012437544658528923,0.01,False,1.0,0.00039209848424636215,0.00039209848424636215,0.16,False,0.11780354475354941,1.8410678369438838,15.628288951707564,6,0.022552223410460925,False,True
unspecified,138,2,2.0845120284489296e-05,0.00012437544658528923,2.0845120284489296e-05,0.00012437544658528923,0.01,False,0.0,0.0,0.0,0.16,False,,,,,,True,True
unspecified,139,0,8.80069992656829,1.5353354845529974,0.10350797996383558,0.006684889345804702,0.01,False,1.0,0.01675552383555561,0.01675552383555561,0.16,False,0.11786920658191996,1.8410830387104538,15.619711815323772,6,0.02256872541845432,False,True
unspecified,139,1,0.10350797996383558,0.006684889345804702,2.1043980484753038e-05,0.00012291752904186845,0.01,False,1.0,0.00039362110790608747,0.00039362110790608747,0.16,False,0.11869078394506839,1.8404212574335035,15.50601652682043,6,0.022648172260376815,False,True
unspecified,139,2,2.1043980484753038e-05,0.00012291752904186845,2.1043980484753038e-05,0.00012291752904186845,0.01,False,0.0,0.0,0.0,0.16,False,,,,,,True,True
unspecified,140,0,8.759396305921918,1.544433302208073,0.10354553625327953,0.0068747701095471835,0.01,False,1.0,0.016813745414588386,0.016813745414588386,0.16,False,0.11875677690635111,1.8404362858248793,15.497526404545363,6,0.022664714122245074,False,True
unspecified,140,1,0.10354553625327953,0.0068747701095471835,2.123025162018169e-05,0.00012169790603730434,0.01,False,1.0,0.0003951422353354384,0.0003951422353354384,0.16,False,0.11948985176389168,1.8397663220446292,15.396841613628842,6,0.022724692616445344,False,True
unspecified,140,2,2.123025162018169e-05,0.00012169790603730434,2.123025162018169e-05,0.00012169790603730434,0.01,False,0.0,0.0,0.0,0.16,False,,,,,,True,True
unspecified,141,0,8.713791937596593,1.5544790479657378,0.10354249672946944,0.007095975753613743,0.01,False,1.0,0.01688738822636112,0.01688738822636112,0.16,False,0.11955609963255029,1.8397811572185068,15.388434072983165,6,0.022741255523793094,False,True
unspecified,141,1,0.10354249672946944,0.007095975753613743,2.1405892590659675e-05,0.00012071703204167739,0.01,False,1.0,0.0003966734414826464,0.0003966734414826464,0.16,False,0.12020138744101236,1.8391025456333483,15.300177350580663,6,0.022782302159519843,False,True
unspecified,141,2,2.1405892590659675e-05,0.00012071703204167739,2.1405892590659675e-05,0.00012071703204167739,0.01,False,0.0,0.0,0.0,0.16,False,,,,,,True,True
unspecified,142,0,8.757216600247967,1.5449141912656084,0.10468151343351079,0.006659956904272648,0.01,False,1.0,0.016717054346919183,0.016717054346919183,0.16,False,0.12026782221107518,1.8391171692032242,15.291847273791113,6,0.022798868884237038,False,True
unspecified,142,1,0.10468151343351079,0.006659956904272648,2.1913012645209273e-05,0.00011725043433415414,0.01,False,1.0,0.00040043632336790727,0.00040043632336790727,0.16,False,0.12084189989127271,1.8384360812705853,15.2135648556065,6,0.022818024523256097,False,True
unspecified,142,2,2.1913012645209273e-05,0.00011725043433415414,2.1913012645209273e-05,0.00011725043433415414,0.01,False,0.0,0.0,0.0,0.16,False,,,,,,True,True
unspecified,143,0,8.926561546078188,1.5075975611102064,0.10767664582551391,0.00531444114387266,0.01,False,1.0,0.016316059459846776,0.016316059459846776,0.16,False,0.1209094498163904,1.8384509577676236,15.20518835012021,6,0.02283471466508802,False,True
unspecified,143,1,0.10767664582551391,0.00531444114387266,2.291238538906173e-05,0.00011673618146946944,0.01,False,1.0,0.0004112028570273823,0.0004112028570273823,0.16,False,0.12142960553510196,1.837778425807503,15.134516971450193,6,0.02282630130636791,False,True
unspecified,143,2,2.291238538906173e-05,0.00011673618146946944,2.291238538906173e-05,0.00011673618146946944,0.01,False,0.0,0.0,0.0,0.16,False,,,,,,True,True
unspecified,144,0,9.093752233528262,1.470735312903641,0.11100841892948055,0.004022440917734794,0.01,False,1.0,0.016096933932370154,0.016096933932370154,0.16,False,0.12149966413511777,1.8377942600339687,15.125920496291974,6,0.02284330373398181,False,True
unspecified,144,1,0.11100841892948055,0.004022440917734794,2.3967294524254516e-05,0.00012526771904797145,0.01,False,1.0,0.0004273246585896274,0.0004273246585896274,0.16,False,0.12195876176786352,1.8371333497313793,15.063561839273028,6,0.022805838341914162,False,True
unspecified,144,2,2.3967294524254516e-05,0.00012526771904797145,2.3967294524254516e-05,0.00012526771904797145,0.01,False,0.0,0.0,0.0,0.16,False,,,,,,True,True
unspecified,145,0,9.256903573135638,1.4347625092235978,0.11463976156351537,0.002834564648592285,0.01,False,1.0,0.01606356739458282,0.01606356739458282,0.16,False,0.12203139214674792,1.8371501992552521,15.054734416583571,6,0.022823159448053257,False,True
unspecified,145,1,0.11463976156351537,0.002834564648592285,2.509317629860799e-05,0.00014101314969994222,0.01,False,1.0,0.0004482467034643214,0.0004482467034643214,0.16,False,0.12242263155710673,1.8365035711210007,15.001340420168335,6,0.022755437144123456,False,True
unspecified,145,2,2.509317629860799e-05,0.00014101314969994222,2.509317629860799e-05,0.00014101314969994222,0.01,False,0.0,0.0,0.0,0.16,False,,,,,,True,True
unspecified,146,0,9.415098915496849,1.3998812657577577,0.11854262220315433,0.0018829418413455223,0.01,False,1.0,0.016208661192979062,0.016208661192979062,0.16,False,0.12249787575973023,1.8365214746253997,14.992272014802849,6,0.022773078456214804,False,True
unspecified,146,1,0.11854262220315433,0.0018829418413455223,2.631023298038882e-05,0.00016171762562712652,0.01,False,1.0,0.0004733695535411558,0.0004733695535411558,0.16,False,0.1228150517408504,1.8358914519912315,14.948423877759783,6,0.02267416433712976,False,True
unspecified,146,2,2.631023298038882e-05,0.00016171762562712652,2.631023298038882e-05,0.00016171762562712652,0.01,False,0.0,0.0,0.0,0.16,False,,,,,,True,True
unspecified,147,0,9.567562822976361,1.3662624398505951,0.12268877820872146,0.001556564265112703,0.01,False,1.0,0.016517608388624847,0.016517608388624847,0.16,False,0.12289293952157335,1.8359104344421004,14.93910424463249,6,0.02269212360288297,False,True
unspecified,147,1,0.12268877820872146,0.001556564265112703,2.7639688367401354e-05,0.00018562445329796414,0.01,False,1.0,0.0005021054031237709,0.0005021054031237709,0.16,False,0.12313051569381099,1.835299013627606,14.90531411556376,6,0.0225613666173258,False,True
unspecified,147,2,2.7639688367401354e-05,0.00018562445329796414,2.7639688367401354e-05,0.00018562445329796414,0.01,False,0.0,0.0,0.0,0.16,False,,,,,,True,True
unspecified,148,0,9.713645321036555,1.3340492343640444,0.12705043717806325,0.002089669041809671,0.01,False,1.0,0.01697096857849626,0.01697096857849626,0.16,False,0.12321106478490265,1.835319087247268,14.895732704293243,6,0.022579637830306542,False,True
unspecified,148,1,0.12705043717806325,0.002089669041809671,2.9102925327101533e-05,0.00021160388904563717,0.01,False,1.0,0.0005339260558162684,0.0005339260558162684,0.16,False,0.12336422291628418,1.8347279494262967,14.87244766800303,6,0.02241667823826457,False,True
unspecified,148,2,2.9102925327101533e-05,0.00021160388904563717,2.9102925327101533e-05,0.00021160388904563717,0.01,False,0.0,0.0,0.0,0.16,False,,,,,,True,True
unspecified,149,0,9.852805294628231,1.3033608570231536,0.13160050994230332,0.0030130457816226635,0.01,False,1.0,0.017547144559719566,0.017547144559719566,0.16,False,0.12344743946538418,1.8347491147115769,14.862593526907926,6,0.02243525174983536,False,True
unspecified,149,1,0.13160050994230332,0.0030130457816226635,3.0720716996520164e-05,0.00023898784164105326,0.01,False,1.0,0.0005683837362345153,0.0005683837362345153,0.16,False,0.12351210860544169,1.8341796384612234,14.850200997867292,6,0.02224002302663917,False,True
unspecified,149,2,3.0720716996520164e-05,0.00023898784164105326,3.0720716996520164e-05,0.00023898784164105326,0.01,False,0.0,0.0,0.0,0.16,False,,,,,,True,True
unspecified,150,0,10.516311008741939,1.1571548844282764,0.15266692027146278,0.007837982651959507,0.01,False,1.0,0.020809837464113957,0.020809837464113957,0.16,False,0.12359798763600151,1.83420188516489,14.840062692336469,6,0.022258885709029657,False,True
unspecified,150,1,0.15266692027146278,0.007837982651959507,3.793136161686161e-05,0.00035942081441131285,0.01,False,1.0,0.0007189436344210525,0.0007189436344210525,0.16,False,0.12355126894977206,1.8336951323747648,14.841572635892767,6,0.02198553184239412,False,True
unspecified,150,2,3.793136161686161e-05,0.00035942081441131285,3.793136161686161e-05,0.00035942081441131285,0.01,False,0.0,0.0,0.0,0.16,False,,,,,,True,True
unspecified,151,0,11.83571751538407,0.8663307623810866,0.20865127426910055,0.017843991624569018,0.01,False,1.0,0.030274405685003204,0.030274405685003204,0.16,False,0.12365017816533999,1.8337224824792844,14.829921878699643,6,0.022006340989703877,False,True
unspecified,151,1,0.20865127426910055,0.017843991624569018,6.568719466211985e-05,0.000640660987968156,0.01,False,1.0,0.001107657055215871,0.001107657055215871,0.16,False,0.12344430246442309,1.8333295335430255,14.851471448602458,6,0.02159363368190744,False,True
unspecified,151,2,6.568719466211985e-05,0.000640660987968156,6.568719466211985e-05,0.000640660987968156,0.01,False,0.0,0.0,0.0,0.16,False,,,,,,True,True
unspecified,152,0,13.158425251078262,0.5745986754602734,0.28774888217377426,0.028334632555206143,0.01,False,1.0,0.041894846510933476,0.041894846510933476,0.16,False,0.12357755840225693,1.8333687560744387,14.835774227765901,6,0.021620046977957125,False,True
unspecified,152,1,0.28774888217377426,0.028334632555206143,0.0001281629456126211,0.0010011808754941246,0.01,False,1.0,0.0016373016071761567,0.0016373016071761567,0.16,False,0.12319189974662995,1.8330827939708838,14.879897117756965,6,0.021064805374380633,False,True
unspecified,152,2,0.0001281629456126211,0.0010011808754941246,0.0001281629456126211,0.0010011808754941246,0.01,False,0.0,0.0,0.0,0.16,False,,,,,,True,True
unspecified,153,0,14.4790500415716,0.2832307115646923,0.3944012113878916,0.039562247391388354,0.01,False,1.0,0.05486662425981466,0.05486662425981466,0.16,False,0.12337288006353138,1.83313621387185,14.858502232645206,6,0.02109915623275811,False,True
unspecified,153,1,0.3944012113878916,0.039562247391388354,0.0002556573590865144,0.0014768361151897614,0.01,False,1.0,0.002342545891176235,0.002342545891176235,0.16,False,0.12280658457455226,1.8329339942514993,14.925372288476755,6,0.020404084665223532,False,True
unspecified,153,2,0.0002556573590865144,0.0014768361151897614,0.0002556573590865144,0.0014768361151897614,0.01,False,0.0,0.0,0.0,0.16,False,,,,,,True,True
unspecified,154,0,15.797140578125132,0.007726772863018797,0.5348769648378109,0.05199850928689571,0.01,False,1.0,0.06920765602348772,0.06920765602348772,0.16,False,0.12305116861113748,1.8330035989361437,14.896271361133882,6,0.020448935872465834,False,True
unspecified,154,1,0.5348769648378109,0.05199850928689571,0.0005053353101245883,0.0021286721110369195,0.01,False,1.0,0.0032846457142842564,0.0032846457142842564,0.16,False,0.12232482274073776,1.832839981723353,14.983385552153866,6,0.019622830788448647,False,True
unspecified,154,2,0.0005053353101245883,0.0021286721110369195,0.0005053353101245883,0.0021286721110369195,0.01,False,0.0,0.0,0.0,0.16,False,,,,,,True,True
unspecified,155,0,17.11381422012036,0.2985433663521806,0.7169337370180786,0.0663573485723871,0.01,False,1.0,0.08529035708722399,0.08529035708722399,0.16,False,0.12265256803036197,1.8329270907191197,14.944058001829923,6,0.019681129692350845,False,True
unspecified,155,1,0.7169337370180786,0.0663573485723871,0.0009841008752215655,0.003052134604648329,0.01,False,1.0,0.004547803922452921,0.004547803922452921,0.16,False,0.12181234716239375,1.8327261297338198,15.045487361724724,6,0.018739673098530796,False,True
unspecified,155,2,0.0009841008752215655,0.003052134604648329,0.0009841008752215655,0.003052134604648329,0.01,False,0.0,0.0,0.0,0.16,False,,,,,,True,True
unspecified,156,0,18.43010787438684,0.5896007722245239,0.9485690397401871,0.08370085875384337,0.01,False,1.0,0.10372113094645999,0.10372113094645999,0.16,False,0.12224774048464067,1.8328306028919819,14.992756476527765,6,0.018814929214486818,False,True
unspecified,156,1,0.9485690397401871,0.08370085875384337,0.00188304460072168,0.00438939004897665,0.01,False,1.0,0.006230873801256526,0.006230873801256526,0.16,False,0.1213744927143127,1.8324726901365296,15.097675377723256,6,0.0177822519848193,False,True
unspecified,156,2,0.00188304460072168,0.00438939004897665,0.00188304460072168,0.00438939004897665,0.01,False,0.0,0.0,0.0,0.16,False,,,,,,True,True
unspecified,157,0,18.847897255745355,0.6831462091557682,1.0761339268350512,0.09684664641750934,0.01,False,1.0,0.11562834307473877,0.11562834307473877,0.16,False,0.12194805858335198,1.8325914581488936,15.027639467473032,6,0.01787874497181932,False,True
unspecified,157,1,1.0761339268350512,0.09684664641750934,0.0026438586170237587,0.005547073767986364,0.01,False,1.0,0.007371055540886619,0.007371055540886619,0.16,False,0.12127799616774193,1.8319637208391795,15.105491339957128,6,0.016876963501371977,False,True
unspecified,157,2,0.0026438586170237587,0.005547073767986364,0.0026438586170237587,0.005547073767986364,0.01,False,0.0,0.0,0.0,0.16,False,,,,,,True,True
unspecified,158,0,15.669683998651102,0.01600091615895911,0.6358703284851417,0.07467962445960899,0.01,False,1.0,0.08848430081881872,0.08848430081881872,0.16,False,0.1219330308366947,1.8320753330450743,15.025258705319798,6,0.01698467915139252,False,True
unspecified,158,1,0.6358703284851417,0.07467962445960899,0.0009620267866726022,0.0037775837422886903,0.01,False,1.0,0.0046448665077857285,0.0046448665077857285,0.16,False,0.12184998764163185,1.8314440662538662,15.030318030398604,6,0.016353023859504177,False,True
unspecified,158,2,0.0009620267866726022,0.0037775837422886903,0.0009620267866726022,0.0037775837422886903,0.01,False,0.0,0.0,0.0,0.16,False,,,,,,True,True
unspecified,159,0,12.110251631654661,0.8023059849546699,0.2764900979002045,0.04028435482849416,0.01,False,1.0,0.05274327927773398,0.05274327927773398,0.16,False,0.1222510737503641,1.831501410773327,14.981475046290726,6,0.016418094184577927,False,True
unspecified,159,1,0.2764900979002045,0.04028435482849416,0.00016997417849177129,0.0016880586136339925,0.01,False,1.0,0.001997040735377214,0.001997040735377214,0.16,False,0.12250381929918028,1.8311334397437737,14.947562045161694,6,0.016125218077759164,False,True
unspecified,159,2,0.00016997417849177129,0.0016880586136339925,0.00016997417849177129,0.0016880586136339925,0.01,False,0.0,0.0,0.0,0.16,False,,,,,,True,True
unspecified,160,0,8.533966717737483,1.5923758520638869,0.10838068420682759,0.003311628808751954,0.01,False,1.0,0.024130436526846853,0.024130436526846853,0.16,False,0.1226871686054646,1.8311582461930773,14.925425918676845,6,0.016155902125968954,False,True
unspecified,160,1,0.10838068420682759,0.003311628808751954,2.1951775600812877e-05,0.0001835252383202066,0.01,False,1.0,0.00042687188287802487,0.00042687188287802487,0.16,False,0.12303594790669894,1.8311706675247212,14.883216642613597,6,0.01615529003777168,False,True
unspecified,160,2,2.1951775600812877e-05,0.0001835252383202066,2.1951775600812877e-05,0.0001835252383202066,0.01,False,0.0,0.0,0.0,0.16,False,,,,,,True,True
unspecified,161,0,5.296703456592943,2.3069505954086376,0.1315604504163634,0.04026796302193404,0.01,False,1.0,0.04229835248617065,0.04229835248617065,0.16,False,0.12311234569135199,1.83118607400189,14.874105953538999,6,0.016171814035534967,False,True
unspecified,161,1,0.1315604504163634,0.04026796302193404,3.2318929830444396e-05,0.00078387710270141,0.01,False,1.0,0.000975354293913834,0.000975354293913834,0.16,False,0.12346599784093654,1.8314816417854456,14.833894949320188,6,0.016424510251441125,False,True
unspecified,161,2,3.2318929830444396e-05,0.00078387710270141,3.2318929830444396e-05,0.00078387710270141,0.01,False,0.0,0.0,0.0,0.16,False,,,,,,True,True
unspecified,162,0,4.631017093323668,2.4543340922300376,0.15862219956044915,0.04693145431643994,0.01,False,1.0,0.04868335989812831,0.04868335989812831,0.16,False,0.12355388889040518,1.8315039011358893,14.82352289825916,6,0.016447805764061654,False,True
unspecified,162,1,0.15862219956044915,0.04693145431643994,4.6107750861595215e-05,0.0008186913773606488,0.01,False,1.0,0.0010910068082053883,0.0010910068082053883,0.16,False,0.12390651548917303,1.831742236749202,14.7832600208119,6,0.016756626707670672,False,True
unspecified,162,2,4.6107750861595215e-05,0.0008186913773606488,4.6107750861595215e-05,0.0008186913773606488,0.01,False,0.0,0.0,0.0,0.16,False,,,,,,True,True
unspecified,163,0,4.470797809271568,2.4896370275478903,0.1633760426394051,0.04716550382234699,0.01,False,1.0,0.04965860979506464,0.04965860979506464,0.16,False,0.12400815727704649,1.831765347519675,14.771329465265175,6,0.01678333953660651,False,True
unspecified,163,1,0.1633760426394051,0.04716550382234699,5.017450056644123e-05,0.0007764820703511586,0.01,False,1.0,0.001083910163656946,0.001083910163656946,0.16,False,0.12438092811947474,1.8318874474126912,14.728041309139149,6,0.017111264474251403,False,True
unspecified,163,2,5.017450056644123e-05,0.0007764820703511586,5.017450056644123e-05,0.0007764820703511586,0.01,False,0.0,0.0,0.0,0.16,False,,,,,,True,True
unspecified,164,0,4.278537070787828,2.5319175678227905,0.16949892960214602,0.04764921653347009,0.01,False,1.0,0.050914462427983136,0.050914462427983136,0.16,False,0.12448493644880769,1.8319087268275618,14.715906832477703,6,0.017138549335416992,False,True
unspecified,164,1,0.16949892960214602,0.04764921653347009,5.648157092604703e-05,0.0007401710474556179,0.01,False,1.0,0.0010846552154101078,0.0010846552154101078,0.16,False,0.12490713741335097,1.8319091094860391,14.66616838254618,6,0.017491898394495088,False,True
unspecified,164,2,5.648157092604703e-05,0.0007401710474556179,5.648157092604703e-05,0.0007401710474556179,0.01,False,0.0,0.0,0.0,0.16,False,,,,,,True,True
unspecified,165,0,4.085767639503946,2.574313723954942,0.17537770209118345,0.04802123853526337,0.01,False,1.0,0.05211597474379842,0.05211597474379842,0.16,False,0.12501409029851557,1.8319287826625703,14.65377845239836,6,0.01751987172344331,False,True
unspecified,165,1,0.17537770209118345,0.04802123853526337,6.35075607854268e-05,0.000706372702549593,0.01,False,1.0,0.0010857435143266658,0.0010857435143266658,0.16,False,0.12551131088160805,1.831799938811827,14.59470007878192,6,0.01790226934506101,False,True
unspecified,165,2,6.35075607854268e-05,0.000706372702549593,6.35075607854268e-05,0.000706372702549593,0.01,False,0.0,0.0,0.0,0.16,False,,,,,,True,True
unspecified,166,0,4.072203435656926,2.5772600581541556,0.1719374494447307,0.04655532086995367,0.01,False,1.0,0.05149095661696149,0.05149095661696149,0.16,False,0.12562090600301948,1.8318180799342703,14.582111674073102,6,0.01793084901929119,False,True
unspecified,166,1,0.1719374494447307,0.04655532086995367,6.347359819438345e-05,0.0006625530957671199,0.01,False,1.0,0.001048947282841535,0.001048947282841535,0.16,False,0.1261740654421871,1.8315571094934755,14.516113934148331,6,0.018323437180328445,False,True
unspecified,166,2,6.347359819438345e-05,0.0006625530957671199,6.347359819438345e-05,0.0006625530957671199,0.01,False,0.0,0.0,0.0,0.16,False,,,,,,True,True
unspecified,167,0,4.074787795109545,2.5766434756796883,0.16788741565480003,0.045055408431672855,0.01,False,1.0,0.05074963672075522,0.05074963672075522,0.16,False,0.12628143295410207,1.831573091402798,14.503898542777042,6,0.018351470089527172,False,True
unspecified,167,1,0.16788741565480003,0.045055408431672855,6.256056755482018e-05,0.0006231730411136694,0.01,False,1.0,0.0010117290038358746,0.0010117290038358746,0.16,False,0.12689137468313422,1.8311858888496186,14.431129723532036,6,0.01875239648225143,False,True
unspecified,167,2,6.256056755482018e-05,0.0006231730411136694,6.256056755482018e-05,0.0006231730411136694,0.01,False,0.0,0.0,0.0,0.16,False,,,,,,True,True
unspecified,168,0,4.0530004475093735,2.581397417472243,0.1651449684747174,0.04389189106412267,0.01,False,1.0,0.05028114746559137,0.05028114746559137,0.16,False,0.12699602890063227,1.8311999013603668,14.419347732464805,6,0.0187797628290708,False,True
unspecified,168,1,0.1651449684747174,0.04389189106412267,6.22085688634417e-05,0.0005902209900909325,0.01,False,1.0,0.0009818633012613058,0.0009818633012613058,0.16,False,0.1276731097625851,1.8306912167100458,14.338894228505225,6,0.0191924811120778,False,True
unspecified,168,2,6.22085688634417e-05,0.0005902209900909325,6.22085688634417e-05,0.0005902209900909325,0.01,False,0.0,0.0,0.0,0.16,False,,,,,,True,True
unspecified,169,0,4.007159701468853,2.59145317836887,0.16352204528646258,0.04301655754183376,0.01,False,1.0,0.0500609594709505,0.0500609594709505,0.16,False,0.1277755021886279,1.8307035652359116,14.327500451012474,6,0.01921928695595943,False,True
unspecified,169,1,0.16352204528646258,0.04301655754183376,6.225972007707982e-05,0.000562537367458521,0.01,False,1.0,0.000958136291776787,0.000958136291776787,0.16,False,0.1285325100582797,1.8300764108884302,14.238237548295213,6,0.019647916431769843,False,True
unspecified,169,2,6.225972007707982e-05,0.000562537367458521,6.225972007707982e-05,0.000562537367458521,0.01,False,0.0,0.0,0.0,0.16,False,,,,,,True,True
unspecified,170,0,3.9380318604152267,2.606640815620845,0.1628422261013057,0.04238564911652442,0.01,False,1.0,0.05006408961109037,0.05006408961109037,0.16,False,0.12863297911381041,1.8300873386634842,14.227201696419396,6,0.019674244719674876,False,True
unspecified,170,1,0.1628422261013057,0.04238564911652442,6.257677945740459e-05,0.0005391658569247994,0.01,False,1.0,0.000939426924046022,0.000939426924046022,0.16,False,0.1294849512596965,1.8293433176019878,14.127844971984704,6,0.02012348098491006,False,True
unspecified,170,2,6.257677945740459e-05,0.0005391658569247994,6.257677945740459e-05,0.0005391658569247994,0.01,False,0.0,0.0,0.0,0.16,False,,,,,,True,True
unspecified,171,0,3.846857889885374,2.6266860594257495,0.16293601541359592,0.041958842665900865,0.01,False,1.0,0.05026446540719673,0.05026446540719673,0.16,False,0.12958372948223074,1.8293530168295011,14.11715054149875,6,0.020149391831470295,False,True
unspecified,171,1,0.16293601541359592,0.041958842665900865,6.303326201333645e-05,0.0005192915157507883,0.01,False,1.0,0.0009246716941802966,0.0009246716941802966,0.16,False,0.1305475896472141,1.8284926613679158,14.006330306895375,6,0.020624394785374874,False,True
unspecified,171,2,6.303326201333645e-05,0.0005192915157507883,6.303326201333645e-05,0.0005192915157507883,0.01,False,0.0,0.0,0.0,0.16,False,,,,,,True,True
unspecified,172,0,3.7683167289677177,2.6439532558579195,0.16242181620966753,0.041447637631868386,0.01,False,1.0,0.050347075218020704,0.050347075218020704,0.16,False,0.1306448075004398,1.8285012815661295,13.99597363683952,6,0.020649925264370306,False,True
unspecified,172,1,0.16242181620966753,0.041447637631868386,6.259690562245562e-05,0.0004999243476780848,0.01,False,1.0,0.0009073138005608172,0.0009073138005608172,0.16,False,0.13172162832964665,1.8275276249409156,13.874165147483172,6,0.021149999256107596,False,True
unspecified,172,2,6.259690562245562e-05,0.0004999243476780848,6.259690562245562e-05,0.0004999243476780848,0.01,False,0.0,0.0,0.0,0.16,False,,,,,,True,True
unspecified,173,0,3.881056232297291,2.6191136130653265,0.15526237241299634,0.03954641461518186,0.01,False,1.0,0.048787973394212515,0.048787973394212515,0.16,False,0.13181673211838674,1.8275352153705355,13.864212729300531,6,0.021175015664123935,False,True
unspecified,173,1,0.15526237241299634,0.03954641461518186,5.699276964240985e-05,0.000468511684020365,0.01,False,1.0,0.0008591448384197849,0.0008591448384197849,0.16,False,0.13290690388694687,1.8264721098706578,13.742492349564396,6,0.02166434072734632,False,True
unspecified,173,2,5.699276964240985e-05,0.000468511684020365,5.699276964240985e-05,0.000468511684020365,0.01,False,0.0,0.0,0.0,0.16,False,,,,,,True,True
unspecified,174,0,4.009694240998242,2.5907642295837414,0.14860105234364496,0.037665840586446134,0.01,False,1.0,0.04716430312947589,0.04716430312947589,0.16,False,0.1329964780772268,1.8264784513153252,13.733284352498021,6,0.021687973802815678,False,True
unspecified,174,1,0.14860105234364496,0.037665840586446134,5.181524589434985e-05,0.00043735884419771737,0.01,False,1.0,0.0008122668051291922,0.0008122668051291922,0.16,False,0.13407987086893408,1.825337627295382,13.613808064296903,6,0.022160803247164206,False,True
unspecified,174,2,5.181524589434985e-05,0.00043735884419771737,5.181524589434985e-05,0.00043735884419771737,0.01,False,0.0,0.0,0.0,0.16,False,,,,,,True,True
unspecified,175,0,4.114571277445283,2.5676458763815337,0.1435642287501415,0.03607226891623637,0.01,False,1.0,0.04580194390997916,0.04580194390997916,0.16,False,0.13416397308955405,1.8253429533791856,13.60531379136167,6,0.022183037224310417,False,True
unspecified,175,1,0.1435642287501415,0.03607226891623637,4.7788872116235725e-05,0.0004091027113497574,0.01,False,1.0,0.0007723187786154108,0.0007723187786154108,0.16,False,0.1352435594281026,1.8241308347851646,13.487746422075638,6,0.022641589881092782,False,True
unspecified,175,2,4.7788872116235725e-05,0.0004091027113497574,4.7788872116235725e-05,0.0004091027113497574,0.01,False,0.0,0.0,0.0,0.16,False,,,,,,True,True
unspecified,176,0,4.193975357335571,2.5501378127477414,0.13988473666111811,0.0347424850097098,0.01,False,1.0,0.04469480572700113,0.04469480572700113,0.16,False,0.13532279168447983,1.8241353945729233,13.479882966249308,6,0.022662553467114585,False,True
unspecified,176,1,0.13988473666111811,0.0347424850097098,4.4641785583282035e-05,0.0003836840448540561,0.01,False,1.0,0.0007384909436105707,0.0007384909436105707,0.16,False,0.13640592348732578,1.822856550372717,13.363470616010957,6,0.02311016614760844,False,True
unspecified,176,2,4.4641785583282035e-05,0.0003836840448540561,4.4641785583282035e-05,0.0003836840448540561,0.01,False,0.0,0.0,0.0,0.16,False,,,,,,True,True
unspecified,177,0,4.246685786254791,2.5385089717970044,0.1373316188299533,0.03365543211473877,0.01,False,1.0,0.043835514580740406,0.043835514580740406,0.16,False,0.13648076476911913,1.8228605331814414,13.356171737937766,6,0.02312996469172008,False,True
unspecified,177,1,0.1373316188299533,0.03365543211473877,4.2167880540766635e-05,0.0003609903413843348,0.01,False,1.0,0.0007100178283692537,0.0007100178283692537,0.16,False,0.1375787852306896,1.8215179718487748,13.239817234862823,6,0.023570985281839825,False,True
unspecified,177,2,4.2167880540766635e-05,0.0003609903413843348,4.2167880540766635e-05,0.0003609903413843348,0.01,False,0.0,0.0,0.0,0.16,False,,,,,,True,True
unspecified,178,0,4.271917146794729,2.5329323713258782,0.1357111258270173,0.03279162349544672,0.01,False,1.0,0.04321549448235569,0.04321549448235569,0.16,False,0.13764960749207725,1.8215215153430324,13.233030943788739,6,0.023589702814281268,False,True
unspecified,178,1,0.1357111258270173,0.03279162349544672,4.021404281304761e-05,0.0003408572966336142,0.01,False,1.0,0.0006861740292800014,0.0006861740292800014,0.16,False,0.13877740925797494,1.820116957033617,13.115369185558007,6,0.02402937347760479,False,True
unspecified,178,2,4.021404281304761e-05,0.0003408572966336142,4.021404281304761e-05,0.0003408572966336142,0.01,False,0.0,0.0,0.0,0.16,False,,,,,,True,True
unspecified,179,0,4.269281309282765,2.5334933853688,0.13486365350851767,0.03213257611098198,0.01,False,1.0,0.04282489953367352,0.04282489953367352,0.16,False,0.13884449202586654,1.820120155301423,13.1090555249562,6,0.024047074609522108,False,True
unspecified,179,1,0.13486365350851767,0.03213257611098198,3.866847870118564e-05,0.0003230747619734101,0.01,False,1.0,0.0006662697777663558,0.0006662697777663558,0.16,False,0.1400200268847226,1.8186542856795438,12.988529756367122,6,0.024491406095552667,False,True
unspecified,179,2,3.866847870118564e-05,0.0003230747619734101,3.866847870118564e-05,0.0003230747619734101,0.01,False,0.0,0.0,0.0,0.16,False,,,,,,True,True
unspecified,180,0,4.238768859898399,2.5401939022896265,0.13465839240816577,0.0316603105750786,0.01,False,1.0,0.04265246322192917,0.04265246322192917,0.16,False,0.1400835692822564,1.8186571967343272,12.982658894633735,6,0.024508137506367968,False,True
unspecified,180,1,0.13465839240816577,0.0316603105750786,3.745109062575315e-05,0.00030739472149436437,0.01,False,1.0,0.000649646805076772,0.000649646805076772,0.16,False,0.14132730727745094,1.8171299074834693,12.857599444077119,6,0.024963774220549538,False,True
unspecified,180,2,3.745109062575315e-05,0.00030739472149436437,3.745109062575315e-05,0.00030739472149436437,0.01,False,0.0,0.0,0.0,0.16,False,,,,,,True,True
