rank,from_index,to_index,joint,step_deg,raw_step_deg,limit_deg,exceeds_limit,from_t,to_t,from_deg,to_deg
1,15,16,j6,14.991790333724396,14.991790333724397,20.0,false,42.681461889,71.318007554,13.900000053825035,-1.0917902798993615
2,15,16,j2,13.264460987284442,13.264460987284457,20.0,false,42.681461889,71.318007554,-103.57382687457516,-90.3093658872907
3,15,16,j4,13.01198154951652,13.011981549516507,20.0,false,42.681461889,71.318007554,-45.80171843039709,-32.78973688088058
4,6,7,j4,9.572363198632454,9.572363198632454,20.0,false,17.071286255,19.91500587,-19.72024664644835,-29.292609845080804
5,85,86,j1,8.34016473033449,8.340164730334482,20.0,false,290.889449646,293.87368339,24.175780756953618,15.835616026619133
6,7,8,j4,7.5573652739945585,7.5573652739945585,20.0,false,19.91500587,22.761446329,-29.292609845080804,-36.84997511907536
7,5,6,j4,7.180259658439491,7.180259658439483,20.0,false,14.227583825,17.071286255,-12.539986988008867,-19.72024664644835
8,25,26,j4,6.784207740836582,6.784207740836568,20.0,false,98.823754595,105.505047792,-40.01876146218067,-33.234553721344106
9,86,87,j1,6.476875909153274,6.476875909153282,20.0,false,293.87368339,296.862292171,15.835616026619133,9.358740117465851
10,84,85,j1,6.376537918675466,6.376537918675464,20.0,false,287.911137954,290.889449646,30.55231867562908,24.175780756953618
11,84,85,j6,6.163518591555325,6.163518591555325,20.0,false,287.911137954,290.889449646,164.6649433069866,170.82846189854192
12,24,25,j4,5.9885745075086625,5.988574507508655,20.0,false,92.691337775,98.823754595,-46.00733596968933,-40.01876146218067
13,156,157,j4,5.891207353797732,5.8912073537977445,20.0,false,516.153421758,522.436790365,-40.18186533266073,-46.073072686458474
14,83,84,j1,5.727208769051484,5.727208769051478,20.0,false,284.940230163,287.911137954,36.27952744468056,30.55231867562908
15,8,9,j4,5.570574324461731,5.570574324461725,20.0,false,22.761446329,25.601132925,-36.84997511907536,-42.420549443537084
16,83,84,j6,5.4952789091554175,5.4952789091554175,20.0,false,284.940230163,287.911137954,159.16966439783118,164.6649433069866
17,4,5,j4,5.487077075196286,5.487077075196297,20.0,false,11.382493727,14.227583825,-7.052909912812569,-12.539986988008867
18,82,83,j1,5.296419346821462,5.296419346821475,20.0,false,281.978163555,284.940230163,41.575946791502034,36.27952744468056
19,155,156,j4,5.286983326405575,5.286983326405582,20.0,false,510.009527531,516.153421758,-34.89488200625515,-40.18186533266073
20,82,83,j6,5.05217761319626,5.05217761319626,20.0,false,281.978163555,284.940230163,154.1174867846349,159.16966439783118
21,26,27,j4,4.97832103180669,4.978321031806693,20.0,false,105.505047792,111.500916495,-33.234553721344106,-28.25623268953741
22,81,82,j1,4.956335245058363,4.956335245058363,20.0,false,279.02509293,281.978163555,46.532282036560396,41.575946791502034
23,81,82,j6,4.709253923175192,4.709253923175192,20.0,false,279.02509293,281.978163555,149.40823286145974,154.1174867846349
24,80,81,j1,4.674299511380081,4.674299511380081,20.0,false,276.066031811,279.02509293,51.20658154794048,46.532282036560396
25,3,4,j4,4.6140930612726425,4.614093061272636,20.0,false,8.536946297,11.382493727,-2.4388168515399333,-7.052909912812569
26,79,80,j1,4.472822317722059,4.472822317722053,20.0,false,273.096969256,276.066031811,55.67940386566253,51.20658154794048
27,80,81,j6,4.436189115274826,4.436189115274826,20.0,false,276.066031811,279.02509293,144.9720437461849,149.40823286145974
28,9,10,j4,4.430091376240747,4.430091376240759,20.0,false,25.601132925,28.454459384,-42.420549443537084,-46.850640819777844
29,154,155,j4,4.270652263179116,4.270652263179128,20.0,false,504.304651239,510.009527531,-30.624229743076018,-34.89488200625515
30,78,79,j1,4.268765465251301,4.2687654652512945,20.0,false,270.119530412,273.096969256,59.94816933091383,55.67940386566253
31,79,80,j6,4.255434557499814,4.255434557499814,20.0,false,273.096969256,276.066031811,140.71660918868508,144.9720437461849
32,0,1,j5,4.227357032347359,4.227357032347372,20.0,false,0.0,2.845472524,63.12762115349428,58.90026412114691
33,157,158,j4,4.219080289587283,4.219080289587295,20.0,false,522.436790365,527.660273284,-46.073072686458474,-50.29215297604577
34,85,86,j6,4.164307890314101,4.164307890314101,20.0,false,290.889449646,293.87368339,170.82846189854192,174.992769788856
35,2,3,j4,4.154124588086487,4.154124588086496,20.0,false,5.6912399570000005,8.536946297,1.7153077365465628,-2.4388168515399333
36,78,79,j6,4.083623243156307,4.083623243156307,20.0,false,270.119530412,273.096969256,136.6329859455288,140.71660918868508
37,77,78,j1,4.063182918334137,4.063182918334124,20.0,false,267.135382209,270.119530412,64.01135224924795,59.94816933091383
38,1,2,j5,3.9805286087496503,3.980528608749644,20.0,false,2.845472524,5.6912399570000005,58.90026412114691,54.91973551239727
39,77,78,j6,3.9203976427106664,3.9203976427106664,20.0,false,267.135382209,270.119530412,132.71258830281812,136.6329859455288
40,1,2,j4,3.8812500192103405,3.8812500192103325,20.0,false,2.845472524,5.6912399570000005,5.596557755756896,1.7153077365465628
41,76,77,j1,3.857404452851247,3.857404452851247,20.0,false,264.146226053,267.135382209,67.86875670209919,64.01135224924795
42,16,17,j4,3.809408385034507,3.809408385034513,20.0,false,71.318007554,72.858246668,-32.78973688088058,-36.59914526591509
43,2,3,j5,3.792813482656243,3.7928134826562494,20.0,false,5.6912399570000005,8.536946297,54.91973551239727,51.12692202974102
44,0,1,j4,3.7916231121213957,3.7916231121213935,20.0,false,0.0,2.845472524,9.388180867878289,5.596557755756896
45,76,77,j6,3.765384618829392,3.765384618829392,20.0,false,264.146226053,267.135382209,128.94720368398873,132.71258830281812
46,23,24,j4,3.726122494098362,3.726122494098349,20.0,false,87.648047449,92.691337775,-49.73345846378768,-46.00733596968933
47,75,76,j1,3.6709649982703376,3.6709649982703376,20.0,false,261.153834064,264.146226053,71.53972170036954,67.86875670209919
48,75,76,j6,3.6374341437583833,3.6374341437583833,20.0,false,261.153834064,264.146226053,125.30976954023033,128.94720368398873
49,3,4,j5,3.6343129614747136,3.63431296147472,20.0,false,8.536946297,11.382493727,51.12692202974102,47.4926090682663
50,94,95,j1,3.63261083274002,3.632610832740032,20.0,false,317.773562978,320.740963588,-10.596466048821037,-6.963855216081004
51,5,6,j5,3.6287685242325507,3.6287685242325507,20.0,false,14.227583825,17.071286255,43.91753363383908,40.28876510960653
52,17,18,j4,3.6270987678261317,3.6270987678261384,20.0,false,72.858246668,74.588535241,-36.59914526591509,-40.22624403374123
53,94,95,j6,3.5933354148332453,3.5933354148332453,20.0,false,317.773562978,320.740963588,174.992769788856,171.39943437402277
54,4,5,j5,3.5750754344272035,3.5750754344272164,20.0,false,11.382493727,14.227583825,47.4926090682663,43.91753363383908
55,74,75,j6,3.4737218896063795,3.4737218896063795,20.0,false,258.15988968,261.153834064,121.83604765062395,125.30976954023033
56,74,75,j1,3.4461022145731404,3.446102214573153,20.0,false,258.15988968,261.153834064,74.98582391494269,71.53972170036954
57,18,19,j4,3.389955335490473,3.389955335490473,20.0,false,74.588535241,76.50034991,-40.22624403374123,-43.61619936923171
58,6,7,j5,3.378422031946064,3.378422031946077,20.0,false,17.071286255,19.91500587,40.28876510960653,36.91034307766045
59,153,154,j4,3.3703258500392237,3.3703258500392175,20.0,false,499.038799414,504.304651239,-27.253903893036803,-30.624229743076018
60,73,74,j6,3.34254921182578,3.34254921182578,20.0,false,255.1661504,258.15988968,118.49349843879817,121.83604765062395
61,27,28,j4,3.2820816750033788,3.2820816750033757,20.0,false,111.500916495,116.761279932,-28.25623268953741,-24.974151014534034
62,73,74,j1,3.2495334817935144,3.2495334817935144,20.0,false,255.1661504,258.15988968,78.2353573967362,74.98582391494269
63,156,157,j2,3.2398477000682093,3.2398477000682093,20.0,false,516.153421758,522.436790365,-105.56103883444099,-102.32119113437278
64,72,73,j6,3.2179526782320367,3.2179526782320367,20.0,false,252.174372343,255.1661504,115.27554576056615,118.49349843879817
65,17,18,j6,3.188408293183551,3.1884082931835502,20.0,false,72.858246668,74.588535241,2.0933240962231183,5.281732389406669
66,16,17,j6,3.1851143761224714,3.18511437612248,20.0,false,71.318007554,72.858246668,-1.0917902798993615,2.0933240962231183
67,85,86,j4,3.1359909116196203,3.1359909116196327,20.0,false,290.889449646,293.87368339,-63.35520799803471,-60.21921708641508
68,18,19,j6,3.131938939868628,3.131938939868627,20.0,false,74.588535241,76.50034991,5.281732389406669,8.413671329275296
69,19,20,j4,3.118496754240596,3.118496754240596,20.0,false,76.50034991,78.5842664,-43.61619936923171,-46.734696123472304
70,71,72,j6,3.0998714659345024,3.0998714659345024,20.0,false,249.186300582,252.174372343,112.17567429463163,115.27554576056615
71,72,73,j1,3.0576583026472477,3.057658302647235,20.0,false,252.174372343,255.1661504,81.29301569938343,78.2353573967362
72,10,11,j4,3.0555590573041655,3.0555590573041784,20.0,false,28.454459384,31.299765777,-46.850640819777844,-49.906199877082024
73,19,20,j6,3.0355310510126645,3.0355310510126583,20.0,false,76.50034991,78.5842664,8.413671329275296,11.449202380287954
74,157,158,j2,2.989134231744606,2.989134231744606,20.0,false,522.436790365,527.660273284,-102.32119113437278,-99.33205690262818
75,70,71,j6,2.9882524815262856,2.988252481526273,20.0,false,246.203660012,249.186300582,109.18742181310536,112.17567429463163
76,24,25,j2,2.9444682580678947,2.9444682580679076,20.0,false,92.691337775,98.823754595,-103.4793390250655,-106.42380728313341
77,20,21,j6,2.9141019730004576,2.9141019730004607,20.0,false,78.5842664,80.829413921,11.449202380287954,14.363304353288415
78,164,165,j4,2.9027061654927437,2.90270616549275,20.0,false,540.767456937,542.129398642,-41.38248163508176,-38.479775469589015
79,89,90,j1,2.8931986305197728,2.893198630519763,20.0,false,302.846414635,305.838774321,3.653668365267466,0.7604697347477034
80,90,91,j1,2.892591775523441,2.892591775523442,20.0,false,305.838774321,308.829225845,0.7604697347477034,-2.132122040775738
81,69,70,j6,2.8830707537372637,2.8830707537372637,20.0,false,243.228145845,246.203660012,106.3043510593681,109.18742181310536
82,88,89,j1,2.8726996980292725,2.872699698029267,20.0,false,299.853726655,302.846414635,6.526368063296734,3.653668365267466
83,71,72,j1,2.8715336470881554,2.8715336470881554,20.0,false,249.186300582,252.174372343,84.16454934647159,81.29301569938343
84,91,92,j1,2.8707861915585777,2.870786191558587,20.0,false,308.829225845,311.816200801,-2.132122040775738,-5.002908232334326
85,165,166,j4,2.855297753354074,2.8552977533540678,20.0,false,542.129398642,543.486819662,-38.479775469589015,-35.62447771623494
86,163,164,j4,2.843782716418715,2.843782716418715,20.0,false,539.341262109,540.767456937,-44.226264351500475,-41.38248163508176
87,87,88,j1,2.832372054169113,2.8323720541691184,20.0,false,296.862292171,299.853726655,9.358740117465851,6.526368063296734
88,23,24,j2,2.830381486657722,2.830381486657735,20.0,false,87.648047449,92.691337775,-100.64895753840777,-103.4793390250655
89,92,93,j1,2.828892776913148,2.828892776913137,20.0,false,311.816200801,314.798151919,-5.002908232334326,-7.831801009247462
90,20,21,j4,2.825616731046443,2.825616731046437,20.0,false,78.5842664,80.829413921,-46.734696123472304,-49.560312854518735
91,166,167,j4,2.801305407316182,2.8013054073161756,20.0,false,543.486819662,544.845102313,-35.62447771623494,-32.82317230891877
92,68,69,j6,2.7843408691658422,2.7843408691658422,20.0,false,240.261413601,243.228145845,103.52001019020226,106.3043510593681
93,162,163,j4,2.7802600942653712,2.780260094265359,20.0,false,537.850983886,539.341262109,-47.006524445765834,-44.226264351500475
94,93,94,j1,2.7646650395735857,2.7646650395735746,20.0,false,314.798151919,317.773562978,-7.831801009247462,-10.596466048821037
95,167,168,j4,2.7632700938355335,2.7632700938355397,20.0,false,544.845102313,546.196122708,-32.82317230891877,-30.05990221508323
96,168,169,j4,2.7396250314795787,2.7396250314795694,20.0,false,546.196122708,547.531863067,-30.05990221508323,-27.32027718360366
97,161,162,j4,2.7320166308027334,2.7320166308027205,20.0,false,536.307302562,537.850983886,-49.73854107656856,-47.006524445765834
98,170,171,j4,2.7287286236004578,2.7287286236004578,20.0,false,548.844561039,550.126867908,-24.59157587772844,-21.862847254127985
99,169,170,j4,2.728701305875228,2.728701305875218,20.0,false,547.531863067,548.844561039,-27.32027718360366,-24.59157587772844
100,171,172,j4,2.721961844891275,2.7219618448912657,20.0,false,550.126867908,551.382994285,-21.862847254127985,-19.14088540923672
101,86,87,j4,2.7204962188205952,2.7204962188205952,20.0,false,293.87368339,296.862292171,-60.21921708641508,-57.49872086759448
102,67,68,j6,2.6921374812498944,2.6921374812498944,20.0,false,237.305068714,240.261413601,100.82787270895237,103.52001019020226
103,70,71,j1,2.6919516494552616,2.691951649455274,20.0,false,246.203660012,249.186300582,86.85650099592687,84.16454934647159
104,155,156,j2,2.6363459646108005,2.6363459646108134,20.0,false,510.009527531,516.153421758,-108.1973847990518,-105.56103883444099
105,172,173,j4,2.624677958349098,2.624677958349095,20.0,false,551.382994285,552.676698652,-19.14088540923672,-16.516207450887624
106,66,67,j6,2.6107501460227303,2.6107501460227427,20.0,false,234.358907113,237.305068714,98.21712256292962,100.82787270895237
107,15,16,j3,2.6071324366919373,2.6071324366919373,20.0,false,42.681461889,71.318007554,147.3705647729093,144.76343233621736
108,65,66,j6,2.5764609906974307,2.5764609906974307,20.0,false,231.405905185,234.358907113,95.64066157223219,98.21712256292962
109,25,26,j3,2.5629607562871954,2.5629607562871954,20.0,false,98.823754595,105.505047792,145.4279972622657,142.8650365059785
110,152,153,j4,2.558304458812625,2.558304458812622,20.0,false,494.212379154,499.038799414,-24.69559943422418,-27.253903893036803
111,64,65,j6,2.5532495933964343,2.553249593396447,20.0,false,228.442425089,231.405905185,93.08741197883575,95.64066157223219
112,63,64,j6,2.529142593625786,2.529142593625786,20.0,false,225.469816983,228.442425089,90.55826938520995,93.08741197883575
113,25,26,j2,2.526838279153632,2.526838279153619,20.0,false,98.823754595,105.505047792,-106.42380728313341,-108.95064556228702
114,173,174,j4,2.525374700278931,2.525374700278939,20.0,false,552.676698652,554.013280641,-16.516207450887624,-13.990832750608686
115,69,70,j1,2.519470663115359,2.5194706631153716,20.0,false,243.228145845,246.203660012,89.37597165904224,86.85650099592687
116,62,63,j6,2.5041837243986795,2.5041837243986795,20.0,false,222.48949036,225.469816983,88.05408566081128,90.55826938520995
117,61,62,j6,2.4785098019402545,2.4785098019402416,20.0,false,219.502903039,222.48949036,85.57557585887103,88.05408566081128
118,60,61,j6,2.452341272285831,2.4523412722858433,20.0,false,216.511550637,219.502903039,83.1232345865852,85.57557585887103
119,174,175,j4,2.442024064180885,2.442024064180885,20.0,false,554.013280641,555.384820306,-13.990832750608686,-11.548808686427801
120,59,60,j6,2.4259709082899263,2.4259709082899135,20.0,false,213.516956487,216.511550637,80.69726367829529,83.1232345865852
121,58,59,j6,2.3997511974447745,2.3997511974447745,20.0,false,210.520661863,213.516956487,78.2975124808505,80.69726367829529
122,84,85,j4,2.3864588023681153,2.3864588023681153,20.0,false,287.911137954,290.889449646,-65.74166680040283,-63.35520799803471
123,6,7,j3,2.3813907157916216,2.3813907157916216,20.0,false,17.071286255,19.91500587,141.53780802654776,143.9191987423394
124,57,58,j6,2.3740809867841435,2.3740809867841564,20.0,false,207.524216447,210.520661863,75.92343149406635,78.2975124808505
125,175,176,j4,2.3740110444386975,2.3740110444386944,20.0,false,555.384820306,556.782826952,-11.548808686427801,-9.174797641989105
126,22,23,j2,2.3715837276700777,2.3715837276700653,20.0,false,83.694067702,87.648047449,-98.2773738107377,-100.64895753840777
127,68,69,j1,2.3544491421347806,2.3544491421347935,20.0,false,240.261413601,243.228145845,91.73042080117703,89.37597165904224
128,56,57,j6,2.349391907814238,2.349391907814225,20.0,false,204.529168909,207.524216447,73.57403958625213,75.92343149406635
129,160,161,j4,2.3492430854582125,2.3492430854582125,20.0,false,534.54173168,536.307302562,-52.08778416202677,-49.73854107656856
130,21,22,j6,2.3283813450430526,2.3283813450430526,20.0,false,80.829413921,83.694067702,14.363304353288415,16.69168569833147
131,55,56,j6,2.326135014226639,2.326135014226639,20.0,false,201.537057493,204.529168909,71.24790457202549,73.57403958625213
132,176,177,j4,2.320606471563273,2.3206064715632717,20.0,false,556.782826952,558.198402921,-9.174797641989105,-6.8541911704258345
133,54,55,j6,2.3047679408521486,2.304767940852161,20.0,false,198.549400516,201.537057493,68.94313663117332,71.24790457202549
134,36,37,j6,2.295101693835716,2.2951016938357225,20.0,false,145.312796582,148.213396752,28.413125353388292,30.708227047224014
135,37,38,j6,2.2911652206865383,2.2911652206865254,20.0,false,148.213396752,151.11237684,30.708227047224014,32.99939226791054
136,158,159,j2,2.2901301306757254,2.290130130675738,20.0,false,527.660273284,531.697068959,-99.33205690262818,-97.04192677195245
137,53,54,j6,2.2857427693405734,2.2857427693405863,20.0,false,195.567686638,198.549400516,66.65739386183273,68.94313663117332
138,177,178,j4,2.280989044073407,2.280989044073397,20.0,false,558.198402921,559.622388695,-6.8541911704258345,-4.573202126352438
139,38,39,j6,2.2730919191237344,2.273091919123728,20.0,false,151.11237684,154.027025123,32.99939226791054,35.272484187034266
140,52,53,j6,2.2694988371877263,2.2694988371877263,20.0,false,192.593364896,195.567686638,64.387895024645,66.65739386183273
141,39,40,j6,2.257811457357868,2.2578114573578616,20.0,false,154.027025123,156.955876378,35.272484187034266,37.53029564439213
142,51,52,j6,2.25711973289554,2.25711973289554,20.0,false,189.62621348,192.593364896,62.13077529174947,64.387895024645
143,178,179,j4,2.254254363570263,2.254254363570268,20.0,false,559.622388695,561.045495343,-4.573202126352438,-2.31894776278217
144,50,51,j6,2.251744626007141,2.251744626007154,20.0,false,186.654846594,189.62621348,59.87903066574231,62.13077529174947
145,49,50,j6,2.2467019252698144,2.2467019252698144,20.0,false,183.678256543,186.654846594,57.6323287404725,59.87903066574231
146,40,41,j6,2.2455761372768115,2.245576137276818,20.0,false,156.955876378,159.897373396,37.53029564439213,39.77587178166895
147,48,49,j6,2.241204474509106,2.2412044745090998,20.0,false,180.698263538,183.678256543,55.391124265963406,57.6323287404725
148,179,180,j4,2.239416699841613,2.239416699841609,20.0,false,561.045495343,562.068413668,-2.31894776278217,-0.07953106294056064
149,41,42,j6,2.23643693821963,2.2364369382196423,20.0,false,159.897373396,162.849883264,39.77587178166895,42.01230871988859
150,47,48,j6,2.2358586430775182,2.2358586430775245,20.0,false,177.71670608,180.698263538,53.15526562288588,55.391124265963406
151,46,47,j6,2.231249733311859,2.231249733311859,20.0,false,174.735431416,177.71670608,50.92401588957402,53.15526562288588
152,42,43,j6,2.2303259777116704,2.230325977711664,20.0,false,162.849883264,165.811710075,42.01230871988859,44.24263469760025
153,45,46,j6,2.227926548472794,2.227926548472794,20.0,false,171.756286138,174.735431416,48.69608934110123,50.92401588957402
154,43,44,j6,2.2270672551445485,2.227067255144555,20.0,false,165.811710075,168.781106754,44.24263469760025,46.469701952744806
155,44,45,j6,2.226387388356416,2.226387388356416,20.0,false,168.781106754,171.756286138,46.469701952744806,48.69608934110123
156,26,27,j3,2.2167396806491295,2.2167396806491295,20.0,false,105.505047792,111.500916495,142.8650365059785,140.64829682532937
157,67,68,j1,2.197089013951879,2.197089013951879,20.0,false,237.305068714,240.261413601,93.92750981512891,91.73042080117703
158,6,7,j2,2.1948001138997992,2.1948001138997864,20.0,false,17.071286255,19.91500587,-87.22555045101558,-89.42035056491535
159,35,36,j6,2.193890964773863,2.1938909647738662,20.0,false,142.29488844,145.312796582,26.219234388614424,28.413125353388292
160,14,15,j4,2.155647402129316,2.1556474021293033,20.0,false,39.824502367,42.681461889,-47.95736583252639,-45.80171843039709
161,15,16,j5,2.1362110156367002,2.1362110156366874,20.0,false,42.681461889,71.318007554,33.87119827713981,36.0074092927765
162,155,156,j3,2.065224415972273,2.065224415972273,20.0,false,510.009527531,516.153421758,143.54840481545324,145.6136292314255
163,34,35,j6,2.0643413843040443,2.0643413843040346,20.0,false,139.139532348,142.29488844,24.15489300431039,26.219234388614424
164,7,8,j2,2.0619680902422286,2.061968090242216,20.0,false,19.91500587,22.761446329,-89.42035056491535,-91.48231865515757
165,158,159,j4,2.053547346464467,2.0535473464644736,20.0,false,527.660273284,531.697068959,-50.29215297604577,-52.34570032251025
166,66,67,j1,2.0509286520327725,2.05092865203276,20.0,false,234.358907113,237.305068714,95.97843846716167,93.92750981512891
167,154,155,j2,2.048295588895654,2.048295588895654,20.0,false,504.304651239,510.009527531,-110.24568038794746,-108.1973847990518
168,83,84,j4,2.03851962221911,2.03851962221911,20.0,false,284.940230163,287.911137954,-67.78018642262194,-65.74166680040283
169,24,25,j3,2.0113735500771472,2.0113735500771472,20.0,false,92.691337775,98.823754595,147.43937081234284,145.4279972622657
170,78,79,j5,1.9754745793574195,1.9754745793574322,20.0,false,270.119530412,273.096969256,74.0448665183597,76.02034109771712
171,156,157,j3,1.9735452617002647,1.9735452617002647,20.0,false,516.153421758,522.436790365,145.6136292314255,147.58717449312576
172,77,78,j5,1.9669518922405056,1.9669518922404927,20.0,false,267.135382209,270.119530412,72.0779146261192,74.0448665183597
173,79,80,j5,1.963486469038051,1.963486469038051,20.0,false,273.096969256,276.066031811,76.02034109771712,77.98382756675518
174,65,66,j1,1.9462487696538826,1.9462487696538955,20.0,false,231.405905185,234.358907113,97.92468723681556,95.97843846716167
175,76,77,j5,1.9416019586935562,1.9416019586935436,20.0,false,264.146226053,267.135382209,70.13631266742566,72.0779146261192
176,33,34,j6,1.9285955143224327,1.9285955143224232,20.0,false,135.847564211,139.139532348,22.226297489987967,24.15489300431039
177,80,81,j5,1.9274449361481318,1.9274449361481318,20.0,false,276.066031811,279.02509293,77.98382756675518,79.91127250290332
178,154,155,j3,1.9267193522841248,1.9267193522841248,20.0,false,504.304651239,510.009527531,141.62168546316911,143.54840481545324
179,13,14,j4,1.9152015561691078,1.9152015561691207,20.0,false,36.992856576,39.824502367,-49.87256738869551,-47.95736583252639
180,8,9,j2,1.901761331118999,1.9017613311190116,20.0,false,22.761446329,25.601132925,-91.48231865515757,-93.38407998627659
181,75,76,j5,1.8960758956791697,1.896075895679157,20.0,false,261.153834064,264.146226053,68.2402367717465,70.13631266742566
182,95,96,j1,1.8819180483822022,1.881918048382207,20.0,false,320.740963588,323.698934979,-6.963855216081004,-5.081937167698797
183,26,27,j2,1.8809778745357533,1.8809778745357406,20.0,false,105.505047792,111.500916495,-108.95064556228702,-110.83162343682277
184,5,6,j2,1.8796171178606924,1.8796171178606798,20.0,false,14.227583825,17.071286255,-85.34593333315489,-87.22555045101558
185,95,96,j6,1.8677724800824704,1.8677724800824704,20.0,false,320.740963588,323.698934979,171.39943437402277,169.5316618939403
186,81,82,j5,1.8621040622211762,1.8621040622211762,20.0,false,279.02509293,281.978163555,79.91127250290332,81.77337656512448
187,74,75,j5,1.855667867320522,1.855667867320522,20.0,false,258.15988968,261.153834064,66.38456890442598,68.2402367717465
188,64,65,j1,1.8527214328097619,1.8527214328097619,20.0,false,228.442425089,231.405905185,99.77740866962533,97.92468723681556
189,9,10,j2,1.8132461133870288,1.813246113387016,20.0,false,25.601132925,28.454459384,-93.38407998627659,-95.1973260996636
190,94,95,j2,1.812489626785559,1.812489626785559,20.0,false,317.773562978,320.740963588,-165.9715945218056,-164.15910489502002
191,151,152,j4,1.8106045029592648,1.8106045029592615,20.0,false,489.826200959,494.212379154,-22.88499493126492,-24.69559943422418
192,7,8,j3,1.8105628424248141,1.8105628424248141,20.0,false,19.91500587,22.761446329,143.9191987423394,145.7297615847642
193,73,74,j5,1.800309220697611,1.800309220697611,20.0,false,255.1661504,258.15988968,64.58425968372836,66.38456890442598
194,32,33,j6,1.7911475378527595,1.7911475378527626,20.0,false,132.420517506,135.847564211,20.435149952135205,22.226297489987967
195,82,83,j5,1.7810183059508329,1.7810183059508329,20.0,false,281.978163555,284.940230163,81.77337656512448,83.55439487107532
196,27,28,j3,1.7682945578882108,1.7682945578882108,20.0,false,111.500916495,116.761279932,140.64829682532937,138.88000226744117
197,63,64,j1,1.7606188011042645,1.7606188011042645,20.0,false,225.469816983,228.442425089,101.53802747072959,99.77740866962533
198,5,6,j3,1.7596751609106782,1.7596751609106782,20.0,false,14.227583825,17.071286255,139.77813286563708,141.53780802654776
199,82,83,j4,1.7553405229936578,1.7553405229936452,20.0,false,281.978163555,284.940230163,-69.53552694561557,-67.78018642262194
200,10,11,j2,1.7497897462661127,1.7497897462661127,20.0,false,28.454459384,31.299765777,-95.1973260996636,-96.94711584592972
201,21,22,j2,1.7418400172685462,1.7418400172685462,20.0,false,80.829413921,83.694067702,-96.53553379346916,-98.2773738107377
202,72,73,j5,1.7407603430046004,1.740760343004613,20.0,false,252.174372343,255.1661504,62.84349934072375,64.58425968372836
203,153,154,j3,1.7375105086236895,1.7375105086236895,20.0,false,499.038799414,504.304651239,139.88417495454541,141.62168546316911
204,28,29,j4,1.7315147424148456,1.7315147424148487,20.0,false,116.761279932,121.287054508,-24.974151014534034,-23.242636272119185
205,11,12,j2,1.72481600262755,1.72481600262755,20.0,false,31.299765777,34.146233735,-96.94711584592972,-98.67193184855726
206,12,13,j2,1.706940027270338,1.7069400272703252,20.0,false,34.146233735,36.992856576,-98.67193184855726,-100.37887187582758
207,7,8,j5,1.6974216368568165,1.6974216368568291,20.0,false,19.91500587,22.761446329,36.91034307766045,35.21292144080362
208,71,72,j5,1.679227576316986,1.679227576316986,20.0,false,249.186300582,252.174372343,61.16427176440677,62.84349934072375
209,83,84,j5,1.672877227350832,1.672877227350832,20.0,false,284.940230163,287.911137954,83.55439487107532,85.22727209842616
210,62,63,j1,1.670229826981786,1.670229826981786,20.0,false,222.48949036,225.469816983,103.20825729771137,101.53802747072959
211,31,32,j6,1.6553692932955444,1.6553692932955477,20.0,false,128.86038798,132.420517506,18.77978065883966,20.435149952135205
212,37,38,j4,1.639194716340956,1.6391947163409464,20.0,false,148.213396752,151.11237684,-28.525133622620356,-30.1643283389613
213,153,154,j2,1.6271315276753995,1.6271315276753995,20.0,false,499.038799414,504.304651239,-111.87281191562286,-110.24568038794746
214,36,37,j4,1.6234186742274463,1.623418674227456,20.0,false,145.312796582,148.213396752,-26.901714948392897,-28.525133622620356
215,38,39,j4,1.621373838697064,1.6213738386970575,20.0,false,151.11237684,154.027025123,-30.1643283389613,-31.785702177658358
216,88,89,j4,1.618559845024503,1.6185598450244902,20.0,false,299.853726655,302.846414635,-55.890811890175684,-54.27225204515119
217,89,90,j4,1.618014849419732,1.6180148494197448,20.0,false,302.846414635,305.838774321,-54.27225204515119,-52.65423719573145
218,70,71,j5,1.6175107994346862,1.617510799434699,20.0,false,246.203660012,249.186300582,59.54676096497207,61.16427176440677
219,13,14,j2,1.6143007884011176,1.6143007884011176,20.0,false,36.992856576,39.824502367,-100.37887187582758,-101.99317266422871
220,4,5,j2,1.6080856696388293,1.6080856696388293,20.0,false,11.382493727,14.227583825,-83.73784766351606,-85.34593333315489
221,87,88,j4,1.607908977418803,1.6079089774187965,20.0,false,296.862292171,299.853726655,-57.49872086759448,-55.890811890175684
222,90,91,j4,1.6059467599050474,1.6059467599050539,20.0,false,305.838774321,308.829225845,-52.65423719573145,-51.048290435826395
223,39,40,j4,1.6053455481460477,1.6053455481460412,20.0,false,154.027025123,156.955876378,-31.785702177658358,-33.3910477258044
224,40,41,j4,1.5914843517526491,1.591484351752643,20.0,false,156.955876378,159.897373396,-33.3910477258044,-34.98253207755704
225,91,92,j4,1.582773572529207,1.582773572529207,20.0,false,308.829225845,311.816200801,-51.048290435826395,-49.46551686329719
226,61,62,j1,1.5817967443697973,1.5817967443697973,20.0,false,219.502903039,222.48949036,104.79005404208118,103.20825729771137
227,14,15,j2,1.5806542103464614,1.5806542103464487,20.0,false,39.824502367,42.681461889,-101.99317266422871,-103.57382687457516
228,41,42,j4,1.5799257736117471,1.5799257736117471,20.0,false,159.897373396,162.849883264,-34.98253207755704,-36.56245785116879
229,42,43,j4,1.5706775498129555,1.5706775498129617,20.0,false,162.849883264,165.811710075,-36.56245785116879,-38.13313540098175
230,43,44,j4,1.563624050983868,1.563624050983855,20.0,false,165.811710075,168.781106754,-38.13313540098175,-39.696759451965605
231,44,45,j4,1.5585314522646192,1.5585314522646065,20.0,false,168.781106754,171.756286138,-39.696759451965605,-41.255290904230215
232,69,70,j5,1.5570311726971935,1.5570311726972061,20.0,false,243.228145845,246.203660012,57.989729792274865,59.54676096497207
233,45,46,j4,1.55505398119281,1.5550539811928037,20.0,false,171.756286138,174.735431416,-41.255290904230215,-42.810344885423014
234,46,47,j4,1.5527413747507421,1.552741374750755,20.0,false,174.735431416,177.71670608,-42.810344885423014,-44.36308626017377
235,47,48,j4,1.5510478252728208,1.5510478252728208,20.0,false,177.71670608,180.698263538,-44.36308626017377,-45.91413408544659
236,92,93,j4,1.5496218614599608,1.5496218614599673,20.0,false,311.816200801,314.798151919,-49.46551686329719,-47.91589500183722
237,48,49,j4,1.5493427847983807,1.5493427847983807,20.0,false,180.698263538,183.678256543,-45.91413408544659,-47.463476870244975
238,49,50,j4,1.5469240132372448,1.5469240132372448,20.0,false,183.678256543,186.654846594,-47.463476870244975,-49.01040088348222
239,84,85,j5,1.545610681688565,1.545610681688565,20.0,false,287.911137954,290.889449646,85.22727209842616,86.77288278011471
240,50,51,j4,1.5430332059621505,1.5430332059621505,20.0,false,186.654846594,189.62621348,-49.01040088348222,-50.553434089444366
241,51,52,j4,1.5345938288548147,1.5345938288548018,20.0,false,189.62621348,192.593364896,-50.553434089444366,-52.08802791829917
242,30,31,j6,1.5232448408214199,1.5232448408214294,20.0,false,125.169416799,128.86038798,17.25653581801823,18.77978065883966
243,52,53,j4,1.514189411418266,1.5141894114182595,20.0,false,192.593364896,195.567686638,-52.08802791829917,-53.602217329717426
244,152,153,j3,1.5111823427262672,1.5111823427262672,20.0,false,494.212379154,499.038799414,138.37299261181914,139.88417495454541
245,27,28,j2,1.507644161686301,1.507644161686301,20.0,false,111.500916495,116.761279932,-110.83162343682277,-112.33926759850907
246,93,94,j4,1.506866405097054,1.5068664050970477,20.0,false,314.798151919,317.773562978,-47.91589500183722,-46.40902859674017
247,68,69,j5,1.4988680887270032,1.498868088726997,20.0,false,240.261413601,243.228145845,56.490861703547864,57.989729792274865
248,81,82,j4,1.4986455788127289,1.4986455788127417,20.0,false,279.02509293,281.978163555,-71.03417252442831,-69.53552694561557
249,60,61,j1,1.495516397894147,1.4955163978941597,20.0,false,216.511550637,219.502903039,106.28557043997533,104.79005404208118
250,53,54,j4,1.4927665378532256,1.4927665378532193,20.0,false,195.567686638,198.549400516,-53.602217329717426,-55.09498386757065
251,85,86,j5,1.4888407630429576,1.488840763042945,20.0,false,290.889449646,293.87368339,86.77288278011471,88.26172354315766
252,54,55,j4,1.4711569672645404,1.4711569672645342,20.0,false,198.549400516,201.537057493,-55.09498386757065,-56.56614083483518
253,55,56,j4,1.4486812080286695,1.4486812080286695,20.0,false,201.537057493,204.529168909,-56.56614083483518,-58.014822042863855
254,67,68,j5,1.4437911657617721,1.4437911657617721,20.0,false,237.305068714,240.261413601,55.0470705377861,56.490861703547864
255,3,4,j2,1.4338255446528372,1.4338255446528498,20.0,false,8.536946297,11.382493727,-82.30402211886322,-83.73784766351606
256,56,57,j4,1.424595365496204,1.4245953654961914,20.0,false,204.529168909,207.524216447,-58.014822042863855,-59.43941740836004
257,59,60,j1,1.4115429757827562,1.4115429757827562,20.0,false,213.516956487,216.511550637,107.6971134157581,106.28557043997533
258,57,58,j4,1.398098014791208,1.398098014791208,20.0,false,207.524216447,210.520661863,-59.43941740836004,-60.83751542315125
259,95,96,j2,1.394751817698342,1.394751817698342,20.0,false,320.740963588,323.698934979,-164.15910489502002,-162.7643530773217
260,25,26,j6,1.394289117002457,1.3942891170024603,20.0,false,98.823754595,105.505047792,17.336402770746552,15.94211365374409
261,66,67,j5,1.3908412901740717,1.390841290174078,20.0,false,234.358907113,237.305068714,53.65622924761202,55.0470705377861
262,35,36,j4,1.3894322623711906,1.389432262371181,20.0,false,142.29488844,145.312796582,-25.512282686021717,-26.901714948392897
263,21,22,j4,1.3893583425039553,1.3893583425039489,20.0,false,80.829413921,83.694067702,-49.560312854518735,-50.94967119702269
264,20,21,j2,1.3857508154255753,1.3857508154255753,20.0,false,78.5842664,80.829413921,-95.14978297804358,-96.53553379346916
265,159,160,j2,1.3759782302522263,1.3759782302522263,20.0,false,531.697068959,534.54173168,-97.04192677195245,-95.66594854170022
266,58,59,j4,1.3683451483878746,1.3683451483878746,20.0,false,210.520661863,213.516956487,-60.83751542315125,-62.20586057153913
267,59,60,j4,1.3344672924670382,1.3344672924670382,20.0,false,213.516956487,216.511550637,-62.20586057153913,-63.540327864006166
268,29,30,j6,1.3334980043868585,1.3334980043868647,20.0,false,121.287054508,125.169416799,15.923037813631364,17.25653581801823
269,152,153,j2,1.3317705560146411,1.3317705560146538,20.0,false,494.212379154,499.038799414,-113.20458247163751,-111.87281191562286
270,58,59,j1,1.3299916894224868,1.3299916894224868,20.0,false,210.520661863,213.516956487,109.02710510518058,107.6971134157581
271,2,3,j2,1.3277002539431022,1.3277002539431149,20.0,false,5.6912399570000005,8.536946297,-80.9763218649201,-82.30402211886322
272,65,66,j5,1.3259242787198016,1.3259242787197951,20.0,false,231.405905185,234.358907113,52.33030496889222,53.65622924761202
273,28,29,j2,1.3198473578052772,1.3198473578052645,20.0,false,116.761279932,121.287054508,-112.33926759850907,-113.65911495631434
274,19,20,j2,1.3187474536080386,1.3187474536080386,20.0,false,76.50034991,78.5842664,-93.83103552443553,-95.14978297804358
275,4,5,j3,1.3087805677941284,1.3087805677941284,20.0,false,11.382493727,14.227583825,138.46935229784296,139.77813286563708
276,8,9,j3,1.3068811024346516,1.3068811024346516,20.0,false,22.761446329,25.601132925,145.7297615847642,147.03664268719885
277,60,61,j4,1.2955886686136915,1.2955886686136786,20.0,false,216.511550637,219.502903039,-63.540327864006166,-64.83591653261985
278,85,86,j2,1.2830718963748378,1.2830718963748378,20.0,false,290.889449646,293.87368339,-165.96547391136073,-167.24854580773558
279,0,1,j2,1.2815316346346446,1.2815316346346572,20.0,false,0.0,2.845472524,-78.42283799403477,-79.70436962866943
280,22,23,j6,1.2746975874383177,1.2746975874383208,20.0,false,83.694067702,87.648047449,16.69168569833147,17.966383285769787
281,28,29,j3,1.2740352360980427,1.2740352360980427,20.0,false,116.761279932,121.287054508,138.88000226744117,137.6059670313431
282,1,2,j2,1.2719522362506916,1.271952236250679,20.0,false,2.845472524,5.6912399570000005,-79.70436962866943,-80.9763218649201
283,64,65,j5,1.2581597655867585,1.258159765586765,20.0,false,228.442425089,231.405905185,51.07214520330545,52.33030496889222
284,151,152,j3,1.2571358958826306,1.2571358958826306,20.0,false,489.826200959,494.212379154,137.11585671593653,138.37299261181914
285,57,58,j1,1.2509430223302034,1.250943022330216,20.0,false,207.524216447,210.520661863,110.27804812751079,109.02710510518058
286,61,62,j4,1.2508481022344957,1.250848102234483,20.0,false,219.502903039,222.48949036,-64.83591653261985,-66.08676463485433
287,18,19,j2,1.2497901534344185,1.2497901534344185,20.0,false,74.588535241,76.50034991,-92.58124537100112,-93.83103552443553
288,157,158,j3,1.2495786564940519,1.2495786564940519,20.0,false,522.436790365,527.660273284,147.58717449312576,148.83675314961982
289,29,30,j2,1.2450268002318834,1.2450268002318834,20.0,false,121.287054508,125.169416799,-113.65911495631434,-114.90414175654622
290,80,81,j4,1.2427171080003951,1.2427171080003951,20.0,false,276.066031811,279.02509293,-72.27688963242872,-71.03417252442831
291,86,87,j5,1.2255988257099821,1.2255988257099948,20.0,false,293.87368339,296.862292171,88.26172354315766,89.48732236886765
292,22,23,j4,1.2162127332350097,1.2162127332350097,20.0,false,83.694067702,87.648047449,-50.94967119702269,-49.73345846378768
293,30,31,j2,1.2079726205425765,1.2079726205425765,20.0,false,125.169416799,128.86038798,-114.90414175654622,-116.11211437708879
294,62,63,j4,1.199421164862095,1.1994211648620823,20.0,false,222.48949036,225.469816983,-66.08676463485433,-67.2861857997164
295,63,64,j5,1.1919655410137622,1.1919655410137495,20.0,false,225.469816983,228.442425089,49.88017966229171,51.07214520330545
296,31,32,j2,1.1814653425410262,1.1814653425410262,20.0,false,128.86038798,132.420517506,-116.11211437708879,-117.29357971962982
297,17,18,j2,1.1763313098343184,1.1763313098343184,20.0,false,72.858246668,74.588535241,-91.4049140611668,-92.58124537100112
298,96,97,j2,1.1748913568338897,1.1748913568338897,20.0,false,323.698934979,326.652456121,-162.7643530773217,-161.5894617204878
299,56,57,j1,1.1744472433391802,1.1744472433391802,20.0,false,204.529168909,207.524216447,111.45249537084997,110.27804812751079
300,32,33,j2,1.1639460590838504,1.1639460590838504,20.0,false,132.420517506,135.847564211,-117.29357971962982,-118.45752577871367
301,23,24,j3,1.159353918306633,1.159353918306633,20.0,false,87.648047449,92.691337775,148.59872473064948,147.43937081234284
302,33,34,j2,1.153040656170252,1.153040656170252,20.0,false,135.847564211,139.139532348,-118.45752577871367,-119.61056643488392
303,34,35,j2,1.146057969941484,1.146057969941484,20.0,false,139.139532348,142.29488844,-119.61056643488392,-120.7566244048254
304,63,64,j4,1.1405428400648816,1.1405428400648943,20.0,false,225.469816983,228.442425089,-67.2861857997164,-68.4267286397813
305,35,36,j2,1.1400541280422005,1.1400541280422005,20.0,false,142.29488844,145.312796582,-120.7566244048254,-121.89667853286761
306,36,37,j2,1.1319773903502766,1.1319773903502766,20.0,false,145.312796582,148.213396752,-121.89667853286761,-123.02865592321788
307,151,152,j2,1.1290519710963893,1.129051971096402,20.0,false,489.826200959,494.212379154,-114.33363444273391,-113.20458247163751
308,62,63,j5,1.1279412066358612,1.1279412066358483,20.0,false,222.48949036,225.469816983,48.752238455655856,49.88017966229171
309,37,38,j2,1.1216570726104287,1.1216570726104287,20.0,false,148.213396752,151.11237684,-123.02865592321788,-124.15031299582832
310,38,39,j2,1.111108826404578,1.111108826404578,20.0,false,151.11237684,154.027025123,-124.15031299582832,-125.26142182223289
311,34,35,j4,1.1099200573653711,1.1099200573653807,20.0,false,139.139532348,142.29488844,-24.402362628656338,-25.512282686021717
312,150,151,j4,1.1081538300336113,1.1081538300336145,20.0,false,485.880941641,489.826200959,-21.776841101231305,-22.88499493126492
313,39,40,j2,1.1006066563830408,1.1006066563830408,20.0,false,154.027025123,156.955876378,-125.26142182223289,-126.36202847861593
314,55,56,j1,1.1005289468713917,1.1005289468713917,20.0,false,201.537057493,204.529168909,112.55302431772137,111.45249537084997
315,16,17,j2,1.0955481738761021,1.0955481738761021,20.0,false,71.318007554,72.858246668,-90.3093658872907,-91.4049140611668
316,3,4,j3,1.0903418083734755,1.0903418083734755,20.0,false,8.536946297,11.382493727,137.3790104894695,138.46935229784296
317,40,41,j2,1.0901765346021262,1.0901765346021262,20.0,false,156.955876378,159.897373396,-126.36202847861593,-127.45220501321806
318,97,98,j2,1.0865685932480769,1.0865685932480769,20.0,false,326.652456121,329.616071331,-161.5894617204878,-160.50289312723973
319,41,42,j2,1.0797912140423451,1.0797912140423451,20.0,false,159.897373396,162.849883264,-127.45220501321806,-128.5319962272604
320,64,65,j4,1.073529847289024,1.073529847289024,20.0,false,228.442425089,231.405905185,-68.4267286397813,-69.50025848707033
321,42,43,j2,1.069390623683659,1.069390623683659,20.0,false,162.849883264,165.811710075,-128.5319962272604,-129.60138685094407
322,61,62,j5,1.066567652041976,1.0665676520419634,20.0,false,219.502903039,222.48949036,47.685670803613895,48.752238455655856
323,43,44,j2,1.0588882182991926,1.0588882182991926,20.0,false,165.811710075,168.781106754,-129.60138685094407,-130.66027506924326
324,44,45,j2,1.0481772713351336,1.0481772713351336,20.0,false,168.781106754,171.756286138,-130.66027506924326,-131.7084523405784
325,98,99,j2,1.039200776146615,1.039200776146615,20.0,false,329.616071331,332.589021483,-160.50289312723973,-159.4636923510931
326,45,46,j2,1.0371371137455805,1.0371371137455805,20.0,false,171.756286138,174.735431416,-131.7084523405784,-132.74558945432398
327,9,10,j3,1.0330054124151582,1.0330054124151582,20.0,false,25.601132925,28.454459384,147.03664268719885,148.06964809961403
328,54,55,j1,1.029191442764655,1.029191442764655,20.0,false,198.549400516,201.537057493,113.58221576048602,112.55302431772137
329,46,47,j2,1.0256393300018554,1.0256393300018554,20.0,false,174.735431416,177.71670608,-132.74558945432398,-133.7712287843258
330,0,1,j3,1.0206882233347438,1.0206882233347438,20.0,false,0.0,2.845472524,134.3827546015858,135.40344282492055
331,99,100,j2,1.0175509362130837,1.0175509362130837,20.0,false,332.589021483,335.569537595,-159.4636923510931,-158.44614141488003
332,47,48,j2,1.01355393837255,1.01355393837255,20.0,false,177.71670608,180.698263538,-133.7712287843258,-134.78478272269837
333,60,61,j5,1.0082114680384815,1.0082114680384686,20.0,false,216.511550637,219.502903039,46.67745933557543,47.685670803613895
334,79,80,j4,1.0029133820144949,1.0029133820144949,20.0,false,273.096969256,276.066031811,-73.2798030144432,-72.27688963242872
335,2,3,j3,1.0011540510318442,1.0011540510318442,20.0,false,5.6912399570000005,8.536946297,136.37785643843765,137.3790104894695
336,48,49,j2,1.0007555640393861,1.0007555640393861,20.0,false,180.698263538,183.678256543,-134.78478272269837,-135.78553828673776
337,96,97,j1,0.998037408965072,0.9980374089650601,20.0,false,323.698934979,326.652456121,-5.081937167698797,-4.083899758733737
338,65,66,j4,0.9978016739235543,0.9978016739235543,20.0,false,231.405905185,234.358907113,-69.50025848707033,-70.49806016099389
339,100,101,j2,0.996660566355228,0.996660566355228,20.0,false,335.569537595,338.556039135,-158.44614141488003,-157.4494808485248
340,96,97,j6,0.9956789488712371,0.9956789488712371,20.0,false,323.698934979,326.652456121,169.5316618939403,168.53598294506907
341,150,151,j2,0.9926398721845968,0.992639872184584,20.0,false,485.880941641,489.826200959,-115.3262743149185,-114.33363444273391
342,49,50,j2,0.9871295635727492,0.9871295635727492,20.0,false,183.678256543,186.654846594,-135.78553828673776,-136.7726678503105
343,150,151,j3,0.982519974966928,0.982519974966928,20.0,false,485.880941641,489.826200959,136.13333674096958,137.11585671593653
344,101,102,j2,0.9810645039108489,0.9810645039108489,20.0,false,338.556039135,341.546810874,-157.4494808485248,-156.46841634461396
345,1,2,j3,0.9744136135171002,0.9744136135171002,20.0,false,2.845472524,5.6912399570000005,135.40344282492055,136.37785643843765
346,50,51,j2,0.9725779963680418,0.9725779963680418,20.0,false,186.654846594,189.62621348,-136.7726678503105,-137.74524584667856
347,102,103,j2,0.9685391029381585,0.9685391029381585,20.0,false,341.546810874,344.540114782,-156.46841634461396,-155.4998772416758
348,53,54,j1,0.9604208701249776,0.9604208701249649,20.0,false,195.567686638,198.549400516,114.54263663061099,113.58221576048602
349,51,52,j2,0.9582938008597602,0.9582938008597602,20.0,false,189.62621348,192.593364896,-137.74524584667856,-138.70353964753832
350,103,104,j2,0.9577151349426039,0.9577151349426039,20.0,false,344.540114782,347.534201864,-155.4998772416758,-154.54216210673317
351,59,60,j5,0.9531312217587867,0.9531312217587931,20.0,false,213.516956487,216.511550637,45.72432811381663,46.67745933557543
352,52,53,j2,0.949240439866198,0.949240439866198,20.0,false,192.593364896,195.567686638,-138.70353964753832,-139.6527800874045
353,104,105,j2,0.9478354766346738,0.9478354766346738,20.0,false,347.534201864,350.527319625,-154.54216210673317,-153.59432663009852
354,0,1,j1,0.9434127622934617,0.9434127622934617,20.0,false,0.0,2.845472524,129.4667853462365,128.52337258394303
355,53,54,j2,0.9407237125131281,0.9407237125131281,20.0,false,195.567686638,198.549400516,-139.6527800874045,-140.59350379991764
356,105,106,j2,0.938449325040238,0.938449325040238,20.0,false,350.527319625,353.51772065,-153.59432663009852,-152.65587730505828
357,54,55,j2,0.9319086716070518,0.9319086716070518,20.0,false,198.549400516,201.537057493,-140.59350379991764,-141.52541247152467
358,106,107,j2,0.9292737061017583,0.9292737061017583,20.0,false,353.51772065,356.503671692,-152.65587730505828,-151.72660359895653
359,55,56,j2,0.9226843173570906,0.9226843173570906,20.0,false,201.537057493,204.529168909,-141.52541247152467,-142.44809678888177
360,107,108,j2,0.9201261320397691,0.9201261320397691,20.0,false,356.503671692,359.483463118,-151.72660359895653,-150.80647746691676
361,66,67,j4,0.915760657730537,0.9157606577305243,20.0,false,234.358907113,237.305068714,-70.49806016099389,-71.4138208187244
362,56,57,j2,0.9129586129131522,0.9129586129131522,20.0,false,204.529168909,207.524216447,-142.44809678888177,-143.36105540179494
363,108,109,j2,0.9108885969221966,0.9108885969221966,20.0,false,359.483463118,362.455418771,-150.80647746691676,-149.89558886999455
364,16,17,j3,0.9060461085097712,0.9060461085097712,20.0,false,71.318007554,72.858246668,144.76343233621736,145.66947844472713
365,57,58,j2,0.9026615980835964,0.9026615980835964,20.0,false,207.524216447,210.520661863,-143.36105540179494,-144.26371699987854
366,109,110,j2,0.9014869661390739,0.9014869661390739,20.0,false,362.455418771,365.417906337,-149.89558886999455,-148.99410190385547
367,58,59,j5,0.9014850742282067,0.9014850742282067,20.0,false,210.520661863,213.516956487,44.82284303958843,45.72432811381663
368,149,150,j2,0.9013454269870949,0.9013454269870949,20.0,false,482.375492156,485.880941641,-116.2276197419056,-115.3262743149185
369,52,53,j1,0.894191089271455,0.894191089271455,20.0,false,192.593364896,195.567686638,115.43682771988244,114.54263663061099
370,110,111,j2,0.8918785635065485,0.8918785635065485,20.0,false,365.417906337,368.369348331,-148.99410190385547,-148.10222334034893
371,58,59,j2,0.8917476778119853,0.8917476778119853,20.0,false,210.520661863,213.516956487,-144.26371699987854,-145.1554646776905
372,111,112,j2,0.8848596394627556,0.8848596394627556,20.0,false,368.369348331,371.316235852,-148.10222334034893,-147.21736370088618
373,12,13,j4,0.8842954414472315,0.8842954414472315,20.0,false,34.146233735,36.992856576,-50.756862830142744,-49.87256738869551
374,112,113,j2,0.883439021449413,0.883439021449413,20.0,false,371.316235852,374.273826049,-147.21736370088618,-146.33392467943676
375,113,114,j2,0.8819253914169208,0.8819253914169208,20.0,false,374.273826049,377.241310819,-146.33392467943676,-145.45199928801983
376,59,60,j2,0.8801969640771987,0.8801969640771987,20.0,false,213.516956487,216.511550637,-145.1554646776905,-146.03566164176772
377,114,115,j2,0.8801232218177857,0.8801232218177857,20.0,false,377.241310819,380.217305061,-145.45199928801983,-144.57187606620207
378,115,116,j2,0.8780251105480896,0.8780251105480896,20.0,false,380.217305061,383.200369281,-144.57187606620207,-143.69385095565397
379,116,117,j2,0.875625464336073,0.875625464336073,20.0,false,383.200369281,386.189020381,-143.69385095565397,-142.8182254913179
380,117,118,j2,0.8729199473416842,0.8729199473416842,20.0,false,386.189020381,389.181741982,-142.8182254913179,-141.94530554397622
381,118,119,j2,0.8699053003745894,0.8699053003745894,20.0,false,389.181741982,392.176994364,-141.94530554397622,-141.07540024360162
382,60,61,j2,0.8680154897770862,0.8680154897770862,20.0,false,216.511550637,219.502903039,-146.03566164176772,-146.9036771315448
383,119,120,j2,0.866579327690011,0.866579327690011,20.0,false,392.176994364,395.173224126,-141.07540024360162,-140.20882091591162
384,84,85,j2,0.8659312479488565,0.8659312479488565,20.0,false,287.911137954,290.889449646,-165.09954266341188,-165.96547391136073
385,179,180,j2,0.8644676567896067,0.8644676567896193,20.0,false,561.045495343,562.068413668,-83.57230577337198,-82.70783811658237
386,120,121,j2,0.8629410175823079,0.8629410175823079,20.0,false,395.173224126,398.16887366,-140.20882091591162,-139.3458798983293
387,148,149,j2,0.860813264842428,0.860813264842428,20.0,false,479.091213524,482.375492156,-117.08843300674802,-116.2276197419056
388,121,122,j2,0.8589907670547783,0.8589907670547783,20.0,false,398.16887366,401.162390568,-139.3458798983293,-138.48688913127452
389,61,62,j2,0.855234119298313,0.855234119298313,20.0,false,219.502903039,222.48949036,-146.9036771315448,-147.7589112508431
390,122,123,j2,0.8547306833734433,0.8547306833734433,20.0,false,401.162390568,404.152237106,-138.48688913127452,-137.63215844790108
391,57,58,j5,0.8533392577331137,0.85333925773312,20.0,false,207.524216447,210.520661863,43.96950378185531,44.82284303958843
392,17,18,j3,0.8532484084032625,0.8532484084032625,20.0,false,72.858246668,74.588535241,145.66947844472713,146.5227268531304
393,178,179,j2,0.8517165900122461,0.8517165900122333,20.0,false,559.622388695,561.045495343,-84.42402236338421,-83.57230577337198
394,11,12,j4,0.8506629530607112,0.8506629530607176,20.0,false,31.299765777,34.146233735,-49.906199877082024,-50.756862830142744
395,123,124,j2,0.8501649368210945,0.8501649368210945,20.0,false,404.152237106,407.136899798,-137.63215844790108,-136.78199351107997
396,24,25,j6,0.8476455717401471,0.8476455717401375,20.0,false,92.691337775,98.823754595,18.184048342486687,17.336402770746552
397,147,148,j2,0.8466349564932182,0.8466349564932182,20.0,false,475.853322093,479.091213524,-117.93506796324124,-117.08843300674802
398,124,125,j2,0.8453001396779913,0.8453001396779913,20.0,false,407.136899798,410.114899294,-136.78199351107997,-135.936693371402
399,62,63,j2,0.8419060214715719,0.8419060214715719,20.0,false,222.48949036,225.469816983,-147.7589112508431,-148.60081727231469
400,125,126,j2,0.8401457265677302,0.8401457265677302,20.0,false,410.114899294,413.084800585,-135.936693371402,-135.09654764483426
401,177,178,j2,0.839501501297386,0.8395015012973732,20.0,false,558.198402921,559.622388695,-85.26352386468159,-84.42402236338421
402,67,68,j4,0.8363092986151895,0.8363092986152023,20.0,false,237.305068714,240.261413601,-71.4138208187244,-72.25013011733961
403,126,127,j2,0.8363025980239285,0.8363025980239285,20.0,false,413.084800585,416.051852702,-135.09654764483426,-134.26024504681033
404,127,128,j2,0.8348887526655063,0.8348887526655063,20.0,false,416.051852702,419.025694724,-134.26024504681033,-133.42535629414482
405,146,147,j2,0.8343455968525909,0.8343455968525909,20.0,false,472.664125324,475.853322093,-118.76941356009384,-117.93506796324124
406,128,129,j2,0.8332750589547081,0.8332750589547081,20.0,false,419.025694724,422.004760403,-133.42535629414482,-132.5920812351901
407,51,52,j1,0.8317302644630405,0.8317302644630405,20.0,false,189.62621348,192.593364896,116.26855798434548,115.43682771988244
408,129,130,j2,0.831418076360368,0.831418076360368,20.0,false,422.004760403,424.987271829,-132.5920812351901,-131.76066315882974
409,130,131,j2,0.8293167190265892,0.8293167190265892,20.0,false,424.987271829,427.9714323,-131.76066315882974,-130.93134643980315
410,63,64,j2,0.8281026467371193,0.8281026467371193,20.0,false,225.469816983,228.442425089,-148.60081727231469,-149.4289199190518
411,131,132,j2,0.8269686948074573,0.8269686948074573,20.0,false,427.9714323,430.955435875,-130.93134643980315,-130.1043777449957
412,176,177,j2,0.8267407487578723,0.8267407487578851,20.0,false,556.782826952,558.198402921,-86.09026461343947,-85.26352386468159
413,33,34,j4,0.8258851370959651,0.8258851370959714,20.0,false,135.847564211,139.139532348,-23.576477491560365,-24.402362628656338
414,132,133,j2,0.8243710582450205,0.8243710582450205,20.0,false,430.955435875,433.937476782,-130.1043777449957,-129.28000668675068
415,145,146,j2,0.8237549167724286,0.8237549167724286,20.0,false,469.525750311,472.664125324,-119.59316847686627,-118.76941356009384
416,1,2,j1,0.8225278006976103,0.8225278006976103,20.0,false,2.845472524,5.6912399570000005,128.52337258394303,127.70084478324543
417,133,134,j2,0.821520840793935,0.821520840793935,20.0,false,433.937476782,436.915758841,-129.28000668675068,-128.45848584595674
418,134,135,j2,0.8184157248152245,0.8184157248152245,20.0,false,436.915758841,439.888505054,-128.45848584595674,-127.64007012114152
419,135,136,j2,0.8150547406273574,0.8150547406273574,20.0,false,439.888505054,442.853967507,-127.64007012114152,-126.82501538051416
420,144,145,j2,0.8146577783759693,0.8146577783759693,20.0,false,466.440107497,469.525750311,-120.40782625524223,-119.59316847686627
421,64,65,j2,0.8139082572397338,0.8139082572397338,20.0,false,228.442425089,231.405905185,-149.4289199190518,-150.24282817629154
422,29,30,j3,0.8128796689586468,0.8128796689586468,20.0,false,121.287054508,125.169416799,137.6059670313431,136.79308736238448
423,175,176,j2,0.8122068747952509,0.8122068747952635,20.0,false,555.384820306,556.782826952,-86.90247148823474,-86.09026461343947
424,136,137,j2,0.8114389626168197,0.8114389626168197,20.0,false,442.853967507,445.810437728,-126.82501538051416,-126.01357641789734
425,56,57,j5,0.8086769804504389,0.8086769804504453,20.0,false,204.529168909,207.524216447,43.16082680140486,43.96950378185531
426,137,138,j2,0.8075721783096232,0.8075721783096232,20.0,false,445.810437728,448.75625764,-126.01357641789734,-125.20600423958773
427,143,144,j2,0.8068363971012426,0.8068363971012426,20.0,false,463.408848846,466.440107497,-121.21466265234348,-120.40782625524223
428,138,139,j2,0.8034615017151447,0.8034615017151447,20.0,false,448.75625764,451.689831223,-125.20600423958773,-124.40254273787258
429,142,143,j2,0.8000633936719811,0.8000633936719811,20.0,false,460.43332078,463.408848846,-122.01472604601545,-121.21466265234348
430,65,66,j2,0.7994131908686443,0.7994131908686443,20.0,false,231.405905185,234.358907113,-150.24282817629154,-151.0422413671602
431,139,140,j2,0.7991178994747776,0.7991178994747776,20.0,false,451.689831223,454.609636992,-124.40254273787258,-123.6034248383978
432,71,72,j2,0.7979659841842457,0.7979659841842457,20.0,false,249.186300582,252.174372343,-155.00744678950778,-155.80541277369204
433,72,73,j2,0.797651863690896,0.797651863690896,20.0,false,252.174372343,255.1661504,-155.80541277369204,-156.60306463738294
434,70,71,j2,0.7972728047623449,0.7972728047623449,20.0,false,246.203660012,249.186300582,-154.21017398474544,-155.00744678950778
435,75,76,j2,0.7968290143707963,0.7968290143707963,20.0,false,261.153834064,264.146226053,-158.19247840553473,-158.98930741990551
436,85,86,j3,0.7964031273882397,0.7964031273882397,20.0,false,290.889449646,293.87368339,132.08135178827558,131.28494866088732
437,73,74,j2,0.7961558258896099,0.7961558258896099,20.0,false,255.1661504,258.15988968,-156.60306463738294,-157.39922046327254
438,69,70,j2,0.7957141610575135,0.7957141610575135,20.0,false,243.228145845,246.203660012,-153.41445982368793,-154.21017398474544
439,140,141,j2,0.7945565957432106,0.7945565957432106,20.0,false,454.609636992,457.51424136,-123.6034248383978,-122.80886824265458
440,174,175,j2,0.7945167953978943,0.7945167953979071,20.0,false,554.013280641,555.384820306,-87.69698828363265,-86.90247148823474
441,141,142,j2,0.7941421966391348,0.7941421966391348,20.0,false,457.51424136,460.43332078,-122.80886824265458,-122.01472604601545
442,68,69,j2,0.7934117881302832,0.7934117881302832,20.0,false,240.261413601,243.228145845,-152.62104803555766,-153.41445982368793
443,74,75,j2,0.7932579422621785,0.7932579422621785,20.0,false,258.15988968,261.153834064,-157.39922046327254,-158.19247840553473
444,18,19,j3,0.7924643199972087,0.7924643199972087,20.0,false,74.588535241,76.50034991,146.5227268531304,147.3151911731276
445,67,68,j2,0.790479923368063,0.790479923368063,20.0,false,237.305068714,240.261413601,-151.83056811218958,-152.62104803555766
446,66,67,j2,0.7883267450294114,0.7883267450294114,20.0,false,234.358907113,237.305068714,-151.0422413671602,-151.83056811218958
447,171,172,j3,0.7853005322601442,0.7853005322601442,20.0,false,550.126867908,551.382994285,141.31305040663267,140.52774987437252
448,76,77,j2,0.7852175756768556,0.7852175756768556,20.0,false,264.146226053,267.135382209,-158.98930741990551,-159.77452499558237
449,83,84,j2,0.7834483921608886,0.7834483921608886,20.0,false,284.940230163,287.911137954,-164.316094271251,-165.09954266341188
450,50,51,j1,0.7810102866862946,0.7810102866862946,20.0,false,186.654846594,189.62621348,117.04956827103177,116.26855798434548
451,170,171,j3,0.777561398980104,0.777561398980104,20.0,false,548.844561039,550.126867908,142.09061180561275,141.31305040663267
452,77,78,j2,0.7775382112890947,0.7775382112890947,20.0,false,267.135382209,270.119530412,-159.77452499558237,-160.55206320687148
453,93,94,j5,0.7734077672627258,0.7734077672627258,20.0,false,314.798151919,317.773562978,89.88940227297384,89.11599450571111
454,78,79,j4,0.7731608112859947,0.773160811285982,20.0,false,270.119530412,273.096969256,-74.0529638257292,-73.2798030144432
455,173,174,j2,0.7721204472089788,0.7721204472089661,20.0,false,552.676698652,554.013280641,-88.46910873084161,-87.69698828363265
456,164,165,j3,0.7685488205940866,0.7685488205940866,20.0,false,540.767456937,542.129398642,146.66997255173595,145.90142373114188
457,78,79,j2,0.767645121898528,0.767645121898528,20.0,false,270.119530412,273.096969256,-160.55206320687148,-161.31970832877
458,55,56,j5,0.7674073905400592,0.7674073905400529,20.0,false,201.537057493,204.529168909,42.39341941086481,43.16082680140486
459,169,170,j3,0.7665160095304866,0.7665160095304866,20.0,false,547.531863067,548.844561039,142.85712781514326,142.09061180561275
460,165,166,j3,0.7664211593901888,0.7664211593901888,20.0,false,542.129398642,543.486819662,145.90142373114188,145.1350025717517
461,8,9,j5,0.7633434526846237,0.7633434526846237,20.0,false,22.761446329,25.601132925,35.21292144080362,34.449577988118996
462,16,17,j5,0.7628804720245348,0.7628804720245348,20.0,false,71.318007554,72.858246668,36.0074092927765,35.24452882075197
463,166,167,j3,0.7601048956474884,0.7601048956474884,20.0,false,543.486819662,544.845102313,145.1350025717517,144.3748976761042
464,168,169,j3,0.7599304683984627,0.7599304683984627,20.0,false,546.196122708,547.531863067,143.61705828354172,142.85712781514326
465,167,168,j3,0.7578393925624889,0.7578393925624889,20.0,false,544.845102313,546.196122708,144.3748976761042,143.61705828354172
466,79,80,j2,0.7553692071991303,0.7553692071991303,20.0,false,273.096969256,276.066031811,-161.31970832877,-162.07507753596914
467,82,83,j2,0.7546387242570552,0.7546387242570552,20.0,false,281.978163555,284.940230163,-163.56145554699393,-164.316094271251
468,68,69,j4,0.7506311328518256,0.7506311328518256,20.0,false,240.261413601,243.228145845,-72.25013011733961,-73.00076125019143
469,172,173,j3,0.7483311144417213,0.7483311144417213,20.0,false,551.382994285,552.676698652,140.52774987437252,139.7794187599308
470,81,82,j2,0.7457138526541158,0.7457138526541158,20.0,false,279.02509293,281.978163555,-162.81574169433983,-163.56145554699393
471,172,173,j2,0.7432911593100809,0.7432911593100936,20.0,false,551.382994285,552.676698652,-89.2123998901517,-88.46910873084161
472,80,81,j2,0.7406641583706919,0.7406641583706919,20.0,false,276.066031811,279.02509293,-162.07507753596914,-162.81574169433983
473,163,164,j3,0.7359636980065621,0.7359636980065621,20.0,false,539.341262109,540.767456937,147.40593624974252,146.66997255173595
474,2,3,j1,0.7352636034196196,0.7352636034196196,20.0,false,5.6912399570000005,8.536946297,127.70084478324543,126.9655811798258
475,49,50,j1,0.732937957522745,0.732937957522745,20.0,false,183.678256543,186.654846594,117.78250622855452,117.04956827103177
476,54,55,j5,0.7293743058685733,0.7293743058685797,20.0,false,198.549400516,201.537057493,41.66404510499623,42.39341941086481
477,19,20,j3,0.726823871175899,0.726823871175899,20.0,false,76.50034991,78.5842664,147.3151911731276,148.0420150443035
478,5,6,j1,0.7258560037195505,0.7258560037195505,20.0,false,14.227583825,17.071286255,125.61766147545464,124.8918054717351
479,26,27,j6,0.7242469319587299,0.7242469319587331,20.0,false,105.505047792,111.500916495,15.94211365374409,15.217866721785358
480,86,87,j3,0.7220056322658953,0.7220056322658953,20.0,false,293.87368339,296.862292171,131.28494866088732,130.56294302862145
481,28,29,j6,0.7092095677357876,0.7092095677357813,20.0,false,116.761279932,121.287054508,15.213828245895582,15.923037813631364
482,171,172,j2,0.7078258323710392,0.7078258323710519,20.0,false,550.126867908,551.382994285,-89.92022572252276,-89.2123998901517
483,173,174,j3,0.7062187412381296,0.7062187412381296,20.0,false,552.676698652,554.013280641,139.7794187599308,139.07320001869266
484,10,11,j3,0.7048226086051079,0.7048226086051079,20.0,false,28.454459384,31.299765777,148.06964809961403,148.77447070821913
485,162,163,j3,0.704615390581439,0.704615390581439,20.0,false,537.850983886,539.341262109,148.11055164032396,147.40593624974252
486,6,7,j1,0.7006325643308424,0.7006325643308424,20.0,false,17.071286255,19.91500587,124.8918054717351,124.19117290740425
487,53,54,j5,0.6943644898607999,0.6943644898607936,20.0,false,195.567686638,198.549400516,40.96968061513544,41.66404510499623
488,149,150,j3,0.694112826971476,0.694112826971476,20.0,false,482.375492156,485.880941641,135.43922391399812,136.13333674096958
489,48,49,j1,0.68535601337374,0.68535601337374,20.0,false,180.698263538,183.678256543,118.46786224192826,117.78250622855452
490,161,162,j3,0.6801791967464957,0.6801791967464957,20.0,false,536.307302562,537.850983886,148.79073083707047,148.11055164032396
491,87,88,j5,0.6767290068365395,0.6767290068365395,20.0,false,296.862292171,299.853726655,89.48732236886765,90.16405137570419
492,170,171,j2,0.6760287469600123,0.6760287469600249,20.0,false,548.844561039,550.126867908,-90.59625446948279,-89.92022572252276
493,3,4,j1,0.6759747831342063,0.6759747831342063,20.0,false,8.536946297,11.382493727,126.9655811798258,126.28960639669161
494,86,87,j2,0.6759401246240665,0.6759401246240665,20.0,false,293.87368339,296.862292171,-167.24854580773558,-167.92448593235963
495,14,15,j3,0.6754155701429967,0.6754155701429967,20.0,false,39.824502367,42.681461889,148.0459803430523,147.3705647729093
496,30,31,j3,0.6740017584575395,0.6740017584575395,20.0,false,125.169416799,128.86038798,136.79308736238448,136.11908560392692
497,4,5,j1,0.6719449212369629,0.6719449212369629,20.0,false,11.382493727,14.227583825,126.28960639669161,125.61766147545464
498,174,175,j3,0.6683913431133366,0.6683913431133366,20.0,false,554.013280641,555.384820306,139.07320001869266,138.40480867557932
499,52,53,j5,0.6621127147672644,0.662112714767258,20.0,false,192.593364896,195.567686638,40.30756790036818,40.96968061513544
500,20,21,j3,0.6582649841068897,0.6582649841068897,20.0,false,78.5842664,80.829413921,148.0420150443035,148.7002800284104
501,69,70,j4,0.6562715446549238,0.6562715446549365,20.0,false,243.228145845,246.203660012,-73.00076125019143,-73.65703279484637
502,169,170,j2,0.6449369884606075,0.6449369884606202,20.0,false,547.531863067,548.844561039,-91.2411914579434,-90.59625446948279
503,47,48,j1,0.6383671200645823,0.6383671200645823,20.0,false,177.71670608,180.698263538,119.10622936199285,118.46786224192826
504,175,176,j3,0.6355813101024462,0.6355813101024462,20.0,false,555.384820306,556.782826952,138.40480867557932,137.76922736547687
505,97,98,j6,0.6354451838266868,0.6354451838266868,20.0,false,326.652456121,329.616071331,168.53598294506907,167.9005377612424
506,97,98,j1,0.6333214369388399,0.6333214369388422,20.0,false,326.652456121,329.616071331,-4.083899758733737,-3.450578321794895
507,51,52,j5,0.6307789470162722,0.6307789470162722,20.0,false,189.62621348,192.593364896,39.6767889533519,40.30756790036818
508,111,112,j4,0.6304988258264391,0.6304988258264391,20.0,false,368.369348331,371.316235852,-38.235738482725665,-37.60523965689922
509,110,111,j4,0.6275757398493484,0.6275757398493612,20.0,false,365.417906337,368.369348331,-38.86331422257503,-38.235738482725665
510,84,85,j3,0.6178416649875988,0.6178416649875988,20.0,false,287.911137954,290.889449646,132.69919345326318,132.08135178827558
511,109,110,j4,0.6142146654641063,0.6142146654641,20.0,false,362.455418771,365.417906337,-39.477528888039124,-38.86331422257503
512,168,169,j2,0.6122121789208123,0.6122121789207995,20.0,false,546.196122708,547.531863067,-91.8534036368642,-91.2411914579434
513,112,113,j4,0.609679501226707,0.6096795012266942,20.0,false,371.316235852,374.273826049,-37.60523965689922,-36.99556015567253
514,176,177,j3,0.6083405757641999,0.6083405757641999,20.0,false,556.782826952,558.198402921,137.76922736547687,137.1608867897127
515,108,109,j4,0.6027589271331685,0.6027589271331748,20.0,false,359.483463118,362.455418771,-40.0802878151723,-39.477528888039124
516,13,14,j3,0.5977842166626461,0.5977842166626461,20.0,false,36.992856576,39.824502367,148.64376455971495,148.0459803430523
517,107,108,j4,0.5932040524808431,0.5932040524808431,20.0,false,356.503671692,359.483463118,-40.67349186765314,-40.0802878151723
518,46,47,j1,0.5920596313865027,0.5920596313865027,20.0,false,174.735431416,177.71670608,119.69828899337935,119.10622936199285
519,113,114,j4,0.5899471400084324,0.5899471400084387,20.0,false,374.273826049,377.241310819,-36.99556015567253,-36.405613015664095
520,50,51,j5,0.5898765543149904,0.5898765543149778,20.0,false,186.654846594,189.62621348,39.086912399036926,39.6767889533519
521,177,178,j3,0.5870578303923003,0.5870578303923003,20.0,false,558.198402921,559.622388695,137.1608867897127,136.57382895932037
522,106,107,j4,0.5854943154050569,0.5854943154050632,20.0,false,353.51772065,356.503671692,-41.258986183058205,-40.67349186765314
523,105,106,j4,0.5795072955819733,0.5795072955819733,20.0,false,350.527319625,353.51772065,-41.83849347864018,-41.258986183058205
524,167,168,j2,0.5763922193217867,0.5763922193217867,20.0,false,544.845102313,546.196122708,-92.42979585618599,-91.8534036368642
525,31,32,j3,0.5753800070980222,0.5753800070980222,20.0,false,128.86038798,132.420517506,136.11908560392692,135.54370559682891
526,104,105,j4,0.5750278123730221,0.5750278123730286,20.0,false,347.534201864,350.527319625,-42.41352129101321,-41.83849347864018
527,160,161,j3,0.5722788815620151,0.5722788815620151,20.0,false,534.54173168,536.307302562,149.36300971863247,148.79073083707047
528,114,115,j4,0.5722097634739045,0.572209763473911,20.0,false,377.241310819,380.217305061,-36.405613015664095,-35.83340325219018
529,178,179,j3,0.5719706114922151,0.5719706114922151,20.0,false,559.622388695,561.045495343,136.57382895932037,136.00185834782818
530,103,104,j4,0.5717021770013817,0.5717021770013754,20.0,false,344.540114782,347.534201864,-42.98522346801458,-42.41352129101321
531,102,103,j4,0.5689527903578577,0.5689527903578451,20.0,false,341.546810874,344.540114782,-43.55417625837243,-42.98522346801458
532,158,159,j3,0.5674356429619277,0.5674356429619277,20.0,false,527.660273284,531.697068959,148.83675314961982,149.40418879258175
533,101,102,j4,0.56580346065178,0.56580346065178,20.0,false,338.556039135,341.546810874,-44.11997971902421,-43.55417625837243
534,179,180,j3,0.5631727109010576,0.5631727109010576,20.0,false,561.045495343,562.068413668,136.00185834782818,135.43868563692712
535,100,101,j4,0.5604958088282244,0.5604958088282307,20.0,false,335.569537595,338.556039135,-44.68047552785244,-44.11997971902421
536,17,18,j5,0.556920047188745,0.5569200471887387,20.0,false,72.858246668,74.588535241,35.24452882075197,34.68760877356323
537,115,116,j4,0.5565505220851633,0.556550522085176,20.0,false,380.217305061,383.200369281,-35.83340325219018,-35.276852730105006
538,77,78,j4,0.5559048507549214,0.555904850754934,20.0,false,267.135382209,270.119530412,-74.60886867648412,-74.0529638257292
539,70,71,j4,0.551828294392923,0.551828294392923,20.0,false,246.203660012,249.186300582,-73.65703279484637,-74.20886108923929
540,99,100,j4,0.5501745375341908,0.5501745375341843,20.0,false,332.589021483,335.569537595,-45.23065006538663,-44.68047552785244
541,49,50,j5,0.549358529761607,0.5493585297616007,20.0,false,183.678256543,186.654846594,38.53755386927533,39.086912399036926
542,45,46,j1,0.5465092850736546,0.5465092850736546,20.0,false,171.756286138,174.735431416,120.244798278453,119.69828899337935
543,148,149,j3,0.544117900100116,0.544117900100116,20.0,false,479.091213524,482.375492156,134.895106013898,135.43922391399812
544,92,93,j5,0.5437889633638644,0.5437889633638644,20.0,false,311.816200801,314.798151919,90.4331912363377,89.88940227297384
545,116,117,j4,0.5430347265913089,0.5430347265912963,20.0,false,383.200369281,386.189020381,-35.276852730105006,-34.73381800351371
546,32,33,j4,0.5405508231649586,0.540550823164946,20.0,false,132.420517506,135.847564211,-23.03592666839542,-23.576477491560365
547,98,99,j4,0.5396912519170208,0.5396912519170208,20.0,false,329.616071331,332.589021483,-45.77034131730365,-45.23065006538663
548,83,84,j3,0.537615427379378,0.537615427379378,20.0,false,284.940230163,287.911137954,133.23680888064254,132.69919345326318
549,166,167,j2,0.5358393808272788,0.5358393808272915,20.0,false,543.486819662,544.845102313,-92.96563523701327,-92.42979585618599
550,117,118,j4,0.5317116257592381,0.5317116257592381,20.0,false,386.189020381,389.181741982,-34.73381800351371,-34.20210637775447
551,160,161,j2,0.5299796160106561,0.5299796160106689,20.0,false,534.54173168,536.307302562,-95.66594854170022,-95.13596892568954
552,118,119,j4,0.5226153122737565,0.5226153122737628,20.0,false,389.181741982,392.176994364,-34.20210637775447,-33.67949106548071
553,125,126,j4,0.5211511885495305,0.5211511885495368,20.0,false,410.114899294,413.084800585,-30.60943520316906,-30.08828401461952
554,140,141,j4,0.5203471122193748,0.520347112219362,20.0,false,454.609636992,457.51424136,-23.377706423466744,-22.857359311247382
555,126,127,j4,0.5194292835205983,0.5194292835205983,20.0,false,413.084800585,416.051852702,-30.08828401461952,-29.568854731098924
556,119,120,j4,0.5157653550649526,0.5157653550649589,20.0,false,392.176994364,395.173224126,-33.67949106548071,-33.16372571041575
557,124,125,j4,0.5149069020978525,0.5149069020978588,20.0,false,407.136899798,410.114899294,-31.12434210526692,-30.60943520316906
558,48,49,j5,0.5117672121599265,0.5117672121599265,20.0,false,180.698263538,183.678256543,38.025786657115404,38.53755386927533
559,120,121,j4,0.5111671751328188,0.5111671751328124,20.0,false,395.173224126,398.16887366,-33.16372571041575,-32.652558535282935
560,123,124,j4,0.5107265727534619,0.5107265727534683,20.0,false,404.152237106,407.136899798,-31.635068678020385,-31.12434210526692
561,147,148,j3,0.509680470029954,0.509680470029954,20.0,false,475.853322093,479.091213524,134.38542554386805,134.895106013898
562,121,122,j4,0.5088121804767624,0.5088121804767624,20.0,false,398.16887366,401.162390568,-32.652558535282935,-32.143746354806176
563,122,123,j4,0.508677676785782,0.5086776767857883,20.0,false,401.162390568,404.152237106,-32.143746354806176,-31.635068678020385
564,139,140,j4,0.504784955315175,0.5047849553151686,20.0,false,451.689831223,454.609636992,-23.88249137878191,-23.377706423466744
565,127,128,j4,0.5031693631250789,0.5031693631250853,20.0,false,416.051852702,419.025694724,-29.568854731098924,-29.06568536797384
566,44,45,j1,0.5017810313654482,0.5017810313654482,20.0,false,168.781106754,171.756286138,120.74657930981844,120.244798278453
567,97,98,j4,0.49935802834423854,0.49935802834423215,20.0,false,326.652456121,329.616071331,-46.26969934564788,-45.77034131730365
568,141,142,j4,0.4925792357513278,0.4925792357513246,20.0,false,457.51424136,460.43332078,-22.857359311247382,-22.364780075496057
569,138,139,j4,0.4912716648683238,0.49127166486833335,20.0,false,448.75625764,451.689831223,-24.373763043650246,-23.88249137878191
570,128,129,j4,0.489188471372214,0.4891884713722267,20.0,false,419.025694724,422.004760403,-29.06568536797384,-28.57649689660161
571,165,166,j2,0.48874865818938623,0.48874865818938623,20.0,false,542.129398642,543.486819662,-93.45438389520267,-92.96563523701327
572,137,138,j4,0.47994148311561163,0.479941483115618,20.0,false,445.810437728,448.75625764,-24.853704526765863,-24.373763043650246
573,129,130,j4,0.47780321841663925,0.4778032184166329,20.0,false,422.004760403,424.987271829,-28.57649689660161,-28.09869367818498
574,47,48,j5,0.47693092112476065,0.47693092112476065,20.0,false,177.71670608,180.698263538,37.54885573599064,38.025786657115404
575,82,83,j3,0.4742007868120932,0.4742007868120932,20.0,false,281.978163555,284.940230163,133.71100966745465,133.23680888064254
576,146,147,j3,0.47279160237867474,0.47279160237867474,20.0,false,472.664125324,475.853322093,133.91263394148936,134.38542554386805
577,136,137,j4,0.4709078603551247,0.47090786035511834,20.0,false,442.853967507,445.810437728,-25.324612387120983,-24.853704526765863
578,32,33,j3,0.4698108405647092,0.4698108405647092,20.0,false,132.420517506,135.847564211,135.54370559682891,135.0738947562642
579,130,131,j4,0.46903407833285676,0.46903407833285043,20.0,false,424.987271829,427.9714323,-28.09869367818498,-27.62965959985213
580,135,136,j4,0.464264972487506,0.46426497248749965,20.0,false,439.888505054,442.853967507,-25.78887735960848,-25.324612387120983
581,131,132,j4,0.46288901385154,0.4628890138515464,20.0,false,427.9714323,430.955435875,-27.62965959985213,-27.16677058600058
582,134,135,j4,0.46008919496517015,0.4600891949651638,20.0,false,436.915758841,439.888505054,-26.248966554573645,-25.78887735960848
583,132,133,j4,0.4593635562222698,0.45936355622227937,20.0,false,430.955435875,433.937476782,-27.16677058600058,-26.707407029778302
584,133,134,j4,0.458440475204651,0.45844047520465736,20.0,false,433.937476782,436.915758841,-26.707407029778302,-26.248966554573645
585,43,44,j1,0.4579308902560639,0.4579308902560639,20.0,false,165.811710075,168.781106754,121.20451020007451,120.74657930981844
586,87,88,j3,0.4453818493576145,0.4453818493576145,20.0,false,296.862292171,299.853726655,130.56294302862145,130.11756117926382
587,46,47,j5,0.4446261046976464,0.4446261046976591,20.0,false,174.735431416,177.71670608,37.10422963129298,37.54885573599064
588,98,99,j6,0.4438963716649476,0.4438963716649476,20.0,false,329.616071331,332.589021483,167.9005377612424,167.45664138957744
589,164,165,j2,0.4404805414928826,0.4404805414928826,20.0,false,540.767456937,542.129398642,-93.89486443669554,-93.45438389520267
590,98,99,j1,0.43928827972225987,0.4392882797222634,20.0,false,329.616071331,332.589021483,-3.450578321794895,-3.011290042072632
591,149,150,j4,0.4378445378526328,0.4378445378526391,20.0,false,482.375492156,485.880941641,-21.338996563378664,-21.776841101231305
592,88,89,j5,0.43771977113686794,0.43771977113688065,20.0,false,299.853726655,302.846414635,90.16405137570419,90.60177114684107
593,71,72,j4,0.4359523286022352,0.4359523286022479,20.0,false,249.186300582,252.174372343,-74.20886108923929,-74.64481341784155
594,29,30,j4,0.4345316246612971,0.43453162466129386,20.0,false,121.287054508,125.169416799,-23.242636272119185,-22.808104647457892
595,145,146,j3,0.433605157269044,0.433605157269044,20.0,false,469.525750311,472.664125324,133.47902878422033,133.91263394148936
596,88,89,j3,0.43162775942111203,0.43162775942111203,20.0,false,299.853726655,302.846414635,130.11756117926382,129.6859334198427
597,163,164,j2,0.4243480508684085,0.4243480508684085,20.0,false,539.341262109,540.767456937,-94.31921248756396,-93.89486443669554
598,81,82,j3,0.4182569060571043,0.4182569060571043,20.0,false,279.02509293,281.978163555,134.12926657351176,133.71100966745465
599,42,43,j1,0.4150077534805558,0.4150077534805558,20.0,false,162.849883264,165.811710075,121.61951795355506,121.20451020007451
600,45,46,j5,0.4145833295571219,0.4145833295571346,20.0,false,171.756286138,174.735431416,36.68964630173585,37.10422963129298
601,162,163,j2,0.4141643777733611,0.4141643777733611,20.0,false,537.850983886,539.341262109,-94.73337686533732,-94.31921248756396
602,89,90,j3,0.4134719247555706,0.4134719247555706,20.0,false,302.846414635,305.838774321,129.6859334198427,129.27246149508713
603,96,97,j4,0.40767401904805045,0.4076740190480632,20.0,false,323.698934979,326.652456121,-46.67737336469594,-46.26969934564788
604,94,95,j4,0.4043508732019755,0.4043508732019755,20.0,false,317.773562978,320.740963588,-46.40902859674017,-46.81337946994215
605,142,143,j4,0.40345608650055526,0.40345608650056164,20.0,false,460.43332078,463.408848846,-22.364780075496057,-21.961323988995495
606,161,162,j2,0.4025920603522162,0.40259206035222894,20.0,false,536.307302562,537.850983886,-95.13596892568954,-94.73337686533732
607,22,23,j3,0.39683587945665555,0.39683587945665555,20.0,false,83.694067702,87.648047449,148.99556061010614,148.59872473064948
608,144,145,j3,0.39230946423933005,0.39230946423933005,20.0,false,466.440107497,469.525750311,133.086719319981,133.47902878422033
609,90,91,j3,0.39159017074037167,0.39159017074037167,20.0,false,305.838774321,308.829225845,129.27246149508713,128.88087132434677
610,44,45,j5,0.38649312041890616,0.3864931204188998,20.0,false,168.781106754,171.756286138,36.303153181316944,36.68964630173585
611,18,19,j5,0.37611097273271615,0.3761109727327098,20.0,false,74.588535241,76.50034991,34.68760877356323,34.311497800830516
612,41,42,j1,0.3730550585590964,0.3730550585590964,20.0,false,159.897373396,162.849883264,121.99257301211416,121.61951795355506
613,91,92,j3,0.36690891346173193,0.36690891346173193,20.0,false,308.829225845,311.816200801,128.88087132434677,128.51396241088503
614,9,10,j5,0.3667124164567449,0.3667124164567449,20.0,false,25.601132925,28.454459384,34.449577988118996,34.08286557166225
615,80,81,j3,0.36534043611261846,0.36534043611261846,20.0,false,276.066031811,279.02509293,134.49460700962436,134.12926657351176
616,43,44,j5,0.3600115670608863,0.3600115670608926,20.0,false,165.811710075,168.781106754,35.94314161425606,36.303153181316944
617,33,34,j3,0.3579516799635772,0.3579516799635772,20.0,false,135.847564211,139.139532348,135.0738947562642,134.71594307630062
618,99,100,j6,0.3569904688922911,0.3569904688922911,20.0,false,332.589021483,335.569537595,167.45664138957744,167.09965092068515
619,76,77,j4,0.3528087055852553,0.3528087055852553,20.0,false,264.146226053,267.135382209,-74.96167738206938,-74.60886867648412
620,99,100,j1,0.3518841358058406,0.35188413580584377,20.0,false,332.589021483,335.569537595,-3.011290042072632,-2.659405906266788
621,143,144,j3,0.3491314932495572,0.3491314932495572,20.0,false,463.408848846,466.440107497,132.73758782673144,133.086719319981
622,92,93,j3,0.3405242625575267,0.3405242625575267,20.0,false,311.816200801,314.798151919,128.51396241088503,128.1734381483275
623,42,43,j5,0.33476570539941325,0.3347657053994005,20.0,false,162.849883264,165.811710075,35.60837590885665,35.94314161425606
624,40,41,j1,0.3321122715498147,0.3321122715498147,20.0,false,156.955876378,159.897373396,122.32468528366398,121.99257301211416
625,79,80,j3,0.31671178357784047,0.31671178357784047,20.0,false,273.096969256,276.066031811,134.8113187932022,134.49460700962436
626,143,144,j4,0.31504694621942925,0.3150469462194388,20.0,false,463.408848846,466.440107497,-21.961323988995495,-21.646277042776056
627,93,94,j3,0.31327198982450744,0.31327198982450744,20.0,false,314.798151919,317.773562978,128.1734381483275,127.860166158503
628,41,42,j5,0.31035875884922526,0.3103587588492189,20.0,false,159.897373396,162.849883264,35.29801715000743,35.60837590885665
629,72,73,j4,0.3073857645875821,0.3073857645875948,20.0,false,252.174372343,255.1661504,-74.64481341784155,-74.95219918242914
630,142,143,j3,0.30434048625308974,0.30434048625308974,20.0,false,460.43332078,463.408848846,132.43324734047835,132.73758782673144
631,91,92,j5,0.3034963169488014,0.3034963169488014,20.0,false,308.829225845,311.816200801,90.7366875532865,90.4331912363377
632,21,22,j3,0.2952805816957369,0.2952805816957369,20.0,false,80.829413921,83.694067702,148.7002800284104,148.99556061010614
633,39,40,j1,0.2922161208374566,0.2922161208374566,20.0,false,154.027025123,156.955876378,122.61690140450143,122.32468528366398
634,87,88,j2,0.29160758019482613,0.29160758019482613,20.0,false,296.862292171,299.853726655,-167.92448593235963,-167.63287835216482
635,88,89,j2,0.2912148189155797,0.2912148189155797,20.0,false,299.853726655,302.846414635,-167.63287835216482,-167.34166353324923
636,89,90,j2,0.2881761935272068,0.2881761935272068,20.0,false,302.846414635,305.838774321,-167.34166353324923,-167.05348733972204
637,12,13,j3,0.28799317716308914,0.28799317716308914,20.0,false,34.146233735,36.992856576,148.93175773687804,148.64376455971495
638,40,41,j5,0.2863753986860146,0.28637539868600187,20.0,false,156.955876378,159.897373396,35.011641751321434,35.29801715000743
639,90,91,j2,0.2827352432479144,0.2827352432479144,20.0,false,305.838774321,308.829225845,-167.05348733972204,-166.77075209647413
640,100,101,j6,0.27853172789345043,0.27853172789345043,20.0,false,335.569537595,338.556039135,167.09965092068515,166.82111919279168
641,91,92,j2,0.27528364236053043,0.27528364236053043,20.0,false,308.829225845,311.816200801,-166.77075209647413,-166.4954684541136
642,100,101,j1,0.272647594279535,0.2726475942795227,20.0,false,335.569537595,338.556039135,-2.659405906266788,-2.3867583119872653
643,78,79,j3,0.27112652872083864,0.27112652872083864,20.0,false,270.119530412,273.096969256,135.08244532192305,134.8113187932022
644,92,93,j2,0.26633327712856114,0.26633327712856114,20.0,false,311.816200801,314.798151919,-166.4954684541136,-166.229135176985
645,39,40,j5,0.26238724187775614,0.26238724187774976,20.0,false,154.027025123,156.955876378,34.74925450944368,35.011641751321434
646,141,142,j3,0.25843849414348463,0.25843849414348463,20.0,false,457.51424136,460.43332078,132.17480884633486,132.43324734047835
647,159,160,j4,0.2579161604834744,0.2579161604834744,20.0,false,531.697068959,534.54173168,-52.34570032251025,-52.08778416202677
648,93,94,j2,0.2575406551794325,0.2575406551794325,20.0,false,314.798151919,317.773562978,-166.229135176985,-165.9715945218056
649,31,32,j4,0.25582847563363376,0.2558284756336433,20.0,false,128.86038798,132.420517506,-22.780098192761777,-23.03592666839542
650,38,39,j1,0.25340153949799754,0.25340153949799754,20.0,false,151.11237684,154.027025123,122.87030294399943,122.61690140450143
651,34,35,j3,0.24098100972201061,0.24098100972201061,20.0,false,139.139532348,142.29488844,134.71594307630062,134.4749620665786
652,138,139,j3,0.24083540863329336,0.24083540863329336,20.0,false,448.75625764,451.689831223,131.45339503816948,131.69423044680278
653,139,140,j3,0.24076563089643704,0.24076563089643704,20.0,false,451.689831223,454.609636992,131.69423044680278,131.93499607769922
654,137,138,j3,0.23996119627076615,0.23996119627076615,20.0,false,445.810437728,448.75625764,131.21343384189873,131.45339503816948
655,140,141,j3,0.2398127686356476,0.2398127686356476,20.0,false,454.609636992,457.51424136,131.93499607769922,132.17480884633486
656,136,137,j3,0.2380897833823848,0.2380897833823848,20.0,false,442.853967507,445.810437728,130.97534405851633,131.21343384189873
657,38,39,j5,0.23795880966818436,0.23795880966818436,20.0,false,151.11237684,154.027025123,34.511295699775495,34.74925450944368
658,7,8,j1,0.23597888281367288,0.23597888281367288,20.0,false,19.91500587,22.761446329,124.19117290740425,123.95519402459058
659,135,136,j3,0.23517513108660243,0.23517513108660243,20.0,false,439.888505054,442.853967507,130.74016892742972,130.97534405851633
660,134,135,j3,0.23117796173162958,0.23117796173162958,20.0,false,436.915758841,439.888505054,130.5089909656981,130.74016892742972
661,77,78,j3,0.22890161265026565,0.22890161265026565,20.0,false,267.135382209,270.119530412,135.3113469345733,135.08244532192305
662,144,145,j4,0.22809240047974472,0.2280924004797352,20.0,false,466.440107497,469.525750311,-21.646277042776056,-21.41818464229632
663,19,20,j5,0.227416372334379,0.22741637233438536,20.0,false,76.50034991,78.5842664,34.311497800830516,34.08408142849613
664,133,134,j3,0.2260654699579442,0.2260654699579442,20.0,false,433.937476782,436.915758841,130.28292549574016,130.5089909656981
665,101,102,j6,0.22447822894910754,0.22447822894910754,20.0,false,338.556039135,341.546810874,166.82111919279168,166.5966409638426
666,132,133,j3,0.21981115871845927,0.21981115871845927,20.0,false,430.955435875,433.937476782,130.0631143370217,130.28292549574016
667,101,102,j1,0.2180486367648361,0.21804863676484604,20.0,false,338.556039135,341.546810874,-2.3867583119872653,-2.168709675222419
668,23,24,j6,0.21766505671691336,0.21766505671690062,20.0,false,87.648047449,92.691337775,17.966383285769787,18.184048342486687
669,37,38,j1,0.2157060224529651,0.2157060224529651,20.0,false,148.213396752,151.11237684,123.0860089664524,122.87030294399943
670,37,38,j5,0.21264247593614272,0.2126424759361491,20.0,false,148.213396752,151.11237684,34.29865322383935,34.511295699775495
671,131,132,j3,0.21239480011597148,0.21239480011597148,20.0,false,427.9714323,430.955435875,129.85071953690573,130.0631143370217
672,130,131,j3,0.20380251782255393,0.20380251782255393,20.0,false,424.987271829,427.9714323,129.64691701908316,129.85071953690573
673,129,130,j3,0.19402698515572336,0.19402698515572336,20.0,false,422.004760403,424.987271829,129.45289003392745,129.64691701908316
674,89,90,j5,0.19175674401711662,0.19175674401711662,20.0,false,302.846414635,305.838774321,90.60177114684107,90.79352789085819
675,76,77,j3,0.19019079518238546,0.19019079518238546,20.0,false,264.146226053,267.135382209,135.50153772975568,135.3113469345733
676,15,16,j1,0.18921388329383063,0.18921388329383063,20.0,false,42.681461889,71.318007554,123.85482917571126,124.04404305900509
677,102,103,j6,0.18570411875051138,0.18570411875051138,20.0,false,341.546810874,344.540114782,166.5966409638426,166.41093684509207
678,128,129,j3,0.18306773000971843,0.18306773000971843,20.0,false,419.025694724,422.004760403,129.26982230391772,129.45289003392745
679,36,37,j1,0.18248657306750496,0.18248657306750496,20.0,false,145.312796582,148.213396752,123.2684955395199,123.0860089664524
680,36,37,j5,0.18018350662867227,0.1801835066286659,20.0,false,145.312796582,148.213396752,34.11846971721069,34.29865322383935
681,102,103,j1,0.17887737549491292,0.1788773754949177,20.0,false,341.546810874,344.540114782,-2.168709675222419,-1.9898322997275015
682,127,128,j3,0.17093157852015584,0.17093157852015584,20.0,false,416.051852702,419.025694724,129.09889072539758,129.26982230391772
683,35,36,j1,0.16814526469042512,0.16814526469042512,20.0,false,142.29488844,145.312796582,123.43664080421033,123.2684955395199
684,73,74,j4,0.16502813154115017,0.16502813154113746,20.0,false,255.1661504,258.15988968,-74.95219918242914,-75.11722731397028
685,75,76,j4,0.1635675240635803,0.16356752406356756,20.0,false,261.153834064,264.146226053,-75.12524490613295,-74.96167738206938
686,126,127,j3,0.1577460191184247,0.1577460191184247,20.0,false,413.084800585,416.051852702,128.94114470627915,129.09889072539758
687,11,12,j3,0.15728702865890995,0.15728702865890995,20.0,false,31.299765777,34.146233735,148.77447070821913,148.93175773687804
688,103,104,j6,0.15663564499131713,0.15663564499131713,20.0,false,344.540114782,347.534201864,166.41093684509207,166.25430120010074
689,75,76,j3,0.15496391696994138,0.15496391696994138,20.0,false,261.153834064,264.146226053,135.65650164672564,135.50153772975568
690,34,35,j1,0.1514106107169741,0.1514106107169741,20.0,false,139.139532348,142.29488844,123.5880514149273,123.43664080421033
691,125,126,j3,0.1503003303680124,0.1503003303680124,20.0,false,410.114899294,413.084800585,128.79084437591115,128.94114470627915
692,103,104,j1,0.14949295789558423,0.1494929578955902,20.0,false,344.540114782,347.534201864,-1.9898322997275015,-1.8403393418319112
693,94,95,j3,0.1478614757336862,0.1478614757336862,20.0,false,317.773562978,320.740963588,127.860166158503,128.0080276342367
694,124,125,j3,0.14604417966021827,0.14604417966021827,20.0,false,407.136899798,410.114899294,128.6448001962509,128.79084437591115
695,145,146,j4,0.1428365362698228,0.1428365362698228,20.0,false,469.525750311,472.664125324,-21.41818464229632,-21.2753481060265
696,123,124,j3,0.14096316589641686,0.14096316589641686,20.0,false,404.152237106,407.136899798,128.5038370303545,128.6448001962509
697,95,96,j4,0.1360061052462083,0.1360061052462083,20.0,false,320.740963588,323.698934979,-46.81337946994215,-46.67737336469594
698,122,123,j3,0.13502860248211795,0.13502860248211795,20.0,false,401.162390568,404.152237106,128.36880842787238,128.5038370303545
699,104,105,j6,0.13414627512263527,0.13414627512263527,20.0,false,347.534201864,350.527319625,166.25430120010074,166.12015492497812
700,33,34,j1,0.12913894945452029,0.12913894945452029,20.0,false,135.847564211,139.139532348,123.71719036438182,123.5880514149273
701,121,122,j3,0.12821773853567728,0.12821773853567728,20.0,false,398.16887366,401.162390568,128.2405906893367,128.36880842787238
702,104,105,j1,0.12673156902819566,0.12673156902818614,20.0,false,347.534201864,350.527319625,-1.8403393418319112,-1.7136077728037251
703,74,75,j3,0.12325009797380002,0.12325009797380002,20.0,false,258.15988968,261.153834064,135.77975174469944,135.65650164672564
704,35,36,j3,0.12055451564424201,0.12055451564424201,20.0,false,142.29488844,145.312796582,134.4749620665786,134.35440755093438
705,120,121,j3,0.1205137377335113,0.1205137377335113,20.0,false,395.173224126,398.16887366,128.1200769516032,128.2405906893367
706,35,36,j5,0.11696663999948831,0.11696663999949466,20.0,false,142.29488844,145.312796582,34.00150307721119,34.11846971721069
707,105,106,j6,0.11633342195886824,0.11633342195886824,20.0,false,350.527319625,353.51772065,166.12015492497812,166.00382150301925
708,119,120,j3,0.11190574846140362,0.11190574846140362,20.0,false,392.176994364,395.173224126,128.00817120314179,128.1200769516032
709,10,11,j5,0.11051004550292319,0.11051004550292319,20.0,false,28.454459384,31.299765777,34.08286557166225,33.97235552615933
710,20,21,j5,0.10958661147671071,0.10958661147671071,20.0,false,78.5842664,80.829413921,34.08408142849613,33.97449481701942
711,105,106,j1,0.10866854295149077,0.10866854295148937,20.0,false,350.527319625,353.51772065,-1.7136077728037251,-1.6049392298522358
712,118,119,j3,0.1023890612838436,0.1023890612838436,20.0,false,389.181741982,392.176994364,127.90578214185796,128.00817120314179
713,32,33,j1,0.10216306096140865,0.10216306096140865,20.0,false,132.420517506,135.847564211,123.81935342534322,123.71719036438182
714,106,107,j6,0.10196282184603345,0.10196282184603345,20.0,false,353.51772065,356.503671692,166.00382150301925,165.90185868117322
715,148,149,j4,0.10119573284214975,0.10119573284215293,20.0,false,479.091213524,482.375492156,-21.237800830536514,-21.338996563378664
716,95,96,j5,0.0965896260716985,0.09658962607171122,20.0,false,320.740963588,323.698934979,89.13314890037186,89.22973852644357
717,73,74,j3,0.09480716215731785,0.09480716215731785,20.0,false,255.1661504,258.15988968,135.87455890685675,135.77975174469944
718,106,107,j1,0.09405567347265559,0.0940556734726518,20.0,false,353.51772065,356.503671692,-1.6049392298522358,-1.510883556379584
719,117,118,j3,0.09196534756435261,0.09196534756435261,20.0,false,386.189020381,389.181741982,127.8138167942936,127.90578214185796
720,24,25,j5,0.09103241436765483,0.09103241436766756,20.0,false,92.691337775,98.823754595,33.87383202637068,33.78279961200301
721,107,108,j6,0.09019594459774595,0.09019594459774595,20.0,false,356.503671692,359.483463118,165.90185868117322,165.81166273657547
722,16,17,j1,0.08761104142584779,0.08761104142584779,20.0,false,71.318007554,72.858246668,124.04404305900509,123.95643201757925
723,52,53,j3,0.08542755112753672,0.08542755112753672,20.0,false,192.593364896,195.567686638,134.89966674627755,134.98509429740508
724,51,52,j3,0.08516447156532857,0.08516447156532857,20.0,false,189.62621348,192.593364896,134.81450227471223,134.89966674627755
725,53,54,j3,0.08514223661120437,0.08514223661120437,20.0,false,195.567686638,198.549400516,134.98509429740508,135.0702365340163
726,54,55,j3,0.08499046160647654,0.08499046160647654,20.0,false,198.549400516,201.537057493,135.0702365340163,135.15522699562277
727,55,56,j3,0.08483732201046149,0.08483732201046149,20.0,false,201.537057493,204.529168909,135.15522699562277,135.24006431763323
728,56,57,j3,0.08453041376982773,0.08453041376982773,20.0,false,204.529168909,207.524216447,135.24006431763323,135.32459473140307
729,57,58,j3,0.08390321753007628,0.08390321753007628,20.0,false,207.524216447,210.520661863,135.32459473140307,135.40849794893313
730,58,59,j3,0.082779852596247,0.082779852596247,20.0,false,210.520661863,213.516956487,135.40849794893313,135.49127780152938
731,107,108,j1,0.08204522513377165,0.082045225133778,20.0,false,356.503671692,359.483463118,-1.510883556379584,-1.428838331245806
732,59,60,j3,0.0809800449100706,0.0809800449100706,20.0,false,213.516956487,216.511550637,135.49127780152938,135.57225784643944
733,116,117,j3,0.08064297114032683,0.08064297114032683,20.0,false,383.200369281,386.189020381,127.73317382315327,127.8138167942936
734,108,109,j6,0.08044269573423748,0.08044269573423748,20.0,false,359.483463118,362.455418771,165.81166273657547,165.73122004084124
735,50,51,j3,0.0786319121396252,0.0786319121396252,20.0,false,186.654846594,189.62621348,134.7358703625726,134.81450227471223
736,60,61,j3,0.07832417797219554,0.07832417797219554,20.0,false,216.511550637,219.502903039,135.57225784643944,135.65058202441165
737,24,25,j1,0.07830874932794214,0.07830874932794214,20.0,false,92.691337775,98.823754595,123.85695875139338,123.77865000206545
738,61,62,j3,0.07463825347912866,0.07463825347912866,20.0,false,219.502903039,222.48949036,135.65058202441165,135.72522027789077
739,23,24,j1,0.07309766856928801,0.07309766856928801,20.0,false,87.648047449,92.691337775,123.93005641996267,123.85695875139338
740,109,110,j6,0.07227598680200881,0.07227598680200881,20.0,false,362.455418771,365.417906337,165.73122004084124,165.65894405403924
741,108,109,j1,0.07204083630310976,0.07204083630310618,20.0,false,359.483463118,362.455418771,-1.428838331245806,-1.3567974949426997
742,31,32,j1,0.07131213934910056,0.07131213934910056,20.0,false,128.86038798,132.420517506,123.89066556469233,123.81935342534322
743,49,50,j3,0.0705066829946649,0.0705066829946649,20.0,false,183.678256543,186.654846594,134.66536367957792,134.7358703625726
744,62,63,j3,0.06975855043987728,0.06975855043987728,20.0,false,222.48949036,225.469816983,135.72522027789077,135.79497882833064
745,72,73,j3,0.06940025155695477,0.06940025155695477,20.0,false,252.174372343,255.1661504,135.94395915841372,135.87455890685675
746,23,24,j5,0.0688987166078385,0.06889871660782577,20.0,false,87.648047449,92.691337775,33.942730742978505,33.87383202637068
747,115,116,j3,0.06843736320969972,0.06843736320969972,20.0,false,380.217305061,383.200369281,127.66473645994357,127.73317382315327
748,98,99,j3,0.06649025125759571,0.06649025125759571,20.0,false,329.616071331,332.589021483,127.89727576657731,127.83078551531972
749,97,98,j3,0.06568905937639906,0.06568905937639906,20.0,false,326.652456121,329.616071331,127.9629648259537,127.89727576657731
750,110,111,j6,0.06537947785169386,0.06537947785169386,20.0,false,365.417906337,368.369348331,165.65894405403924,165.59356457618753
751,26,27,j5,0.06446228208444396,0.06446228208443759,20.0,false,105.505047792,111.500916495,33.7741417115393,33.83860399362374
752,109,110,j1,0.0636110686103911,0.06361106861038891,20.0,false,362.455418771,365.417906337,-1.3567974949426997,-1.293186426332311
753,27,28,j5,0.06358042135413824,0.06358042135413824,20.0,false,111.500916495,116.761279932,33.83860399362374,33.90218441497788
754,27,28,j1,0.06356329465397818,0.06356329465397818,20.0,false,111.500916495,116.761279932,123.82844144897093,123.89200474362492
755,63,64,j3,0.06353575320512256,0.06353575320512256,20.0,false,225.469816983,228.442425089,135.79497882833064,135.85851458153576
756,34,35,j5,0.0632144962740916,0.06321449627410433,20.0,false,139.139532348,142.29488844,33.93828858093708,34.00150307721119
757,48,49,j3,0.06231456246260859,0.06231456246260859,20.0,false,180.698263538,183.678256543,134.60304911711532,134.66536367957792
758,99,100,j3,0.061048477989245814,0.061048477989245814,20.0,false,332.589021483,335.569537595,127.83078551531972,127.76973703733047
759,111,112,j6,0.059769254701616675,0.059769254701616675,20.0,false,368.369348331,371.316235852,165.59356457618753,165.5337953214859
760,146,147,j4,0.05945949808358504,0.059459498083591404,20.0,false,472.664125324,475.853322093,-21.2753481060265,-21.215888607942908
761,90,91,j5,0.05684033757167729,0.056840337571690006,20.0,false,305.838774321,308.829225845,90.79352789085819,90.7366875532865
762,110,111,j1,0.056436542668377505,0.056436542668383265,20.0,false,365.417906337,368.369348331,-1.293186426332311,-1.2367498836639277
763,26,27,j1,0.056324511022280685,0.056324511022280685,20.0,false,105.505047792,111.500916495,123.77211693794867,123.82844144897093
764,64,65,j3,0.055838327254525096,0.055838327254525096,20.0,false,228.442425089,231.405905185,135.85851458153576,135.9143529087903
765,112,113,j6,0.055386043473776764,0.055386043473776764,20.0,false,371.316235852,374.273826049,165.5337953214859,165.47840927801215
766,114,115,j3,0.05537144902375134,0.05537144902375134,20.0,false,377.241310819,380.217305061,127.60936501091982,127.66473645994357
767,100,101,j3,0.054965581591405466,0.054965581591405466,20.0,false,335.569537595,338.556039135,127.76973703733047,127.71477145573907
768,47,48,j3,0.05424291158824447,0.05424291158824447,20.0,false,177.71670608,180.698263538,134.5488062055271,134.60304911711532
769,96,97,j3,0.05224704820102773,0.05224704820102773,20.0,false,323.698934979,326.652456121,128.01521187415474,127.9629648259537
770,113,114,j6,0.051487974649633415,0.051487974649633415,20.0,false,374.273826049,377.241310819,165.47840927801215,165.4269213033625
771,111,112,j1,0.0506474551833637,0.05064745518335277,20.0,false,368.369348331,371.316235852,-1.2367498836639277,-1.1861024284805748
772,114,115,j6,0.047986120174101164,0.047986120174101164,20.0,false,377.241310819,380.217305061,165.4269213033625,165.3789351831884
773,101,102,j3,0.04784305094377599,0.04784305094377599,20.0,false,338.556039135,341.546810874,127.71477145573907,127.66692840479529
774,96,97,j5,0.04677501283330203,0.04677501283328931,20.0,false,323.698934979,326.652456121,89.22973852644357,89.27651353927686
775,71,72,j3,0.0467639814003964,0.0467639814003964,20.0,false,249.186300582,252.174372343,135.9907231398141,135.94395915841372
776,65,66,j3,0.0465549608745601,0.0465549608745601,20.0,false,231.405905185,234.358907113,135.9143529087903,135.96090786966485
777,46,47,j3,0.046460216037338894,0.046460216037338894,20.0,false,174.735431416,177.71670608,134.50234598948973,134.5488062055271
778,112,113,j1,0.046310782815661145,0.04631078281565041,20.0,false,371.316235852,374.273826049,-1.1861024284805748,-1.1397916456649244
779,115,116,j6,0.04483398331692442,0.04483398331692442,20.0,false,380.217305061,383.200369281,165.3789351831884,165.33410119987147
780,113,114,j1,0.0424511818192017,0.04245118181918997,20.0,false,374.273826049,377.241310819,-1.1397916456649244,-1.0973404638457345
781,116,117,j6,0.04199256454472718,0.04199256454472718,20.0,false,383.200369281,386.189020381,165.33410119987147,165.29210863532674
782,113,114,j3,0.041476113731197146,0.041476113731197146,20.0,false,374.273826049,377.241310819,127.56788889718862,127.60936501091982
783,159,160,j3,0.041179073949273295,0.041179073949273295,20.0,false,531.697068959,534.54173168,149.40418879258175,149.36300971863247
784,14,15,j1,0.040896527897884664,0.040896527897884664,20.0,false,39.824502367,42.681461889,123.89572570360914,123.85482917571126
785,102,103,j3,0.040387717440646655,0.040387717440646655,20.0,false,341.546810874,344.540114782,127.66692840479529,127.62654068735465
786,117,118,j6,0.0394285629711811,0.0394285629711811,20.0,false,386.189020381,389.181741982,165.29210863532674,165.25268007235556
787,14,15,j5,0.03924909464827438,0.039249094648268014,20.0,false,39.824502367,42.681461889,33.91044737178808,33.87119827713981
788,45,46,j3,0.03911101427666403,0.03911101427666403,20.0,false,171.756286138,174.735431416,134.46323497521308,134.50234598948973
789,114,115,j1,0.03896794283391958,0.03896794283390845,20.0,false,377.241310819,380.217305061,-1.0973404638457345,-1.058372521011826
790,13,14,j1,0.037903566631363905,0.037903566631363905,20.0,false,36.992856576,39.824502367,123.93362927024052,123.89572570360914
791,30,31,j1,0.03738442839413588,0.03738442839413588,20.0,false,125.169416799,128.86038798,123.92804999308646,123.89066556469233
792,118,119,j6,0.037113348105381076,0.037113348105381076,20.0,false,389.181741982,392.176994364,165.25268007235556,165.21556672425018
793,28,29,j1,0.03708192194276218,0.03708192194276218,20.0,false,116.761279932,121.287054508,123.89200474362492,123.92908666556768
794,17,18,j1,0.03599159939043796,0.03599159939043796,20.0,false,72.858246668,74.588535241,123.95643201757925,123.9204404181888
795,115,116,j1,0.03581290191696705,0.035812901916959496,20.0,false,380.217305061,383.200369281,-1.058372521011826,-1.0225596190948665
796,66,67,j3,0.035404823387407844,0.035404823387407844,20.0,false,234.358907113,237.305068714,135.96090786966485,135.99631269305226
797,8,9,j1,0.035156440011627724,0.035156440011627724,20.0,false,22.761446329,25.601132925,123.95519402459058,123.92003758457895
798,119,120,j6,0.03502215495370645,0.03502215495370645,20.0,false,392.176994364,395.173224126,165.21556672425018,165.18054456929647
799,13,14,j5,0.0346003581366848,0.0346003581366848,20.0,false,36.992856576,39.824502367,33.94504772992477,33.91044737178808
800,120,121,j6,0.03313344499063674,0.03313344499063674,20.0,false,395.173224126,398.16887366,165.18054456929647,165.14741112430585
801,103,104,j3,0.0330161837219577,0.0330161837219577,20.0,false,344.540114782,347.534201864,127.62654068735465,127.59352450363268
802,116,117,j1,0.03294588504543422,0.032945885045435816,20.0,false,383.200369281,386.189020381,-1.0225596190948665,-0.9896137340494306
803,44,45,j3,0.03231166754054283,0.03231166754054283,20.0,false,168.781106754,171.756286138,134.43092330767254,134.46323497521308
804,121,122,j6,0.031428392423498826,0.031428392423498826,20.0,false,398.16887366,401.162390568,165.14741112430585,165.11598273188235
805,117,118,j1,0.030332750367312977,0.030332750367318147,20.0,false,386.189020381,389.181741982,-0.9896137340494306,-0.9592809836821126
806,122,123,j6,0.029890465987158686,0.029890465987158686,20.0,false,401.162390568,404.152237106,165.11598273188235,165.0860922658952
807,28,29,j5,0.028974525580210662,0.02897452558019794,20.0,false,116.761279932,121.287054508,33.90218441497788,33.93115894055808
808,123,124,j6,0.02850508421825364,0.02850508421825364,20.0,false,404.152237106,407.136899798,165.0860922658952,165.05758718167692
809,30,31,j4,0.02800645469611911,0.02800645469611593,20.0,false,125.169416799,128.86038798,-22.808104647457892,-22.780098192761777
810,118,119,j1,0.027944294706416486,0.02794429470640814,20.0,false,389.181741982,392.176994364,-0.9592809836821126,-0.9313366889757044
811,22,23,j1,0.027664359247542184,0.027664359247542184,20.0,false,83.694067702,87.648047449,123.95772077921022,123.93005641996267
812,124,125,j6,0.027259327721122474,0.027259327721122474,20.0,false,407.136899798,410.114899294,165.05758718167692,165.0303278539558
813,164,165,j6,0.027114552772120184,0.027114552772120184,20.0,false,540.767456937,542.129398642,164.41798312481885,164.39086857204674
814,163,164,j6,0.027107331242464165,0.027107331242464165,20.0,false,539.341262109,540.767456937,164.4450904560613,164.41798312481885
815,162,163,j6,0.026960454321995658,0.026960454321995658,20.0,false,537.850983886,539.341262109,164.4720509103833,164.4450904560613
816,112,113,j3,0.026790820046817966,0.026790820046817966,20.0,false,371.316235852,374.273826049,127.54109807714181,127.56788889718862
817,161,162,j6,0.026768976858865215,0.026768976858865215,20.0,false,536.307302562,537.850983886,164.49881988724218,164.4720509103833
818,70,71,j3,0.026605263516648534,0.026605263516648534,20.0,false,246.203660012,249.186300582,136.01732840333077,135.9907231398141
819,165,166,j6,0.026604220051871304,0.026604220051871304,20.0,false,542.129398642,543.486819662,164.39086857204674,164.36426435199485
820,43,44,j3,0.02614694041643462,0.02614694041643462,20.0,false,165.811710075,168.781106754,134.4047763672561,134.43092330767254
821,125,126,j6,0.026141695996716133,0.026141695996716133,20.0,false,410.114899294,413.084800585,165.0303278539558,165.00418615795908
822,104,105,j3,0.025964660318716633,0.025964660318716633,20.0,false,347.534201864,350.527319625,127.59352450363268,127.56755984331397
823,166,167,j6,0.025963200751232204,0.025963200751232204,20.0,false,543.486819662,544.845102313,164.36426435199485,164.33830115124363
824,119,120,j1,0.02575539772134697,0.025755397721359097,20.0,false,392.176994364,395.173224126,-0.9313366889757044,-0.9055812912543453
825,167,168,j6,0.025273726978374985,0.025273726978374985,20.0,false,544.845102313,546.196122708,164.33830115124363,164.31302742426524
826,160,161,j6,0.025244855661619842,0.025244855661619842,20.0,false,534.54173168,536.307302562,164.5240647429038,164.49881988724218
827,126,127,j6,0.025145680152419744,0.025145680152419744,20.0,false,413.084800585,416.051852702,165.00418615795908,164.97904047780668
828,33,34,j5,0.025096052285669104,0.025096052285662744,20.0,false,135.847564211,139.139532348,33.91319252865142,33.93828858093708
829,168,169,j6,0.024524116708850265,0.024524116708850265,20.0,false,546.196122708,547.531863067,164.31302742426524,164.2885033075564
830,127,128,j6,0.024243902492398238,0.024243902492398238,20.0,false,416.051852702,419.025694724,164.97904047780668,164.95479657531428
831,120,121,j1,0.023744343961563354,0.023744343961559576,20.0,false,395.173224126,398.16887366,-0.9055812912543453,-0.8818369472927857
832,169,170,j6,0.023699926741696818,0.023699926741696818,20.0,false,547.531863067,548.844561039,164.2885033075564,164.2648033808147
833,128,129,j6,0.02341098034809082,0.02341098034809082,20.0,false,419.025694724,422.004760403,164.95479657531428,164.9313855949662
834,97,98,j5,0.022916187446603117,0.022916187446590398,20.0,false,326.652456121,329.616071331,89.27651353927686,89.29942972672345
835,179,180,j5,0.022868437210690686,0.022868437210690686,20.0,false,561.045495343,562.068413668,89.63335986386772,89.65622830107843
836,170,171,j6,0.022785206063322027,0.022785206063322027,20.0,false,548.844561039,550.126867908,164.2648033808147,164.2420181747514
837,129,130,j6,0.022644097138461005,0.022644097138461005,20.0,false,422.004760403,424.987271829,164.9313855949662,164.90874149782772
838,178,179,j5,0.022310736319245704,0.02231073631923298,20.0,false,559.622388695,561.045495343,89.6110491275485,89.63335986386772
839,67,68,j3,0.022112863540624625,0.022112863540624625,20.0,false,237.305068714,240.261413601,135.99631269305226,136.0184255565929
840,130,131,j6,0.021942028999705574,0.021942028999705574,20.0,false,424.987271829,427.9714323,164.90874149782772,164.88679946882803
841,147,148,j4,0.02191222259361475,0.02191222259360521,20.0,false,475.853322093,479.091213524,-21.215888607942908,-21.237800830536514
842,121,122,j1,0.02189228056687985,0.021892280566883922,20.0,false,398.16887366,401.162390568,-0.8818369472927857,-0.8599446667259018
843,177,178,j5,0.021778888481646354,0.021778888481659077,20.0,false,558.198402921,559.622388695,89.58927023906683,89.6110491275485
844,171,172,j6,0.02173854904638237,0.02173854904638237,20.0,false,550.126867908,551.382994285,164.2420181747514,164.220279625705
845,131,132,j6,0.021303401475449044,0.021303401475449044,20.0,false,427.9714323,430.955435875,164.88679946882803,164.86549606735258
846,176,177,j5,0.0212740347860046,0.0212740347860046,20.0,false,556.782826952,558.198402921,89.56799620428083,89.58927023906683
847,175,176,j5,0.020791316465034845,0.020791316465022122,20.0,false,555.384820306,556.782826952,89.54720488781581,89.56799620428083
848,132,133,j6,0.020726700226892592,0.020726700226892592,20.0,false,430.955435875,433.937476782,164.86549606735258,164.84476936712568
849,42,43,j3,0.020667335158674523,0.020667335158674523,20.0,false,162.849883264,165.811710075,134.38410903209743,134.4047763672561
850,172,173,j6,0.02047644367081171,0.02047644367081171,20.0,false,551.382994285,552.676698652,164.220279625705,164.19980318203417
851,174,175,j5,0.02031967338425158,0.020319673384238856,20.0,false,554.013280641,555.384820306,89.52688521443157,89.54720488781581
852,133,134,j6,0.020210300795859542,0.020210300795859542,20.0,false,433.937476782,436.915758841,164.84476936712568,164.8245590663298
853,122,123,j1,0.020182779413988515,0.020182779413988515,20.0,false,401.162390568,404.152237106,-0.8599446667259018,-0.8397618873119133
854,12,13,j1,0.02002878737982941,0.02002878737982941,20.0,false,34.146233735,36.992856576,123.95365805762034,123.93362927024052
855,173,174,j5,0.01984170852598957,0.01984170852598957,20.0,false,552.676698652,554.013280641,89.50704350590559,89.52688521443157
856,134,135,j6,0.01975249048731692,0.01975249048731692,20.0,false,436.915758841,439.888505054,164.8245590663298,164.8048065758425
857,105,106,j3,0.019375368519111227,0.019375368519111227,20.0,false,350.527319625,353.51772065,127.56755984331397,127.54818447479485
858,135,136,j6,0.019351482373866594,0.019351482373866594,20.0,false,439.888505054,442.853967507,164.8048065758425,164.78545509346864
859,172,173,j5,0.019331472009148587,0.019331472009135865,20.0,false,551.382994285,552.676698652,89.48771203389644,89.50704350590559
860,173,174,j6,0.019235052005404096,0.019235052005404096,20.0,false,552.676698652,554.013280641,164.19980318203417,164.18056813002877
861,136,137,j6,0.019005421686115742,0.019005421686115742,20.0,false,442.853967507,445.810437728,164.78545509346864,164.7664496717825
862,137,138,j6,0.018712385051302956,0.018712385051302956,20.0,false,445.810437728,448.75625764,164.7664496717825,164.74773728673122
863,171,172,j5,0.018628045472943586,0.01862804547295631,20.0,false,550.126867908,551.382994285,89.46908398842349,89.48771203389644
864,123,124,j1,0.01860148041442741,0.01860148041441876,20.0,false,404.152237106,407.136899798,-0.8397618873119133,-0.8211604068974945
865,138,139,j6,0.01847037321283045,0.01847037321283045,20.0,false,448.75625764,451.689831223,164.74773728673122,164.7292669135184
866,139,140,j6,0.018277298028919878,0.018277298028919878,20.0,false,451.689831223,454.609636992,164.7292669135184,164.71098961548947
867,140,141,j6,0.018130964730384194,0.018130964730384194,20.0,false,454.609636992,457.51424136,164.71098961548947,164.6928586507591
868,174,175,j6,0.018039640738877864,0.018039640738877864,20.0,false,554.013280641,555.384820306,164.18056813002877,164.1625284892899
869,141,142,j6,0.01782844619353881,0.01782844619353881,20.0,false,457.51424136,460.43332078,164.6928586507591,164.67503020456553
870,159,160,j6,0.017414861236985567,0.017414861236985567,20.0,false,531.697068959,534.54173168,164.5414796041408,164.5240647429038
871,10,11,j1,0.017351045706028814,0.017351045706028814,20.0,false,28.454459384,31.299765777,123.934240939767,123.95159198547302
872,21,22,j5,0.017325510284026888,0.017325510284026888,20.0,false,80.829413921,83.694067702,33.97449481701942,33.957169306735395
873,142,143,j6,0.01726849568938108,0.01726849568938108,20.0,false,460.43332078,463.408848846,164.67503020456553,164.65776170887617
874,170,171,j5,0.0171935427217786,0.0171935427217786,20.0,false,548.844561039,550.126867908,89.45189044570171,89.46908398842349
875,94,95,j5,0.017154394660748196,0.017154394660748196,20.0,false,317.773562978,320.740963588,89.11599450571111,89.13314890037186
876,124,125,j1,0.017135798376875455,0.01713579837687108,20.0,false,407.136899798,410.114899294,-0.8211604068974945,-0.8040246085206234
877,175,176,j6,0.016875320281152472,0.016875320281152472,20.0,false,555.384820306,556.782826952,164.1625284892899,164.14565316900874
878,143,144,j6,0.016717669540341533,0.016717669540341533,20.0,false,463.408848846,466.440107497,164.65776170887617,164.6410440393358
879,11,12,j5,0.016359930574936482,0.01635993057494284,20.0,false,31.299765777,34.146233735,33.97235552615933,33.95599559558439
880,144,145,j6,0.01618438310157599,0.01618438310157599,20.0,false,466.440107497,469.525750311,164.6410440393358,164.62485965623424
881,41,42,j3,0.015887124333271656,0.015887124333271656,20.0,false,159.897373396,162.849883264,134.36822190776414,134.38410903209743
882,20,21,j1,0.015862524293648997,0.015862524293648997,20.0,false,78.5842664,80.829413921,123.93291425407695,123.9487767783706
883,125,126,j1,0.015774680002113586,0.015774680002125015,20.0,false,410.114899294,413.084800585,-0.8040246085206234,-0.7882499285184984
884,176,177,j6,0.01572473906568143,0.01572473906568143,20.0,false,556.782826952,558.198402921,164.14565316900874,164.12992842994308
885,145,146,j6,0.015675155459733296,0.015675155459733296,20.0,false,469.525750311,472.664125324,164.62485965623424,164.60918450077452
886,169,170,j5,0.015658514757641222,0.015658514757641222,20.0,false,547.531863067,548.844561039,89.43623193094407,89.45189044570171
887,99,100,j5,0.015256912038729864,0.015256912038729864,20.0,false,332.589021483,335.569537595,89.30808862786424,89.32334553990296
888,146,147,j6,0.015195455590190891,0.015195455590190891,20.0,false,472.664125324,475.853322093,164.60918450077452,164.59398904518432
889,147,148,j6,0.014749782235693301,0.014749782235693301,20.0,false,475.853322093,479.091213524,164.59398904518432,164.57923926294862
890,126,127,j1,0.014597636182927209,0.01459763618292045,20.0,false,413.084800585,416.051852702,-0.7882499285184984,-0.773652292335578
891,177,178,j6,0.014569044936173874,0.014569044936173874,20.0,false,558.198402921,559.622388695,164.12992842994308,164.11535938500688
892,19,20,j1,0.014497355795008866,0.014497355795008866,20.0,false,76.50034991,78.5842664,123.91841689828195,123.93291425407695
893,22,23,j5,0.014438563756895539,0.014438563756889178,20.0,false,83.694067702,87.648047449,33.957169306735395,33.942730742978505
894,148,149,j6,0.014341779067214493,0.014341779067214493,20.0,false,479.091213524,482.375492156,164.57923926294862,164.56489748388142
895,36,37,j3,0.014273048437532083,0.014273048437532083,20.0,false,145.312796582,148.213396752,134.35440755093438,134.34013450249682
896,9,10,j1,0.014203355188039777,0.014203355188039777,20.0,false,25.601132925,28.454459384,123.92003758457895,123.934240939767
897,168,169,j5,0.014140127034161044,0.014140127034161044,20.0,false,546.196122708,547.531863067,89.42209180390991,89.43623193094407
898,127,128,j1,0.013633614170593155,0.013633614170586495,20.0,false,416.051852702,419.025694724,-0.773652292335578,-0.7600186781649915
899,178,179,j6,0.013389135479457265,0.013389135479457265,20.0,false,559.622388695,561.045495343,164.11535938500688,164.10197024952743
900,106,107,j3,0.013336275605276083,0.013336275605276083,20.0,false,353.51772065,356.503671692,127.54818447479485,127.53484819918958
901,128,129,j1,0.012712603269455178,0.012712603269455874,20.0,false,419.025694724,422.004760403,-0.7600186781649915,-0.7473060748955356
902,149,150,j6,0.012692045157726704,0.012692045157726704,20.0,false,482.375492156,485.880941641,164.56489748388142,164.5522054387237
903,167,168,j5,0.012638717819689213,0.012638717819701934,20.0,false,544.845102313,546.196122708,89.40945308609021,89.42209180390991
904,179,180,j6,0.012166838956143409,0.012166838956143409,20.0,false,561.045495343,562.068413668,164.10197024952743,164.0898034105713
905,129,130,j1,0.011828036319569206,0.011828036319560956,20.0,false,422.004760403,424.987271829,-0.7473060748955356,-0.7354780385759746
906,40,41,j3,0.011783053517719104,0.011783053517719104,20.0,false,156.955876378,159.897373396,134.35643885424642,134.36822190776414
907,111,112,j3,0.01163799306655661,0.01163799306655661,20.0,false,368.369348331,371.316235852,127.52946008407525,127.54109807714181
908,166,167,j5,0.011148019747640925,0.011148019747653648,20.0,false,543.486819662,544.845102313,89.39830506634256,89.40945308609021
909,130,131,j1,0.010978496425400854,0.01097849642540304,20.0,false,424.987271829,427.9714323,-0.7354780385759746,-0.7244995421505717
910,12,13,j5,0.010947865659611583,0.010947865659624306,20.0,false,34.146233735,36.992856576,33.95599559558439,33.94504772992477
911,100,101,j5,0.010390385802671634,0.010390385802671634,20.0,false,335.569537595,338.556039135,89.32334553990296,89.33373592570562
912,131,132,j1,0.010162598323660493,0.010162598323668146,20.0,false,427.9714323,430.955435875,-0.7244995421505717,-0.7143369438269035
913,31,32,j5,0.009739550008013784,0.009739550008020145,20.0,false,128.86038798,132.420517506,33.92163251274594,33.91189296273792
914,30,31,j5,0.009711369636967752,0.009711369636967752,20.0,false,125.169416799,128.86038798,33.931343882382905,33.92163251274594
915,165,166,j5,0.009653911870728067,0.009653911870728067,20.0,false,542.129398642,543.486819662,89.38865115447183,89.39830506634256
916,150,151,j6,0.009481405242266212,0.009481405242266212,20.0,false,485.880941641,489.826200959,164.5522054387237,164.54272403348142
917,132,133,j1,0.009378963108020413,0.009378963108016636,20.0,false,430.955435875,433.937476782,-0.7143369438269035,-0.7049579807188868
918,21,22,j1,0.008944000839612385,0.008944000839612385,20.0,false,80.829413921,83.694067702,123.9487767783706,123.95772077921022
919,158,159,j6,0.00878321465095003,0.00878321465095003,20.0,false,527.660273284,531.697068959,164.55026281879174,164.5414796041408
920,98,99,j5,0.008658901140793004,0.008658901140780282,20.0,false,329.616071331,332.589021483,89.29942972672345,89.30808862786424
921,25,26,j5,0.00865790046371257,0.008657900463706208,20.0,false,98.823754595,105.505047792,33.78279961200301,33.7741417115393
922,133,134,j1,0.00862623766891948,0.008626237668907752,20.0,false,433.937476782,436.915758841,-0.7049579807188868,-0.696331743049979
923,69,70,j3,0.008615785476266104,0.008615785476266104,20.0,false,243.228145845,246.203660012,136.02594418880702,136.01732840333077
924,39,40,j3,0.00829373340949089,0.00829373340949089,20.0,false,154.027025123,156.955876378,134.34814512083693,134.35643885424642
925,164,165,j5,0.008072352253692027,0.008072352253692027,20.0,false,540.767456937,542.129398642,89.38057880221814,89.38865115447183
926,74,75,j4,0.008017592162663291,0.008017592162676014,20.0,false,258.15988968,261.153834064,-75.11722731397028,-75.12524490613295
927,134,135,j1,0.007903112845395818,0.007903112845388562,20.0,false,436.915758841,439.888505054,-0.696331743049979,-0.6884286302045906
928,107,108,j3,0.007901055649193184,0.007901055649193184,20.0,false,356.503671692,359.483463118,127.53484819918958,127.52694714354038
929,68,69,j3,0.007518632214127792,0.007518632214127792,20.0,false,240.261413601,243.228145845,136.0184255565929,136.02594418880702
930,156,157,j6,0.007429641153729872,0.007429641153729872,20.0,false,516.153421758,522.436790365,164.54304403071745,164.5504736718712
931,101,102,j5,0.0072923515791292,0.0072923515791292,20.0,false,338.556039135,341.546810874,89.33373592570562,89.34102827728476
932,135,136,j1,0.007208339590014248,0.007208339590019118,20.0,false,439.888505054,442.853967507,-0.6884286302045906,-0.6812202906145713
933,95,96,j3,0.007184239918052966,0.007184239918052966,20.0,false,320.740963588,323.698934979,128.0080276342367,128.01521187415474
934,136,137,j1,0.006540742671917197,0.00654074267192813,20.0,false,442.853967507,445.810437728,-0.6812202906145713,-0.6746795479426433
935,25,26,j1,0.0065330641167817794,0.0065330641167817794,20.0,false,98.823754595,105.505047792,123.77865000206545,123.77211693794867
936,155,156,j6,0.0064145560201858435,0.0064145560201858435,20.0,false,510.009527531,516.153421758,164.53662947469726,164.54304403071745
937,151,152,j6,0.006284038810184632,0.006284038810184632,20.0,false,489.826200959,494.212379154,164.54272403348142,164.53643999467124
938,163,164,j5,0.006237548530628265,0.006237548530615544,20.0,false,539.341262109,540.767456937,89.37434125368752,89.38057880221814
939,137,138,j1,0.0058992315287500425,0.005899231528756602,20.0,false,445.810437728,448.75625764,-0.6746795479426433,-0.6687803164138867
940,102,103,j5,0.005424162843073434,0.005424162843073434,20.0,false,341.546810874,344.540114782,89.34102827728476,89.34645244012783
941,38,39,j3,0.005319682063426458,0.005319682063426458,20.0,false,151.11237684,154.027025123,134.3428254387735,134.34814512083693
942,138,139,j1,0.005282807906811464,0.005282807906809873,20.0,false,448.75625764,451.689831223,-0.6687803164138867,-0.6634975085070768
943,179,180,j1,0.005078989056023397,0.005078989056024589,20.0,false,561.045495343,562.068413668,-0.5711859690296006,-0.566106979973576
944,171,172,j1,0.004967538023516901,0.004967538023526641,20.0,false,550.126867908,551.382994285,-0.6098104820864705,-0.6048429440629438
945,172,173,j1,0.004964863514448475,0.004964863514447878,20.0,false,551.382994285,552.676698652,-0.6048429440629438,-0.5998780805484959
946,178,179,j1,0.0048814870145604304,0.004881487014561026,20.0,false,559.622388695,561.045495343,-0.5760674560441617,-0.5711859690296006
947,173,174,j1,0.004860569846706187,0.004860569846711456,20.0,false,552.676698652,554.013280641,-0.5998780805484959,-0.5950175107017844
948,174,175,j1,0.004770601464015416,0.0047706014640224725,20.0,false,554.013280641,555.384820306,-0.5950175107017844,-0.590246909237762
949,177,178,j1,0.004759085761965871,0.0047590857619572245,20.0,false,558.198402921,559.622388695,-0.5808265418061188,-0.5760674560441617
950,175,176,j1,0.004714113584593295,0.004714113584581169,20.0,false,555.384820306,556.782826952,-0.590246909237762,-0.5855327956531808
951,176,177,j1,0.004706253847074004,0.0047062538470619775,20.0,false,556.782826952,558.198402921,-0.5855327956531808,-0.5808265418061188
952,139,140,j1,0.0046905699114771,0.004690569911481076,20.0,false,451.689831223,454.609636992,-0.6634975085070768,-0.6588069385955957
953,110,111,j3,0.004559471784842315,0.004559471784842315,20.0,false,365.417906337,368.369348331,127.52490061229041,127.52946008407525
954,162,163,j5,0.0045166761078051405,0.004516676107792418,20.0,false,537.850983886,539.341262109,89.36982457757972,89.37434125368752
955,170,171,j1,0.004468960484342639,0.004468960484350491,20.0,false,548.844561039,550.126867908,-0.6142794425708209,-0.6098104820864705
956,103,104,j5,0.004153580415234802,0.004153580415234802,20.0,false,344.540114782,347.534201864,89.34645244012783,89.35060602054307
957,140,141,j1,0.004121712048495875,0.004121712048503629,20.0,false,454.609636992,457.51424136,-0.6588069385955957,-0.654685226547092
958,27,28,j6,0.004038475889768928,0.00403847588977529,20.0,false,111.500916495,116.761279932,15.217866721785358,15.213828245895582
959,169,170,j1,0.00394323443893321,0.003943234438932515,20.0,false,547.531863067,548.844561039,-0.6182226770097534,-0.6142794425708209
960,141,142,j1,0.0036859868184785276,0.0036859868184684888,20.0,false,457.51424136,460.43332078,-0.654685226547092,-0.6509992397286236
961,168,169,j1,0.0034718473440757012,0.003471847344065663,20.0,false,546.196122708,547.531863067,-0.6216945243538191,-0.6182226770097534
962,142,143,j1,0.0033931524682920353,0.0033931524683037634,20.0,false,460.43332078,463.408848846,-0.6509992397286236,-0.6476060872603199
963,154,155,j6,0.003234721667209808,0.003234721667209808,20.0,false,504.304651239,510.009527531,164.53339475303005,164.53662947469726
964,104,105,j5,0.0031961616001832532,0.003196161600170531,20.0,false,347.534201864,350.527319625,89.35060602054307,89.35380218214324
965,152,153,j6,0.0031068764549619337,0.0031068764549619337,20.0,false,494.212379154,499.038799414,164.53643999467124,164.53333311821626
966,108,109,j3,0.0031000296247736055,0.0031000296247736055,20.0,false,359.483463118,362.455418771,127.52694714354038,127.52384711391561
967,143,144,j1,0.0030716126981920303,0.003071612698192925,20.0,false,463.408848846,466.440107497,-0.6476060872603199,-0.6445344745621269
968,167,168,j1,0.003049352682823612,0.003049352682835837,20.0,false,544.845102313,546.196122708,-0.6247438770366549,-0.6216945243538191
969,161,162,j5,0.002930509569522969,0.002930509569522969,20.0,false,536.307302562,537.850983886,89.36689406801021,89.36982457757972
970,144,145,j1,0.0027190629566251918,0.0027190629566360256,20.0,false,466.440107497,469.525750311,-0.6445344745621269,-0.6418154116054909
971,37,38,j3,0.0026909362766754054,0.0026909362766754054,20.0,false,148.213396752,151.11237684,134.34013450249682,134.3428254387735
972,166,167,j1,0.002666603629974262,0.0026666036299792316,20.0,false,543.486819662,544.845102313,-0.6274104806666342,-0.6247438770366549
973,105,106,j5,0.0024173025076089146,0.0024173025076089146,20.0,false,350.527319625,353.51772065,89.35380218214324,89.35621948465085
974,145,146,j1,0.0023381917362612133,0.0023381917362623066,20.0,false,469.525750311,472.664125324,-0.6418154116054909,-0.6394772198692286
975,165,166,j1,0.0023104812688877086,0.0023104812688789617,20.0,false,542.129398642,543.486819662,-0.6297209619355132,-0.6274104806666342
976,11,12,j1,0.0020660721473220343,0.0020660721473220343,20.0,false,31.299765777,34.146233735,123.95159198547302,123.95365805762034
977,18,19,j1,0.0020235199068614016,0.0020235199068614016,20.0,false,74.588535241,76.50034991,123.9204404181888,123.91841689828195
978,146,147,j1,0.0019316259648160415,0.0019316259648224027,20.0,false,472.664125324,475.853322093,-0.6394772198692286,-0.6375455939044061
979,164,165,j1,0.00192073481770441,0.0019207348176994402,20.0,false,540.767456937,542.129398642,-0.6316416967532126,-0.6297209619355132
980,106,107,j5,0.00174765353489215,0.0017476535349048722,20.0,false,353.51772065,356.503671692,89.35621948465085,89.35796713818576
981,157,158,j5,0.0016566994492487172,0.001656699449235995,20.0,false,522.436790365,527.660273284,89.36229170770851,89.36394840715774
982,147,148,j1,0.0015017818315413171,0.0015017818315341607,20.0,false,475.853322093,479.091213524,-0.6375455939044061,-0.636043812072872
983,160,161,j5,0.0014487509401308,0.0014487509401308,20.0,false,534.54173168,536.307302562,89.36544531707007,89.36689406801021
984,163,164,j1,0.0013678955902924391,0.0013678955902956195,20.0,false,539.341262109,540.767456937,-0.6330095923435082,-0.6316416967532126
985,32,33,j5,0.0012995659134956141,0.0012995659135019754,20.0,false,132.420517506,135.847564211,33.91189296273792,33.91319252865142
986,157,158,j1,0.0011793496443864584,0.0011793496443902353,20.0,false,522.436790365,527.660273284,-0.6364596080375025,-0.6352802583931122
987,107,108,j5,0.0011491786092528429,0.0011491786092401206,20.0,false,356.503671692,359.483463118,89.35796713818576,89.359116316795
988,154,155,j5,0.0010708782574105299,0.0010708782574105299,20.0,false,504.304651239,510.009527531,89.36364999800165,89.36257911974424
989,109,110,j3,0.0010534983747928237,0.0010534983747928237,20.0,false,362.455418771,365.417906337,127.52384711391561,127.52490061229041
990,148,149,j1,0.0010507842736962787,0.0010507842736963782,20.0,false,479.091213524,482.375492156,-0.636043812072872,-0.6349930277991757
991,29,30,j1,0.0010366724812149793,0.0010366724812149793,20.0,false,121.287054508,125.169416799,123.92908666556768,123.92804999308646
992,153,154,j5,0.0010090188918535096,0.0010090188918535096,20.0,false,499.038799414,504.304651239,89.3646590168935,89.36364999800165
993,158,159,j5,0.0009829267168588152,0.0009829267168588152,20.0,false,527.660273284,531.697068959,89.36394840715774,89.3649313338746
994,162,163,j1,0.000898303791381318,0.0008983037913722733,20.0,false,537.850983886,539.341262109,-0.6339078961348805,-0.6330095923435082
995,153,154,j1,0.00083608784180374,0.0008360878418112939,20.0,false,499.038799414,504.304651239,-0.6349211936676958,-0.635757281509507
996,154,155,j1,0.0008098443896287313,0.000809844389619289,20.0,false,504.304651239,510.009527531,-0.635757281509507,-0.6365671258991263
997,155,156,j5,0.0007079270900336948,0.0007079270900209726,20.0,false,510.009527531,516.153421758,89.36257911974424,89.36187119265422
998,118,119,j5,0.0007004676951151583,0.0007004676951151583,20.0,false,389.181741982,392.176994364,89.36110636638121,89.36180683407632
999,117,118,j5,0.0006999560112692256,0.0006999560112565034,20.0,false,386.189020381,389.181741982,89.36040641036995,89.36110636638121
1000,152,153,j5,0.0006938463562031929,0.0006938463562159152,20.0,false,494.212379154,499.038799414,89.36535286324973,89.3646590168935
1001,119,120,j5,0.000662727523611388,0.0006627275235986657,20.0,false,392.176994364,395.173224126,89.36180683407632,89.36246956159992
1002,116,117,j5,0.0006536914603349352,0.0006536914603349352,20.0,false,383.200369281,386.189020381,89.35975271890962,89.36040641036995
1003,149,150,j1,0.0006432137611851226,0.0006432137611884026,20.0,false,482.375492156,485.880941641,-0.6349930277991757,-0.6343498140379872
1004,158,159,j1,0.0006232427032630886,0.0006232427032513603,20.0,false,527.660273284,531.697068959,-0.6352802583931122,-0.6346570156898609
1005,108,109,j5,0.0006000817568257117,0.000600081756838434,20.0,false,359.483463118,362.455418771,89.359116316795,89.35971639855183
1006,152,153,j1,0.0005993553258206856,0.000599355325818002,20.0,false,494.212379154,499.038799414,-0.6343218383418778,-0.6349211936676958
1007,120,121,j5,0.0005933565270542981,0.0005933565270542981,20.0,false,395.173224126,398.16887366,89.36246956159992,89.36306291812697
1008,111,112,j5,0.0005673695932044586,0.0005673695932171809,20.0,false,368.369348331,371.316235852,89.3594078346167,89.35884046502349
1009,115,116,j5,0.00055314062746025,0.0005531406274729723,20.0,false,380.217305061,383.200369281,89.35919957828214,89.35975271890962
1010,161,162,j1,0.0005248983369685696,0.0005248983369587297,20.0,false,536.307302562,537.850983886,-0.6344327944718392,-0.6339078961348805
1011,159,160,j5,0.0005139831954725321,0.0005139831954725321,20.0,false,531.697068959,534.54173168,89.3649313338746,89.36544531707007
1012,156,157,j1,0.0005131317734775231,0.0005131317734783183,20.0,false,516.153421758,522.436790365,-0.6369727398109808,-0.6364596080375025
1013,121,122,j5,0.0004982285672388341,0.0004982285672388341,20.0,false,398.16887366,401.162390568,89.36306291812697,89.36356114669421
1014,146,147,j5,0.0004653163598320022,0.0004653163598320022,20.0,false,472.664125324,475.853322093,89.36406841259061,89.36453372895045
1015,145,146,j5,0.00044757555384848636,0.0004475755538357641,20.0,false,469.525750311,472.664125324,89.36362083703678,89.36406841259061
1016,147,148,j5,0.00042661058706637984,0.00042661058707910203,20.0,false,475.853322093,479.091213524,89.36453372895045,89.36496033953753
1017,156,157,j5,0.00042051505427379937,0.0004205150542865216,20.0,false,516.153421758,522.436790365,89.36187119265422,89.36229170770851
1018,155,156,j1,0.0004056139118588765,0.0004056139118544038,20.0,false,510.009527531,516.153421758,-0.6365671258991263,-0.6369727398109808
1019,140,141,j5,0.0004017525083808597,0.0004017525083681375,20.0,false,454.609636992,457.51424136,89.36372299993548,89.36332124742711
1020,110,111,j5,0.00039609343404899675,0.00039609343403627456,20.0,false,365.417906337,368.369348331,89.35980392805074,89.3594078346167
1021,114,115,j5,0.00038856220543786855,0.00038856220543786855,20.0,false,377.241310819,380.217305061,89.3588110160767,89.35919957828214
1022,122,123,j5,0.00038258619147821927,0.00038258619147821927,20.0,false,401.162390568,404.152237106,89.36356114669421,89.36394373288569
1023,144,145,j5,0.0003677480212725456,0.0003677480212852678,20.0,false,466.440107497,469.525750311,89.3632530890155,89.36362083703678
1024,139,140,j5,0.00034974220251652823,0.000349742202503806,20.0,false,451.689831223,454.609636992,89.36407274213798,89.36372299993548
1025,148,149,j5,0.0003369567869324866,0.00033695678694520883,20.0,false,479.091213524,482.375492156,89.36496033953753,89.36529729632447
1026,141,142,j5,0.0002881918953763492,0.0002881918953763492,20.0,false,457.51424136,460.43332078,89.36332124742711,89.36303305553173
1027,138,139,j5,0.00028812037750011515,0.00028812037751283734,20.0,false,448.75625764,451.689831223,89.3643608625155,89.36407274213798
1028,151,152,j5,0.000282330587663287,0.000282330587663287,20.0,false,489.826200959,494.212379154,89.36563519383738,89.36535286324973
1029,149,150,j5,0.00026381464584857467,0.0002638146458612969,20.0,false,482.375492156,485.880941641,89.36529729632447,89.36556111097033
1030,123,124,j5,0.0002511415732063252,0.00025114157321904745,20.0,false,404.152237106,407.136899798,89.36394373288569,89.36419487445892
1031,150,151,j1,0.00023541411365238279,0.0002354141136609305,20.0,false,485.880941641,489.826200959,-0.6343498140379872,-0.6341143999243263
1032,143,144,j5,0.00022023605861045092,0.00022023605861045092,20.0,false,463.408848846,466.440107497,89.36303285295689,89.3632530890155
1033,137,138,j5,0.00022009286950435824,0.00022009286949163602,20.0,false,445.810437728,448.75625764,89.36458095538498,89.3643608625155
1034,157,158,j6,0.0002108530794617833,0.0002108530794617833,20.0,false,522.436790365,527.660273284,164.5504736718712,164.55026281879174
1035,151,152,j1,0.0002074384175594358,0.0002074384175514844,20.0,false,489.826200959,494.212379154,-0.6341143999243263,-0.6343218383418778
1036,160,161,j1,0.00018639241258493387,0.0001863924125738019,20.0,false,534.54173168,536.307302562,-0.634619186884413,-0.6344327944718392
1037,29,30,j5,0.00018494182482414542,0.0001849418248305065,20.0,false,121.287054508,125.169416799,33.93115894055808,33.931343882382905
1038,112,113,j5,0.0001782552067575648,0.0001782552067575648,20.0,false,371.316235852,374.273826049,89.35884046502349,89.35866220981673
1039,136,137,j5,0.00014896580298532258,0.0001489658029980448,20.0,false,442.853967507,445.810437728,89.36472992118799,89.36458095538498
1040,113,114,j5,0.00014880625997594658,0.00014880625997594658,20.0,false,374.273826049,377.241310819,89.35866220981673,89.3588110160767
1041,130,131,j5,0.00014171541536790147,0.00014171541535517925,20.0,false,424.987271829,427.9714323,89.36440420940275,89.3645459248181
1042,129,130,j5,0.00013030243118923864,0.00013030243118923864,20.0,false,422.004760403,424.987271829,89.36427390697155,89.36440420940275
1043,131,132,j5,0.00012885301687501658,0.0001288530168877388,20.0,false,427.9714323,430.955435875,89.3645459248181,89.36467477783499
1044,124,125,j5,0.00010816411231593051,0.0001081641123032083,20.0,false,407.136899798,410.114899294,89.36419487445892,89.36430303857122
1045,132,133,j5,9.626257058786823e-05,9.626257057514602e-05,20.0,false,430.955435875,433.937476782,89.36467477783499,89.36477104040556
1046,126,127,j5,9.151828981070938e-05,9.151828981070938e-05,20.0,false,413.084800585,416.051852702,89.364260594459,89.36416907616918
1047,128,129,j5,8.977430198722091e-05,8.97743019744987e-05,20.0,false,419.025694724,422.004760403,89.36418413266958,89.36427390697155
1048,109,110,j5,8.752949890925727e-05,8.752949890925727e-05,20.0,false,362.455418771,365.417906337,89.35971639855183,89.35980392805074
1049,135,136,j5,7.815363626441168e-05,7.815363625168946e-05,20.0,false,439.888505054,442.853967507,89.36480807482424,89.36472992118799
1050,150,151,j5,7.408286704948916e-05,7.408286704948916e-05,20.0,false,485.880941641,489.826200959,89.36556111097033,89.36563519383738
1051,153,154,j6,6.163481379106569e-05,6.163481379106569e-05,20.0,false,499.038799414,504.304651239,164.53333311821626,164.53339475303005
1052,133,134,j5,4.822885875756305e-05,4.822885877028527e-05,20.0,false,433.937476782,436.915758841,89.36477104040556,89.36481926926433
1053,125,126,j5,4.2444112211793374e-05,4.244411222451559e-05,20.0,false,410.114899294,413.084800585,89.36430303857122,89.364260594459
1054,159,160,j1,3.782880544596717e-05,3.7828805447855626e-05,20.0,false,531.697068959,534.54173168,-0.6346570156898609,-0.634619186884413
1055,127,128,j5,1.5056500399560192e-05,1.5056500399560192e-05,20.0,false,416.051852702,419.025694724,89.36416907616918,89.36418413266958
1056,134,135,j5,1.1194440098835066e-05,1.1194440098835066e-05,20.0,false,436.915758841,439.888505054,89.36481926926433,89.36480807482424
1057,142,143,j5,2.0257484554983878e-07,2.0257484554983878e-07,20.0,false,460.43332078,463.408848846,89.36303305553173,89.36303285295689
1058,1,2,j6,6.202336073228375e-10,6.202431489868819e-10,20.0,false,2.845472524,5.6912399570000005,13.900000053204794,13.900000053825035
1059,0,1,j6,8.480631002654321e-11,8.480312947186175e-11,20.0,false,0.0,2.845472524,13.90000005311999,13.900000053204794
