variant_id,axis_id,perturbation_family,direction,units,capability_status,axis_status,estimated_raw_axis_margin,last_pass,first_fail,refined_boundary,search_completeness,monotonicity_observation,failure_intervals,dominant_failure_mode,failure_modes,critical_waypoint,critical_segment,realized_perturbation,joint_limit_margin_rad,self_clearance_diagnostic_m,environment_clearance_diagnostic_m,max_tcp_error_m,max_normal_error_rad,sigma_min,condition_number,collision_method,strict_self_ccd
R0,joint:j1:positive,JOINT_STATE,POSITIVE,rad,AVAILABLE,FIRST_FAILURE_OBSERVED,0.012496560739359605,0.01249617588639113,0.012496945592328081,0.012496560739359605,LOCAL_BRACKET_REFINED,LOCAL_MONOTONIC_AT_COARSE_SAMPLING_RESOLUTION,"[{""first_magnitude"": 0.012610862070996754, ""last_magnitude"": 0.8070951725437923, ""sample_count"": 64}]",TERMINAL_POSITION_ERROR,"[""TERMINAL_POSITION_ERROR""]",180,,"{""max_abs_error_from_request"": 2.42861286636753e-17, ""maximum_signed_value"": 0.012496945592328085, ""minimum_signed_value"": 0.012496945592328057, ""request_match"": ""YES"", ""status"": ""APPLIED"", ""units"": ""rad""}",0.21980500643299639,0.01662207981870475,0.08869398887679393,0.004434265096249288,0.020642920509590355,1.1943856897382767e-07,15559753.07975752,adaptive_discrete_interpolation,NOT_AVAILABLE
R0,joint:j1:negative,JOINT_STATE,NEGATIVE,rad,AVAILABLE,FIRST_FAILURE_OBSERVED,0.012496676585991136,0.012496329195543134,0.012497023976439139,-0.012496676585991136,LOCAL_BRACKET_REFINED,LOCAL_MONOTONIC_AT_COARSE_SAMPLING_RESOLUTION,"[{""first_magnitude"": 0.0455331608005735, ""last_magnitude"": 2.914122291236704, ""sample_count"": 64}]",TERMINAL_POSITION_ERROR,"[""TERMINAL_POSITION_ERROR""]",180,,"{""max_abs_error_from_request"": 1.196959198423997e-16, ""maximum_signed_value"": -0.012497023976439037, ""minimum_signed_value"": -0.012497023976439259, ""request_match"": ""YES"", ""status"": ""APPLIED"", ""units"": ""rad""}",0.21980500643299639,0.01662207981870481,0.088474497081609,0.004434292908757799,0.0206391827832091,1.1943856894053134e-07,15559753.084095191,adaptive_discrete_interpolation,NOT_AVAILABLE
R0,joint:j2:positive,JOINT_STATE,POSITIVE,rad,AVAILABLE,FIRST_FAILURE_OBSERVED,0.012296016449093315,0.012295671123273979,0.012296361774912652,0.012296016449093315,LOCAL_BRACKET_REFINED,LOCAL_MONOTONIC_AT_COARSE_SAMPLING_RESOLUTION,"[{""first_magnitude"": 0.04526254579199481, ""last_magnitude"": 2.896802930687668, ""sample_count"": 64}]",TCP_PATH_DEVIATION,"[""TCP_PATH_DEVIATION""]",90,,"{""max_abs_error_from_request"": 1.2663481374630692e-16, ""maximum_signed_value"": 0.012296361774912778, ""minimum_signed_value"": 0.012296361774912556, ""request_match"": ""YES"", ""status"": ""APPLIED"", ""units"": ""rad""}",0.21980500643299639,0.016622079818704723,0.08992225043897077,0.006000292757480531,0.029846054098656784,0.002781185609549243,668.0157484142971,adaptive_discrete_interpolation,NOT_AVAILABLE
R0,joint:j2:negative,JOINT_STATE,NEGATIVE,rad,AVAILABLE,FIRST_FAILURE_OBSERVED,0.012295791703778678,0.012295381447474125,0.012296201960083233,-0.012295791703778678,LOCAL_BRACKET_REFINED,LOCAL_MONOTONIC_AT_COARSE_SAMPLING_RESOLUTION,"[{""first_magnitude"": 0.026886557175230703, ""last_magnitude"": 1.720739659214765, ""sample_count"": 64}]",TCP_PATH_DEVIATION,"[""TCP_PATH_DEVIATION""]",90,,"{""max_abs_error_from_request"": 1.7520707107365752e-16, ""maximum_signed_value"": -0.012296201960083186, ""minimum_signed_value"": -0.012296201960083408, ""request_match"": ""YES"", ""status"": ""APPLIED"", ""units"": ""rad""}",0.21980500643299639,0.01662207981870468,0.08722471798640268,0.006000214773138619,0.02986686005536214,0.0016515918424042598,1124.0458578828457,adaptive_discrete_interpolation,NOT_AVAILABLE
R0,joint:j3:positive,JOINT_STATE,POSITIVE,rad,AVAILABLE,FIRST_FAILURE_OBSERVED,0.007212549604712551,0.007212123809234382,0.007212975400190721,0.007212549604712551,LOCAL_BRACKET_REFINED,LOCAL_MONOTONIC_AT_COARSE_SAMPLING_RESOLUTION,"[{""first_magnitude"": 0.010464349671492748, ""last_magnitude"": 0.22323945965851194, ""sample_count"": 62}]",TERMINAL_POSITION_ERROR,"[""TERMINAL_POSITION_ERROR""]",180,,"{""max_abs_error_from_request"": 1.1449174941446927e-16, ""maximum_signed_value"": 0.007212975400190835, ""minimum_signed_value"": 0.007212975400190835, ""request_match"": ""YES"", ""status"": ""APPLIED"", ""units"": ""rad""}",0.21259203103280555,0.01662207981870477,0.08854440471744933,0.004157525314649608,0.024762903199820746,0.0011300218784351134,1643.99543370392,adaptive_discrete_interpolation,NOT_AVAILABLE
R0,joint:j3:negative,JOINT_STATE,NEGATIVE,rad,AVAILABLE,FIRST_FAILURE_OBSERVED,0.00721269728621366,0.007212391391252626,0.007213003181174694,-0.00721269728621366,LOCAL_BRACKET_REFINED,LOCAL_MONOTONIC_AT_COARSE_SAMPLING_RESOLUTION,"[{""first_magnitude"": 0.08018852866521878, ""last_magnitude"": 5.132065834574002, ""sample_count"": 64}]",TERMINAL_POSITION_ERROR,"[""TERMINAL_POSITION_ERROR""]",180,,"{""max_abs_error_from_request"": 1.231653667943533e-16, ""maximum_signed_value"": -0.007213003181174571, ""minimum_signed_value"": -0.007213003181174571, ""request_match"": ""YES"", ""status"": ""APPLIED"", ""units"": ""rad""}",0.22701800961417096,0.01662207981870476,0.08854440471744933,0.0041575413274096565,0.024783909690665976,0.0011443779199465788,1624.4877960721992,adaptive_discrete_interpolation,NOT_AVAILABLE
R0,joint:j4:positive,JOINT_STATE,POSITIVE,rad,AVAILABLE,FIRST_FAILURE_OBSERVED,0.022052052860295192,0.022051733316268005,0.022052372404322382,0.022052052860295192,LOCAL_BRACKET_REFINED,LOCAL_MONOTONIC_AT_COARSE_SAMPLING_RESOLUTION,"[{""first_magnitude"": 0.041883274731631365, ""last_magnitude"": 1.3402647914122037, ""sample_count"": 63}]",TERMINAL_POSITION_ERROR,"[""TERMINAL_POSITION_ERROR""]",180,,"{""max_abs_error_from_request"": 6.938893903907228e-17, ""maximum_signed_value"": 0.02205237240432245, ""minimum_signed_value"": 0.02205237240432234, ""request_match"": ""YES"", ""status"": ""APPLIED"", ""units"": ""rad""}",0.21980500643299639,0.016622910896353,0.08854440471744933,0.004000088248259422,0.03960163441657536,5.0451256907811e-06,368296.24293476815,adaptive_discrete_interpolation,NOT_AVAILABLE
R0,joint:j4:negative,JOINT_STATE,NEGATIVE,rad,AVAILABLE,FIRST_FAILURE_OBSERVED,0.022051931986041023,0.022051530771915413,0.022052333200166637,-0.022051931986041023,LOCAL_BRACKET_REFINED,LOCAL_MONOTONIC_AT_COARSE_SAMPLING_RESOLUTION,"[{""first_magnitude"": 0.05258793787228443, ""last_magnitude"": 3.3656280238262037, ""sample_count"": 64}]",TERMINAL_POSITION_ERROR,"[""TERMINAL_POSITION_ERROR""]",180,,"{""max_abs_error_from_request"": 1.0755285551056204e-16, ""maximum_signed_value"": -0.02205233320016653, ""minimum_signed_value"": -0.02205233320016664, ""request_match"": ""YES"", ""status"": ""APPLIED"", ""units"": ""rad""}",0.21980500643299639,0.016622352308520896,0.08854440471744933,0.004000081137290898,0.039622537778555914,1.1511668836385688e-05,161482.73483593724,adaptive_discrete_interpolation,NOT_AVAILABLE
R0,joint:j5:positive,JOINT_STATE,POSITIVE,rad,AVAILABLE,FIRST_FAILURE_OBSERVED,0.026667658537138726,0.026667302669429356,0.0266680144048481,0.026667658537138726,LOCAL_BRACKET_REFINED,LOCAL_MONOTONIC_AT_COARSE_SAMPLING_RESOLUTION,"[{""first_magnitude"": 0.046644292402682884, ""last_magnitude"": 1.4926173568858523, ""sample_count"": 63}]",TERMINAL_POSITION_ERROR,"[""TERMINAL_POSITION_ERROR""]",180,,"{""max_abs_error_from_request"": 1.734723475976807e-17, ""maximum_signed_value"": 0.026668014404848117, ""minimum_signed_value"": 0.026668014404848117, ""request_match"": ""YES"", ""status"": ""APPLIED"", ""units"": ""rad""}",0.21980500643299639,0.016622925694920444,0.08854440471744933,0.00400008362526478,0.04092933090131897,1.188786770109119e-07,15639341.154646726,adaptive_discrete_interpolation,NOT_AVAILABLE
R0,joint:j5:negative,JOINT_STATE,NEGATIVE,rad,AVAILABLE,FIRST_FAILURE_OBSERVED,0.02666759101397425,0.026667149855460228,0.026668032172488268,-0.02666759101397425,LOCAL_BRACKET_REFINED,LOCAL_MONOTONIC_AT_COARSE_SAMPLING_RESOLUTION,"[{""first_magnitude"": 0.057823528749584484, ""last_magnitude"": 3.700705839973407, ""sample_count"": 64}]",TERMINAL_POSITION_ERROR,"[""TERMINAL_POSITION_ERROR""]",180,,"{""max_abs_error_from_request"": 9.71445146547012e-17, ""maximum_signed_value"": -0.026668032172488254, ""minimum_signed_value"": -0.026668032172488365, ""request_match"": ""YES"", ""status"": ""APPLIED"", ""units"": ""rad""}",0.21980500643299639,0.016623585558402015,0.08854440471744933,0.0040000862901739,0.035521451843567343,1.1991851107721087e-07,15495174.849076252,adaptive_discrete_interpolation,NOT_AVAILABLE
R0,joint:j6:positive,JOINT_STATE,POSITIVE,rad,AVAILABLE,FIRST_FAILURE_OBSERVED,2.811699405860896,2.81169906544303,2.8116997462787623,2.811699405860896,LOCAL_BRACKET_REFINED,LOCAL_MONOTONIC_AT_COARSE_SAMPLING_RESOLUTION,"[{""first_magnitude"": 2.8556320335495102, ""last_magnitude"": 2.8556320335495102, ""sample_count"": 1}]",JOINT_LIMIT_FAILURE,"[""JOINT_LIMIT_FAILURE""]",0,,"{""max_abs_error_from_request"": 0.0, ""maximum_signed_value"": 2.8116997462787623, ""minimum_signed_value"": 2.8116997462787623, ""request_match"": ""YES"", ""status"": ""APPLIED"", ""units"": ""rad""}",,,,,,,,adaptive_discrete_interpolation,NOT_AVAILABLE
R0,joint:j6:negative,JOINT_STATE,NEGATIVE,rad,AVAILABLE,FIRST_FAILURE_OBSERVED,3.296900969605886,3.2969005704437317,3.29690136876804,-3.296900969605886,LOCAL_BRACKET_REFINED,LOCAL_MONOTONIC_AT_COARSE_SAMPLING_RESOLUTION,"[{""first_magnitude"": 3.348414841437992, ""last_magnitude"": 3.348414841437992, ""sample_count"": 1}]",JOINT_LIMIT_FAILURE,"[""JOINT_LIMIT_FAILURE""]",0,,"{""max_abs_error_from_request"": 0.0, ""maximum_signed_value"": -3.29690136876804, ""minimum_signed_value"": -3.29690136876804, ""request_match"": ""YES"", ""status"": ""APPLIED"", ""units"": ""rad""}",,,,,,,,adaptive_discrete_interpolation,NOT_AVAILABLE
R0,tcp_tcp_translation:x:positive,TCP_TRANSLATION,POSITIVE,m,AVAILABLE,FIRST_FAILURE_OBSERVED,0.0039960937500000005,0.0039921875,0.004,0.0039960937500000005,LOCAL_BRACKET_REFINED,LOCAL_MONOTONIC_AT_COARSE_SAMPLING_RESOLUTION,"[{""first_magnitude"": 0.004, ""last_magnitude"": 0.012, ""sample_count"": 33}]",TERMINAL_POSITION_ERROR,"[""TERMINAL_POSITION_ERROR""]",180,,"{""max_abs_error_from_request"": 3.642919299551295e-17, ""maximum_signed_value"": 0.0040000000000000365, ""minimum_signed_value"": 0.003999999999999977, ""request_match"": ""YES"", ""status"": ""APPLIED"", ""units"": ""m""}",0.21980500643299639,0.016622079818704765,0.08854440471744933,0.004000000000000036,0.017571291185767716,1.1943856894599287e-07,15559753.083383705,adaptive_discrete_interpolation,NOT_AVAILABLE
R0,tcp_tcp_translation:x:negative,TCP_TRANSLATION,NEGATIVE,m,AVAILABLE,FIRST_FAILURE_OBSERVED,0.0039960937500000005,0.0039921875,0.004,-0.0039960937500000005,LOCAL_BRACKET_REFINED,LOCAL_MONOTONIC_AT_COARSE_SAMPLING_RESOLUTION,"[{""first_magnitude"": 0.004, ""last_magnitude"": 0.012, ""sample_count"": 33}]",TERMINAL_POSITION_ERROR,"[""TERMINAL_POSITION_ERROR""]",180,,"{""max_abs_error_from_request"": 3.209238430557093e-17, ""maximum_signed_value"": -0.003999999999999977, ""minimum_signed_value"": -0.004000000000000032, ""request_match"": ""YES"", ""status"": ""APPLIED"", ""units"": ""m""}",0.21980500643299639,0.016622079818704765,0.08854440471744933,0.004000000000000031,0.017571291185767716,1.1943856894599287e-07,15559753.083383705,adaptive_discrete_interpolation,NOT_AVAILABLE
R0,tcp_tcp_translation:y:positive,TCP_TRANSLATION,POSITIVE,m,AVAILABLE,FIRST_FAILURE_OBSERVED,0.0039960937500000005,0.0039921875,0.004,0.0039960937500000005,LOCAL_BRACKET_REFINED,LOCAL_MONOTONIC_AT_COARSE_SAMPLING_RESOLUTION,"[{""first_magnitude"": 0.004, ""last_magnitude"": 0.012, ""sample_count"": 33}]",TERMINAL_POSITION_ERROR,"[""TERMINAL_POSITION_ERROR""]",180,,"{""max_abs_error_from_request"": 3.903127820947816e-17, ""maximum_signed_value"": 0.004000000000000039, ""minimum_signed_value"": 0.003999999999999961, ""request_match"": ""YES"", ""status"": ""APPLIED"", ""units"": ""m""}",0.21980500643299639,0.016622079818704765,0.08854440471744933,0.004000000000000038,0.017571291185767716,1.1943856894599287e-07,15559753.083383705,adaptive_discrete_interpolation,NOT_AVAILABLE
R0,tcp_tcp_translation:y:negative,TCP_TRANSLATION,NEGATIVE,m,AVAILABLE,FIRST_FAILURE_OBSERVED,0.0039960937500000005,0.0039921875,0.004,-0.0039960937500000005,LOCAL_BRACKET_REFINED,LOCAL_MONOTONIC_AT_COARSE_SAMPLING_RESOLUTION,"[{""first_magnitude"": 0.004, ""last_magnitude"": 0.012, ""sample_count"": 33}]",TERMINAL_POSITION_ERROR,"[""TERMINAL_POSITION_ERROR""]",180,,"{""max_abs_error_from_request"": 3.903127820947816e-17, ""maximum_signed_value"": -0.003999999999999961, ""minimum_signed_value"": -0.004000000000000039, ""request_match"": ""YES"", ""status"": ""APPLIED"", ""units"": ""m""}",0.21980500643299639,0.016622079818704765,0.08854440471744933,0.004000000000000038,0.017571291185767716,1.1943856894599287e-07,15559753.083383705,adaptive_discrete_interpolation,NOT_AVAILABLE
R0,tcp_tcp_translation:z:positive,TCP_TRANSLATION,POSITIVE,m,AVAILABLE,FIRST_FAILURE_OBSERVED,0.0039960937500000005,0.0039921875,0.004,0.0039960937500000005,LOCAL_BRACKET_REFINED,LOCAL_MONOTONIC_AT_COARSE_SAMPLING_RESOLUTION,"[{""first_magnitude"": 0.004, ""last_magnitude"": 0.012, ""sample_count"": 33}]",TERMINAL_POSITION_ERROR,"[""TERMINAL_POSITION_ERROR""]",180,,"{""max_abs_error_from_request"": 5.2909066017292616e-17, ""maximum_signed_value"": 0.004000000000000051, ""minimum_signed_value"": 0.003999999999999947, ""request_match"": ""YES"", ""status"": ""APPLIED"", ""units"": ""m""}",0.21980500643299639,0.016622079818704765,0.08854440471744933,0.004000000000000051,0.017571291185767716,1.1943856894599287e-07,15559753.083383705,adaptive_discrete_interpolation,NOT_AVAILABLE
R0,tcp_tcp_translation:z:negative,TCP_TRANSLATION,NEGATIVE,m,AVAILABLE,FIRST_FAILURE_OBSERVED,0.0039960937500000005,0.0039921875,0.004,-0.0039960937500000005,LOCAL_BRACKET_REFINED,LOCAL_MONOTONIC_AT_COARSE_SAMPLING_RESOLUTION,"[{""first_magnitude"": 0.004, ""last_magnitude"": 0.012, ""sample_count"": 33}]",TERMINAL_POSITION_ERROR,"[""TERMINAL_POSITION_ERROR""]",180,,"{""max_abs_error_from_request"": 5.2909066017292616e-17, ""maximum_signed_value"": -0.003999999999999947, ""minimum_signed_value"": -0.004000000000000051, ""request_match"": ""YES"", ""status"": ""APPLIED"", ""units"": ""m""}",0.21980500643299639,0.016622079818704765,0.08854440471744933,0.004000000000000051,0.017571291185767716,1.1943856894599287e-07,15559753.083383705,adaptive_discrete_interpolation,NOT_AVAILABLE
R0,tcp_tcp_rotation:x:positive,TCP_ROTATION,POSITIVE,rad,AVAILABLE,FIRST_FAILURE_OBSERVED,0.1574602871712983,0.1574318801196708,0.15748869422292583,0.1574602871712983,LOCAL_BRACKET_REFINED,LOCAL_MONOTONIC_AT_COARSE_SAMPLING_RESOLUTION,"[{""first_magnitude"": 0.15998851476614687, ""last_magnitude"": 0.17453292519943295, ""sample_count"": 5}]",SPRAY_AXIS_NORMAL_ERROR,"[""SPRAY_AXIS_NORMAL_ERROR""]",172,,"{""max_abs_error_from_request"": 2.7755575615628914e-16, ""maximum_signed_value"": 0.1574886942229261, ""minimum_signed_value"": 0.15748869422292566, ""request_match"": ""YES"", ""status"": ""APPLIED"", ""units"": ""rad""}",0.21980500643299639,0.016622079818704765,0.08854440471744933,0.0,0.17455473571595087,1.1943856894599287e-07,15559753.083383705,adaptive_discrete_interpolation,NOT_AVAILABLE
R0,tcp_tcp_rotation:x:negative,TCP_ROTATION,NEGATIVE,rad,AVAILABLE,FIRST_FAILURE_OBSERVED,0.1574602871712983,0.1574318801196708,0.15748869422292583,-0.1574602871712983,LOCAL_BRACKET_REFINED,LOCAL_MONOTONIC_AT_COARSE_SAMPLING_RESOLUTION,"[{""first_magnitude"": 0.15998851476614687, ""last_magnitude"": 0.17453292519943295, ""sample_count"": 5}]",SPRAY_AXIS_NORMAL_ERROR,"[""SPRAY_AXIS_NORMAL_ERROR""]",171,,"{""max_abs_error_from_request"": 2.7755575615628914e-16, ""maximum_signed_value"": -0.15748869422292566, ""minimum_signed_value"": -0.1574886942229261, ""request_match"": ""YES"", ""status"": ""APPLIED"", ""units"": ""rad""}",0.21980500643299639,0.016622079818704765,0.08854440471744933,0.0,0.17457506136863216,1.1943856894599287e-07,15559753.083383705,adaptive_discrete_interpolation,NOT_AVAILABLE
R0,tcp_tcp_rotation:y:positive,TCP_ROTATION,POSITIVE,rad,AVAILABLE,FIRST_FAILURE_OBSERVED,0.16513019111072655,0.16510178405909903,0.16515859816235406,0.16513019111072655,LOCAL_BRACKET_REFINED,LOCAL_MONOTONIC_AT_COARSE_SAMPLING_RESOLUTION,"[{""first_magnitude"": 0.1672607199827899, ""last_magnitude"": 0.17453292519943295, ""sample_count"": 3}]",SPRAY_AXIS_NORMAL_ERROR,"[""SPRAY_AXIS_NORMAL_ERROR""]",16,,"{""max_abs_error_from_request"": 2.7755575615628914e-16, ""maximum_signed_value"": 0.16515859816235423, ""minimum_signed_value"": 0.1651585981623538, ""request_match"": ""YES"", ""status"": ""APPLIED"", ""units"": ""rad""}",0.21980500643299639,0.016622079818704765,0.08854440471744933,0.0,0.1745367529572825,1.1943856894599287e-07,15559753.083383705,adaptive_discrete_interpolation,NOT_AVAILABLE
R0,tcp_tcp_rotation:y:negative,TCP_ROTATION,NEGATIVE,rad,AVAILABLE,FIRST_FAILURE_OBSERVED,0.15984647950800931,0.1598180724563818,0.15987488655963683,-0.15984647950800931,LOCAL_BRACKET_REFINED,LOCAL_MONOTONIC_AT_COARSE_SAMPLING_RESOLUTION,"[{""first_magnitude"": 0.15998851476614687, ""last_magnitude"": 0.17453292519943295, ""sample_count"": 5}]",SPRAY_AXIS_NORMAL_ERROR,"[""SPRAY_AXIS_NORMAL_ERROR""]",0,,"{""max_abs_error_from_request"": 2.7755575615628914e-16, ""maximum_signed_value"": -0.15987488655963666, ""minimum_signed_value"": -0.1598748865596371, ""request_match"": ""YES"", ""status"": ""APPLIED"", ""units"": ""rad""}",0.21980500643299639,0.016622079818704765,0.08854440471744933,0.0,0.17458815123937402,1.1943856894599287e-07,15559753.083383705,adaptive_discrete_interpolation,NOT_AVAILABLE
R0,tcp_tcp_rotation:z:positive,TCP_ROTATION,POSITIVE,rad,AVAILABLE,NO_FAILURE_WITHIN_SEARCH_DOMAIN,,0.17453292519943295,,,FULL_COARSE_DOMAIN_SAMPLED,NO_FAILURE_OBSERVED_IN_DOMAIN,[],,[],,,,0.21980500643299639,0.016622079818704765,0.08854440471744933,0.0,0.017571291185767716,1.1943856894599287e-07,15559753.083383705,adaptive_discrete_interpolation,NOT_AVAILABLE
R0,tcp_tcp_rotation:z:negative,TCP_ROTATION,NEGATIVE,rad,AVAILABLE,NO_FAILURE_WITHIN_SEARCH_DOMAIN,,0.17453292519943295,,,FULL_COARSE_DOMAIN_SAMPLED,NO_FAILURE_OBSERVED_IN_DOMAIN,[],,[],,,,0.21980500643299639,0.016622079818704765,0.08854440471744933,0.0,0.017571291185767716,1.1943856894599287e-07,15559753.083383705,adaptive_discrete_interpolation,NOT_AVAILABLE
R0,base_translation:x:positive,BASE_TRANSLATION,POSITIVE,m,NOT_AVAILABLE,CAPABILITY_UNAVAILABLE,,,,,NOT_RUN,NOT_EVALUATED_CAPABILITY_UNAVAILABLE,[],,[],,,,,,,,,,,adaptive_discrete_interpolation,NOT_AVAILABLE
R0,base_translation:x:negative,BASE_TRANSLATION,NEGATIVE,m,NOT_AVAILABLE,CAPABILITY_UNAVAILABLE,,,,,NOT_RUN,NOT_EVALUATED_CAPABILITY_UNAVAILABLE,[],,[],,,,,,,,,,,adaptive_discrete_interpolation,NOT_AVAILABLE
R0,base_translation:y:positive,BASE_TRANSLATION,POSITIVE,m,NOT_AVAILABLE,CAPABILITY_UNAVAILABLE,,,,,NOT_RUN,NOT_EVALUATED_CAPABILITY_UNAVAILABLE,[],,[],,,,,,,,,,,adaptive_discrete_interpolation,NOT_AVAILABLE
R0,base_translation:y:negative,BASE_TRANSLATION,NEGATIVE,m,NOT_AVAILABLE,CAPABILITY_UNAVAILABLE,,,,,NOT_RUN,NOT_EVALUATED_CAPABILITY_UNAVAILABLE,[],,[],,,,,,,,,,,adaptive_discrete_interpolation,NOT_AVAILABLE
R0,base_translation:z:positive,BASE_TRANSLATION,POSITIVE,m,NOT_AVAILABLE,CAPABILITY_UNAVAILABLE,,,,,NOT_RUN,NOT_EVALUATED_CAPABILITY_UNAVAILABLE,[],,[],,,,,,,,,,,adaptive_discrete_interpolation,NOT_AVAILABLE
R0,base_translation:z:negative,BASE_TRANSLATION,NEGATIVE,m,NOT_AVAILABLE,CAPABILITY_UNAVAILABLE,,,,,NOT_RUN,NOT_EVALUATED_CAPABILITY_UNAVAILABLE,[],,[],,,,,,,,,,,adaptive_discrete_interpolation,NOT_AVAILABLE
R0,base_rotation:x:positive,BASE_ROTATION,POSITIVE,rad,NOT_AVAILABLE,CAPABILITY_UNAVAILABLE,,,,,NOT_RUN,NOT_EVALUATED_CAPABILITY_UNAVAILABLE,[],,[],,,,,,,,,,,adaptive_discrete_interpolation,NOT_AVAILABLE
R0,base_rotation:x:negative,BASE_ROTATION,NEGATIVE,rad,NOT_AVAILABLE,CAPABILITY_UNAVAILABLE,,,,,NOT_RUN,NOT_EVALUATED_CAPABILITY_UNAVAILABLE,[],,[],,,,,,,,,,,adaptive_discrete_interpolation,NOT_AVAILABLE
R0,base_rotation:y:positive,BASE_ROTATION,POSITIVE,rad,NOT_AVAILABLE,CAPABILITY_UNAVAILABLE,,,,,NOT_RUN,NOT_EVALUATED_CAPABILITY_UNAVAILABLE,[],,[],,,,,,,,,,,adaptive_discrete_interpolation,NOT_AVAILABLE
R0,base_rotation:y:negative,BASE_ROTATION,NEGATIVE,rad,NOT_AVAILABLE,CAPABILITY_UNAVAILABLE,,,,,NOT_RUN,NOT_EVALUATED_CAPABILITY_UNAVAILABLE,[],,[],,,,,,,,,,,adaptive_discrete_interpolation,NOT_AVAILABLE
R0,base_rotation:z:positive,BASE_ROTATION,POSITIVE,rad,NOT_AVAILABLE,CAPABILITY_UNAVAILABLE,,,,,NOT_RUN,NOT_EVALUATED_CAPABILITY_UNAVAILABLE,[],,[],,,,,,,,,,,adaptive_discrete_interpolation,NOT_AVAILABLE
R0,base_rotation:z:negative,BASE_ROTATION,NEGATIVE,rad,NOT_AVAILABLE,CAPABILITY_UNAVAILABLE,,,,,NOT_RUN,NOT_EVALUATED_CAPABILITY_UNAVAILABLE,[],,[],,,,,,,,,,,adaptive_discrete_interpolation,NOT_AVAILABLE
R0,process:surface_normal:positive,SURFACE_OFFSET,POSITIVE,m,NOT_AVAILABLE,CAPABILITY_UNAVAILABLE,,,,,NOT_RUN,NOT_EVALUATED_CAPABILITY_UNAVAILABLE,[],,[],,,,,,,,,,,adaptive_discrete_interpolation,NOT_AVAILABLE
R0,process:surface_normal:negative,SURFACE_OFFSET,NEGATIVE,m,NOT_AVAILABLE,CAPABILITY_UNAVAILABLE,,,,,NOT_RUN,NOT_EVALUATED_CAPABILITY_UNAVAILABLE,[],,[],,,,,,,,,,,adaptive_discrete_interpolation,NOT_AVAILABLE
R0,process:stand_off:positive,STANDOFF,POSITIVE,m,NOT_AVAILABLE,CAPABILITY_UNAVAILABLE,,,,,NOT_RUN,NOT_EVALUATED_CAPABILITY_UNAVAILABLE,[],,[],,,,,,,,,,,adaptive_discrete_interpolation,NOT_AVAILABLE
R0,process:stand_off:negative,STANDOFF,NEGATIVE,m,NOT_AVAILABLE,CAPABILITY_UNAVAILABLE,,,,,NOT_RUN,NOT_EVALUATED_CAPABILITY_UNAVAILABLE,[],,[],,,,,,,,,,,adaptive_discrete_interpolation,NOT_AVAILABLE
R0,process:surface_normal_rotation:positive,SURFACE_NORMAL,POSITIVE,rad,NOT_AVAILABLE,CAPABILITY_UNAVAILABLE,,,,,NOT_RUN,NOT_EVALUATED_CAPABILITY_UNAVAILABLE,[],,[],,,,,,,,,,,adaptive_discrete_interpolation,NOT_AVAILABLE
R0,process:surface_normal_rotation:negative,SURFACE_NORMAL,NEGATIVE,rad,NOT_AVAILABLE,CAPABILITY_UNAVAILABLE,,,,,NOT_RUN,NOT_EVALUATED_CAPABILITY_UNAVAILABLE,[],,[],,,,,,,,,,,adaptive_discrete_interpolation,NOT_AVAILABLE
R1_center_old_0.00025,joint:j1:positive,JOINT_STATE,POSITIVE,rad,AVAILABLE,FIRST_FAILURE_OBSERVED,0.012496560739359605,0.01249617588639113,0.012496945592328081,0.012496560739359605,LOCAL_BRACKET_REFINED,LOCAL_MONOTONIC_AT_COARSE_SAMPLING_RESOLUTION,"[{""first_magnitude"": 0.012610862070996754, ""last_magnitude"": 0.8070951725437923, ""sample_count"": 64}]",TERMINAL_POSITION_ERROR,"[""TERMINAL_POSITION_ERROR""]",180,,"{""max_abs_error_from_request"": 2.42861286636753e-17, ""maximum_signed_value"": 0.012496945592328085, ""minimum_signed_value"": 0.012496945592328057, ""request_match"": ""YES"", ""status"": ""APPLIED"", ""units"": ""rad""}",0.21979470409816537,0.01662207981870465,0.08865104882261833,0.004434265096249288,0.02063165626336551,1.1943856904622837e-07,15559753.070325581,adaptive_discrete_interpolation,NOT_AVAILABLE
R1_center_old_0.00025,joint:j1:negative,JOINT_STATE,NEGATIVE,rad,AVAILABLE,FIRST_FAILURE_OBSERVED,0.012496676585991136,0.012496329195543134,0.012497023976439139,-0.012496676585991136,LOCAL_BRACKET_REFINED,LOCAL_MONOTONIC_AT_COARSE_SAMPLING_RESOLUTION,"[{""first_magnitude"": 0.0455331608005735, ""last_magnitude"": 2.914122291236704, ""sample_count"": 64}]",TERMINAL_POSITION_ERROR,"[""TERMINAL_POSITION_ERROR""]",180,,"{""max_abs_error_from_request"": 1.196959198423997e-16, ""maximum_signed_value"": -0.012497023976439037, ""minimum_signed_value"": -0.012497023976439259, ""request_match"": ""YES"", ""status"": ""APPLIED"", ""units"": ""rad""}",0.21979470409816537,0.016622079818704713,0.08844238527443816,0.004434292908757799,0.02063170173254221,1.194385690198233e-07,15559753.073765507,adaptive_discrete_interpolation,NOT_AVAILABLE
R1_center_old_0.00025,joint:j2:positive,JOINT_STATE,POSITIVE,rad,AVAILABLE,FIRST_FAILURE_OBSERVED,0.012296016449093315,0.012295671123273979,0.012296361774912652,0.012296016449093315,LOCAL_BRACKET_REFINED,LOCAL_MONOTONIC_AT_COARSE_SAMPLING_RESOLUTION,"[{""first_magnitude"": 0.04526254579199481, ""last_magnitude"": 2.896802930687668, ""sample_count"": 64}]",TCP_PATH_DEVIATION,"[""TCP_PATH_DEVIATION""]",90,,"{""max_abs_error_from_request"": 1.2663481374630692e-16, ""maximum_signed_value"": 0.012296361774912778, ""minimum_signed_value"": 0.012296361774912556, ""request_match"": ""YES"", ""status"": ""APPLIED"", ""units"": ""rad""}",0.21979470409816537,0.016622079818704706,0.08989001566804798,0.006000292757480414,0.029853232760494907,0.0027811856092661686,668.0157484142923,adaptive_discrete_interpolation,NOT_AVAILABLE
R1_center_old_0.00025,joint:j2:negative,JOINT_STATE,NEGATIVE,rad,AVAILABLE,FIRST_FAILURE_OBSERVED,0.012295791447647992,0.012295381191351984,0.012296201703943998,-0.012295791447647992,LOCAL_BRACKET_REFINED,LOCAL_MONOTONIC_AT_COARSE_SAMPLING_RESOLUTION,"[{""first_magnitude"": 0.02688655661516328, ""last_magnitude"": 1.72073962337045, ""sample_count"": 64}]",TCP_PATH_DEVIATION,"[""TCP_PATH_DEVIATION""]",90,,"{""max_abs_error_from_request"": 1.43982048506075e-16, ""maximum_signed_value"": -0.012296201703943854, ""minimum_signed_value"": -0.012296201703944076, ""request_match"": ""YES"", ""status"": ""APPLIED"", ""units"": ""rad""}",0.21979470409816537,0.016622079818704755,0.08719537015275898,0.006000214648151008,0.029859315511718193,0.0013370553267195936,1388.4857270001892,adaptive_discrete_interpolation,NOT_AVAILABLE
R1_center_old_0.00025,joint:j3:positive,JOINT_STATE,POSITIVE,rad,AVAILABLE,FIRST_FAILURE_OBSERVED,0.007213063101120479,0.0072126373255994875,0.007213488876641471,0.007213063101120479,LOCAL_BRACKET_REFINED,LOCAL_MONOTONIC_AT_COARSE_SAMPLING_RESOLUTION,"[{""first_magnitude"": 0.01046385920389215, ""last_magnitude"": 0.2232289963496992, ""sample_count"": 62}]",TERMINAL_POSITION_ERROR,"[""TERMINAL_POSITION_ERROR""]",180,,"{""max_abs_error_from_request"": 5.637851296924623e-17, ""maximum_signed_value"": 0.007213488876641527, ""minimum_signed_value"": 0.007213488876641527, ""request_match"": ""YES"", ""status"": ""APPLIED"", ""units"": ""rad""}",0.21258121522152384,0.016622079818704658,0.08850687315204224,0.004157821315685881,0.024770597498745016,0.001130101714729293,1643.8792532537768,adaptive_discrete_interpolation,NOT_AVAILABLE
R1_center_old_0.00025,joint:j3:negative,JOINT_STATE,NEGATIVE,rad,AVAILABLE,FIRST_FAILURE_OBSERVED,0.007212695082785006,0.007212389187917422,0.0072130009776525915,-0.007212695082785006,LOCAL_BRACKET_REFINED,LOCAL_MONOTONIC_AT_COARSE_SAMPLING_RESOLUTION,"[{""first_magnitude"": 0.08018850416818325, ""last_magnitude"": 5.132064266763728, ""sample_count"": 64}]",TERMINAL_POSITION_ERROR,"[""TERMINAL_POSITION_ERROR""]",180,,"{""max_abs_error_from_request"": 1.700029006457271e-16, ""maximum_signed_value"": -0.0072130009776527615, ""minimum_signed_value"": -0.0072130009776527615, ""request_match"": ""YES"", ""status"": ""APPLIED"", ""units"": ""rad""}",0.22700770507581813,0.016622079818704665,0.08850687315204224,0.004157540094205519,0.024776360588131135,0.0011443775677591906,1624.4882958443388,adaptive_discrete_interpolation,NOT_AVAILABLE
R1_center_old_0.00025,joint:j4:positive,JOINT_STATE,POSITIVE,rad,AVAILABLE,FIRST_FAILURE_OBSERVED,0.022052052860295192,0.022051733316268005,0.022052372404322382,0.022052052860295192,LOCAL_BRACKET_REFINED,LOCAL_MONOTONIC_AT_COARSE_SAMPLING_RESOLUTION,"[{""first_magnitude"": 0.041883274731631365, ""last_magnitude"": 1.3402647914122037, ""sample_count"": 63}]",TERMINAL_POSITION_ERROR,"[""TERMINAL_POSITION_ERROR""]",180,,"{""max_abs_error_from_request"": 6.938893903907228e-17, ""maximum_signed_value"": 0.02205237240432245, ""minimum_signed_value"": 0.02205237240432234, ""request_match"": ""YES"", ""status"": ""APPLIED"", ""units"": ""rad""}",0.21979470409816537,0.016622910896352802,0.08850687315204224,0.004000088248259433,0.03960881058898296,5.045125690680381e-06,368296.24294212105,adaptive_discrete_interpolation,NOT_AVAILABLE
R1_center_old_0.00025,joint:j4:negative,JOINT_STATE,NEGATIVE,rad,AVAILABLE,FIRST_FAILURE_OBSERVED,0.02205220584742009,0.022051804628311827,0.022052607066528354,-0.02205220584742009,LOCAL_BRACKET_REFINED,LOCAL_MONOTONIC_AT_COARSE_SAMPLING_RESOLUTION,"[{""first_magnitude"": 0.05258859095815451, ""last_magnitude"": 3.3656698213218887, ""sample_count"": 64}]",TERMINAL_POSITION_ERROR,"[""TERMINAL_POSITION_ERROR""]",180,,"{""max_abs_error_from_request"": 4.163336342344337e-17, ""maximum_signed_value"": -0.02205260706652834, ""minimum_signed_value"": -0.022052607066528396, ""request_match"": ""YES"", ""status"": ""APPLIED"", ""units"": ""rad""}",0.21979470409816537,0.016622352370762185,0.08850687315204224,0.004000130812001516,0.03961527062794247,1.1511602955943658e-05,161483.659350925,adaptive_discrete_interpolation,NOT_AVAILABLE
R1_center_old_0.00025,joint:j5:positive,JOINT_STATE,POSITIVE,rad,AVAILABLE,FIRST_FAILURE_OBSERVED,0.026667658537138726,0.026667302669429356,0.0266680144048481,0.026667658537138726,LOCAL_BRACKET_REFINED,LOCAL_MONOTONIC_AT_COARSE_SAMPLING_RESOLUTION,"[{""first_magnitude"": 0.046644292402682884, ""last_magnitude"": 1.4926173568858523, ""sample_count"": 63}]",TERMINAL_POSITION_ERROR,"[""TERMINAL_POSITION_ERROR""]",180,,"{""max_abs_error_from_request"": 1.734723475976807e-17, ""maximum_signed_value"": 0.026668014404848117, ""minimum_signed_value"": 0.026668014404848117, ""request_match"": ""YES"", ""status"": ""APPLIED"", ""units"": ""rad""}",0.21979470409816537,0.01662292796161605,0.08850687315204224,0.004000083625264784,0.040929330901318964,1.1887867711017926e-07,15639341.141587395,adaptive_discrete_interpolation,NOT_AVAILABLE
R1_center_old_0.00025,joint:j5:negative,JOINT_STATE,NEGATIVE,rad,AVAILABLE,FIRST_FAILURE_OBSERVED,0.02666755566136625,0.026667114503437065,0.026667996819295436,-0.02666755566136625,LOCAL_BRACKET_REFINED,LOCAL_MONOTONIC_AT_COARSE_SAMPLING_RESOLUTION,"[{""first_magnitude"": 0.05782345209427116, ""last_magnitude"": 3.700700934033354, ""sample_count"": 64}]",TERMINAL_POSITION_ERROR,"[""TERMINAL_POSITION_ERROR""]",180,,"{""max_abs_error_from_request"": 1.1102230246251565e-16, ""maximum_signed_value"": -0.026667996819295325, ""minimum_signed_value"": -0.026667996819295547, ""request_match"": ""YES"", ""status"": ""APPLIED"", ""units"": ""rad""}",0.21979470409816537,0.01662358554692446,0.08850687315204224,0.004000080987666369,0.03547447302462613,1.1991851059461808e-07,15495174.911853489,adaptive_discrete_interpolation,NOT_AVAILABLE
R1_center_old_0.00025,joint:j6:positive,JOINT_STATE,POSITIVE,rad,AVAILABLE,FIRST_FAILURE_OBSERVED,2.811699405860896,2.81169906544303,2.8116997462787623,2.811699405860896,LOCAL_BRACKET_REFINED,LOCAL_MONOTONIC_AT_COARSE_SAMPLING_RESOLUTION,"[{""first_magnitude"": 2.8556320335495102, ""last_magnitude"": 2.8556320335495102, ""sample_count"": 1}]",JOINT_LIMIT_FAILURE,"[""JOINT_LIMIT_FAILURE""]",0,,"{""max_abs_error_from_request"": 0.0, ""maximum_signed_value"": 2.8116997462787623, ""minimum_signed_value"": 2.8116997462787623, ""request_match"": ""YES"", ""status"": ""APPLIED"", ""units"": ""rad""}",,,,,,,,adaptive_discrete_interpolation,NOT_AVAILABLE
R1_center_old_0.00025,joint:j6:negative,JOINT_STATE,NEGATIVE,rad,AVAILABLE,FIRST_FAILURE_OBSERVED,3.22687411442867,3.226873723744802,3.226874505112538,-3.22687411442867,LOCAL_BRACKET_REFINED,LOCAL_MONOTONIC_AT_COARSE_SAMPLING_RESOLUTION,"[{""first_magnitude"": 3.2772938210202485, ""last_magnitude"": 3.2772938210202485, ""sample_count"": 1}]",JOINT_LIMIT_FAILURE,"[""JOINT_LIMIT_FAILURE""]",180,,"{""max_abs_error_from_request"": 0.0, ""maximum_signed_value"": -3.226874505112538, ""minimum_signed_value"": -3.226874505112538, ""request_match"": ""YES"", ""status"": ""APPLIED"", ""units"": ""rad""}",,,,,,,,adaptive_discrete_interpolation,NOT_AVAILABLE
R1_center_old_0.0005,joint:j1:positive,JOINT_STATE,POSITIVE,rad,AVAILABLE,FIRST_FAILURE_OBSERVED,0.012496560739359605,0.01249617588639113,0.012496945592328081,0.012496560739359605,LOCAL_BRACKET_REFINED,LOCAL_MONOTONIC_AT_COARSE_SAMPLING_RESOLUTION,"[{""first_magnitude"": 0.012610862070996754, ""last_magnitude"": 0.8070951725437923, ""sample_count"": 64}]",TERMINAL_POSITION_ERROR,"[""TERMINAL_POSITION_ERROR""]",180,,"{""max_abs_error_from_request"": 2.42861286636753e-17, ""maximum_signed_value"": 0.012496945592328085, ""minimum_signed_value"": 0.012496945592328057, ""request_match"": ""YES"", ""status"": ""APPLIED"", ""units"": ""rad""}",0.21979470409816537,0.01662207981870465,0.08865104882261833,0.004434265096249288,0.020631656263365546,1.1943856905758454e-07,15559753.068846159,adaptive_discrete_interpolation,NOT_AVAILABLE
R1_center_old_0.0005,joint:j1:negative,JOINT_STATE,NEGATIVE,rad,AVAILABLE,FIRST_FAILURE_OBSERVED,0.012496676585991136,0.012496329195543134,0.012497023976439139,-0.012496676585991136,LOCAL_BRACKET_REFINED,LOCAL_MONOTONIC_AT_COARSE_SAMPLING_RESOLUTION,"[{""first_magnitude"": 0.0455331608005735, ""last_magnitude"": 2.914122291236704, ""sample_count"": 64}]",TERMINAL_POSITION_ERROR,"[""TERMINAL_POSITION_ERROR""]",180,,"{""max_abs_error_from_request"": 1.196959198423997e-16, ""maximum_signed_value"": -0.012497023976439037, ""minimum_signed_value"": -0.012497023976439259, ""request_match"": ""YES"", ""status"": ""APPLIED"", ""units"": ""rad""}",0.21979470409816537,0.016622079818704755,0.08844238527443816,0.004434292908757799,0.020631701732542012,1.1943856902495313e-07,15559753.07309722,adaptive_discrete_interpolation,NOT_AVAILABLE
R1_center_old_0.0005,joint:j2:positive,JOINT_STATE,POSITIVE,rad,AVAILABLE,FIRST_FAILURE_OBSERVED,0.012296016449093315,0.012295671123273979,0.012296361774912652,0.012296016449093315,LOCAL_BRACKET_REFINED,LOCAL_MONOTONIC_AT_COARSE_SAMPLING_RESOLUTION,"[{""first_magnitude"": 0.04526254579199481, ""last_magnitude"": 2.896802930687668, ""sample_count"": 64}]",TCP_PATH_DEVIATION,"[""TCP_PATH_DEVIATION""]",90,,"{""max_abs_error_from_request"": 1.2663481374630692e-16, ""maximum_signed_value"": 0.012296361774912778, ""minimum_signed_value"": 0.012296361774912556, ""request_match"": ""YES"", ""status"": ""APPLIED"", ""units"": ""rad""}",0.21979470409816537,0.016622079818704696,0.08989001566804798,0.00600029275748045,0.029853232760494963,0.0027811856092659895,668.0157484142933,adaptive_discrete_interpolation,NOT_AVAILABLE
R1_center_old_0.0005,joint:j2:negative,JOINT_STATE,NEGATIVE,rad,AVAILABLE,FIRST_FAILURE_OBSERVED,0.012295791447647992,0.012295381191351984,0.012296201703943998,-0.012295791447647992,LOCAL_BRACKET_REFINED,LOCAL_MONOTONIC_AT_COARSE_SAMPLING_RESOLUTION,"[{""first_magnitude"": 0.02688655661516328, ""last_magnitude"": 1.72073962337045, ""sample_count"": 64}]",TCP_PATH_DEVIATION,"[""TCP_PATH_DEVIATION""]",90,,"{""max_abs_error_from_request"": 1.43982048506075e-16, ""maximum_signed_value"": -0.012296201703943854, ""minimum_signed_value"": -0.012296201703944076, ""request_match"": ""YES"", ""status"": ""APPLIED"", ""units"": ""rad""}",0.21979470409816537,0.016622079818704748,0.08719537015275898,0.006000214648150995,0.029859315511718193,0.0013370553267195936,1388.4857270001892,adaptive_discrete_interpolation,NOT_AVAILABLE
R1_center_old_0.0005,joint:j3:positive,JOINT_STATE,POSITIVE,rad,AVAILABLE,FIRST_FAILURE_OBSERVED,0.007213063101120479,0.0072126373255994875,0.007213488876641471,0.007213063101120479,LOCAL_BRACKET_REFINED,LOCAL_MONOTONIC_AT_COARSE_SAMPLING_RESOLUTION,"[{""first_magnitude"": 0.01046385920389215, ""last_magnitude"": 0.2232289963496992, ""sample_count"": 62}]",TERMINAL_POSITION_ERROR,"[""TERMINAL_POSITION_ERROR""]",180,,"{""max_abs_error_from_request"": 5.637851296924623e-17, ""maximum_signed_value"": 0.007213488876641527, ""minimum_signed_value"": 0.007213488876641527, ""request_match"": ""YES"", ""status"": ""APPLIED"", ""units"": ""rad""}",0.21258121522152384,0.01662207981870465,0.08850687315204224,0.004157821315685881,0.02477059749874496,0.0011301017147292171,1643.8792532538876,adaptive_discrete_interpolation,NOT_AVAILABLE
R1_center_old_0.0005,joint:j3:negative,JOINT_STATE,NEGATIVE,rad,AVAILABLE,FIRST_FAILURE_OBSERVED,0.007212695082785006,0.007212389187917422,0.0072130009776525915,-0.007212695082785006,LOCAL_BRACKET_REFINED,LOCAL_MONOTONIC_AT_COARSE_SAMPLING_RESOLUTION,"[{""first_magnitude"": 0.08018850416818325, ""last_magnitude"": 5.132064266763728, ""sample_count"": 64}]",TERMINAL_POSITION_ERROR,"[""TERMINAL_POSITION_ERROR""]",180,,"{""max_abs_error_from_request"": 1.700029006457271e-16, ""maximum_signed_value"": -0.0072130009776527615, ""minimum_signed_value"": -0.0072130009776527615, ""request_match"": ""YES"", ""status"": ""APPLIED"", ""units"": ""rad""}",0.22700770507581813,0.016622079818704665,0.08850687315204224,0.004157540094205519,0.024776360588131135,0.0011443775677593088,1624.488295844171,adaptive_discrete_interpolation,NOT_AVAILABLE
R1_center_old_0.0005,joint:j4:positive,JOINT_STATE,POSITIVE,rad,AVAILABLE,FIRST_FAILURE_OBSERVED,0.022052052860295192,0.022051733316268005,0.022052372404322382,0.022052052860295192,LOCAL_BRACKET_REFINED,LOCAL_MONOTONIC_AT_COARSE_SAMPLING_RESOLUTION,"[{""first_magnitude"": 0.041883274731631365, ""last_magnitude"": 1.3402647914122037, ""sample_count"": 63}]",TERMINAL_POSITION_ERROR,"[""TERMINAL_POSITION_ERROR""]",180,,"{""max_abs_error_from_request"": 6.938893903907228e-17, ""maximum_signed_value"": 0.02205237240432245, ""minimum_signed_value"": 0.02205237240432234, ""request_match"": ""YES"", ""status"": ""APPLIED"", ""units"": ""rad""}",0.21979470409816537,0.016622910896352847,0.08850687315204224,0.004000088248259448,0.03960881058898268,5.0451256906932524e-06,368296.2429411811,adaptive_discrete_interpolation,NOT_AVAILABLE
R1_center_old_0.0005,joint:j4:negative,JOINT_STATE,NEGATIVE,rad,AVAILABLE,FIRST_FAILURE_OBSERVED,0.02205220584742009,0.022051804628311827,0.022052607066528354,-0.02205220584742009,LOCAL_BRACKET_REFINED,LOCAL_MONOTONIC_AT_COARSE_SAMPLING_RESOLUTION,"[{""first_magnitude"": 0.05258859095815451, ""last_magnitude"": 3.3656698213218887, ""sample_count"": 64}]",TERMINAL_POSITION_ERROR,"[""TERMINAL_POSITION_ERROR""]",180,,"{""max_abs_error_from_request"": 4.163336342344337e-17, ""maximum_signed_value"": -0.02205260706652834, ""minimum_signed_value"": -0.022052607066528396, ""request_match"": ""YES"", ""status"": ""APPLIED"", ""units"": ""rad""}",0.21979470409816537,0.016622352370762275,0.08850687315204224,0.004000130812001505,0.039615270627942345,1.1511602955906321e-05,161483.6593514488,adaptive_discrete_interpolation,NOT_AVAILABLE
R1_center_old_0.0005,joint:j5:positive,JOINT_STATE,POSITIVE,rad,AVAILABLE,FIRST_FAILURE_OBSERVED,0.026667658537138726,0.026667302669429356,0.0266680144048481,0.026667658537138726,LOCAL_BRACKET_REFINED,LOCAL_MONOTONIC_AT_COARSE_SAMPLING_RESOLUTION,"[{""first_magnitude"": 0.046644292402682884, ""last_magnitude"": 1.4926173568858523, ""sample_count"": 63}]",TERMINAL_POSITION_ERROR,"[""TERMINAL_POSITION_ERROR""]",180,,"{""max_abs_error_from_request"": 1.734723475976807e-17, ""maximum_signed_value"": 0.026668014404848117, ""minimum_signed_value"": 0.026668014404848117, ""request_match"": ""YES"", ""status"": ""APPLIED"", ""units"": ""rad""}",0.21979470409816537,0.01662292796161605,0.08850687315204224,0.004000083625264784,0.040929330901318964,1.1887867709774381e-07,15639341.143223358,adaptive_discrete_interpolation,NOT_AVAILABLE
R1_center_old_0.0005,joint:j5:negative,JOINT_STATE,NEGATIVE,rad,AVAILABLE,FIRST_FAILURE_OBSERVED,0.02666755566136625,0.026667114503437065,0.026667996819295436,-0.02666755566136625,LOCAL_BRACKET_REFINED,LOCAL_MONOTONIC_AT_COARSE_SAMPLING_RESOLUTION,"[{""first_magnitude"": 0.05782345209427116, ""last_magnitude"": 3.700700934033354, ""sample_count"": 64}]",TERMINAL_POSITION_ERROR,"[""TERMINAL_POSITION_ERROR""]",180,,"{""max_abs_error_from_request"": 1.1102230246251565e-16, ""maximum_signed_value"": -0.026667996819295325, ""minimum_signed_value"": -0.026667996819295547, ""request_match"": ""YES"", ""status"": ""APPLIED"", ""units"": ""rad""}",0.21979470409816537,0.01662358554692446,0.08850687315204224,0.004000080987666369,0.03547447302462617,1.1991851058259818e-07,15495174.91340664,adaptive_discrete_interpolation,NOT_AVAILABLE
R1_center_old_0.0005,joint:j6:positive,JOINT_STATE,POSITIVE,rad,AVAILABLE,FIRST_FAILURE_OBSERVED,2.811699405860896,2.81169906544303,2.8116997462787623,2.811699405860896,LOCAL_BRACKET_REFINED,LOCAL_MONOTONIC_AT_COARSE_SAMPLING_RESOLUTION,"[{""first_magnitude"": 2.8556320335495102, ""last_magnitude"": 2.8556320335495102, ""sample_count"": 1}]",JOINT_LIMIT_FAILURE,"[""JOINT_LIMIT_FAILURE""]",0,,"{""max_abs_error_from_request"": 0.0, ""maximum_signed_value"": 2.8116997462787623, ""minimum_signed_value"": 2.8116997462787623, ""request_match"": ""YES"", ""status"": ""APPLIED"", ""units"": ""rad""}",,,,,,,,adaptive_discrete_interpolation,NOT_AVAILABLE
R1_center_old_0.0005,joint:j6:negative,JOINT_STATE,NEGATIVE,rad,AVAILABLE,FIRST_FAILURE_OBSERVED,3.177059430724879,3.177059046072171,3.1770598153775875,-3.177059430724879,LOCAL_BRACKET_REFINED,LOCAL_MONOTONIC_AT_COARSE_SAMPLING_RESOLUTION,"[{""first_magnitude"": 3.226700785993403, ""last_magnitude"": 3.226700785993403, ""sample_count"": 1}]",JOINT_LIMIT_FAILURE,"[""JOINT_LIMIT_FAILURE""]",180,,"{""max_abs_error_from_request"": 0.0, ""maximum_signed_value"": -3.1770598153775875, ""minimum_signed_value"": -3.1770598153775875, ""request_match"": ""YES"", ""status"": ""APPLIED"", ""units"": ""rad""}",,,,,,,,adaptive_discrete_interpolation,NOT_AVAILABLE
R1_center_old_0.001,joint:j1:positive,JOINT_STATE,POSITIVE,rad,AVAILABLE,FIRST_FAILURE_OBSERVED,0.012496560739359605,0.01249617588639113,0.012496945592328081,0.012496560739359605,LOCAL_BRACKET_REFINED,LOCAL_MONOTONIC_AT_COARSE_SAMPLING_RESOLUTION,"[{""first_magnitude"": 0.012610862070996754, ""last_magnitude"": 0.8070951725437923, ""sample_count"": 64}]",TERMINAL_POSITION_ERROR,"[""TERMINAL_POSITION_ERROR""]",180,,"{""max_abs_error_from_request"": 2.42861286636753e-17, ""maximum_signed_value"": 0.012496945592328085, ""minimum_signed_value"": 0.012496945592328057, ""request_match"": ""YES"", ""status"": ""APPLIED"", ""units"": ""rad""}",0.21979470409816537,0.016622079818704647,0.08865104882261833,0.004434265096249288,0.020631656263365477,1.1943856904113815e-07,15559753.070988704,adaptive_discrete_interpolation,NOT_AVAILABLE
R1_center_old_0.001,joint:j1:negative,JOINT_STATE,NEGATIVE,rad,AVAILABLE,FIRST_FAILURE_OBSERVED,0.012496676585991136,0.012496329195543134,0.012497023976439139,-0.012496676585991136,LOCAL_BRACKET_REFINED,LOCAL_MONOTONIC_AT_COARSE_SAMPLING_RESOLUTION,"[{""first_magnitude"": 0.0455331608005735, ""last_magnitude"": 2.914122291236704, ""sample_count"": 64}]",TERMINAL_POSITION_ERROR,"[""TERMINAL_POSITION_ERROR""]",180,,"{""max_abs_error_from_request"": 1.196959198423997e-16, ""maximum_signed_value"": -0.012497023976439037, ""minimum_signed_value"": -0.012497023976439259, ""request_match"": ""YES"", ""status"": ""APPLIED"", ""units"": ""rad""}",0.21979470409816537,0.016622079818704713,0.08844238527443816,0.004434292908757799,0.020631701732542054,1.1943856901232604e-07,15559753.074742187,adaptive_discrete_interpolation,NOT_AVAILABLE
R1_center_old_0.001,joint:j2:positive,JOINT_STATE,POSITIVE,rad,AVAILABLE,FIRST_FAILURE_OBSERVED,0.012296016449093315,0.012295671123273979,0.012296361774912652,0.012296016449093315,LOCAL_BRACKET_REFINED,LOCAL_MONOTONIC_AT_COARSE_SAMPLING_RESOLUTION,"[{""first_magnitude"": 0.04526254579199481, ""last_magnitude"": 2.896802930687668, ""sample_count"": 64}]",TCP_PATH_DEVIATION,"[""TCP_PATH_DEVIATION""]",90,,"{""max_abs_error_from_request"": 1.2663481374630692e-16, ""maximum_signed_value"": 0.012296361774912778, ""minimum_signed_value"": 0.012296361774912556, ""request_match"": ""YES"", ""status"": ""APPLIED"", ""units"": ""rad""}",0.21979470409816537,0.016622079818704706,0.08989001566804798,0.0060002927574804585,0.029853232760494963,0.00278118560926607,668.0157484142921,adaptive_discrete_interpolation,NOT_AVAILABLE
R1_center_old_0.001,joint:j2:negative,JOINT_STATE,NEGATIVE,rad,AVAILABLE,FIRST_FAILURE_OBSERVED,0.012295791447647992,0.012295381191351984,0.012296201703943998,-0.012295791447647992,LOCAL_BRACKET_REFINED,LOCAL_MONOTONIC_AT_COARSE_SAMPLING_RESOLUTION,"[{""first_magnitude"": 0.02688655661516328, ""last_magnitude"": 1.72073962337045, ""sample_count"": 64}]",TCP_PATH_DEVIATION,"[""TCP_PATH_DEVIATION""]",90,,"{""max_abs_error_from_request"": 1.43982048506075e-16, ""maximum_signed_value"": -0.012296201703943854, ""minimum_signed_value"": -0.012296201703944076, ""request_match"": ""YES"", ""status"": ""APPLIED"", ""units"": ""rad""}",0.21979470409816537,0.016622079818704748,0.08719537015275898,0.006000214648150972,0.029859315511718193,0.0013370553267195936,1388.4857270001892,adaptive_discrete_interpolation,NOT_AVAILABLE
R1_center_old_0.001,joint:j3:positive,JOINT_STATE,POSITIVE,rad,AVAILABLE,FIRST_FAILURE_OBSERVED,0.007213063101120479,0.0072126373255994875,0.007213488876641471,0.007213063101120479,LOCAL_BRACKET_REFINED,LOCAL_MONOTONIC_AT_COARSE_SAMPLING_RESOLUTION,"[{""first_magnitude"": 0.01046385920389215, ""last_magnitude"": 0.2232289963496992, ""sample_count"": 62}]",TERMINAL_POSITION_ERROR,"[""TERMINAL_POSITION_ERROR""]",180,,"{""max_abs_error_from_request"": 5.637851296924623e-17, ""maximum_signed_value"": 0.007213488876641527, ""minimum_signed_value"": 0.007213488876641527, ""request_match"": ""YES"", ""status"": ""APPLIED"", ""units"": ""rad""}",0.21258121522152384,0.016622079818704647,0.08850687315204224,0.004157821315685881,0.024770597498745238,0.0011301017147294051,1643.8792532536138,adaptive_discrete_interpolation,NOT_AVAILABLE
R1_center_old_0.001,joint:j3:negative,JOINT_STATE,NEGATIVE,rad,AVAILABLE,FIRST_FAILURE_OBSERVED,0.007212695082785006,0.007212389187917422,0.0072130009776525915,-0.007212695082785006,LOCAL_BRACKET_REFINED,LOCAL_MONOTONIC_AT_COARSE_SAMPLING_RESOLUTION,"[{""first_magnitude"": 0.08018850416818325, ""last_magnitude"": 5.132064266763728, ""sample_count"": 64}]",TERMINAL_POSITION_ERROR,"[""TERMINAL_POSITION_ERROR""]",180,,"{""max_abs_error_from_request"": 1.700029006457271e-16, ""maximum_signed_value"": -0.0072130009776527615, ""minimum_signed_value"": -0.0072130009776527615, ""request_match"": ""YES"", ""status"": ""APPLIED"", ""units"": ""rad""}",0.22700770507581813,0.016622079818704665,0.08850687315204224,0.004157540094205519,0.024776360588131135,0.0011443775677591427,1624.4882958444066,adaptive_discrete_interpolation,NOT_AVAILABLE
R1_center_old_0.001,joint:j4:positive,JOINT_STATE,POSITIVE,rad,AVAILABLE,FIRST_FAILURE_OBSERVED,0.022052052860295192,0.022051733316268005,0.022052372404322382,0.022052052860295192,LOCAL_BRACKET_REFINED,LOCAL_MONOTONIC_AT_COARSE_SAMPLING_RESOLUTION,"[{""first_magnitude"": 0.041883274731631365, ""last_magnitude"": 1.3402647914122037, ""sample_count"": 63}]",TERMINAL_POSITION_ERROR,"[""TERMINAL_POSITION_ERROR""]",180,,"{""max_abs_error_from_request"": 6.938893903907228e-17, ""maximum_signed_value"": 0.02205237240432245, ""minimum_signed_value"": 0.02205237240432234, ""request_match"": ""YES"", ""status"": ""APPLIED"", ""units"": ""rad""}",0.21979470409816537,0.016622910896352795,0.08850687315204224,0.004000088248259419,0.03960881058898296,5.0451256907018795e-06,368296.2429405515,adaptive_discrete_interpolation,NOT_AVAILABLE
R1_center_old_0.001,joint:j4:negative,JOINT_STATE,NEGATIVE,rad,AVAILABLE,FIRST_FAILURE_OBSERVED,0.02205220584742009,0.022051804628311827,0.022052607066528354,-0.02205220584742009,LOCAL_BRACKET_REFINED,LOCAL_MONOTONIC_AT_COARSE_SAMPLING_RESOLUTION,"[{""first_magnitude"": 0.05258859095815451, ""last_magnitude"": 3.3656698213218887, ""sample_count"": 64}]",TERMINAL_POSITION_ERROR,"[""TERMINAL_POSITION_ERROR""]",180,,"{""max_abs_error_from_request"": 4.163336342344337e-17, ""maximum_signed_value"": -0.02205260706652834, ""minimum_signed_value"": -0.022052607066528396, ""request_match"": ""YES"", ""status"": ""APPLIED"", ""units"": ""rad""}",0.21979470409816537,0.016622352370762226,0.08850687315204224,0.004000130812001581,0.0396152706279424,1.1511602955993831e-05,161483.6593502212,adaptive_discrete_interpolation,NOT_AVAILABLE
R1_center_old_0.001,joint:j5:positive,JOINT_STATE,POSITIVE,rad,AVAILABLE,FIRST_FAILURE_OBSERVED,0.026667658537138726,0.026667302669429356,0.0266680144048481,0.026667658537138726,LOCAL_BRACKET_REFINED,LOCAL_MONOTONIC_AT_COARSE_SAMPLING_RESOLUTION,"[{""first_magnitude"": 0.046644292402682884, ""last_magnitude"": 1.4926173568858523, ""sample_count"": 63}]",TERMINAL_POSITION_ERROR,"[""TERMINAL_POSITION_ERROR""]",180,,"{""max_abs_error_from_request"": 1.734723475976807e-17, ""maximum_signed_value"": 0.026668014404848117, ""minimum_signed_value"": 0.026668014404848117, ""request_match"": ""YES"", ""status"": ""APPLIED"", ""units"": ""rad""}",0.21979470409816537,0.01662292796161605,0.08850687315204224,0.004000083625264784,0.04092933090131893,1.1887867707943954e-07,15639341.145631427,adaptive_discrete_interpolation,NOT_AVAILABLE
R1_center_old_0.001,joint:j5:negative,JOINT_STATE,NEGATIVE,rad,AVAILABLE,FIRST_FAILURE_OBSERVED,0.02666755566136625,0.026667114503437065,0.026667996819295436,-0.02666755566136625,LOCAL_BRACKET_REFINED,LOCAL_MONOTONIC_AT_COARSE_SAMPLING_RESOLUTION,"[{""first_magnitude"": 0.05782345209427116, ""last_magnitude"": 3.700700934033354, ""sample_count"": 64}]",TERMINAL_POSITION_ERROR,"[""TERMINAL_POSITION_ERROR""]",180,,"{""max_abs_error_from_request"": 1.1102230246251565e-16, ""maximum_signed_value"": -0.026667996819295325, ""minimum_signed_value"": -0.026667996819295547, ""request_match"": ""YES"", ""status"": ""APPLIED"", ""units"": ""rad""}",0.21979470409816537,0.01662358554692446,0.08850687315204224,0.004000080987666369,0.03547447302462617,1.1991851056412005e-07,15495174.915794272,adaptive_discrete_interpolation,NOT_AVAILABLE
R1_center_old_0.001,joint:j6:positive,JOINT_STATE,POSITIVE,rad,AVAILABLE,FIRST_FAILURE_OBSERVED,2.811699405860896,2.81169906544303,2.8116997462787623,2.811699405860896,LOCAL_BRACKET_REFINED,LOCAL_MONOTONIC_AT_COARSE_SAMPLING_RESOLUTION,"[{""first_magnitude"": 2.8556320335495102, ""last_magnitude"": 2.8556320335495102, ""sample_count"": 1}]",JOINT_LIMIT_FAILURE,"[""JOINT_LIMIT_FAILURE""]",0,,"{""max_abs_error_from_request"": 0.0, ""maximum_signed_value"": 2.8116997462787623, ""minimum_signed_value"": 2.8116997462787623, ""request_match"": ""YES"", ""status"": ""APPLIED"", ""units"": ""rad""}",,,,,,,,adaptive_discrete_interpolation,NOT_AVAILABLE
R1_center_old_0.001,joint:j6:negative,JOINT_STATE,NEGATIVE,rad,AVAILABLE,FIRST_FAILURE_OBSERVED,3.116415739809421,3.1164153624989614,3.116416117119881,-3.116415739809421,LOCAL_BRACKET_REFINED,LOCAL_MONOTONIC_AT_COARSE_SAMPLING_RESOLUTION,"[{""first_magnitude"": 3.165109541193238, ""last_magnitude"": 3.165109541193238, ""sample_count"": 1}]",JOINT_LIMIT_FAILURE,"[""JOINT_LIMIT_FAILURE""]",180,,"{""max_abs_error_from_request"": 0.0, ""maximum_signed_value"": -3.116416117119881, ""minimum_signed_value"": -3.116416117119881, ""request_match"": ""YES"", ""status"": ""APPLIED"", ""units"": ""rad""}",,,,,,,,adaptive_discrete_interpolation,NOT_AVAILABLE
R2_center_wp0_0.00025,joint:j1:positive,JOINT_STATE,POSITIVE,rad,AVAILABLE,FIRST_FAILURE_OBSERVED,0.012496560739359605,0.01249617588639113,0.012496945592328081,0.012496560739359605,LOCAL_BRACKET_REFINED,LOCAL_MONOTONIC_AT_COARSE_SAMPLING_RESOLUTION,"[{""first_magnitude"": 0.012610862070996754, ""last_magnitude"": 0.8070951725437923, ""sample_count"": 64}]",TERMINAL_POSITION_ERROR,"[""TERMINAL_POSITION_ERROR""]",180,,"{""max_abs_error_from_request"": 2.42861286636753e-17, ""maximum_signed_value"": 0.012496945592328085, ""minimum_signed_value"": 0.012496945592328057, ""request_match"": ""YES"", ""status"": ""APPLIED"", ""units"": ""rad""}",0.21979470409816537,0.01662207981870465,0.08865104882261833,0.004434148347524309,0.022351122525767406,1.1943856904622837e-07,15559753.070325581,adaptive_discrete_interpolation,NOT_AVAILABLE
R2_center_wp0_0.00025,joint:j1:negative,JOINT_STATE,NEGATIVE,rad,AVAILABLE,FIRST_FAILURE_OBSERVED,0.012496676585991136,0.012496329195543134,0.012497023976439139,-0.012496676585991136,LOCAL_BRACKET_REFINED,LOCAL_MONOTONIC_AT_COARSE_SAMPLING_RESOLUTION,"[{""first_magnitude"": 0.0455331608005735, ""last_magnitude"": 2.914122291236704, ""sample_count"": 64}]",TERMINAL_POSITION_ERROR,"[""TERMINAL_POSITION_ERROR""]",180,,"{""max_abs_error_from_request"": 1.196959198423997e-16, ""maximum_signed_value"": -0.012497023976439037, ""minimum_signed_value"": -0.012497023976439259, ""request_match"": ""YES"", ""status"": ""APPLIED"", ""units"": ""rad""}",0.21979470409816537,0.016622079818704713,0.08844238527443816,0.004434176159300563,0.022351161997798904,1.194385690198233e-07,15559753.073765507,adaptive_discrete_interpolation,NOT_AVAILABLE
R2_center_wp0_0.00025,joint:j2:positive,JOINT_STATE,POSITIVE,rad,AVAILABLE,FIRST_FAILURE_OBSERVED,0.012296016449093315,0.012295671123273979,0.012296361774912652,0.012296016449093315,LOCAL_BRACKET_REFINED,LOCAL_MONOTONIC_AT_COARSE_SAMPLING_RESOLUTION,"[{""first_magnitude"": 0.04526254579199481, ""last_magnitude"": 2.896802930687668, ""sample_count"": 64}]",TCP_PATH_DEVIATION,"[""TCP_PATH_DEVIATION""]",90,,"{""max_abs_error_from_request"": 1.2663481374630692e-16, ""maximum_signed_value"": 0.012296361774912778, ""minimum_signed_value"": 0.012296361774912556, ""request_match"": ""YES"", ""status"": ""APPLIED"", ""units"": ""rad""}",0.21979470409816537,0.016622079818704706,0.08989001566804798,0.006000292757480414,0.029853232760494796,0.0027811856092661686,668.0157484142923,adaptive_discrete_interpolation,NOT_AVAILABLE
R2_center_wp0_0.00025,joint:j2:negative,JOINT_STATE,NEGATIVE,rad,AVAILABLE,FIRST_FAILURE_OBSERVED,0.012295791447647992,0.012295381191351984,0.012296201703943998,-0.012295791447647992,LOCAL_BRACKET_REFINED,LOCAL_MONOTONIC_AT_COARSE_SAMPLING_RESOLUTION,"[{""first_magnitude"": 0.02688655661516328, ""last_magnitude"": 1.72073962337045, ""sample_count"": 64}]",TCP_PATH_DEVIATION,"[""TCP_PATH_DEVIATION""]",90,,"{""max_abs_error_from_request"": 1.43982048506075e-16, ""maximum_signed_value"": -0.012296201703943854, ""minimum_signed_value"": -0.012296201703944076, ""request_match"": ""YES"", ""status"": ""APPLIED"", ""units"": ""rad""}",0.21979470409816537,0.016622079818704755,0.08719537015275898,0.006000214648151008,0.029859315511718193,0.0013370553267195936,1388.4857270001892,adaptive_discrete_interpolation,NOT_AVAILABLE
R2_center_wp0_0.00025,joint:j3:positive,JOINT_STATE,POSITIVE,rad,AVAILABLE,FIRST_FAILURE_OBSERVED,0.007213063101120479,0.0072126373255994875,0.007213488876641471,0.007213063101120479,LOCAL_BRACKET_REFINED,LOCAL_MONOTONIC_AT_COARSE_SAMPLING_RESOLUTION,"[{""first_magnitude"": 0.01046385920389215, ""last_magnitude"": 0.2232289963496992, ""sample_count"": 62}]",TERMINAL_POSITION_ERROR,"[""TERMINAL_POSITION_ERROR""]",180,,"{""max_abs_error_from_request"": 5.637851296924623e-17, ""maximum_signed_value"": 0.007213488876641527, ""minimum_signed_value"": 0.007213488876641527, ""request_match"": ""YES"", ""status"": ""APPLIED"", ""units"": ""rad""}",0.21258121522152384,0.016622079818704658,0.08850687315204224,0.004157821315685881,0.02477059749874469,0.001130101714729293,1643.8792532537768,adaptive_discrete_interpolation,NOT_AVAILABLE
R2_center_wp0_0.00025,joint:j3:negative,JOINT_STATE,NEGATIVE,rad,AVAILABLE,FIRST_FAILURE_OBSERVED,0.007212695082785006,0.007212389187917422,0.0072130009776525915,-0.007212695082785006,LOCAL_BRACKET_REFINED,LOCAL_MONOTONIC_AT_COARSE_SAMPLING_RESOLUTION,"[{""first_magnitude"": 0.08018850416818325, ""last_magnitude"": 5.132064266763728, ""sample_count"": 64}]",TERMINAL_POSITION_ERROR,"[""TERMINAL_POSITION_ERROR""]",180,,"{""max_abs_error_from_request"": 1.700029006457271e-16, ""maximum_signed_value"": -0.0072130009776527615, ""minimum_signed_value"": -0.0072130009776527615, ""request_match"": ""YES"", ""status"": ""APPLIED"", ""units"": ""rad""}",0.22700770507581813,0.016622079818704665,0.08850687315204224,0.004157540094205519,0.02477636058813091,0.0011443775677591906,1624.4882958443388,adaptive_discrete_interpolation,NOT_AVAILABLE
R2_center_wp0_0.00025,joint:j4:positive,JOINT_STATE,POSITIVE,rad,AVAILABLE,FIRST_FAILURE_OBSERVED,0.022052052860295192,0.022051733316268005,0.022052372404322382,0.022052052860295192,LOCAL_BRACKET_REFINED,LOCAL_MONOTONIC_AT_COARSE_SAMPLING_RESOLUTION,"[{""first_magnitude"": 0.041883274731631365, ""last_magnitude"": 1.3402647914122037, ""sample_count"": 63}]",TERMINAL_POSITION_ERROR,"[""TERMINAL_POSITION_ERROR""]",180,,"{""max_abs_error_from_request"": 6.938893903907228e-17, ""maximum_signed_value"": 0.02205237240432245, ""minimum_signed_value"": 0.02205237240432234, ""request_match"": ""YES"", ""status"": ""APPLIED"", ""units"": ""rad""}",0.21979470409816537,0.016622910896352802,0.08850687315204224,0.004000088248259433,0.03960881058898296,5.045125690680381e-06,368296.24294212105,adaptive_discrete_interpolation,NOT_AVAILABLE
R2_center_wp0_0.00025,joint:j4:negative,JOINT_STATE,NEGATIVE,rad,AVAILABLE,FIRST_FAILURE_OBSERVED,0.02205220584742009,0.022051804628311827,0.022052607066528354,-0.02205220584742009,LOCAL_BRACKET_REFINED,LOCAL_MONOTONIC_AT_COARSE_SAMPLING_RESOLUTION,"[{""first_magnitude"": 0.05258859095815451, ""last_magnitude"": 3.3656698213218887, ""sample_count"": 64}]",TERMINAL_POSITION_ERROR,"[""TERMINAL_POSITION_ERROR""]",180,,"{""max_abs_error_from_request"": 4.163336342344337e-17, ""maximum_signed_value"": -0.02205260706652834, ""minimum_signed_value"": -0.022052607066528396, ""request_match"": ""YES"", ""status"": ""APPLIED"", ""units"": ""rad""}",0.21979470409816537,0.016622352370762185,0.08850687315204224,0.004000130812001516,0.039615270627942574,1.1511602955943658e-05,161483.659350925,adaptive_discrete_interpolation,NOT_AVAILABLE
R2_center_wp0_0.00025,joint:j5:positive,JOINT_STATE,POSITIVE,rad,AVAILABLE,FIRST_FAILURE_OBSERVED,0.026667658537138726,0.026667302669429356,0.0266680144048481,0.026667658537138726,LOCAL_BRACKET_REFINED,LOCAL_MONOTONIC_AT_COARSE_SAMPLING_RESOLUTION,"[{""first_magnitude"": 0.046644292402682884, ""last_magnitude"": 1.4926173568858523, ""sample_count"": 63}]",TERMINAL_POSITION_ERROR,"[""TERMINAL_POSITION_ERROR""]",180,,"{""max_abs_error_from_request"": 1.734723475976807e-17, ""maximum_signed_value"": 0.026668014404848117, ""minimum_signed_value"": 0.026668014404848117, ""request_match"": ""YES"", ""status"": ""APPLIED"", ""units"": ""rad""}",0.21979470409816537,0.01662292796161605,0.08850687315204224,0.004000083625264784,0.04092933090131896,1.1887867711017926e-07,15639341.141587395,adaptive_discrete_interpolation,NOT_AVAILABLE
R2_center_wp0_0.00025,joint:j5:negative,JOINT_STATE,NEGATIVE,rad,AVAILABLE,FIRST_FAILURE_OBSERVED,0.02666755566136625,0.026667114503437065,0.026667996819295436,-0.02666755566136625,LOCAL_BRACKET_REFINED,LOCAL_MONOTONIC_AT_COARSE_SAMPLING_RESOLUTION,"[{""first_magnitude"": 0.05782345209427116, ""last_magnitude"": 3.700700934033354, ""sample_count"": 64}]",TERMINAL_POSITION_ERROR,"[""TERMINAL_POSITION_ERROR""]",180,,"{""max_abs_error_from_request"": 1.1102230246251565e-16, ""maximum_signed_value"": -0.026667996819295325, ""minimum_signed_value"": -0.026667996819295547, ""request_match"": ""YES"", ""status"": ""APPLIED"", ""units"": ""rad""}",0.21979470409816537,0.016625146814522238,0.08850687315204224,0.004000080987666369,0.04026839311466455,1.1991851059461808e-07,15495174.911853489,adaptive_discrete_interpolation,NOT_AVAILABLE
R2_center_wp0_0.00025,joint:j6:positive,JOINT_STATE,POSITIVE,rad,AVAILABLE,FIRST_FAILURE_OBSERVED,2.8116994058732008,2.811699065455335,2.811699746291067,2.8116994058732008,LOCAL_BRACKET_REFINED,LOCAL_MONOTONIC_AT_COARSE_SAMPLING_RESOLUTION,"[{""first_magnitude"": 2.855632033562008, ""last_magnitude"": 2.855632033562008, ""sample_count"": 1}]",JOINT_LIMIT_FAILURE,"[""JOINT_LIMIT_FAILURE""]",0,,"{""max_abs_error_from_request"": 0.0, ""maximum_signed_value"": 2.811699746291067, ""minimum_signed_value"": 2.811699746291067, ""request_match"": ""YES"", ""status"": ""APPLIED"", ""units"": ""rad""}",,,,,,,,adaptive_discrete_interpolation,NOT_AVAILABLE
R2_center_wp0_0.00025,joint:j6:negative,JOINT_STATE,NEGATIVE,rad,AVAILABLE,FIRST_FAILURE_OBSERVED,3.2214125843578616,3.2214121943352314,3.221412974380492,-3.2214125843578616,LOCAL_BRACKET_REFINED,LOCAL_MONOTONIC_AT_COARSE_SAMPLING_RESOLUTION,"[{""first_magnitude"": 3.2717469548830347, ""last_magnitude"": 3.2717469548830347, ""sample_count"": 1}]",JOINT_LIMIT_FAILURE,"[""JOINT_LIMIT_FAILURE""]",180,,"{""max_abs_error_from_request"": 0.0, ""maximum_signed_value"": -3.221412974380492, ""minimum_signed_value"": -3.221412974380492, ""request_match"": ""YES"", ""status"": ""APPLIED"", ""units"": ""rad""}",,,,,,,,adaptive_discrete_interpolation,NOT_AVAILABLE
R2_center_wp0_0.0005,joint:j1:positive,JOINT_STATE,POSITIVE,rad,AVAILABLE,FIRST_FAILURE_OBSERVED,0.012496560739359605,0.01249617588639113,0.012496945592328081,0.012496560739359605,LOCAL_BRACKET_REFINED,LOCAL_MONOTONIC_AT_COARSE_SAMPLING_RESOLUTION,"[{""first_magnitude"": 0.012610862070996754, ""last_magnitude"": 0.8070951725437923, ""sample_count"": 64}]",TERMINAL_POSITION_ERROR,"[""TERMINAL_POSITION_ERROR""]",180,,"{""max_abs_error_from_request"": 2.42861286636753e-17, ""maximum_signed_value"": 0.012496945592328085, ""minimum_signed_value"": 0.012496945592328057, ""request_match"": ""YES"", ""status"": ""APPLIED"", ""units"": ""rad""}",0.21979470409816537,0.01662207981870465,0.08865104882261833,0.004434148347524309,0.02235112252576729,1.1943856904820003e-07,15559753.070068726,adaptive_discrete_interpolation,NOT_AVAILABLE
R2_center_wp0_0.0005,joint:j1:negative,JOINT_STATE,NEGATIVE,rad,AVAILABLE,FIRST_FAILURE_OBSERVED,0.012496676585991136,0.012496329195543134,0.012497023976439139,-0.012496676585991136,LOCAL_BRACKET_REFINED,LOCAL_MONOTONIC_AT_COARSE_SAMPLING_RESOLUTION,"[{""first_magnitude"": 0.0455331608005735, ""last_magnitude"": 2.914122291236704, ""sample_count"": 64}]",TERMINAL_POSITION_ERROR,"[""TERMINAL_POSITION_ERROR""]",180,,"{""max_abs_error_from_request"": 1.196959198423997e-16, ""maximum_signed_value"": -0.012497023976439037, ""minimum_signed_value"": -0.012497023976439259, ""request_match"": ""YES"", ""status"": ""APPLIED"", ""units"": ""rad""}",0.21979470409816537,0.016622079818704668,0.08844238527443816,0.004434176159300563,0.022351161997799324,1.1943856901361768e-07,15559753.074573915,adaptive_discrete_interpolation,NOT_AVAILABLE
R2_center_wp0_0.0005,joint:j2:positive,JOINT_STATE,POSITIVE,rad,AVAILABLE,FIRST_FAILURE_OBSERVED,0.012296016449093315,0.012295671123273979,0.012296361774912652,0.012296016449093315,LOCAL_BRACKET_REFINED,LOCAL_MONOTONIC_AT_COARSE_SAMPLING_RESOLUTION,"[{""first_magnitude"": 0.04526254579199481, ""last_magnitude"": 2.896802930687668, ""sample_count"": 64}]",TCP_PATH_DEVIATION,"[""TCP_PATH_DEVIATION""]",90,,"{""max_abs_error_from_request"": 1.2663481374630692e-16, ""maximum_signed_value"": 0.012296361774912778, ""minimum_signed_value"": 0.012296361774912556, ""request_match"": ""YES"", ""status"": ""APPLIED"", ""units"": ""rad""}",0.21979470409816537,0.016622079818704706,0.08989001566804798,0.00600029275748043,0.029853232760494796,0.0027811856092659873,668.0157484142944,adaptive_discrete_interpolation,NOT_AVAILABLE
R2_center_wp0_0.0005,joint:j2:negative,JOINT_STATE,NEGATIVE,rad,AVAILABLE,FIRST_FAILURE_OBSERVED,0.012295791447647992,0.012295381191351984,0.012296201703943998,-0.012295791447647992,LOCAL_BRACKET_REFINED,LOCAL_MONOTONIC_AT_COARSE_SAMPLING_RESOLUTION,"[{""first_magnitude"": 0.02688655661516328, ""last_magnitude"": 1.72073962337045, ""sample_count"": 64}]",TCP_PATH_DEVIATION,"[""TCP_PATH_DEVIATION""]",90,,"{""max_abs_error_from_request"": 1.43982048506075e-16, ""maximum_signed_value"": -0.012296201703943854, ""minimum_signed_value"": -0.012296201703944076, ""request_match"": ""YES"", ""status"": ""APPLIED"", ""units"": ""rad""}",0.21979470409816537,0.016622079818704658,0.08719537015275898,0.006000214648150987,0.029859315511718356,0.0013370553267195936,1388.4857270001892,adaptive_discrete_interpolation,NOT_AVAILABLE
R2_center_wp0_0.0005,joint:j3:positive,JOINT_STATE,POSITIVE,rad,AVAILABLE,FIRST_FAILURE_OBSERVED,0.007213063101120479,0.0072126373255994875,0.007213488876641471,0.007213063101120479,LOCAL_BRACKET_REFINED,LOCAL_MONOTONIC_AT_COARSE_SAMPLING_RESOLUTION,"[{""first_magnitude"": 0.01046385920389215, ""last_magnitude"": 0.2232289963496992, ""sample_count"": 62}]",TERMINAL_POSITION_ERROR,"[""TERMINAL_POSITION_ERROR""]",180,,"{""max_abs_error_from_request"": 5.637851296924623e-17, ""maximum_signed_value"": 0.007213488876641527, ""minimum_signed_value"": 0.007213488876641527, ""request_match"": ""YES"", ""status"": ""APPLIED"", ""units"": ""rad""}",0.21258121522152384,0.01662207981870478,0.08850687315204224,0.004157821315685881,0.024770597498745238,0.0011301017147293043,1643.87925325376,adaptive_discrete_interpolation,NOT_AVAILABLE
R2_center_wp0_0.0005,joint:j3:negative,JOINT_STATE,NEGATIVE,rad,AVAILABLE,FIRST_FAILURE_OBSERVED,0.007212695082785006,0.007212389187917422,0.0072130009776525915,-0.007212695082785006,LOCAL_BRACKET_REFINED,LOCAL_MONOTONIC_AT_COARSE_SAMPLING_RESOLUTION,"[{""first_magnitude"": 0.08018850416818325, ""last_magnitude"": 5.132064266763728, ""sample_count"": 64}]",TERMINAL_POSITION_ERROR,"[""TERMINAL_POSITION_ERROR""]",180,,"{""max_abs_error_from_request"": 1.700029006457271e-16, ""maximum_signed_value"": -0.0072130009776527615, ""minimum_signed_value"": -0.0072130009776527615, ""request_match"": ""YES"", ""status"": ""APPLIED"", ""units"": ""rad""}",0.22700770507581813,0.016622079818704665,0.08850687315204224,0.004157540094205519,0.02477636058813102,0.0011443775677591863,1624.488295844345,adaptive_discrete_interpolation,NOT_AVAILABLE
R2_center_wp0_0.0005,joint:j4:positive,JOINT_STATE,POSITIVE,rad,AVAILABLE,FIRST_FAILURE_OBSERVED,0.022052052860295192,0.022051733316268005,0.022052372404322382,0.022052052860295192,LOCAL_BRACKET_REFINED,LOCAL_MONOTONIC_AT_COARSE_SAMPLING_RESOLUTION,"[{""first_magnitude"": 0.041883274731631365, ""last_magnitude"": 1.3402647914122037, ""sample_count"": 63}]",TERMINAL_POSITION_ERROR,"[""TERMINAL_POSITION_ERROR""]",180,,"{""max_abs_error_from_request"": 6.938893903907228e-17, ""maximum_signed_value"": 0.02205237240432245, ""minimum_signed_value"": 0.02205237240432234, ""request_match"": ""YES"", ""status"": ""APPLIED"", ""units"": ""rad""}",0.21979470409816537,0.016622910896352847,0.08850687315204224,0.004000088248259433,0.0396088105889829,5.045125690709589e-06,368296.2429399885,adaptive_discrete_interpolation,NOT_AVAILABLE
R2_center_wp0_0.0005,joint:j4:negative,JOINT_STATE,NEGATIVE,rad,AVAILABLE,FIRST_FAILURE_OBSERVED,0.02205220584742009,0.022051804628311827,0.022052607066528354,-0.02205220584742009,LOCAL_BRACKET_REFINED,LOCAL_MONOTONIC_AT_COARSE_SAMPLING_RESOLUTION,"[{""first_magnitude"": 0.05258859095815451, ""last_magnitude"": 3.3656698213218887, ""sample_count"": 64}]",TERMINAL_POSITION_ERROR,"[""TERMINAL_POSITION_ERROR""]",180,,"{""max_abs_error_from_request"": 4.163336342344337e-17, ""maximum_signed_value"": -0.02205260706652834, ""minimum_signed_value"": -0.022052607066528396, ""request_match"": ""YES"", ""status"": ""APPLIED"", ""units"": ""rad""}",0.21979470409816537,0.01662235237076223,0.08850687315204224,0.004000130812001516,0.03961527062794257,1.1511602955932411e-05,161483.65935108275,adaptive_discrete_interpolation,NOT_AVAILABLE
R2_center_wp0_0.0005,joint:j5:positive,JOINT_STATE,POSITIVE,rad,AVAILABLE,FIRST_FAILURE_OBSERVED,0.026667658537138726,0.026667302669429356,0.0266680144048481,0.026667658537138726,LOCAL_BRACKET_REFINED,LOCAL_MONOTONIC_AT_COARSE_SAMPLING_RESOLUTION,"[{""first_magnitude"": 0.04664429240268289, ""last_magnitude"": 1.4926173568858525, ""sample_count"": 63}]",TERMINAL_POSITION_ERROR,"[""TERMINAL_POSITION_ERROR""]",180,,"{""max_abs_error_from_request"": 1.734723475976807e-17, ""maximum_signed_value"": 0.026668014404848117, ""minimum_signed_value"": 0.026668014404848117, ""request_match"": ""YES"", ""status"": ""APPLIED"", ""units"": ""rad""}",0.21979470409816537,0.01662292796161605,0.08850687315204224,0.004000083625264784,0.04092933090131871,1.1887867710571599e-07,15639341.142174572,adaptive_discrete_interpolation,NOT_AVAILABLE
R2_center_wp0_0.0005,joint:j5:negative,JOINT_STATE,NEGATIVE,rad,AVAILABLE,FIRST_FAILURE_OBSERVED,0.02666755566136625,0.026667114503437065,0.026667996819295436,-0.02666755566136625,LOCAL_BRACKET_REFINED,LOCAL_MONOTONIC_AT_COARSE_SAMPLING_RESOLUTION,"[{""first_magnitude"": 0.05782345209427116, ""last_magnitude"": 3.700700934033354, ""sample_count"": 64}]",TERMINAL_POSITION_ERROR,"[""TERMINAL_POSITION_ERROR""]",180,,"{""max_abs_error_from_request"": 1.1102230246251565e-16, ""maximum_signed_value"": -0.026667996819295325, ""minimum_signed_value"": -0.026667996819295547, ""request_match"": ""YES"", ""status"": ""APPLIED"", ""units"": ""rad""}",0.21979470409816537,0.016625146814522238,0.08850687315204224,0.004000080987666369,0.040268393114664465,1.1991851058623007e-07,15495174.912937343,adaptive_discrete_interpolation,NOT_AVAILABLE
R2_center_wp0_0.0005,joint:j6:positive,JOINT_STATE,POSITIVE,rad,AVAILABLE,FIRST_FAILURE_OBSERVED,2.8116994058732008,2.811699065455335,2.811699746291067,2.8116994058732008,LOCAL_BRACKET_REFINED,LOCAL_MONOTONIC_AT_COARSE_SAMPLING_RESOLUTION,"[{""first_magnitude"": 2.855632033562008, ""last_magnitude"": 2.855632033562008, ""sample_count"": 1}]",JOINT_LIMIT_FAILURE,"[""JOINT_LIMIT_FAILURE""]",0,,"{""max_abs_error_from_request"": 0.0, ""maximum_signed_value"": 2.811699746291067, ""minimum_signed_value"": 2.811699746291067, ""request_match"": ""YES"", ""status"": ""APPLIED"", ""units"": ""rad""}",,,,,,,,adaptive_discrete_interpolation,NOT_AVAILABLE
R2_center_wp0_0.0005,joint:j6:negative,JOINT_STATE,NEGATIVE,rad,AVAILABLE,FIRST_FAILURE_OBSERVED,3.1694122410156824,3.169411857288834,3.1694126247425305,-3.1694122410156824,LOCAL_BRACKET_REFINED,LOCAL_MONOTONIC_AT_COARSE_SAMPLING_RESOLUTION,"[{""first_magnitude"": 3.2189341094223964, ""last_magnitude"": 3.2189341094223964, ""sample_count"": 1}]",JOINT_LIMIT_FAILURE,"[""JOINT_LIMIT_FAILURE""]",180,,"{""max_abs_error_from_request"": 4.440892098500626e-16, ""maximum_signed_value"": -3.16941262474253, ""minimum_signed_value"": -3.169412624742531, ""request_match"": ""YES"", ""status"": ""APPLIED"", ""units"": ""rad""}",,,,,,,,adaptive_discrete_interpolation,NOT_AVAILABLE
R2_center_wp0_0.001,joint:j1:positive,JOINT_STATE,POSITIVE,rad,AVAILABLE,FIRST_FAILURE_OBSERVED,0.012496560739359605,0.01249617588639113,0.012496945592328081,0.012496560739359605,LOCAL_BRACKET_REFINED,LOCAL_MONOTONIC_AT_COARSE_SAMPLING_RESOLUTION,"[{""first_magnitude"": 0.012610862070996754, ""last_magnitude"": 0.8070951725437923, ""sample_count"": 64}]",TERMINAL_POSITION_ERROR,"[""TERMINAL_POSITION_ERROR""]",180,,"{""max_abs_error_from_request"": 2.42861286636753e-17, ""maximum_signed_value"": 0.012496945592328085, ""minimum_signed_value"": 0.012496945592328057, ""request_match"": ""YES"", ""status"": ""APPLIED"", ""units"": ""rad""}",0.21979470409816537,0.016622079818704703,0.08865104882261833,0.004434148347524309,0.022351122525767552,1.1943856904428782e-07,15559753.070578381,adaptive_discrete_interpolation,NOT_AVAILABLE
R2_center_wp0_0.001,joint:j1:negative,JOINT_STATE,NEGATIVE,rad,AVAILABLE,FIRST_FAILURE_OBSERVED,0.012496676585991136,0.012496329195543134,0.012497023976439139,-0.012496676585991136,LOCAL_BRACKET_REFINED,LOCAL_MONOTONIC_AT_COARSE_SAMPLING_RESOLUTION,"[{""first_magnitude"": 0.0455331608005735, ""last_magnitude"": 2.914122291236704, ""sample_count"": 64}]",TERMINAL_POSITION_ERROR,"[""TERMINAL_POSITION_ERROR""]",180,,"{""max_abs_error_from_request"": 1.196959198423997e-16, ""maximum_signed_value"": -0.012497023976439037, ""minimum_signed_value"": -0.012497023976439259, ""request_match"": ""YES"", ""status"": ""APPLIED"", ""units"": ""rad""}",0.21979470409816537,0.016622079818704748,0.08844238527443816,0.004434176159300563,0.022351161997799147,1.1943856901355715e-07,15559753.074581841,adaptive_discrete_interpolation,NOT_AVAILABLE
R2_center_wp0_0.001,joint:j2:positive,JOINT_STATE,POSITIVE,rad,AVAILABLE,FIRST_FAILURE_OBSERVED,0.012296016449093315,0.012295671123273979,0.012296361774912652,0.012296016449093315,LOCAL_BRACKET_REFINED,LOCAL_MONOTONIC_AT_COARSE_SAMPLING_RESOLUTION,"[{""first_magnitude"": 0.04526254579199481, ""last_magnitude"": 2.896802930687668, ""sample_count"": 64}]",TCP_PATH_DEVIATION,"[""TCP_PATH_DEVIATION""]",90,,"{""max_abs_error_from_request"": 1.2663481374630692e-16, ""maximum_signed_value"": 0.012296361774912778, ""minimum_signed_value"": 0.012296361774912556, ""request_match"": ""YES"", ""status"": ""APPLIED"", ""units"": ""rad""}",0.21979470409816537,0.016622079818704755,0.08989001566804798,0.006000292757480449,0.029853232760494963,0.00278118560926607,668.0157484142934,adaptive_discrete_interpolation,NOT_AVAILABLE
R2_center_wp0_0.001,joint:j2:negative,JOINT_STATE,NEGATIVE,rad,AVAILABLE,FIRST_FAILURE_OBSERVED,0.012295791447647992,0.012295381191351984,0.012296201703943998,-0.012295791447647992,LOCAL_BRACKET_REFINED,LOCAL_MONOTONIC_AT_COARSE_SAMPLING_RESOLUTION,"[{""first_magnitude"": 0.02688655661516328, ""last_magnitude"": 1.72073962337045, ""sample_count"": 64}]",TCP_PATH_DEVIATION,"[""TCP_PATH_DEVIATION""]",90,,"{""max_abs_error_from_request"": 1.43982048506075e-16, ""maximum_signed_value"": -0.012296201703943854, ""minimum_signed_value"": -0.012296201703944076, ""request_match"": ""YES"", ""status"": ""APPLIED"", ""units"": ""rad""}",0.21979470409816537,0.01662207981870465,0.08719537015275898,0.00600021464815098,0.029859315511718193,0.0013370553267195936,1388.4857270001892,adaptive_discrete_interpolation,NOT_AVAILABLE
R2_center_wp0_0.001,joint:j3:positive,JOINT_STATE,POSITIVE,rad,AVAILABLE,FIRST_FAILURE_OBSERVED,0.007213063101120479,0.0072126373255994875,0.007213488876641471,0.007213063101120479,LOCAL_BRACKET_REFINED,LOCAL_MONOTONIC_AT_COARSE_SAMPLING_RESOLUTION,"[{""first_magnitude"": 0.01046385920389215, ""last_magnitude"": 0.2232289963496992, ""sample_count"": 62}]",TERMINAL_POSITION_ERROR,"[""TERMINAL_POSITION_ERROR""]",180,,"{""max_abs_error_from_request"": 5.637851296924623e-17, ""maximum_signed_value"": 0.007213488876641527, ""minimum_signed_value"": 0.007213488876641527, ""request_match"": ""YES"", ""status"": ""APPLIED"", ""units"": ""rad""}",0.21258121522152384,0.016622079818704692,0.08850687315204224,0.004157821315685881,0.024770597498745238,0.0011301017147293997,1643.8792532536222,adaptive_discrete_interpolation,NOT_AVAILABLE
R2_center_wp0_0.001,joint:j3:negative,JOINT_STATE,NEGATIVE,rad,AVAILABLE,FIRST_FAILURE_OBSERVED,0.007212695082785006,0.007212389187917422,0.0072130009776525915,-0.007212695082785006,LOCAL_BRACKET_REFINED,LOCAL_MONOTONIC_AT_COARSE_SAMPLING_RESOLUTION,"[{""first_magnitude"": 0.08018850416818325, ""last_magnitude"": 5.132064266763728, ""sample_count"": 64}]",TERMINAL_POSITION_ERROR,"[""TERMINAL_POSITION_ERROR""]",180,,"{""max_abs_error_from_request"": 1.700029006457271e-16, ""maximum_signed_value"": -0.0072130009776527615, ""minimum_signed_value"": -0.0072130009776527615, ""request_match"": ""YES"", ""status"": ""APPLIED"", ""units"": ""rad""}",0.22700770507581813,0.016622079818704713,0.08850687315204224,0.004157540094205519,0.02477636058813091,0.0011443775677591448,1624.4882958444023,adaptive_discrete_interpolation,NOT_AVAILABLE
R2_center_wp0_0.001,joint:j4:positive,JOINT_STATE,POSITIVE,rad,AVAILABLE,FIRST_FAILURE_OBSERVED,0.022052052860295192,0.022051733316268005,0.022052372404322382,0.022052052860295192,LOCAL_BRACKET_REFINED,LOCAL_MONOTONIC_AT_COARSE_SAMPLING_RESOLUTION,"[{""first_magnitude"": 0.041883274731631365, ""last_magnitude"": 1.3402647914122037, ""sample_count"": 63}]",TERMINAL_POSITION_ERROR,"[""TERMINAL_POSITION_ERROR""]",180,,"{""max_abs_error_from_request"": 6.938893903907228e-17, ""maximum_signed_value"": 0.02205237240432245, ""minimum_signed_value"": 0.02205237240432234, ""request_match"": ""YES"", ""status"": ""APPLIED"", ""units"": ""rad""}",0.21979470409816537,0.016622910896352743,0.08850687315204224,0.0040000882482594405,0.0396088105889829,5.045125690708135e-06,368296.24294009496,adaptive_discrete_interpolation,NOT_AVAILABLE
R2_center_wp0_0.001,joint:j4:negative,JOINT_STATE,NEGATIVE,rad,AVAILABLE,FIRST_FAILURE_OBSERVED,0.02205220584742009,0.022051804628311827,0.022052607066528354,-0.02205220584742009,LOCAL_BRACKET_REFINED,LOCAL_MONOTONIC_AT_COARSE_SAMPLING_RESOLUTION,"[{""first_magnitude"": 0.05258859095815451, ""last_magnitude"": 3.3656698213218887, ""sample_count"": 64}]",TERMINAL_POSITION_ERROR,"[""TERMINAL_POSITION_ERROR""]",180,,"{""max_abs_error_from_request"": 4.163336342344337e-17, ""maximum_signed_value"": -0.02205260706652834, ""minimum_signed_value"": -0.022052607066528396, ""request_match"": ""YES"", ""status"": ""APPLIED"", ""units"": ""rad""}",0.21979470409816537,0.016622352370762185,0.08850687315204224,0.004000130812001503,0.03961527062794262,1.1511602955896051e-05,161483.65935159285,adaptive_discrete_interpolation,NOT_AVAILABLE
R2_center_wp0_0.001,joint:j5:positive,JOINT_STATE,POSITIVE,rad,AVAILABLE,FIRST_FAILURE_OBSERVED,0.026667658537138726,0.026667302669429356,0.0266680144048481,0.026667658537138726,LOCAL_BRACKET_REFINED,LOCAL_MONOTONIC_AT_COARSE_SAMPLING_RESOLUTION,"[{""first_magnitude"": 0.04664429240268289, ""last_magnitude"": 1.4926173568858525, ""sample_count"": 63}]",TERMINAL_POSITION_ERROR,"[""TERMINAL_POSITION_ERROR""]",180,,"{""max_abs_error_from_request"": 1.734723475976807e-17, ""maximum_signed_value"": 0.026668014404848117, ""minimum_signed_value"": 0.026668014404848117, ""request_match"": ""YES"", ""status"": ""APPLIED"", ""units"": ""rad""}",0.21979470409816537,0.01662292796161605,0.08850687315204224,0.004000083625264784,0.04092933090131875,1.188786770921735e-07,15639341.143956179,adaptive_discrete_interpolation,NOT_AVAILABLE
R2_center_wp0_0.001,joint:j5:negative,JOINT_STATE,NEGATIVE,rad,AVAILABLE,FIRST_FAILURE_OBSERVED,0.02666755566136625,0.026667114503437065,0.026667996819295436,-0.02666755566136625,LOCAL_BRACKET_REFINED,LOCAL_MONOTONIC_AT_COARSE_SAMPLING_RESOLUTION,"[{""first_magnitude"": 0.05782345209427116, ""last_magnitude"": 3.700700934033354, ""sample_count"": 64}]",TERMINAL_POSITION_ERROR,"[""TERMINAL_POSITION_ERROR""]",180,,"{""max_abs_error_from_request"": 1.1102230246251565e-16, ""maximum_signed_value"": -0.026667996819295325, ""minimum_signed_value"": -0.026667996819295547, ""request_match"": ""YES"", ""status"": ""APPLIED"", ""units"": ""rad""}",0.21979470409816537,0.016625146814522238,0.08850687315204224,0.004000080987666369,0.040268393114664375,1.1991851057885363e-07,15495174.91389048,adaptive_discrete_interpolation,NOT_AVAILABLE
R2_center_wp0_0.001,joint:j6:positive,JOINT_STATE,POSITIVE,rad,AVAILABLE,FIRST_FAILURE_OBSERVED,2.8116994058732008,2.811699065455335,2.811699746291067,2.8116994058732008,LOCAL_BRACKET_REFINED,LOCAL_MONOTONIC_AT_COARSE_SAMPLING_RESOLUTION,"[{""first_magnitude"": 2.855632033562008, ""last_magnitude"": 2.855632033562008, ""sample_count"": 1}]",JOINT_LIMIT_FAILURE,"[""JOINT_LIMIT_FAILURE""]",0,,"{""max_abs_error_from_request"": 0.0, ""maximum_signed_value"": 2.811699746291067, ""minimum_signed_value"": 2.811699746291067, ""request_match"": ""YES"", ""status"": ""APPLIED"", ""units"": ""rad""}",,,,,,,,adaptive_discrete_interpolation,NOT_AVAILABLE
R2_center_wp0_0.001,joint:j6:negative,JOINT_STATE,NEGATIVE,rad,AVAILABLE,FIRST_FAILURE_OBSERVED,3.1089177170165203,3.1089173406138606,3.10891809341918,-3.1089177170165203,LOCAL_BRACKET_REFINED,LOCAL_MONOTONIC_AT_COARSE_SAMPLING_RESOLUTION,"[{""first_magnitude"": 3.1574943622622818, ""last_magnitude"": 3.1574943622622818, ""sample_count"": 1}]",JOINT_LIMIT_FAILURE,"[""JOINT_LIMIT_FAILURE""]",180,,"{""max_abs_error_from_request"": 0.0, ""maximum_signed_value"": -3.10891809341918, ""minimum_signed_value"": -3.10891809341918, ""request_match"": ""YES"", ""status"": ""APPLIED"", ""units"": ""rad""}",,,,,,,,adaptive_discrete_interpolation,NOT_AVAILABLE
R3_barrier_wp0_0.00025,joint:j1:positive,JOINT_STATE,POSITIVE,rad,AVAILABLE,FIRST_FAILURE_OBSERVED,0.012496560739359605,0.01249617588639113,0.012496945592328081,0.012496560739359605,LOCAL_BRACKET_REFINED,LOCAL_MONOTONIC_AT_COARSE_SAMPLING_RESOLUTION,"[{""first_magnitude"": 0.012610862070996754, ""last_magnitude"": 0.8070951725437923, ""sample_count"": 64}]",TERMINAL_POSITION_ERROR,"[""TERMINAL_POSITION_ERROR""]",180,,"{""max_abs_error_from_request"": 2.42861286636753e-17, ""maximum_signed_value"": 0.012496945592328085, ""minimum_signed_value"": 0.012496945592328057, ""request_match"": ""YES"", ""status"": ""APPLIED"", ""units"": ""rad""}",0.21979470409833235,0.016622079818704696,0.08865104882261833,0.004434148347524309,0.022351122525767347,1.194385689246283e-07,15559753.086166924,adaptive_discrete_interpolation,NOT_AVAILABLE
R3_barrier_wp0_0.00025,joint:j1:negative,JOINT_STATE,NEGATIVE,rad,AVAILABLE,FIRST_FAILURE_OBSERVED,0.012496676585991136,0.012496329195543134,0.012497023976439139,-0.012496676585991136,LOCAL_BRACKET_REFINED,LOCAL_MONOTONIC_AT_COARSE_SAMPLING_RESOLUTION,"[{""first_magnitude"": 0.0455331608005735, ""last_magnitude"": 2.914122291236704, ""sample_count"": 64}]",TERMINAL_POSITION_ERROR,"[""TERMINAL_POSITION_ERROR""]",180,,"{""max_abs_error_from_request"": 1.196959198423997e-16, ""maximum_signed_value"": -0.012497023976439037, ""minimum_signed_value"": -0.012497023976439259, ""request_match"": ""YES"", ""status"": ""APPLIED"", ""units"": ""rad""}",0.21979470409833235,0.016622079818704782,0.08844238527443816,0.004434176159300563,0.02235116199779942,1.194385689489595e-07,15559753.082997229,adaptive_discrete_interpolation,NOT_AVAILABLE
R3_barrier_wp0_0.00025,joint:j2:positive,JOINT_STATE,POSITIVE,rad,AVAILABLE,FIRST_FAILURE_OBSERVED,0.012296016449093315,0.012295671123273979,0.012296361774912652,0.012296016449093315,LOCAL_BRACKET_REFINED,LOCAL_MONOTONIC_AT_COARSE_SAMPLING_RESOLUTION,"[{""first_magnitude"": 0.04526254579199481, ""last_magnitude"": 2.896802930687668, ""sample_count"": 64}]",TCP_PATH_DEVIATION,"[""TCP_PATH_DEVIATION""]",90,,"{""max_abs_error_from_request"": 1.2663481374630692e-16, ""maximum_signed_value"": 0.012296361774912778, ""minimum_signed_value"": 0.012296361774912556, ""request_match"": ""YES"", ""status"": ""APPLIED"", ""units"": ""rad""}",0.21979470409833235,0.01662207981870475,0.08989001566804798,0.006000292757480428,0.029853232760494907,0.0027811856092661786,668.0157484142941,adaptive_discrete_interpolation,NOT_AVAILABLE
R3_barrier_wp0_0.00025,joint:j2:negative,JOINT_STATE,NEGATIVE,rad,AVAILABLE,FIRST_FAILURE_OBSERVED,0.012295791447647995,0.012295381191351987,0.012296201703944002,-0.012295791447647995,LOCAL_BRACKET_REFINED,LOCAL_MONOTONIC_AT_COARSE_SAMPLING_RESOLUTION,"[{""first_magnitude"": 0.026886556615163287, ""last_magnitude"": 1.7207396233704504, ""sample_count"": 64}]",TCP_PATH_DEVIATION,"[""TCP_PATH_DEVIATION""]",90,,"{""max_abs_error_from_request"": 1.474514954580286e-16, ""maximum_signed_value"": -0.012296201703943854, ""minimum_signed_value"": -0.012296201703944076, ""request_match"": ""YES"", ""status"": ""APPLIED"", ""units"": ""rad""}",0.21979470409833235,0.016622079818704755,0.08719537015275898,0.00600021464815106,0.029859315511718297,0.0013370553267195936,1388.4857270001892,adaptive_discrete_interpolation,NOT_AVAILABLE
R3_barrier_wp0_0.00025,joint:j3:positive,JOINT_STATE,POSITIVE,rad,AVAILABLE,FIRST_FAILURE_OBSERVED,0.007213063101125958,0.007212637325604966,0.00721348887664695,0.007213063101125958,LOCAL_BRACKET_REFINED,LOCAL_MONOTONIC_AT_COARSE_SAMPLING_RESOLUTION,"[{""first_magnitude"": 0.010463859203900099, ""last_magnitude"": 0.22322899634986879, ""sample_count"": 62}]",TERMINAL_POSITION_ERROR,"[""TERMINAL_POSITION_ERROR""]",180,,"{""max_abs_error_from_request"": 9.367506770274758e-17, ""maximum_signed_value"": 0.007213488876646856, ""minimum_signed_value"": 0.007213488876646856, ""request_match"": ""YES"", ""status"": ""APPLIED"", ""units"": ""rad""}",0.2125812152216855,0.016622079818704706,0.08850687315204224,0.004157821315688756,0.02477059749875029,0.0011301017147301216,1643.8792532525727,adaptive_discrete_interpolation,NOT_AVAILABLE
R3_barrier_wp0_0.00025,joint:j3:negative,JOINT_STATE,NEGATIVE,rad,AVAILABLE,FIRST_FAILURE_OBSERVED,0.0072126950827848275,0.007212389187917243,0.007213000977652413,-0.0072126950827848275,LOCAL_BRACKET_REFINED,LOCAL_MONOTONIC_AT_COARSE_SAMPLING_RESOLUTION,"[{""first_magnitude"": 0.08018850416818127, ""last_magnitude"": 5.132064266763601, ""sample_count"": 64}]",TERMINAL_POSITION_ERROR,"[""TERMINAL_POSITION_ERROR""]",180,,"{""max_abs_error_from_request"": 9.540979117872439e-17, ""maximum_signed_value"": -0.007213000977652317, ""minimum_signed_value"": -0.007213000977652317, ""request_match"": ""YES"", ""status"": ""APPLIED"", ""units"": ""rad""}",0.22700770507598467,0.016622079818704696,0.08850687315204224,0.004157540094205089,0.02477636058813074,0.001144377567759147,1624.4882958444002,adaptive_discrete_interpolation,NOT_AVAILABLE
R3_barrier_wp0_0.00025,joint:j4:positive,JOINT_STATE,POSITIVE,rad,AVAILABLE,FIRST_FAILURE_OBSERVED,0.022052052860295192,0.022051733316268005,0.022052372404322382,0.022052052860295192,LOCAL_BRACKET_REFINED,LOCAL_MONOTONIC_AT_COARSE_SAMPLING_RESOLUTION,"[{""first_magnitude"": 0.041883274731631365, ""last_magnitude"": 1.3402647914122037, ""sample_count"": 63}]",TERMINAL_POSITION_ERROR,"[""TERMINAL_POSITION_ERROR""]",180,,"{""max_abs_error_from_request"": 6.938893903907228e-17, ""maximum_signed_value"": 0.02205237240432245, ""minimum_signed_value"": 0.02205237240432234, ""request_match"": ""YES"", ""status"": ""APPLIED"", ""units"": ""rad""}",0.21979470409833235,0.016622910896352743,0.08850687315204224,0.004000088248259446,0.03960881058898334,5.045125690782406e-06,368296.242934673,adaptive_discrete_interpolation,NOT_AVAILABLE
R3_barrier_wp0_0.00025,joint:j4:negative,JOINT_STATE,NEGATIVE,rad,AVAILABLE,FIRST_FAILURE_OBSERVED,0.02205220584742009,0.022051804628311827,0.022052607066528354,-0.02205220584742009,LOCAL_BRACKET_REFINED,LOCAL_MONOTONIC_AT_COARSE_SAMPLING_RESOLUTION,"[{""first_magnitude"": 0.05258859095815451, ""last_magnitude"": 3.3656698213218887, ""sample_count"": 64}]",TERMINAL_POSITION_ERROR,"[""TERMINAL_POSITION_ERROR""]",180,,"{""max_abs_error_from_request"": 4.163336342344337e-17, ""maximum_signed_value"": -0.02205260706652834, ""minimum_signed_value"": -0.022052607066528396, ""request_match"": ""YES"", ""status"": ""APPLIED"", ""units"": ""rad""}",0.21979470409833235,0.01662235237076223,0.08850687315204224,0.004000130812001505,0.03961527062794252,1.1511602955948698e-05,161483.65935085434,adaptive_discrete_interpolation,NOT_AVAILABLE
R3_barrier_wp0_0.00025,joint:j5:positive,JOINT_STATE,POSITIVE,rad,AVAILABLE,FIRST_FAILURE_OBSERVED,0.026667658537138726,0.026667302669429356,0.0266680144048481,0.026667658537138726,LOCAL_BRACKET_REFINED,LOCAL_MONOTONIC_AT_COARSE_SAMPLING_RESOLUTION,"[{""first_magnitude"": 0.04664429240268289, ""last_magnitude"": 1.4926173568858525, ""sample_count"": 63}]",TERMINAL_POSITION_ERROR,"[""TERMINAL_POSITION_ERROR""]",180,,"{""max_abs_error_from_request"": 1.734723475976807e-17, ""maximum_signed_value"": 0.026668014404848117, ""minimum_signed_value"": 0.026668014404848117, ""request_match"": ""YES"", ""status"": ""APPLIED"", ""units"": ""rad""}",0.21979470409833235,0.01662292796160986,0.08850687315204224,0.004000083625264784,0.04092933090131882,1.1887867703321216e-07,15639341.151712978,adaptive_discrete_interpolation,NOT_AVAILABLE
R3_barrier_wp0_0.00025,joint:j5:negative,JOINT_STATE,NEGATIVE,rad,AVAILABLE,FIRST_FAILURE_OBSERVED,0.02666755566136625,0.026667114503437065,0.026667996819295436,-0.02666755566136625,LOCAL_BRACKET_REFINED,LOCAL_MONOTONIC_AT_COARSE_SAMPLING_RESOLUTION,"[{""first_magnitude"": 0.05782345209427116, ""last_magnitude"": 3.700700934033354, ""sample_count"": 64}]",TERMINAL_POSITION_ERROR,"[""TERMINAL_POSITION_ERROR""]",180,,"{""max_abs_error_from_request"": 1.1102230246251565e-16, ""maximum_signed_value"": -0.026667996819295325, ""minimum_signed_value"": -0.026667996819295547, ""request_match"": ""YES"", ""status"": ""APPLIED"", ""units"": ""rad""}",0.21979470409833235,0.016625146814522238,0.08850687315204224,0.004000080987666369,0.04026839311466411,1.1991851051497422e-07,15495174.922144612,adaptive_discrete_interpolation,NOT_AVAILABLE
R3_barrier_wp0_0.00025,joint:j6:positive,JOINT_STATE,POSITIVE,rad,AVAILABLE,FIRST_FAILURE_OBSERVED,2.8116994058732008,2.811699065455335,2.811699746291067,2.8116994058732008,LOCAL_BRACKET_REFINED,LOCAL_MONOTONIC_AT_COARSE_SAMPLING_RESOLUTION,"[{""first_magnitude"": 2.855632033562008, ""last_magnitude"": 2.855632033562008, ""sample_count"": 1}]",JOINT_LIMIT_FAILURE,"[""JOINT_LIMIT_FAILURE""]",0,,"{""max_abs_error_from_request"": 0.0, ""maximum_signed_value"": 2.811699746291067, ""minimum_signed_value"": 2.811699746291067, ""request_match"": ""YES"", ""status"": ""APPLIED"", ""units"": ""rad""}",,,,,,,,adaptive_discrete_interpolation,NOT_AVAILABLE
R3_barrier_wp0_0.00025,joint:j6:negative,JOINT_STATE,NEGATIVE,rad,AVAILABLE,FIRST_FAILURE_OBSERVED,3.0543131867131716,3.0543128169215876,3.0543135565047557,-3.0543131867131716,LOCAL_BRACKET_REFINED,LOCAL_MONOTONIC_AT_COARSE_SAMPLING_RESOLUTION,"[{""first_magnitude"": 3.102036639581779, ""last_magnitude"": 3.102036639581779, ""sample_count"": 1}]",JOINT_LIMIT_FAILURE,"[""JOINT_LIMIT_FAILURE""]",176,,"{""max_abs_error_from_request"": 0.0, ""maximum_signed_value"": -3.0543135565047557, ""minimum_signed_value"": -3.0543135565047557, ""request_match"": ""YES"", ""status"": ""APPLIED"", ""units"": ""rad""}",,,,,,,,adaptive_discrete_interpolation,NOT_AVAILABLE
R3_barrier_wp0_0.0005,joint:j1:positive,JOINT_STATE,POSITIVE,rad,AVAILABLE,FIRST_FAILURE_OBSERVED,0.012496560739359605,0.01249617588639113,0.012496945592328081,0.012496560739359605,LOCAL_BRACKET_REFINED,LOCAL_MONOTONIC_AT_COARSE_SAMPLING_RESOLUTION,"[{""first_magnitude"": 0.012610862070996754, ""last_magnitude"": 0.8070951725437923, ""sample_count"": 64}]",TERMINAL_POSITION_ERROR,"[""TERMINAL_POSITION_ERROR""]",180,,"{""max_abs_error_from_request"": 2.42861286636753e-17, ""maximum_signed_value"": 0.012496945592328085, ""minimum_signed_value"": 0.012496945592328057, ""request_match"": ""YES"", ""status"": ""APPLIED"", ""units"": ""rad""}",0.21979470409833235,0.016622079818704706,0.0886510488226217,0.004434148347524309,0.022351122525767347,1.194385690337289e-07,15559753.071953947,adaptive_discrete_interpolation,NOT_AVAILABLE
R3_barrier_wp0_0.0005,joint:j1:negative,JOINT_STATE,NEGATIVE,rad,AVAILABLE,FIRST_FAILURE_OBSERVED,0.012496676585991136,0.012496329195543134,0.012497023976439139,-0.012496676585991136,LOCAL_BRACKET_REFINED,LOCAL_MONOTONIC_AT_COARSE_SAMPLING_RESOLUTION,"[{""first_magnitude"": 0.0455331608005735, ""last_magnitude"": 2.914122291236704, ""sample_count"": 64}]",TERMINAL_POSITION_ERROR,"[""TERMINAL_POSITION_ERROR""]",180,,"{""max_abs_error_from_request"": 1.196959198423997e-16, ""maximum_signed_value"": -0.012497023976439037, ""minimum_signed_value"": -0.012497023976439259, ""request_match"": ""YES"", ""status"": ""APPLIED"", ""units"": ""rad""}",0.21979470409833235,0.016622079818704748,0.08844238527444065,0.004434176159300563,0.022351161997799105,1.1943856901635963e-07,15559753.074216714,adaptive_discrete_interpolation,NOT_AVAILABLE
R3_barrier_wp0_0.0005,joint:j2:positive,JOINT_STATE,POSITIVE,rad,AVAILABLE,FIRST_FAILURE_OBSERVED,0.012296016449093315,0.012295671123273979,0.012296361774912652,0.012296016449093315,LOCAL_BRACKET_REFINED,LOCAL_MONOTONIC_AT_COARSE_SAMPLING_RESOLUTION,"[{""first_magnitude"": 0.04526254579199481, ""last_magnitude"": 2.896802930687668, ""sample_count"": 64}]",TCP_PATH_DEVIATION,"[""TCP_PATH_DEVIATION""]",90,,"{""max_abs_error_from_request"": 1.2663481374630692e-16, ""maximum_signed_value"": 0.012296361774912778, ""minimum_signed_value"": 0.012296361774912556, ""request_match"": ""YES"", ""status"": ""APPLIED"", ""units"": ""rad""}",0.21979470409833235,0.01662207981870474,0.08989001566805062,0.0060002927574804585,0.029853232760493863,0.002781185609265978,668.0157484142645,adaptive_discrete_interpolation,NOT_AVAILABLE
R3_barrier_wp0_0.0005,joint:j2:negative,JOINT_STATE,NEGATIVE,rad,AVAILABLE,FIRST_FAILURE_OBSERVED,0.012295791447647992,0.012295381191351984,0.012296201703943998,-0.012295791447647992,LOCAL_BRACKET_REFINED,LOCAL_MONOTONIC_AT_COARSE_SAMPLING_RESOLUTION,"[{""first_magnitude"": 0.02688655661516328, ""last_magnitude"": 1.72073962337045, ""sample_count"": 64}]",TCP_PATH_DEVIATION,"[""TCP_PATH_DEVIATION""]",90,,"{""max_abs_error_from_request"": 1.43982048506075e-16, ""maximum_signed_value"": -0.012296201703943854, ""minimum_signed_value"": -0.012296201703944076, ""request_match"": ""YES"", ""status"": ""APPLIED"", ""units"": ""rad""}",0.21979470409833235,0.016622079818704755,0.0871953701527611,0.006000214648150972,0.02985931551171857,0.001337055326719469,1388.4857270003195,adaptive_discrete_interpolation,NOT_AVAILABLE
R3_barrier_wp0_0.0005,joint:j3:positive,JOINT_STATE,POSITIVE,rad,AVAILABLE,FIRST_FAILURE_OBSERVED,0.007213063101125958,0.007212637325604966,0.00721348887664695,0.007213063101125958,LOCAL_BRACKET_REFINED,LOCAL_MONOTONIC_AT_COARSE_SAMPLING_RESOLUTION,"[{""first_magnitude"": 0.010463859203900099, ""last_magnitude"": 0.22322899634986879, ""sample_count"": 62}]",TERMINAL_POSITION_ERROR,"[""TERMINAL_POSITION_ERROR""]",180,,"{""max_abs_error_from_request"": 9.367506770274758e-17, ""maximum_signed_value"": 0.007213488876646856, ""minimum_signed_value"": 0.007213488876646856, ""request_match"": ""YES"", ""status"": ""APPLIED"", ""units"": ""rad""}",0.2125812152216855,0.016622079818704665,0.08850687315204507,0.004157821315688756,0.02477059749874941,0.0011301017147301075,1643.8792532525927,adaptive_discrete_interpolation,NOT_AVAILABLE
R3_barrier_wp0_0.0005,joint:j3:negative,JOINT_STATE,NEGATIVE,rad,AVAILABLE,FIRST_FAILURE_OBSERVED,0.0072126950827848275,0.007212389187917243,0.007213000977652413,-0.0072126950827848275,LOCAL_BRACKET_REFINED,LOCAL_MONOTONIC_AT_COARSE_SAMPLING_RESOLUTION,"[{""first_magnitude"": 0.08018850416818127, ""last_magnitude"": 5.132064266763601, ""sample_count"": 64}]",TERMINAL_POSITION_ERROR,"[""TERMINAL_POSITION_ERROR""]",180,,"{""max_abs_error_from_request"": 9.540979117872439e-17, ""maximum_signed_value"": -0.007213000977652317, ""minimum_signed_value"": -0.007213000977652317, ""request_match"": ""YES"", ""status"": ""APPLIED"", ""units"": ""rad""}",0.22700770507598467,0.01662207981870474,0.08850687315204507,0.004157540094205089,0.024776360588130895,0.00114437756775914,1624.4882958444095,adaptive_discrete_interpolation,NOT_AVAILABLE
R3_barrier_wp0_0.0005,joint:j4:positive,JOINT_STATE,POSITIVE,rad,AVAILABLE,FIRST_FAILURE_OBSERVED,0.022052052860295192,0.022051733316268005,0.022052372404322382,0.022052052860295192,LOCAL_BRACKET_REFINED,LOCAL_MONOTONIC_AT_COARSE_SAMPLING_RESOLUTION,"[{""first_magnitude"": 0.041883274731631365, ""last_magnitude"": 1.3402647914122037, ""sample_count"": 63}]",TERMINAL_POSITION_ERROR,"[""TERMINAL_POSITION_ERROR""]",180,,"{""max_abs_error_from_request"": 6.938893903907228e-17, ""maximum_signed_value"": 0.02205237240432245, ""minimum_signed_value"": 0.02205237240432234, ""request_match"": ""YES"", ""status"": ""APPLIED"", ""units"": ""rad""}",0.21979470409833235,0.016622910896352802,0.08850687315204507,0.0040000882482594535,0.03960881058898169,5.045125690695977e-06,368296.2429409822,adaptive_discrete_interpolation,NOT_AVAILABLE
R3_barrier_wp0_0.0005,joint:j4:negative,JOINT_STATE,NEGATIVE,rad,AVAILABLE,FIRST_FAILURE_OBSERVED,0.02205220584742009,0.022051804628311827,0.022052607066528354,-0.02205220584742009,LOCAL_BRACKET_REFINED,LOCAL_MONOTONIC_AT_COARSE_SAMPLING_RESOLUTION,"[{""first_magnitude"": 0.05258859095815451, ""last_magnitude"": 3.3656698213218887, ""sample_count"": 64}]",TERMINAL_POSITION_ERROR,"[""TERMINAL_POSITION_ERROR""]",180,,"{""max_abs_error_from_request"": 4.163336342344337e-17, ""maximum_signed_value"": -0.02205260706652834, ""minimum_signed_value"": -0.022052607066528396, ""request_match"": ""YES"", ""status"": ""APPLIED"", ""units"": ""rad""}",0.21979470409833235,0.01662235237076226,0.08850687315204507,0.004000130812001501,0.039615270627943275,1.1511602955985346e-05,161483.65935034025,adaptive_discrete_interpolation,NOT_AVAILABLE
R3_barrier_wp0_0.0005,joint:j5:positive,JOINT_STATE,POSITIVE,rad,AVAILABLE,FIRST_FAILURE_OBSERVED,0.026667658537138726,0.026667302669429356,0.0266680144048481,0.026667658537138726,LOCAL_BRACKET_REFINED,LOCAL_MONOTONIC_AT_COARSE_SAMPLING_RESOLUTION,"[{""first_magnitude"": 0.046644292402682884, ""last_magnitude"": 1.4926173568858523, ""sample_count"": 63}]",TERMINAL_POSITION_ERROR,"[""TERMINAL_POSITION_ERROR""]",180,,"{""max_abs_error_from_request"": 1.734723475976807e-17, ""maximum_signed_value"": 0.026668014404848117, ""minimum_signed_value"": 0.026668014404848117, ""request_match"": ""YES"", ""status"": ""APPLIED"", ""units"": ""rad""}",0.21979470409833235,0.01662292796160986,0.08850687315204507,0.004000083625264784,0.040929330901318936,1.1887867708953395e-07,15639341.144303437,adaptive_discrete_interpolation,NOT_AVAILABLE
R3_barrier_wp0_0.0005,joint:j5:negative,JOINT_STATE,NEGATIVE,rad,AVAILABLE,FIRST_FAILURE_OBSERVED,0.02666755566136625,0.026667114503437065,0.026667996819295436,-0.02666755566136625,LOCAL_BRACKET_REFINED,LOCAL_MONOTONIC_AT_COARSE_SAMPLING_RESOLUTION,"[{""first_magnitude"": 0.05782345209427116, ""last_magnitude"": 3.700700934033354, ""sample_count"": 64}]",TERMINAL_POSITION_ERROR,"[""TERMINAL_POSITION_ERROR""]",180,,"{""max_abs_error_from_request"": 1.1102230246251565e-16, ""maximum_signed_value"": -0.026667996819295325, ""minimum_signed_value"": -0.026667996819295547, ""request_match"": ""YES"", ""status"": ""APPLIED"", ""units"": ""rad""}",0.21979470409833235,0.016625146814522238,0.08850687315204507,0.004000080987666369,0.04026839311466423,1.1991851057109203e-07,15495174.914893389,adaptive_discrete_interpolation,NOT_AVAILABLE
R3_barrier_wp0_0.0005,joint:j6:positive,JOINT_STATE,POSITIVE,rad,AVAILABLE,FIRST_FAILURE_OBSERVED,2.8116994058732008,2.811699065455335,2.811699746291067,2.8116994058732008,LOCAL_BRACKET_REFINED,LOCAL_MONOTONIC_AT_COARSE_SAMPLING_RESOLUTION,"[{""first_magnitude"": 2.855632033562008, ""last_magnitude"": 2.855632033562008, ""sample_count"": 1}]",JOINT_LIMIT_FAILURE,"[""JOINT_LIMIT_FAILURE""]",0,,"{""max_abs_error_from_request"": 0.0, ""maximum_signed_value"": 2.811699746291067, ""minimum_signed_value"": 2.811699746291067, ""request_match"": ""YES"", ""status"": ""APPLIED"", ""units"": ""rad""}",,,,,,,,adaptive_discrete_interpolation,NOT_AVAILABLE
R3_barrier_wp0_0.0005,joint:j6:negative,JOINT_STATE,NEGATIVE,rad,AVAILABLE,FIRST_FAILURE_OBSERVED,3.054301158571115,3.0543007887809877,3.054301528361243,-3.054301158571115,LOCAL_BRACKET_REFINED,LOCAL_MONOTONIC_AT_COARSE_SAMPLING_RESOLUTION,"[{""first_magnitude"": 3.102024423500754, ""last_magnitude"": 3.102024423500754, ""sample_count"": 1}]",JOINT_LIMIT_FAILURE,"[""JOINT_LIMIT_FAILURE""]",155,,"{""max_abs_error_from_request"": 4.440892098500626e-16, ""maximum_signed_value"": -3.054301528361243, ""minimum_signed_value"": -3.0543015283612434, ""request_match"": ""YES"", ""status"": ""APPLIED"", ""units"": ""rad""}",,,,,,,,adaptive_discrete_interpolation,NOT_AVAILABLE
R3_barrier_wp0_0.001,joint:j1:positive,JOINT_STATE,POSITIVE,rad,AVAILABLE,FIRST_FAILURE_OBSERVED,0.012496560739359605,0.01249617588639113,0.012496945592328081,0.012496560739359605,LOCAL_BRACKET_REFINED,LOCAL_MONOTONIC_AT_COARSE_SAMPLING_RESOLUTION,"[{""first_magnitude"": 0.012610862070996754, ""last_magnitude"": 0.8070951725437923, ""sample_count"": 64}]",TERMINAL_POSITION_ERROR,"[""TERMINAL_POSITION_ERROR""]",180,,"{""max_abs_error_from_request"": 2.42861286636753e-17, ""maximum_signed_value"": 0.012496945592328085, ""minimum_signed_value"": 0.012496945592328057, ""request_match"": ""YES"", ""status"": ""APPLIED"", ""units"": ""rad""}",0.21979470409833235,0.016622079818704696,0.08865104882262571,0.004434148347524309,0.02235112252576745,1.19438569046352e-07,15559753.07030948,adaptive_discrete_interpolation,NOT_AVAILABLE
R3_barrier_wp0_0.001,joint:j1:negative,JOINT_STATE,NEGATIVE,rad,AVAILABLE,FIRST_FAILURE_OBSERVED,0.012496676585991136,0.012496329195543134,0.012497023976439139,-0.012496676585991136,LOCAL_BRACKET_REFINED,LOCAL_MONOTONIC_AT_COARSE_SAMPLING_RESOLUTION,"[{""first_magnitude"": 0.0455331608005735, ""last_magnitude"": 2.914122291236704, ""sample_count"": 64}]",TERMINAL_POSITION_ERROR,"[""TERMINAL_POSITION_ERROR""]",180,,"{""max_abs_error_from_request"": 1.196959198423997e-16, ""maximum_signed_value"": -0.012497023976439037, ""minimum_signed_value"": -0.012497023976439259, ""request_match"": ""YES"", ""status"": ""APPLIED"", ""units"": ""rad""}",0.21979470409833235,0.016622079818704668,0.08844238527444354,0.004434176159300563,0.022351161997799063,1.1943856902639555e-07,15559753.07290931,adaptive_discrete_interpolation,NOT_AVAILABLE
R3_barrier_wp0_0.001,joint:j2:positive,JOINT_STATE,POSITIVE,rad,AVAILABLE,FIRST_FAILURE_OBSERVED,0.012296016449093315,0.012295671123273979,0.012296361774912652,0.012296016449093315,LOCAL_BRACKET_REFINED,LOCAL_MONOTONIC_AT_COARSE_SAMPLING_RESOLUTION,"[{""first_magnitude"": 0.04526254579199481, ""last_magnitude"": 2.896802930687668, ""sample_count"": 64}]",TCP_PATH_DEVIATION,"[""TCP_PATH_DEVIATION""]",90,,"{""max_abs_error_from_request"": 1.2663481374630692e-16, ""maximum_signed_value"": 0.012296361774912778, ""minimum_signed_value"": 0.012296361774912556, ""request_match"": ""YES"", ""status"": ""APPLIED"", ""units"": ""rad""}",0.21979470409833235,0.01662207981870474,0.08989001566805342,0.00600029275748045,0.029853232760493863,0.002781185609266111,668.0157484142934,adaptive_discrete_interpolation,NOT_AVAILABLE
R3_barrier_wp0_0.001,joint:j2:negative,JOINT_STATE,NEGATIVE,rad,AVAILABLE,FIRST_FAILURE_OBSERVED,0.012295791447647992,0.012295381191351984,0.012296201703943998,-0.012295791447647992,LOCAL_BRACKET_REFINED,LOCAL_MONOTONIC_AT_COARSE_SAMPLING_RESOLUTION,"[{""first_magnitude"": 0.02688655661516328, ""last_magnitude"": 1.72073962337045, ""sample_count"": 64}]",TCP_PATH_DEVIATION,"[""TCP_PATH_DEVIATION""]",90,,"{""max_abs_error_from_request"": 1.43982048506075e-16, ""maximum_signed_value"": -0.012296201703943854, ""minimum_signed_value"": -0.012296201703944076, ""request_match"": ""YES"", ""status"": ""APPLIED"", ""units"": ""rad""}",0.21979470409833235,0.016622079818704748,0.08719537015276375,0.006000214648150995,0.02985931551171879,0.0013370553267195936,1388.4857270001892,adaptive_discrete_interpolation,NOT_AVAILABLE
R3_barrier_wp0_0.001,joint:j3:positive,JOINT_STATE,POSITIVE,rad,AVAILABLE,FIRST_FAILURE_OBSERVED,0.007213063101125958,0.007212637325604966,0.00721348887664695,0.007213063101125958,LOCAL_BRACKET_REFINED,LOCAL_MONOTONIC_AT_COARSE_SAMPLING_RESOLUTION,"[{""first_magnitude"": 0.010463859203900099, ""last_magnitude"": 0.22322899634986879, ""sample_count"": 62}]",TERMINAL_POSITION_ERROR,"[""TERMINAL_POSITION_ERROR""]",180,,"{""max_abs_error_from_request"": 9.367506770274758e-17, ""maximum_signed_value"": 0.007213488876646856, ""minimum_signed_value"": 0.007213488876646856, ""request_match"": ""YES"", ""status"": ""APPLIED"", ""units"": ""rad""}",0.2125812152216855,0.016622079818704696,0.08850687315204864,0.00415782131568875,0.02477059749874941,0.0011301017147301137,1643.8792532525838,adaptive_discrete_interpolation,NOT_AVAILABLE
R3_barrier_wp0_0.001,joint:j3:negative,JOINT_STATE,NEGATIVE,rad,AVAILABLE,FIRST_FAILURE_OBSERVED,0.0072126950827848275,0.007212389187917243,0.007213000977652413,-0.0072126950827848275,LOCAL_BRACKET_REFINED,LOCAL_MONOTONIC_AT_COARSE_SAMPLING_RESOLUTION,"[{""first_magnitude"": 0.08018850416818127, ""last_magnitude"": 5.132064266763601, ""sample_count"": 64}]",TERMINAL_POSITION_ERROR,"[""TERMINAL_POSITION_ERROR""]",180,,"{""max_abs_error_from_request"": 9.540979117872439e-17, ""maximum_signed_value"": -0.007213000977652317, ""minimum_signed_value"": -0.007213000977652317, ""request_match"": ""YES"", ""status"": ""APPLIED"", ""units"": ""rad""}",0.22700770507598467,0.016622079818704793,0.08850687315204864,0.004157540094205096,0.024776360588131232,0.0011443775677591448,1624.488295844404,adaptive_discrete_interpolation,NOT_AVAILABLE
R3_barrier_wp0_0.001,joint:j4:positive,JOINT_STATE,POSITIVE,rad,AVAILABLE,FIRST_FAILURE_OBSERVED,0.022052052860295192,0.022051733316268005,0.022052372404322382,0.022052052860295192,LOCAL_BRACKET_REFINED,LOCAL_MONOTONIC_AT_COARSE_SAMPLING_RESOLUTION,"[{""first_magnitude"": 0.041883274731631365, ""last_magnitude"": 1.3402647914122037, ""sample_count"": 63}]",TERMINAL_POSITION_ERROR,"[""TERMINAL_POSITION_ERROR""]",180,,"{""max_abs_error_from_request"": 6.938893903907228e-17, ""maximum_signed_value"": 0.02205237240432245, ""minimum_signed_value"": 0.02205237240432234, ""request_match"": ""YES"", ""status"": ""APPLIED"", ""units"": ""rad""}",0.21979470409833235,0.016622910896352785,0.08850687315204864,0.004000088248259446,0.03960881058898208,5.045125690693069e-06,368296.24294119474,adaptive_discrete_interpolation,NOT_AVAILABLE
R3_barrier_wp0_0.001,joint:j4:negative,JOINT_STATE,NEGATIVE,rad,AVAILABLE,FIRST_FAILURE_OBSERVED,0.022052205847420098,0.022051804628311834,0.02205260706652836,-0.022052205847420098,LOCAL_BRACKET_REFINED,LOCAL_MONOTONIC_AT_COARSE_SAMPLING_RESOLUTION,"[{""first_magnitude"": 0.05258859095815453, ""last_magnitude"": 3.36566982132189, ""sample_count"": 64}]",TERMINAL_POSITION_ERROR,"[""TERMINAL_POSITION_ERROR""]",180,,"{""max_abs_error_from_request"": 2.0816681711721685e-17, ""maximum_signed_value"": -0.02205260706652834, ""minimum_signed_value"": -0.022052607066528368, ""request_match"": ""YES"", ""status"": ""APPLIED"", ""units"": ""rad""}",0.21979470409833235,0.016622352370762213,0.08850687315204864,0.004000130812001503,0.039615270627943275,1.1511602955928247e-05,161483.6593511412,adaptive_discrete_interpolation,NOT_AVAILABLE
R3_barrier_wp0_0.001,joint:j5:positive,JOINT_STATE,POSITIVE,rad,AVAILABLE,FIRST_FAILURE_OBSERVED,0.026667658537138726,0.026667302669429356,0.0266680144048481,0.026667658537138726,LOCAL_BRACKET_REFINED,LOCAL_MONOTONIC_AT_COARSE_SAMPLING_RESOLUTION,"[{""first_magnitude"": 0.046644292402682884, ""last_magnitude"": 1.4926173568858523, ""sample_count"": 63}]",TERMINAL_POSITION_ERROR,"[""TERMINAL_POSITION_ERROR""]",180,,"{""max_abs_error_from_request"": 1.734723475976807e-17, ""maximum_signed_value"": 0.026668014404848117, ""minimum_signed_value"": 0.026668014404848117, ""request_match"": ""YES"", ""status"": ""APPLIED"", ""units"": ""rad""}",0.21979470409833235,0.016622927961609774,0.08850687315204864,0.004000083625264785,0.04092933090131896,1.1887867709764438e-07,15639341.143236447,adaptive_discrete_interpolation,NOT_AVAILABLE
R3_barrier_wp0_0.001,joint:j5:negative,JOINT_STATE,NEGATIVE,rad,AVAILABLE,FIRST_FAILURE_OBSERVED,0.02666755566136625,0.026667114503437065,0.026667996819295436,-0.02666755566136625,LOCAL_BRACKET_REFINED,LOCAL_MONOTONIC_AT_COARSE_SAMPLING_RESOLUTION,"[{""first_magnitude"": 0.05782345209427116, ""last_magnitude"": 3.700700934033354, ""sample_count"": 64}]",TERMINAL_POSITION_ERROR,"[""TERMINAL_POSITION_ERROR""]",180,,"{""max_abs_error_from_request"": 1.1102230246251565e-16, ""maximum_signed_value"": -0.026667996819295325, ""minimum_signed_value"": -0.026667996819295547, ""request_match"": ""YES"", ""status"": ""APPLIED"", ""units"": ""rad""}",0.21979470409833235,0.016625146814522238,0.08850687315204864,0.004000080987666385,0.04026839311466423,1.1991851058427928e-07,15495174.913189407,adaptive_discrete_interpolation,NOT_AVAILABLE
R3_barrier_wp0_0.001,joint:j6:positive,JOINT_STATE,POSITIVE,rad,AVAILABLE,FIRST_FAILURE_OBSERVED,2.8116994058732008,2.811699065455335,2.811699746291067,2.8116994058732008,LOCAL_BRACKET_REFINED,LOCAL_MONOTONIC_AT_COARSE_SAMPLING_RESOLUTION,"[{""first_magnitude"": 2.855632033562008, ""last_magnitude"": 2.855632033562008, ""sample_count"": 1}]",JOINT_LIMIT_FAILURE,"[""JOINT_LIMIT_FAILURE""]",0,,"{""max_abs_error_from_request"": 0.0, ""maximum_signed_value"": 2.811699746291067, ""minimum_signed_value"": 2.811699746291067, ""request_match"": ""YES"", ""status"": ""APPLIED"", ""units"": ""rad""}",,,,,,,,adaptive_discrete_interpolation,NOT_AVAILABLE
R3_barrier_wp0_0.001,joint:j6:negative,JOINT_STATE,NEGATIVE,rad,AVAILABLE,FIRST_FAILURE_OBSERVED,3.0543002096940066,3.054299839903994,3.0543005794840195,-3.0543002096940066,LOCAL_BRACKET_REFINED,LOCAL_MONOTONIC_AT_COARSE_SAMPLING_RESOLUTION,"[{""first_magnitude"": 3.1020234597975, ""last_magnitude"": 3.1020234597975, ""sample_count"": 1}]",JOINT_LIMIT_FAILURE,"[""JOINT_LIMIT_FAILURE""]",93,,"{""max_abs_error_from_request"": 0.0, ""maximum_signed_value"": -3.0543005794840195, ""minimum_signed_value"": -3.0543005794840195, ""request_match"": ""YES"", ""status"": ""APPLIED"", ""units"": ""rad""}",,,,,,,,adaptive_discrete_interpolation,NOT_AVAILABLE
