index,upstream_source_artifact,upstream_source_row,solver_role,expected_target_index,target_solved,retained_seed,planned_trajectory_row_emitted,physical_execution,planned_process_scope,spray_command_state,pre_ruckig_source_row,post_ruckig_source_row,baseline_time_s,baseline_fk_tcp_x_m,baseline_fk_tcp_y_m,baseline_fk_tcp_z_m,intended_target_tcp_x_m,intended_target_tcp_y_m,intended_target_tcp_z_m,baseline_same_index_error_m,baseline_nearest_segment_zero_based,baseline_nearest_station_m,baseline_nearest_path_error_m,baseline_ordered_progression_status,baseline_station_delta_from_previous_m,baseline_local_tcp_distance_from_previous_m,baseline_local_delta_t_from_previous_s,baseline_local_speed_from_previous_m_s,baseline_local_speed_band_status,baseline_pre_post_q_max_abs_delta_rad,c1_solver_role,c1_expected_target_index,c1_target_solved,c1_target_attempted,c1_target_state_emitted,c1_tight_converged,c1_final_position_residual_m,c1_final_normal_residual_rad,c1_iterations_used,c1_termination_reason,c1_final_relaxed_geometry_gate,c1_seed_row_used,c1_pre_ruckig_source_row,c1_post_ruckig_source_row,c1_time_s,c1_fk_tcp_x_m,c1_fk_tcp_y_m,c1_fk_tcp_z_m,c1_same_index_error_m,c1_nearest_segment_zero_based,c1_nearest_station_m,c1_nearest_path_error_m,c1_ordered_progression_status,c1_station_delta_from_previous_m,c1_local_tcp_distance_from_previous_m,c1_local_delta_t_from_previous_s,c1_local_speed_from_previous_m_s,c1_local_speed_band_status,c1_local_dwell_from_previous,c1_pre_post_q_max_abs_delta_rad,post_ruckig_max_abs_q_delta_vs_legacy_rad,baseline_semantic_classification,c1_semantic_classification
0,D39 stable_velocity_residual_update.csv,0,RETAINED_OBSERVED_WARM_START,0,False,True,True,NOT_RUN,ON_STATE_OPEN_ARCH_SINGLE_PROCESS_SEGMENT,NOT_REPRESENTED,0,0,0.0,0.30247322635204815,-0.10006942904447232,0.07687745185957731,0.30245502058270385,-0.09999999999999999,0.07685817899468406,7.431881037093948e-05,0,2.6149186139030103e-05,6.95665554646627e-05,START,,,,,START,0.0,DLS_TARGET_SOLVED,0,True,True,True,True,8.323869276438293e-09,4.367991273711232e-06,2,TIGHT_POSITION_AND_NORMAL_TOLERANCES_MET,PASS_4MM_5DEG,0,0,0,0.0,0.30245501343868575,-0.1000000039123026,0.07685818071040357,8.323869276438293e-09,0,0.0,8.323869276438293e-09,START,,,,,START,False,0.0,0.00024552957035681167,OBSERVED_D39_ROW_EMITTED_AS_UNSOLVED_PREFIX,DLS_TARGET_STATE_SEEDED_FROM_D39_ROW0
1,D39 stable_velocity_residual_update.csv,1,RETAINED_OBSERVED_WARM_START,1,False,True,True,NOT_RUN,ON_STATE_OPEN_ARCH_SINGLE_PROCESS_SEGMENT,NOT_REPRESENTED,1,1,2.845472524,0.30914920257577394,-0.10000321465565266,0.08219698023398792,0.3056427738791737,-0.09999999999999999,0.07927250387124368,0.004565918805082092,2,0.008564624738918268,1.4375634081197083e-05,NONDECREASING,0.008538475552779238,0.008536417574790862,2.845472524,0.003000000000980808,WITHIN_CONFIGURED_BAND,0.0,DLS_TARGET_SOLVED,1,True,True,True,True,7.735522778004288e-08,1.5148314661624171e-05,3,TIGHT_POSITION_AND_NORMAL_TOLERANCES_MET,PASS_4MM_5DEG,,1,1,1.332954402,0.3056427438123273,-0.09999997696865273,0.07927257132028412,7.735522778004288e-08,1,0.003998861774610589,7.473006706317661e-08,NONDECREASING,0.003998861774610589,0.00399886320756816,1.332954402,0.0030000000011764544,WITHIN_CONFIGURED_BAND,False,0.0,0.038748147365893715,OBSERVED_D39_ROW_EMITTED_AS_UNSOLVED_PREFIX,DLS_TARGET_STATE
2,D39 stable_velocity_residual_update.csv,2,RETAINED_OBSERVED_WARM_START,2,False,True,True,NOT_RUN,ON_STATE_OPEN_ARCH_SINGLE_PROCESS_SEGMENT,NOT_REPRESENTED,2,2,5.6912399570000005,0.3152947536541867,-0.10000656333572948,0.08812300092465965,0.3087713392937247,-0.09999999999999999,0.08187214515886732,0.009034831254671942,4,0.017103758165180928,2.030905371063804e-05,NONDECREASING,0.00853913342626266,0.008537302296235493,2.8457674330000007,0.002999999999028554,WITHIN_CONFIGURED_BAND,0.0,DLS_TARGET_SOLVED,2,True,True,True,True,8.456323621986057e-08,1.6246752921967503e-05,3,TIGHT_POSITION_AND_NORMAL_TOLERANCES_MET,PASS_4MM_5DEG,,2,2,2.688852479,0.30877131394724155,-0.099999976411108,0.08187222230846801,8.456323621986057e-08,2,0.008066559363435737,7.778615423726134e-08,NONDECREASING,0.004067697588825149,0.004067694230082089,1.355898077,0.002999999999323024,WITHIN_CONFIGURED_BAND,False,0.0,0.07357922681275786,OBSERVED_D39_ROW_EMITTED_AS_UNSOLVED_PREFIX,DLS_TARGET_STATE
3,D39 stable_velocity_residual_update.csv,3,RETAINED_OBSERVED_WARM_START,3,False,True,True,NOT_RUN,ON_STATE_OPEN_ARCH_SINGLE_PROCESS_SEGMENT,NOT_REPRESENTED,3,3,8.536946297,0.3208754447148522,-0.10000990414772083,0.09458351772316496,0.3118213917465366,-0.09999999999999999,0.08464706524408949,0.013442807039979828,6,0.025642552265443628,2.3928434663868645e-05,NONDECREASING,0.0085387941002627,0.008537119021039005,2.8457063399999996,0.003000000000365114,WITHIN_CONFIGURED_BAND,0.0,DLS_TARGET_SOLVED,3,True,True,True,True,9.665474349593632e-08,1.7717836565565004e-05,3,TIGHT_POSITION_AND_NORMAL_TOLERANCES_MET,PASS_4MM_5DEG,,3,3,4.063347084,0.31182137241865027,-0.09999997624345745,0.0846471569185076,9.665474349593632e-08,3,0.012190046741148647,8.212947872834069e-08,NONDECREASING,0.00412348737771291,0.004123483814568413,1.3744946050000002,0.002999999999686003,WITHIN_CONFIGURED_BAND,False,0.0,0.11192629852921561,OBSERVED_D39_ROW_EMITTED_AS_UNSOLVED_PREFIX,DLS_TARGET_STATE
4,D39 stable_velocity_residual_update.csv,4,RETAINED_OBSERVED_WARM_START,4,False,True,True,NOT_RUN,ON_STATE_OPEN_ARCH_SINGLE_PROCESS_SEGMENT,NOT_REPRESENTED,4,4,11.382493727,0.3258505551510521,-0.10001391290195694,0.10152055755934566,0.3147739610365552,-0.09999999999999999,0.08758485873976724,0.01780154016752899,8,0.03418079368150499,2.8219554641211298e-05,NONDECREASING,0.008538241416061364,0.008536642291396179,2.84554743,0.003000000000490654,WITHIN_CONFIGURED_BAND,0.0,DLS_TARGET_SOLVED,4,True,True,True,True,1.1522199221416005e-07,1.96255855983093e-05,3,TIGHT_POSITION_AND_NORMAL_TOLERANCES_MET,PASS_4MM_5DEG,,4,4,5.451729795,0.3147739489175345,-0.09999997656100873,0.0875849708997,1.1522199221416005e-07,4,0.01635519872641598,8.800584656302105e-08,NONDECREASING,0.004165151985267334,0.0041651481330023735,1.3883827110000002,0.003000000000001709,WITHIN_CONFIGURED_BAND,False,0.0,0.15919852366987222,OBSERVED_D39_ROW_EMITTED_AS_UNSOLVED_PREFIX,DLS_TARGET_STATE
5,D39 stable_velocity_residual_update.csv,5,RETAINED_OBSERVED_WARM_START,5,False,True,True,NOT_RUN,ON_STATE_OPEN_ARCH_SINGLE_PROCESS_SEGMENT,NOT_REPRESENTED,5,5,14.227583825,0.3301670925539183,-0.10002094651393224,0.10888386485550258,0.31761094096695053,-0.09999999999999999,0.09067105100990325,0.02212157249396647,10,0.042717699023194576,3.7461310064296476e-05,NONDECREASING,0.008536905341689584,0.008535270292127715,2.845090098,0.0029999999993419245,WITHIN_CONFIGURED_BAND,0.0,DLS_TARGET_SOLVED,5,True,True,True,True,1.4189757061934336e-07,2.2034089442642596e-05,3,TIGHT_POSITION_AND_NORMAL_TOLERANCES_MET,PASS_4MM_5DEG,,5,5,6.849078762,0.3176109371736964,-0.09999997748024768,0.09067119105772553,1.4189757061934336e-07,5,0.020547249867902472,9.569131967516714e-08,NONDECREASING,0.004192051141486491,0.004192046902099772,1.397348967,0.0030000000007870415,WITHIN_CONFIGURED_BAND,False,0.0,0.2204179097532447,OBSERVED_D39_ROW_EMITTED_AS_UNSOLVED_PREFIX,DLS_TARGET_STATE
6,D39 stable_velocity_residual_update.csv,6,RETAINED_OBSERVED_WARM_START,6,False,True,True,NOT_RUN,ON_STATE_OPEN_ARCH_SINGLE_PROCESS_SEGMENT,NOT_REPRESENTED,6,6,17.071286255,0.3337301538190681,-0.10002638730149094,0.11663527481811242,0.3203155304915059,-0.09999999999999999,0.0938894567440508,0.02640691301853294,12,0.051250921760163534,4.252909934333291e-05,NONDECREASING,0.008533222736968958,0.008531107289785272,2.8437024300000004,0.0029999999999244893,WITHIN_CONFIGURED_BAND,0.0,DLS_TARGET_SOLVED,6,True,True,True,True,1.7856422191917598e-07,2.501739362206288e-05,3,TIGHT_POSITION_AND_NORMAL_TOLERANCES_MET,PASS_4MM_5DEG,,6,6,8.25039679,0.3203155360368295,-0.09999997909844699,0.09388963399403195,1.78564221919176e-07,6,0.024751208695192727,1.0557860816031637e-07,NONDECREASING,0.004203958827290254,0.00420395408451666,1.4013180279999995,0.003000000000368697,WITHIN_CONFIGURED_BAND,False,0.0,0.3096404376211293,OBSERVED_D39_ROW_EMITTED_AS_UNSOLVED_PREFIX,DLS_TARGET_STATE
7,D39 stable_velocity_residual_update.csv,7,RETAINED_OBSERVED_WARM_START,7,False,True,True,NOT_RUN,ON_STATE_OPEN_ARCH_SINGLE_PROCESS_SEGMENT,NOT_REPRESENTED,7,7,19.91500587,0.33637626300605106,-0.10001395024017096,0.1247456769491872,0.3228770925888823,-0.09999999999999999,0.09722844927663105,0.030650050821234457,15,0.05978515365182274,1.9081048409132103e-05,NONDECREASING,0.008534231891659208,0.008531158844944342,2.8437196150000013,0.0029999999999804267,WITHIN_CONFIGURED_BAND,0.0,DLS_TARGET_SOLVED,7,True,True,True,True,2.2729481391491926e-07,2.8635193509929824e-05,3,TIGHT_POSITION_AND_NORMAL_TOLERANCES_MET,PASS_4MM_5DEG,,7,7,9.653205466,0.3228771084008126,-0.09999998159999397,0.0972286752729918,2.2729481391491926e-07,7,0.028959640091790684,1.179403442070105e-07,NONDECREASING,0.004208431396597958,0.0042084260286389605,1.4028086759999994,0.0030000000004554877,WITHIN_CONFIGURED_BAND,False,0.0,0.43882335870343636,OBSERVED_D39_ROW_EMITTED_AS_UNSOLVED_PREFIX,DLS_TARGET_STATE
8,D39 stable_velocity_residual_update.csv,8,RETAINED_OBSERVED_WARM_START,8,False,True,True,NOT_RUN,ON_STATE_OPEN_ARCH_SINGLE_PROCESS_SEGMENT,NOT_REPRESENTED,8,8,22.761446329,0.33817912564882113,-0.10000854096463552,0.13309251267508954,0.32527826177455577,-0.09999999999999999,0.10066435653928024,0.03490010991413678,17,0.06832628250909144,1.0530388486318221e-05,NONDECREASING,0.008541128857268696,0.008539321378432671,2.846440459,0.00300000000050332,WITHIN_CONFIGURED_BAND,0.0,DLS_TARGET_SOLVED,8,True,True,True,True,2.9154456100105784e-07,3.303489126586863e-05,3,TIGHT_POSITION_AND_NORMAL_TOLERANCES_MET,PASS_4MM_5DEG,,8,8,11.050487052,0.3252782881786859,-0.09999998464714364,0.10066464647952023,2.9154456100105784e-07,8,0.03315149103417402,1.339158871681995e-07,NONDECREASING,0.0041918509423833385,0.0041918447559242495,1.397281586,0.0029999999985144362,WITHIN_CONFIGURED_BAND,False,0.0,0.5306918738006049,OBSERVED_D39_ROW_EMITTED_AS_UNSOLVED_PREFIX,DLS_TARGET_STATE
9,D39 stable_velocity_residual_update.csv,9,RETAINED_OBSERVED_WARM_START,9,False,True,True,NOT_RUN,ON_STATE_OPEN_ARCH_SINGLE_PROCESS_SEGMENT,NOT_REPRESENTED,9,9,25.601132925,0.33936834642610875,-0.10003030897222964,0.1415281311922359,0.3274942245646876,-0.09999999999999999,0.10415708216482117,0.03921212814963137,18,0.07684629274710282,3.839000565433589e-05,NONDECREASING,0.008520010238011383,0.00851905978791731,2.839686596,0.0029999999999708806,WITHIN_CONFIGURED_BAND,0.0,DLS_TARGET_SOLVED,9,True,True,True,True,3.7722464817836805e-07,3.845964112573367e-05,3,TIGHT_POSITION_AND_NORMAL_TOLERANCES_MET,PASS_4MM_5DEG,,9,9,12.429305568,0.3274942611852002,-0.0999999875439823,0.10415745740104126,3.7722464817836805e-07,9,0.03728795387293208,1.5533868715776104e-07,NONDECREASING,0.0041364628387580565,0.004136455547821703,1.3788185160000008,0.0029999999998706864,WITHIN_CONFIGURED_BAND,False,0.0,0.5852144141051394,OBSERVED_D39_ROW_EMITTED_AS_UNSOLVED_PREFIX,DLS_TARGET_STATE
10,D39 stable_velocity_residual_update.csv,10,RETAINED_OBSERVED_WARM_START,10,False,True,True,NOT_RUN,ON_STATE_OPEN_ARCH_SINGLE_PROCESS_SEGMENT,NOT_REPRESENTED,10,10,28.454459384,0.34008417419679526,-0.10000487277087393,0.1500580896048797,0.3295048850440313,-0.09999999999999999,0.10766472545579858,0.0436934629732902,20,0.08540669128503471,5.9675107900909015e-06,NONDECREASING,0.00856039853793189,0.008559979376088378,2.853326458999998,0.002999999999680508,WITHIN_CONFIGURED_BAND,0.0,DLS_TARGET_SOLVED,10,True,True,True,True,4.924387531421389e-07,4.516220621257899e-05,3,TIGHT_POSITION_AND_NORMAL_TOLERANCES_MET,PASS_4MM_5DEG,,10,10,13.777026271,0.32950493068274744,-0.09999998950686832,0.1076652156628236,4.924387531421389e-07,10,0.041331124769518036,1.8399570786952945e-07,NONDECREASING,0.004043170896585957,0.004043162110461681,1.3477207030000002,0.003000000001084557,WITHIN_CONFIGURED_BAND,False,0.0,0.6165647123118038,OBSERVED_D39_ROW_EMITTED_AS_UNSOLVED_PREFIX,DLS_TARGET_STATE
11,D39 stable_velocity_residual_update.csv,11,RETAINED_OBSERVED_WARM_START,11,False,True,True,NOT_RUN,ON_STATE_OPEN_ARCH_SINGLE_PROCESS_SEGMENT,NOT_REPRESENTED,11,11,31.299765777,0.3403915438698797,-0.10002350699684462,0.15858845260358057,0.33129520882649754,-0.09999999999999999,0.11114428096543344,0.0483083148767407,21,0.09394297150398097,2.8674995495030085e-05,NONDECREASING,0.008536280218946257,0.008535919179556133,2.8453063930000013,0.003000000000195455,WITHIN_CONFIGURED_BAND,0.0,DLS_TARGET_SOLVED,11,True,True,True,True,6.488083119623789e-07,5.3461118207792826e-05,3,TIGHT_POSITION_AND_NORMAL_TOLERANCES_MET,PASS_4MM_5DEG,,11,11,15.081449355,0.3312952605346027,-0.09999998885274985,0.11114492761389771,6.488083119623789e-07,11,0.04524440484703471,2.2244597392524806e-07,NONDECREASING,0.003913280077516672,0.003913269252286694,1.3044230839999997,0.0030000000002197865,WITHIN_CONFIGURED_BAND,False,0.0,0.6199752741467923,OBSERVED_D39_ROW_EMITTED_AS_UNSOLVED_PREFIX,DLS_TARGET_STATE
12,D39 stable_velocity_residual_update.csv,12,RETAINED_OBSERVED_WARM_START,12,False,True,True,NOT_RUN,ON_STATE_OPEN_ARCH_SINGLE_PROCESS_SEGMENT,NOT_REPRESENTED,12,12,34.146233735,0.34043805880830125,-0.10003205980420764,0.1671277255073145,0.3328555403888842,-0.09999999999999999,0.11455242883329725,0.05311927553885477,22,0.102482258068957,3.9160264554943034e-05,NONDECREASING,0.008539286564976031,0.0085394038734829,2.8464679580000016,0.0029999999998183346,WITHIN_CONFIGURED_BAND,0.0,DLS_TARGET_SOLVED,12,True,True,True,True,8.625642370180716e-07,6.374153385489315e-05,3,TIGHT_POSITION_AND_NORMAL_TOLERANCES_MET,PASS_4MM_5DEG,,12,12,16.330963281,0.3328555917488845,-0.0999999820939177,0.11455328968089443,8.625642370180716e-07,12,0.04899296025777266,2.7447602718548163e-07,NONDECREASING,0.0037485554107379512,0.003748541780219346,1.2495139259999988,0.0030000000017761704,WITHIN_CONFIGURED_BAND,False,0.0,0.5801740852366772,OBSERVED_D39_ROW_EMITTED_AS_UNSOLVED_PREFIX,DLS_TARGET_STATE
13,D39 stable_velocity_residual_update.csv,13,RETAINED_OBSERVED_WARM_START,13,False,True,True,NOT_RUN,ON_STATE_OPEN_ARCH_SINGLE_PROCESS_SEGMENT,NOT_REPRESENTED,13,13,36.992856576,0.3403367632061213,-0.10002377996485508,0.17566698923744528,0.33418189495884887,-0.09999999999999999,0.1178464916952141,0.05814716592112785,22,0.11102212097171843,2.9376544699255625e-05,NONDECREASING,0.00853986290276143,0.0085398685240165,2.8466228409999985,0.003000000000357091,WITHIN_CONFIGURED_BAND,0.0,DLS_TARGET_SOLVED,13,True,True,True,True,1.1555839293094703e-06,7.644581312786024e-05,3,TIGHT_POSITION_AND_NORMAL_TOLERANCES_MET,PASS_4MM_5DEG,,13,13,17.514740903,0.33418193307657673,-0.09999996230698481,0.11784764603506576,1.1555839293094703e-06,13,0.05254431064133522,3.460410488098926e-07,NONDECREASING,0.0035513503835625584,0.0035513328633352413,1.183777622000001,0.002999999997748934,WITHIN_CONFIGURED_BAND,False,0.0,0.5044792279099173,OBSERVED_D39_ROW_EMITTED_AS_UNSOLVED_PREFIX,DLS_TARGET_STATE
14,D39 stable_velocity_residual_update.csv,14,RETAINED_OBSERVED_WARM_START,14,False,True,True,NOT_RUN,ON_STATE_OPEN_ARCH_SINGLE_PROCESS_SEGMENT,NOT_REPRESENTED,14,14,39.824502367,0.3402428550321372,-0.10011701565927446,0.1841608958370745,0.33527618317593205,-0.09999999999999999,0.12098559890839738,0.06337033741442645,23,0.1195161329537601,0.00014126918172561212,NONDECREASING,0.008494011982041666,0.008494937372522524,2.8316457909999997,0.002999999999831379,WITHIN_CONFIGURED_BAND,0.0,DLS_TARGET_SOLVED,14,True,True,True,True,1.5557458115407882e-06,9.20484800757561e-05,3,TIGHT_POSITION_AND_NORMAL_TOLERANCES_MET,PASS_4MM_5DEG,,14,14,18.622987005,0.33527618374997614,-0.09999991641148444,0.12098715240692029,1.5557458115407882e-06,14,0.055869072111371695,4.465512437112163e-07,NONDECREASING,0.0033247614700364775,0.0033247383050785634,1.108246101999999,0.002999999999168566,WITHIN_CONFIGURED_BAND,False,0.0,0.4041914201663969,OBSERVED_D39_ROW_EMITTED_AS_UNSOLVED_PREFIX,DLS_TARGET_STATE
15,D39 stable_velocity_residual_update.csv,15,RETAINED_OBSERVED_WARM_START,15,False,True,True,NOT_RUN,ON_STATE_OPEN_ARCH_SINGLE_PROCESS_SEGMENT,NOT_REPRESENTED,15,15,42.681461889,0.34001710559835685,-0.10002707472475773,0.19272832877813703,0.3362557552125918,-0.09999999999999999,0.12430902629080393,0.06852261993399261,24,0.12808643379925738,3.3508661011223796e-05,NONDECREASING,0.008570300845497286,0.00857087856512721,2.856959521999997,0.002999999999694507,WITHIN_CONFIGURED_BAND,0.0,DLS_TARGET_SOLVED,15,True,True,True,True,1.8490961738260473e-06,0.00010379346638542851,3,TIGHT_POSITION_AND_NORMAL_TOLERANCES_MET,PASS_4MM_5DEG,,15,15,19.778001042,0.33625568840923326,-0.09999985292829786,0.12431086831791713,1.8490961738260473e-06,15,0.059334139313002826,5.247251912821936e-07,NONDECREASING,0.0034650672016311307,0.003465042112088979,1.1550140370000008,0.0030000000009428253,WITHIN_CONFIGURED_BAND,False,0.0,0.29615165315867154,OBSERVED_D39_ROW_EMITTED_AS_UNSOLVED_PREFIX,DLS_TARGET_STATE
16,P2B1 R0 B0 ordered DLS solve,,DLS_TARGET_SOLVED,16,True,False,True,NOT_RUN,ON_STATE_OPEN_ARCH_SINGLE_PROCESS_SEGMENT,NOT_REPRESENTED,16,16,71.314719994,0.3372206673835598,-0.09999885081181688,0.12825117677117917,0.3372193605519271,-0.09999999999999999,0.12823755059833702,1.373684930107996e-05,16,0.06339096204849282,1.7964786981574796e-06,BACKSTEP,-0.06469547175076457,0.06453777184104506,28.633258105000003,0.0022539444028472377,BELOW_CONFIGURED_BAND,0.0,DLS_TARGET_SOLVED,16,True,True,True,True,1.8361606683833476e-06,0.00010647371542238208,3,TIGHT_POSITION_AND_NORMAL_TOLERANCES_MET,PASS_4MM_5DEG,,16,16,21.126313824,0.33721922228429785,-0.09999979838088345,0.12823937041090833,1.8361606683833474e-06,16,0.06337910089438441,5.309533235394715e-07,NONDECREASING,0.0040449615813815815,0.004044938346379168,1.3483127820000007,0.0030000000002812152,WITHIN_CONFIGURED_BAND,False,0.0,0.00015234355521720477,DLS_TARGET_STATE,DLS_TARGET_STATE
17,P2B1 R0 B0 ordered DLS solve,,DLS_TARGET_SOLVED,17,True,False,True,NOT_RUN,ON_STATE_OPEN_ARCH_SINGLE_PROCESS_SEGMENT,NOT_REPRESENTED,17,17,72.852217433,0.3381227602156463,-0.09999974622162797,0.13277459506906575,0.33812296052740076,-0.09999999999999999,0.1327729082477072,1.717525707726493e-06,17,0.06800347471862009,5.238546202437186e-07,NONDECREASING,0.004612512670127272,0.00461249231729611,1.5374974390000062,0.00300000000019258,WITHIN_CONFIGURED_BAND,0.0,DLS_TARGET_SOLVED,17,True,True,True,True,1.718485435220408e-06,0.00010588046051490167,3,TIGHT_POSITION_AND_NORMAL_TOLERANCES_MET,PASS_4MM_5DEG,,17,17,22.667765246000002,0.3381227606963204,-0.0999997452132298,0.13277459595130445,1.718485435220408e-06,17,0.06800347566447984,5.240478436896744e-07,NONDECREASING,0.004624374770095432,0.004624354264877242,1.5414514220000015,0.00299999999927162,WITHIN_CONFIGURED_BAND,False,0.0,2.0452192284192705e-07,DLS_TARGET_STATE,DLS_TARGET_STATE
18,P2B1 R0 B0 ordered DLS solve,,DLS_TARGET_SOLVED,18,True,False,True,NOT_RUN,ON_STATE_OPEN_ARCH_SINGLE_PROCESS_SEGMENT,NOT_REPRESENTED,18,18,74.582506852,0.33892398794679013,-0.09999970736341242,0.1379032544804121,0.33892422737329214,-0.09999999999999999,0.1379017773731258,1.5247318313283612e-06,18,0.07319436023326903,5.020421100406604e-07,NONDECREASING,0.005190885514648941,0.005190868254565451,1.7302894189999876,0.002999999998593003,WITHIN_CONFIGURED_BAND,0.0,DLS_TARGET_SOLVED,18,True,True,True,True,1.5247458777476786e-06,0.00010235877241877602,3,TIGHT_POSITION_AND_NORMAL_TOLERANCES_MET,PASS_4MM_5DEG,,18,18,24.398054353,0.33892398794477313,-0.09999970736046766,0.13790325449400107,1.5247458777476786e-06,18,0.0731943602465353,5.020467260677453e-07,NONDECREASING,0.005190884582055466,0.005190867321813469,1.7302891069999973,0.0030000000004701396,WITHIN_CONFIGURED_BAND,False,0.0,1.0644788384084336e-09,DLS_TARGET_STATE,DLS_TARGET_STATE
19,P2B1 R0 B0 ordered DLS solve,,DLS_TARGET_SOLVED,19,True,False,True,NOT_RUN,ON_STATE_OPEN_ARCH_SINGLE_PROCESS_SEGMENT,NOT_REPRESENTED,19,19,76.49434168,0.3395844909225559,-0.09999969266285309,0.14360060013592651,0.3395847438307261,-0.09999999999999999,0.14359937380869697,1.2893010270507471e-06,19,0.0789298786063206,4.639514743720096e-07,NONDECREASING,0.005735518373051571,0.005735504485188768,1.9118348280000106,0.003000000000621778,WITHIN_CONFIGURED_BAND,0.0,DLS_TARGET_SOLVED,19,True,True,True,True,1.289301072059901e-06,9.645759678094953e-05,3,TIGHT_POSITION_AND_NORMAL_TOLERANCES_MET,PASS_4MM_5DEG,,19,19,26.309889177,0.3395844909225456,-0.09999969266284328,0.14360060013596926,1.289301072059901e-06,19,0.07892987860636241,4.639514910488856e-07,NONDECREASING,0.0057355183598271076,0.005735504471963761,1.9118348239999996,0.0029999999999810456,WITHIN_CONFIGURED_BAND,False,0.0,1.2305378938037848e-11,DLS_TARGET_STATE,DLS_TARGET_STATE
20,P2B1 R0 B0 ordered DLS solve,,DLS_TARGET_SOLVED,20,True,False,True,NOT_RUN,ON_STATE_OPEN_ARCH_SINGLE_PROCESS_SEGMENT,NOT_REPRESENTED,20,20,78.57828806,0.3400709430122939,-0.0999997014601067,0.1498334852617347,0.3400711861086883,-0.09999999999999999,0.1498325149636907,1.0438870719766056e-06,20,0.08518172846263679,4.119627773712508e-07,NONDECREASING,0.006251849856316188,0.0062518391395819575,2.0839463800000004,0.002999999999799398,WITHIN_CONFIGURED_BAND,0.0,DLS_TARGET_SOLVED,20,True,True,True,True,1.0438870721631504e-06,8.881572300053319e-05,3,TIGHT_POSITION_AND_NORMAL_TOLERANCES_MET,PASS_4MM_5DEG,,20,20,28.393835557,0.3400709430122939,-0.09999970146010659,0.14983348526173487,1.0438870721631504e-06,20,0.08518172846263695,4.1196277745170605e-07,NONDECREASING,0.006251849856274541,0.0062518391395403085,2.0839463800000004,0.002999999999779412,WITHIN_CONFIGURED_BAND,False,0.0,1.2305378938037848e-11,DLS_TARGET_STATE,DLS_TARGET_STATE
21,P2B1 R0 B0 ordered DLS solve,,DLS_TARGET_SOLVED,21,True,False,True,NOT_RUN,ON_STATE_OPEN_ARCH_SINGLE_PROCESS_SEGMENT,NOT_REPRESENTED,21,21,80.823470383,0.3403555879803065,-0.09999972863237838,0.15656301498020114,0.3403558047272358,-0.09999999999999999,0.1565622807802593,8.122002043946776e-07,21,0.09191728314755637,3.5170770292406476e-07,NONDECREASING,0.006735554684919584,0.006735546970386013,2.2451823229999945,0.003000000000617335,WITHIN_CONFIGURED_BAND,0.0,DLS_TARGET_SOLVED,21,True,True,True,True,8.122002043637698e-07,8.006058676299618e-05,3,TIGHT_POSITION_AND_NORMAL_TOLERANCES_MET,PASS_4MM_5DEG,,21,21,30.63901788,0.3403555879803064,-0.09999972863237819,0.156563014980201,8.122002043637699e-07,21,0.09191728314755623,3.5170770314459546e-07,NONDECREASING,0.006735554684919279,0.0067355469703857035,2.2451823230000016,0.0030000000006171874,WITHIN_CONFIGURED_BAND,False,0.0,1.2305378938037848e-11,DLS_TARGET_STATE,DLS_TARGET_STATE
22,P2B1 R0 B0 ordered DLS solve,,DLS_TARGET_SOLVED,22,True,False,True,NOT_RUN,ON_STATE_OPEN_ARCH_SINGLE_PROCESS_SEGMENT,NOT_REPRESENTED,22,22,83.688241353,0.34043768916701034,-0.0999999225370158,0.16515693572249934,0.34043774047812453,-0.09999999999999999,0.16515676374442834,1.9547327507045322e-07,22,0.10051159711530049,9.185996147004796e-08,NONDECREASING,0.008594313967744113,0.008594312908392411,2.864770969999995,0.0029999999994388474,WITHIN_CONFIGURED_BAND,0.0,DLS_TARGET_SOLVED,22,True,True,True,True,1.9547327505087628e-07,3.835050876975731e-05,3,TIGHT_POSITION_AND_NORMAL_TOLERANCES_MET,PASS_4MM_5DEG,,22,22,33.50378885,0.34043768916701034,-0.09999992253701591,0.16515693572249937,1.9547327505087628e-07,22,0.10051159711530051,9.18599613764259e-08,NONDECREASING,0.00859431396774428,0.00859431290839258,2.8647709699999986,0.0029999999994389025,WITHIN_CONFIGURED_BAND,False,0.0,1.2305378938037848e-11,DLS_TARGET_STATE,DLS_TARGET_STATE
23,P2B1 R0 B0 ordered DLS solve,,DLS_TARGET_SOLVED,23,True,False,True,NOT_RUN,ON_STATE_OPEN_ARCH_SINGLE_PROCESS_SEGMENT,NOT_REPRESENTED,23,23,87.642322792,0.340304324117485,-0.09999997857302345,0.1770184303155141,0.34030431050436133,-0.09999999999999999,0.1770185742564176,1.461622939101034e-07,22,0.11237384143131367,2.455509248779024e-08,NONDECREASING,0.011862244316013182,0.011862244316304274,3.9540814390000065,0.0029999999998240436,WITHIN_CONFIGURED_BAND,0.0,DLS_TARGET_SOLVED,23,True,True,True,True,1.4616229355971957e-07,2.568044986675857e-05,3,TIGHT_POSITION_AND_NORMAL_TOLERANCES_MET,PASS_4MM_5DEG,,23,23,37.457870289,0.340304324117485,-0.0999999785730236,0.17701843031551442,1.461622935597196e-07,22,0.112373841431314,2.4555092354581644e-08,NONDECREASING,0.011862244316013487,0.011862244316304579,3.9540814389999994,0.0029999999998241264,WITHIN_CONFIGURED_BAND,False,0.0,1.2305378938037848e-11,DLS_TARGET_STATE,DLS_TARGET_STATE
24,P2B1 R0 B0 ordered DLS solve,,DLS_TARGET_SOLVED,24,True,False,True,NOT_RUN,ON_STATE_OPEN_ARCH_SINGLE_PROCESS_SEGMENT,NOT_REPRESENTED,24,24,92.685623165,0.3400064454895485,-0.09999990700974948,0.19214539882430798,0.3400064782616557,-0.09999999999999999,0.1921461530544294,7.60647272885524e-07,23,0.1275037424565303,1.0447060350036696e-07,NONDECREASING,0.015129901025216622,0.015129901121558745,5.043300372999994,0.003000000000507359,WITHIN_CONFIGURED_BAND,0.0,DLS_TARGET_SOLVED,24,True,True,True,True,7.606472729446676e-07,6.417817227806548e-05,3,TIGHT_POSITION_AND_NORMAL_TOLERANCES_MET,PASS_4MM_5DEG,,24,24,42.501170662,0.3400064454895483,-0.0999999070097493,0.19214539882430795,7.606472729446676e-07,23,0.12750374245653026,1.0447060376212928e-07,NONDECREASING,0.01512990102521626,0.01512990112155839,5.043300373000001,0.0030000000005072844,WITHIN_CONFIGURED_BAND,False,0.0,1.2305378938037848e-11,DLS_TARGET_STATE,DLS_TARGET_STATE
25,P2B1 R0 B0 ordered DLS solve,,DLS_TARGET_SOLVED,25,True,False,True,NOT_RUN,ON_STATE_OPEN_ARCH_SINGLE_PROCESS_SEGMENT,NOT_REPRESENTED,25,25,98.81801653,0.33971835102643183,-0.0999998684348192,0.21054032304288398,0.3397183356381065,-0.09999999999999999,0.2105434340509859,3.113826842915965e-06,24,0.1459009223654408,1.357220753853482e-07,NONDECREASING,0.018397179908910516,0.018397180094468835,6.132393364999999,0.0029999999999133845,WITHIN_CONFIGURED_BAND,0.0,DLS_TARGET_SOLVED,25,True,True,True,True,3.113826842941662e-06,7.913539924054825e-05,3,TIGHT_POSITION_AND_NORMAL_TOLERANCES_MET,PASS_4MM_5DEG,,25,25,48.633564027,0.3397183510264318,-0.09999986843481924,0.21054032304288395,3.113826842941662e-06,24,0.1459009223654408,1.3572207535862166e-07,NONDECREASING,0.018397179908910544,0.01839718009446883,6.132393364999999,0.0029999999999133836,WITHIN_CONFIGURED_BAND,False,0.0,1.2305378938037848e-11,DLS_TARGET_STATE,DLS_TARGET_STATE
26,P2B1 R0 B0 ordered DLS solve,,DLS_TARGET_SOLVED,26,True,False,True,NOT_RUN,ON_STATE_OPEN_ARCH_SINGLE_PROCESS_SEGMENT,NOT_REPRESENTED,26,26,105.499312514,0.3396962866784694,-0.0999998610518242,0.23058419885092535,0.33969616182367485,-0.09999999999999999,0.2305889139184708,4.718766499151075e-06,25,0.1659448101617969,1.8335782801771895e-07,NONDECREASING,0.020043887796356102,0.0200438879522834,6.681295984000002,0.0030000000000424162,WITHIN_CONFIGURED_BAND,0.0,DLS_TARGET_SOLVED,26,True,True,True,True,4.718766499289413e-06,7.374119149677754e-05,3,TIGHT_POSITION_AND_NORMAL_TOLERANCES_MET,PASS_4MM_5DEG,,26,26,55.314860011,0.3396962866784695,-0.0999998610518243,0.2305841988509252,4.718766499289413e-06,25,0.16594481016179677,1.833578280060273e-07,NONDECREASING,0.020043887796355964,0.02004388795228329,6.681295984000002,0.0030000000000423997,WITHIN_CONFIGURED_BAND,False,0.0,1.2305378938037848e-11,DLS_TARGET_STATE,DLS_TARGET_STATE
27,P2B1 R0 B0 ordered DLS solve,,DLS_TARGET_SOLVED,27,True,False,True,NOT_RUN,ON_STATE_OPEN_ARCH_SINGLE_PROCESS_SEGMENT,NOT_REPRESENTED,27,27,111.495189616,0.3399054033066159,-0.10000001627371075,0.24857061456254353,0.33990530951175724,-0.09999999999999999,0.24857262028095556,2.0079762591980817e-06,26,0.1839324433713194,1.1823839841528015e-07,NONDECREASING,0.017987633209522486,0.01798763130429926,5.995877102000009,0.002999999999716344,WITHIN_CONFIGURED_BAND,0.0,DLS_TARGET_SOLVED,27,True,True,True,True,2.007976259252968e-06,5.691578545166988e-05,3,TIGHT_POSITION_AND_NORMAL_TOLERANCES_MET,PASS_4MM_5DEG,,27,27,61.310737113,0.3399054033066159,-0.10000001627371068,0.24857061456254348,2.0079762592529677e-06,26,0.18393244337131934,1.1823839840572983e-07,NONDECREASING,0.01798763320952257,0.017987631304299343,5.9958771020000015,0.0029999999997163615,WITHIN_CONFIGURED_BAND,False,0.0,1.2305378938037848e-11,DLS_TARGET_STATE,DLS_TARGET_STATE
28,P2B1 R0 B0 ordered DLS solve,,DLS_TARGET_SOLVED,28,True,False,True,NOT_RUN,ON_STATE_OPEN_ARCH_SINGLE_PROCESS_SEGMENT,NOT_REPRESENTED,28,28,116.755554137,0.34015782075356626,-0.10000004087775671,0.2643496892989795,0.34015776278640075,-0.09999999999999999,0.2643504765903594,7.904801705827882e-07,27,0.1997135374670645,8.154154547285108e-08,NONDECREASING,0.015781094095745102,0.015781093564964446,5.260364521,0.003000000000373443,WITHIN_CONFIGURED_BAND,0.0,DLS_TARGET_SOLVED,28,True,True,True,True,7.904801705827883e-07,3.950247012183499e-05,3,TIGHT_POSITION_AND_NORMAL_TOLERANCES_MET,PASS_4MM_5DEG,,28,28,66.571101634,0.34015782075356626,-0.10000004087775671,0.2643496892989795,7.904801705827882e-07,27,0.1997135374670645,8.154154547285108e-08,NONDECREASING,0.015781094095745157,0.015781093564964502,5.260364521,0.003000000000373454,WITHIN_CONFIGURED_BAND,False,0.0,1.2305378938037848e-11,DLS_TARGET_STATE,DLS_TARGET_STATE
29,P2B1 R0 B0 ordered DLS solve,,DLS_TARGET_SOLVED,29,True,False,True,NOT_RUN,ON_STATE_OPEN_ARCH_SINGLE_PROCESS_SEGMENT,NOT_REPRESENTED,29,29,121.281323423,0.3403196189949046,-0.10000002592641777,0.2779260330621172,0.34031958062237266,-0.09999999999999999,0.27792633893885466,3.093625847634682e-07,28,0.21329084504278534,4.937081549348599e-08,NONDECREASING,0.013577307575720843,0.013577307857083153,4.525769285999999,0.002999999999797417,WITHIN_CONFIGURED_BAND,0.0,DLS_TARGET_SOLVED,29,True,True,True,True,3.093625847634682e-07,2.0249551988239475e-05,3,TIGHT_POSITION_AND_NORMAL_TOLERANCES_MET,PASS_4MM_5DEG,,29,29,71.09687092,0.3403196189949046,-0.10000002592641777,0.2779260330621172,3.093625847634682e-07,28,0.21329084504278534,4.937081549348599e-08,NONDECREASING,0.013577307575720843,0.013577307857083153,4.525769285999999,0.002999999999797417,WITHIN_CONFIGURED_BAND,False,0.0,1.2305378938037848e-11,DLS_TARGET_STATE,DLS_TARGET_STATE
30,P2B1 R0 B0 ordered DLS solve,,DLS_TARGET_SOLVED,30,True,False,True,NOT_RUN,ON_STATE_OPEN_ARCH_SINGLE_PROCESS_SEGMENT,NOT_REPRESENTED,30,30,125.163670053,0.3403133769581657,-0.10000000107276201,0.28957307127969223,0.3403133550366022,-0.09999999999999999,0.28957318519975017,1.1601502215942061e-07,29,0.22493788443346285,2.1886972574472366e-08,NONDECREASING,0.011647039390677516,0.011647039890259381,3.8823466300000007,0.00300000000006681,WITHIN_CONFIGURED_BAND,0.0,DLS_TARGET_SOLVED,30,True,True,True,True,1.1601502215942061e-07,2.949874712882007e-06,3,TIGHT_POSITION_AND_NORMAL_TOLERANCES_MET,PASS_4MM_5DEG,,30,30,74.97921755,0.3403133769581657,-0.10000000107276201,0.28957307127969223,1.1601502215942061e-07,29,0.22493788443346285,2.1886972574472366e-08,NONDECREASING,0.011647039390677516,0.011647039890259381,3.8823466300000007,0.00300000000006681,WITHIN_CONFIGURED_BAND,False,0.0,1.2305378938037848e-11,DLS_TARGET_STATE,DLS_TARGET_STATE
31,P2B1 R0 B0 ordered DLS solve,,DLS_TARGET_SOLVED,31,True,False,True,NOT_RUN,ON_STATE_OPEN_ARCH_SINGLE_PROCESS_SEGMENT,NOT_REPRESENTED,31,31,128.854634327,0.3401160495704178,-0.09999999057834247,0.300644205698541,0.34011603592605405,-0.09999999999999999,0.30064427251333353,6.884150487699043e-08,30,0.2360107768932828,1.5614376879293994e-08,NONDECREASING,0.011072892459819933,0.011072892820680757,3.6909642740000095,0.0029999999996425672,WITHIN_CONFIGURED_BAND,0.0,DLS_TARGET_SOLVED,31,True,True,True,True,6.884150487699043e-08,6.042332418397305e-06,3,TIGHT_POSITION_AND_NORMAL_TOLERANCES_MET,PASS_4MM_5DEG,,31,31,78.670181824,0.3401160495704178,-0.09999999057834247,0.300644205698541,6.884150487699043e-08,30,0.2360107768932828,1.5614376879293994e-08,NONDECREASING,0.011072892459819933,0.011072892820680757,3.6909642739999953,0.002999999999642579,WITHIN_CONFIGURED_BAND,False,0.0,1.2305378938037848e-11,DLS_TARGET_STATE,DLS_TARGET_STATE
32,P2B1 R0 B0 ordered DLS solve,,DLS_TARGET_SOLVED,32,True,False,True,NOT_RUN,ON_STATE_OPEN_ARCH_SINGLE_PROCESS_SEGMENT,NOT_REPRESENTED,32,32,132.414758857,0.33972494669295566,-0.09999998115006777,0.31131741601931784,0.3397249407203472,-0.09999999999999999,0.31131745224894664,4.127442306755253e-08,31,0.24669115026054061,1.9413076359103646e-08,NONDECREASING,0.010680373367257828,0.010680373589551316,3.560124529999996,0.002999999999873973,WITHIN_CONFIGURED_BAND,0.0,DLS_TARGET_SOLVED,32,True,True,True,True,4.127442306755253e-08,1.0214594114615456e-05,3,TIGHT_POSITION_AND_NORMAL_TOLERANCES_MET,PASS_4MM_5DEG,,32,32,82.230306354,0.33972494669295566,-0.09999998115006777,0.31131741601931784,4.127442306755253e-08,31,0.24669115026054061,1.9413076359103646e-08,NONDECREASING,0.010680373367257828,0.010680373589551316,3.56012453000001,0.002999999999873961,WITHIN_CONFIGURED_BAND,False,0.0,1.2305378938037848e-11,DLS_TARGET_STATE,DLS_TARGET_STATE
33,P2B1 R0 B0 ordered DLS solve,,DLS_TARGET_SOLVED,33,True,False,True,NOT_RUN,ON_STATE_OPEN_ARCH_SINGLE_PROCESS_SEGMENT,NOT_REPRESENTED,33,33,135.841800036,0.33913970733125975,-0.0999999687892418,0.3215818690524265,0.33913971119761327,-0.09999999999999999,0.32158187628085705,3.2269340307140624e-08,32,0.2569722737105318,3.150170702966491e-08,NONDECREASING,0.010281123449991159,0.010281123536828318,3.4270411789999855,0.0029999999999499164,WITHIN_CONFIGURED_BAND,0.0,DLS_TARGET_SOLVED,33,True,True,True,True,3.2269340307140624e-08,1.4636502645829813e-05,3,TIGHT_POSITION_AND_NORMAL_TOLERANCES_MET,PASS_4MM_5DEG,,33,33,85.657347532,0.33913970733125975,-0.0999999687892418,0.3215818690524265,3.2269340307140624e-08,32,0.2569722737105318,3.150170702966491e-08,NONDECREASING,0.010281123449991159,0.010281123536828318,3.427041177999996,0.003000000000825298,WITHIN_CONFIGURED_BAND,False,0.0,1.2305378938037848e-11,DLS_TARGET_STATE,DLS_TARGET_STATE
34,P2B1 R0 B0 ordered DLS solve,,DLS_TARGET_SOLVED,34,True,False,True,NOT_RUN,ON_STATE_OPEN_ARCH_SINGLE_PROCESS_SEGMENT,NOT_REPRESENTED,34,34,139.133762253,0.33836201178381464,-0.0999999530769177,0.33142708752626343,0.3383620279411186,-0.09999999999999999,0.3314270673248872,5.358105751614699e-08,34,0.2668481607919402,4.8970095463641346e-08,NONDECREASING,0.009875887081408408,0.009875886651959017,3.291962216999991,0.0030000000002913287,WITHIN_CONFIGURED_BAND,0.0,DLS_TARGET_SOLVED,34,True,True,True,True,5.3581057516146994e-08,1.9094141974167483e-05,3,TIGHT_POSITION_AND_NORMAL_TOLERANCES_MET,PASS_4MM_5DEG,,34,34,88.94930975,0.33836201178381464,-0.0999999530769177,0.33142708752626343,5.358105751614699e-08,34,0.2668481607919402,4.8970095463641346e-08,NONDECREASING,0.009875887081408408,0.009875886651959017,3.2919622179999948,0.0029999999993800147,WITHIN_CONFIGURED_BAND,False,0.0,1.2305378938037848e-11,DLS_TARGET_STATE,DLS_TARGET_STATE
35,P2B1 R0 B0 ordered DLS solve,,DLS_TARGET_SOLVED,35,True,False,True,NOT_RUN,ON_STATE_OPEN_ARCH_SINGLE_PROCESS_SEGMENT,NOT_REPRESENTED,35,35,142.289112317,0.3373956068305024,-0.09999993385996236,0.3408436775526491,0.3373956377424453,-0.09999999999999999,0.3408436323839074,8.585026509463219e-08,35,0.2763142116240025,7.068167489282901e-08,NONDECREASING,0.009466050832062312,0.009466050193147186,3.155350064000004,0.0030000000003635647,WITHIN_CONFIGURED_BAND,0.0,DLS_TARGET_SOLVED,35,True,True,True,True,8.585026509463219e-08,2.3412459964206702e-05,3,TIGHT_POSITION_AND_NORMAL_TOLERANCES_MET,PASS_4MM_5DEG,,35,35,92.104659814,0.3373956068305024,-0.09999993385996236,0.3408436775526491,8.585026509463219e-08,35,0.2763142116240025,7.068167489282901e-08,NONDECREASING,0.009466050832062312,0.009466050193147186,3.155350064000004,0.0030000000003635647,WITHIN_CONFIGURED_BAND,False,0.0,1.2305378938037848e-11,DLS_TARGET_STATE,DLS_TARGET_STATE
36,P2B1 R0 B0 ordered DLS solve,,DLS_TARGET_SOLVED,36,True,False,True,NOT_RUN,ON_STATE_OPEN_ARCH_SINGLE_PROCESS_SEGMENT,NOT_REPRESENTED,36,36,145.307014739,0.3362462471727726,-0.09999991148123848,0.34982413342129637,0.33624629482586815,-0.09999999999999999,0.34982406758282664,1.2017109781435744e-07,36,0.2853679198993479,9.59387450229451e-08,NONDECREASING,0.009053708275345407,0.009053707264542995,3.01790242200002,0.0029999999995171927,WITHIN_CONFIGURED_BAND,0.0,DLS_TARGET_SOLVED,36,True,True,True,True,1.2017109781435744e-07,2.739322605740889e-05,3,TIGHT_POSITION_AND_NORMAL_TOLERANCES_MET,PASS_4MM_5DEG,,36,36,95.122562236,0.3362462471727726,-0.09999991148123848,0.34982413342129637,1.2017109781435744e-07,36,0.2853679198993479,9.59387450229451e-08,NONDECREASING,0.009053708275345407,0.009053707264542995,3.0179024219999917,0.002999999999517221,WITHIN_CONFIGURED_BAND,False,0.0,1.2305378938037848e-11,DLS_TARGET_STATE,DLS_TARGET_STATE
37,P2B1 R0 B0 ordered DLS solve,,DLS_TARGET_SOLVED,37,True,False,True,NOT_RUN,ON_STATE_OPEN_ARCH_SINGLE_PROCESS_SEGMENT,NOT_REPRESENTED,37,37,148.207611312,0.33491210468757493,-0.09999989058071886,0.3584230408034116,0.3349121672431381,-0.09999999999999999,0.35842296465853535,1.4725426902304033e-07,37,0.29406971095760664,1.1940674643307888e-07,NONDECREASING,0.008701791058258745,0.008701789720364535,2.9005965730000014,0.003000000000470431,WITHIN_CONFIGURED_BAND,0.0,DLS_TARGET_SOLVED,37,True,True,True,True,1.4725426902304035e-07,3.0289018830387313e-05,3,TIGHT_POSITION_AND_NORMAL_TOLERANCES_MET,PASS_4MM_5DEG,,37,37,98.023158809,0.33491210468757493,-0.09999989058071886,0.3584230408034116,1.4725426902304033e-07,37,0.29406971095760664,1.1940674643307888e-07,NONDECREASING,0.008701791058258745,0.008701789720364535,2.9005965730000014,0.003000000000470431,WITHIN_CONFIGURED_BAND,False,0.0,1.2305378938037848e-11,DLS_TARGET_STATE,DLS_TARGET_STATE
38,P2B1 R0 B0 ordered DLS solve,,DLS_TARGET_SOLVED,38,True,False,True,NOT_RUN,ON_STATE_OPEN_ARCH_SINGLE_PROCESS_SEGMENT,NOT_REPRESENTED,38,38,151.10659606,0.33334447067697826,-0.09999989086788473,0.3669775446874162,0.3333445320012446,-0.09999999999999999,0.36697748278149717,1.3965252248668644e-07,38,0.30276666650582695,1.1889923683673702e-07,NONDECREASING,0.008696955548220309,0.008696954242298273,2.8989847479999753,0.0029999999994130178,WITHIN_CONFIGURED_BAND,0.0,DLS_TARGET_SOLVED,38,True,True,True,True,1.3965252248668644e-07,2.9704774197554998e-05,3,TIGHT_POSITION_AND_NORMAL_TOLERANCES_MET,PASS_4MM_5DEG,,38,38,100.922143557,0.33334447067697826,-0.09999989086788473,0.3669775446874162,1.3965252248668644e-07,38,0.30276666650582695,1.1889923683673702e-07,NONDECREASING,0.008696955548220309,0.008696954242298273,2.8989847480000037,0.0029999999994129883,WITHIN_CONFIGURED_BAND,False,0.0,1.2305378938037848e-11,DLS_TARGET_STATE,DLS_TARGET_STATE
39,P2B1 R0 B0 ordered DLS solve,,DLS_TARGET_SOLVED,39,True,False,True,NOT_RUN,ON_STATE_OPEN_ARCH_SINGLE_PROCESS_SEGMENT,NOT_REPRESENTED,39,39,154.021250024,0.3315358503205877,-0.09999989538940388,0.37553241242328406,0.3315359075982092,-0.09999999999999999,0.3755323666578703,1.2774418124869894e-07,39,0.311510629631631,1.1389104395453138e-07,NONDECREASING,0.008743963125804055,0.008743961892172403,2.914653964000024,0.0030000000000591255,WITHIN_CONFIGURED_BAND,0.0,DLS_TARGET_SOLVED,39,True,True,True,True,1.2774418124869894e-07,2.8621120380159995e-05,3,TIGHT_POSITION_AND_NORMAL_TOLERANCES_MET,PASS_4MM_5DEG,,39,39,103.836797521,0.3315358503205877,-0.09999989538940388,0.37553241242328406,1.2774418124869894e-07,39,0.311510629631631,1.1389104395453138e-07,NONDECREASING,0.008743963125804055,0.008743961892172403,2.9146539639999958,0.003000000000059155,WITHIN_CONFIGURED_BAND,False,0.0,1.2305378938037848e-11,DLS_TARGET_STATE,DLS_TARGET_STATE
40,P2B1 R0 B0 ordered DLS solve,,DLS_TARGET_SOLVED,40,True,False,True,NOT_RUN,ON_STATE_OPEN_ARCH_SINGLE_PROCESS_SEGMENT,NOT_REPRESENTED,40,40,156.95010663,0.32948757740678203,-0.09999990051716437,0.38407690698203445,0.32948763053898517,-0.09999999999999999,0.38407687579982513,1.170136563456124e-07,40,0.3202972006246385,1.0847362537284462e-07,NONDECREASING,0.008786570993007503,0.008786569819558216,2.9288566059999823,0.0030000000005320398,WITHIN_CONFIGURED_BAND,0.0,DLS_TARGET_SOLVED,40,True,True,True,True,1.170136563456124e-07,2.756737968962622e-05,3,TIGHT_POSITION_AND_NORMAL_TOLERANCES_MET,PASS_4MM_5DEG,,40,40,106.765654127,0.32948757740678203,-0.09999990051716437,0.38407690698203445,1.170136563456124e-07,40,0.3202972006246385,1.0847362537284462e-07,NONDECREASING,0.008786570993007503,0.008786569819558216,2.9288566060000107,0.0030000000005320107,WITHIN_CONFIGURED_BAND,False,0.0,1.2305378938037848e-11,DLS_TARGET_STATE,DLS_TARGET_STATE
41,P2B1 R0 B0 ordered DLS solve,,DLS_TARGET_SOLVED,41,True,False,True,NOT_RUN,ON_STATE_OPEN_ARCH_SINGLE_PROCESS_SEGMENT,NOT_REPRESENTED,41,41,159.891608663,0.3272014378576946,-0.09999990612169421,0.3926001384019396,0.32720148686135,-0.09999999999999999,0.39260012035448727,1.0742534649513543e-07,41,0.32912170784827255,1.0277894774220844e-07,NONDECREASING,0.008824507223634037,0.008824506098087928,2.941502033000006,0.0029999999996899234,WITHIN_CONFIGURED_BAND,0.0,DLS_TARGET_SOLVED,41,True,True,True,True,1.0742534649513543e-07,2.6546074410849735e-05,3,TIGHT_POSITION_AND_NORMAL_TOLERANCES_MET,PASS_4MM_5DEG,,41,41,109.70715616,0.3272014378576946,-0.09999990612169421,0.3926001384019396,1.0742534649513543e-07,41,0.32912170784827255,1.0277894774220844e-07,NONDECREASING,0.008824507223634037,0.008824506098087928,2.941502032999992,0.002999999999689938,WITHIN_CONFIGURED_BAND,False,0.0,1.2305378938037848e-11,DLS_TARGET_STATE,DLS_TARGET_STATE
42,P2B1 R0 B0 ordered DLS solve,,DLS_TARGET_SOLVED,42,True,False,True,NOT_RUN,ON_STATE_OPEN_ARCH_SINGLE_PROCESS_SEGMENT,NOT_REPRESENTED,42,42,162.844123219,0.32467966353444955,-0.09999991211388574,0.40109111797383634,0.3246797085089293,-0.09999999999999999,0.4010911117423613,9.892170736395774e-08,42,0.33797925260584416,9.690602705207491e-08,NONDECREASING,0.008857544757571612,0.008857543667845063,2.9525145560000112,0.002999999999947512,WITHIN_CONFIGURED_BAND,0.0,DLS_TARGET_SOLVED,42,True,True,True,True,9.892170736395772e-08,2.5555233735408797e-05,3,TIGHT_POSITION_AND_NORMAL_TOLERANCES_MET,PASS_4MM_5DEG,,42,42,112.659670716,0.32467966353444955,-0.09999991211388574,0.40109111797383634,9.892170736395774e-08,42,0.33797925260584416,9.690602705207491e-08,NONDECREASING,0.008857544757571612,0.008857543667845063,2.952514555999997,0.002999999999947527,WITHIN_CONFIGURED_BAND,False,0.0,1.2305378938037848e-11,DLS_TARGET_STATE,DLS_TARGET_STATE
43,P2B1 R0 B0 ordered DLS solve,,DLS_TARGET_SOLVED,43,True,False,True,NOT_RUN,ON_STATE_OPEN_ARCH_SINGLE_PROCESS_SEGMENT,NOT_REPRESENTED,43,43,165.805954404,0.32192492597651123,-0.09999991843591623,0.4095388050351195,0.32192496707826845,-0.09999999999999999,0.4095388094355857,9.144079127702387e-08,43,0.3468647472254442,9.093286537347431e-08,NONDECREASING,0.008885494619600032,0.008885493554019788,2.961831184999994,0.002999999999669058,WITHIN_CONFIGURED_BAND,0.0,DLS_TARGET_SOLVED,43,True,True,True,True,9.144079127702387e-08,2.4589559161124776e-05,3,TIGHT_POSITION_AND_NORMAL_TOLERANCES_MET,PASS_4MM_5DEG,,43,43,115.621501901,0.32192492597651123,-0.09999991843591623,0.4095388050351195,9.144079127702387e-08,43,0.3468647472254442,9.093286537347431e-08,NONDECREASING,0.008885494619600032,0.008885493554019788,2.9618311850000083,0.0029999999996690434,WITHIN_CONFIGURED_BAND,False,0.0,1.2305378938037848e-11,DLS_TARGET_STATE,DLS_TARGET_STATE
44,P2B1 R0 B0 ordered DLS solve,,DLS_TARGET_SOLVED,44,True,False,True,NOT_RUN,ON_STATE_OPEN_ARCH_SINGLE_PROCESS_SEGMENT,NOT_REPRESENTED,44,44,168.77535515900001,0.31894032808672035,-0.09999992505701984,0.41793215020088825,0.31894036550835037,-0.09999999999999999,0.4179321641794704,8.492484575120443e-08,43,0.3557729494927638,8.492248693928777e-08,NONDECREASING,0.008908202267319587,0.008908202267322028,2.9694007550000094,0.0030000000007819757,WITHIN_CONFIGURED_BAND,0.0,DLS_TARGET_SOLVED,44,True,True,True,True,8.492484575120443e-08,2.36408444397701e-05,3,TIGHT_POSITION_AND_NORMAL_TOLERANCES_MET,PASS_4MM_5DEG,,44,44,118.590902656,0.31894032808672035,-0.09999992505701984,0.41793215020088825,8.492484575120443e-08,43,0.3557729494927638,8.492248693928777e-08,NONDECREASING,0.008908202267319587,0.008908202267322028,2.9694007549999952,0.00300000000078199,WITHIN_CONFIGURED_BAND,False,0.0,1.2305378938037848e-11,DLS_TARGET_STATE,DLS_TARGET_STATE
45,P2B1 R0 B0 ordered DLS solve,,DLS_TARGET_SOLVED,45,True,False,True,NOT_RUN,ON_STATE_OPEN_ARCH_SINGLE_PROCESS_SEGMENT,NOT_REPRESENTED,45,45,171.750538337,0.31572939420640594,-0.09999993196813001,0.4262601354353822,0.3157294281605771,-0.09999999999999999,0.42626015805655953,7.93280450715166e-08,44,0.36469850007738613,7.882813316071204e-08,NONDECREASING,0.008925550584622355,0.008925549532087542,2.9751831779999804,0.0029999999993572165,WITHIN_CONFIGURED_BAND,0.0,DLS_TARGET_SOLVED,45,True,True,True,True,7.93280450715166e-08,2.26984584185351e-05,3,TIGHT_POSITION_AND_NORMAL_TOLERANCES_MET,PASS_4MM_5DEG,,45,45,121.566085833,0.31572939420640594,-0.09999993196813001,0.4262601354353822,7.93280450715166e-08,44,0.36469850007738613,7.882813316071204e-08,NONDECREASING,0.008925550584622355,0.008925549532087542,2.9751831770000052,0.0030000000003655328,WITHIN_CONFIGURED_BAND,False,0.0,1.2305378938037848e-11,DLS_TARGET_STATE,DLS_TARGET_STATE
46,P2B1 R0 B0 ordered DLS solve,,DLS_TARGET_SOLVED,46,True,False,True,NOT_RUN,ON_STATE_OPEN_ARCH_SINGLE_PROCESS_SEGMENT,NOT_REPRESENTED,46,46,174.729687135,0.31229605890411466,-0.09999993917553479,0.4345118114319159,0.3122960896125174,-0.09999999999999999,0.4345118418611617,7.462278852105695e-08,45,0.3736359475215176,7.282132079300528e-08,NONDECREASING,0.008937447444131441,0.00893744639423264,2.9791487980000113,0.003000000000078078,WITHIN_CONFIGURED_BAND,0.0,DLS_TARGET_SOLVED,46,True,True,True,True,7.462278852105695e-08,2.174991290137799e-05,3,TIGHT_POSITION_AND_NORMAL_TOLERANCES_MET,PASS_4MM_5DEG,,46,46,124.545234631,0.31229605890411466,-0.09999993917553479,0.4345118114319159,7.462278852105695e-08,45,0.3736359475215176,7.282132079300528e-08,NONDECREASING,0.008937447444131441,0.00893744639423264,2.979148797999997,0.003000000000078092,WITHIN_CONFIGURED_BAND,False,0.0,1.2305378938037848e-11,DLS_TARGET_STATE,DLS_TARGET_STATE
47,P2B1 R0 B0 ordered DLS solve,,DLS_TARGET_SOLVED,47,True,False,True,NOT_RUN,ON_STATE_OPEN_ARCH_SINGLE_PROCESS_SEGMENT,NOT_REPRESENTED,47,47,177.710965052,0.3086446546768208,-0.09999994669358804,0.44267633281005814,0.3086446823641005,-0.09999999999999999,0.442676370292908,7.080341126596705e-08,46,0.38257978232939654,6.699333640930039e-08,NONDECREASING,0.00894383480787897,0.00894383375098718,2.981277917,0.0029999999999957,WITHIN_CONFIGURED_BAND,0.0,DLS_TARGET_SOLVED,47,True,True,True,True,7.080341126596705e-08,2.0781541324581568e-05,3,TIGHT_POSITION_AND_NORMAL_TOLERANCES_MET,PASS_4MM_5DEG,,47,47,127.526512548,0.3086446546768208,-0.09999994669358804,0.44267633281005814,7.080341126596705e-08,46,0.38257978232939654,6.699333640930039e-08,NONDECREASING,0.00894383480787897,0.00894383375098718,2.981277917,0.0029999999999957,WITHIN_CONFIGURED_BAND,False,0.0,1.2305378938037848e-11,DLS_TARGET_STATE,DLS_TARGET_STATE
48,P2B1 R0 B0 ordered DLS solve,,DLS_TARGET_SOLVED,48,True,False,True,NOT_RUN,ON_STATE_OPEN_ARCH_SINGLE_PROCESS_SEGMENT,NOT_REPRESENTED,48,48,180.692525496,0.30477989864066046,-0.09999995453650665,0.4507429916542698,0.304779923533113,-0.09999999999999999,0.45074303549348776,6.788549516423535e-08,47,0.3915244647338962,6.14826878817665e-08,NONDECREASING,0.008944682404499638,0.008944681331830507,2.981560443999996,0.002999999999943157,WITHIN_CONFIGURED_BAND,0.0,DLS_TARGET_SOLVED,48,True,True,True,True,6.788549516423535e-08,1.9779315536347235e-05,3,TIGHT_POSITION_AND_NORMAL_TOLERANCES_MET,PASS_4MM_5DEG,,48,48,130.508072992,0.30477989864066046,-0.09999995453650665,0.4507429916542698,6.788549516423535e-08,47,0.3915244647338962,6.14826878817665e-08,NONDECREASING,0.008944682404499638,0.008944681331830507,2.981560443999996,0.002999999999943157,WITHIN_CONFIGURED_BAND,False,0.0,1.2305378938037848e-11,DLS_TARGET_STATE,DLS_TARGET_STATE
49,P2B1 R0 B0 ordered DLS solve,,DLS_TARGET_SOLVED,49,True,False,True,NOT_RUN,ON_STATE_OPEN_ARCH_SINGLE_PROCESS_SEGMENT,NOT_REPRESENTED,49,49,183.672521213,0.3007068781694869,-0.0999999627093657,0.45870124991467953,0.3007069004980672,-0.09999999999999999,0.4587012994472797,6.589867514661285e-08,48,0.40046445298336214,5.649812215916813e-08,NONDECREASING,0.008939988249465958,0.008939987153125323,2.9799957170000084,0.0030000000007131883,WITHIN_CONFIGURED_BAND,0.0,DLS_TARGET_SOLVED,49,True,True,True,True,6.589867514661287e-08,1.872982792598512e-05,3,TIGHT_POSITION_AND_NORMAL_TOLERANCES_MET,PASS_4MM_5DEG,,49,49,133.48806871,0.3007068781694869,-0.0999999627093657,0.45870124991467953,6.589867514661285e-08,48,0.40046445298336214,5.649812215916813e-08,NONDECREASING,0.008939988249465958,0.008939987153125323,2.979995717999998,0.002999999999706486,WITHIN_CONFIGURED_BAND,False,0.0,1.2305378938037848e-11,DLS_TARGET_STATE,DLS_TARGET_STATE
50,P2B1 R0 B0 ordered DLS solve,,DLS_TARGET_SOLVED,50,True,False,True,NOT_RUN,ON_STATE_OPEN_ARCH_SINGLE_PROCESS_SEGMENT,NOT_REPRESENTED,50,50,186.649113693,0.2964310353366561,-0.09999997119860207,0.46654077114835835,0.296431055343535,-0.09999999999999999,0.4665408257243286,6.487165985569793e-08,49,0.40939423154903265,5.2334787358962405e-08,NONDECREASING,0.00892977856567051,0.008929777438684764,2.9765924799999937,0.0029999999995581465,WITHIN_CONFIGURED_BAND,0.0,DLS_TARGET_SOLVED,50,True,True,True,True,6.487165985569793e-08,1.762146753689089e-05,3,TIGHT_POSITION_AND_NORMAL_TOLERANCES_MET,PASS_4MM_5DEG,,50,50,136.464661189,0.2964310353366561,-0.09999997119860207,0.46654077114835835,6.487165985569793e-08,49,0.40939423154903265,5.2334787358962405e-08,NONDECREASING,0.00892977856567051,0.008929777438684764,2.9765924790000042,0.003000000000566,WITHIN_CONFIGURED_BAND,False,0.0,1.2305378938037848e-11,DLS_TARGET_STATE,DLS_TARGET_STATE
51,P2B1 R0 B0 ordered DLS solve,,DLS_TARGET_SOLVED,51,True,False,True,NOT_RUN,ON_STATE_OPEN_ARCH_SINGLE_PROCESS_SEGMENT,NOT_REPRESENTED,51,51,189.620482704,0.29195814990185864,-0.09999997996259129,0.4742514520569704,0.29195816784938844,-0.09999999999999999,0.4742515110216216,6.481081442574276e-08,50,0.418308339745227,4.936148080417987e-08,NONDECREASING,0.00891410819619437,0.00891410703252627,2.9713690110000073,0.002999999999840561,WITHIN_CONFIGURED_BAND,0.0,DLS_TARGET_SOLVED,51,True,True,True,True,6.481081442574276e-08,1.644582797031235e-05,3,TIGHT_POSITION_AND_NORMAL_TOLERANCES_MET,PASS_4MM_5DEG,,51,51,139.436030201,0.29195814990185864,-0.09999997996259129,0.4742514520569704,6.481081442574276e-08,50,0.418308339745227,4.936148080417987e-08,NONDECREASING,0.00891410819619437,0.00891410703252627,2.9713690119999967,0.0029999999988309365,WITHIN_CONFIGURED_BAND,False,0.0,1.2305378938037848e-11,DLS_TARGET_STATE,DLS_TARGET_STATE
52,P2B1 R0 B0 ordered DLS solve,,DLS_TARGET_SOLVED,52,True,False,True,NOT_RUN,ON_STATE_OPEN_ARCH_SINGLE_PROCESS_SEGMENT,NOT_REPRESENTED,52,52,192.587635974,0.2872899026626341,-0.09999998887133829,0.48183059808334233,0.2872899192241969,-0.09999999999999999,0.4818306605119311,6.553976781814041e-08,51,0.4272098007622503,4.814498819123306e-08,NONDECREASING,0.008901461017023271,0.008901459811495894,2.967153269999983,0.0030000000005041684,WITHIN_CONFIGURED_BAND,0.0,DLS_TARGET_SOLVED,52,True,True,True,True,6.553976781814041e-08,1.5221246090642896e-05,3,TIGHT_POSITION_AND_NORMAL_TOLERANCES_MET,PASS_4MM_5DEG,,52,52,142.403183471,0.2872899026626341,-0.09999998887133829,0.48183059808334233,6.553976781814041e-08,51,0.4272098007622503,4.814498819123306e-08,NONDECREASING,0.008901461017023271,0.008901459811495894,2.9671532700000114,0.0030000000005041398,WITHIN_CONFIGURED_BAND,False,0.0,1.2305378938037848e-11,DLS_TARGET_STATE,DLS_TARGET_STATE
53,P2B1 R0 B0 ordered DLS solve,,DLS_TARGET_SOLVED,53,True,False,True,NOT_RUN,ON_STATE_OPEN_ARCH_SINGLE_PROCESS_SEGMENT,NOT_REPRESENTED,53,53,195.561959481,0.28241160743139654,-0.09999999740210813,0.48930198607521663,0.28241162505745177,-0.1,0.48930205011041333,6.646753554583083e-08,52,0.43613277253252225,4.983522366140415e-08,NONDECREASING,0.008922971770271959,0.008922970519300813,2.9743235070000082,0.0029999999994287066,WITHIN_CONFIGURED_BAND,0.0,DLS_TARGET_SOLVED,53,True,True,True,True,6.646753554583083e-08,1.4055004808322697e-05,3,TIGHT_POSITION_AND_NORMAL_TOLERANCES_MET,PASS_4MM_5DEG,,53,53,145.377506978,0.28241160743139654,-0.09999999740210813,0.48930198607521663,6.646753554583083e-08,52,0.43613277253252225,4.983522366140415e-08,NONDECREASING,0.008922971770271959,0.008922970519300813,2.9743235070000082,0.0029999999994287066,WITHIN_CONFIGURED_BAND,False,0.0,1.2305378938037848e-11,DLS_TARGET_STATE,DLS_TARGET_STATE
54,P2B1 R0 B0 ordered DLS solve,,DLS_TARGET_SOLVED,54,True,False,True,NOT_RUN,ON_STATE_OPEN_ARCH_SINGLE_PROCESS_SEGMENT,NOT_REPRESENTED,54,54,198.543674832,0.27732603635472164,-0.10000000541240378,0.49666083141564865,0.2773260563782646,-0.1,0.49666089627584836,6.809612245091662e-08,53,0.4450779199092376,5.3621359791089974e-08,NONDECREASING,0.008945147376715368,0.00894514605360776,2.981715350999991,0.003000000000203838,WITHIN_CONFIGURED_BAND,0.0,DLS_TARGET_SOLVED,54,True,True,True,True,6.809612245091661e-08,1.2892816251055724e-05,3,TIGHT_POSITION_AND_NORMAL_TOLERANCES_MET,PASS_4MM_5DEG,,54,54,148.359222329,0.27732603635472164,-0.10000000541240378,0.49666083141564865,6.809612245091662e-08,53,0.4450779199092376,5.3621359791089974e-08,NONDECREASING,0.008945147376715368,0.00894514605360776,2.981715350999991,0.003000000000203838,WITHIN_CONFIGURED_BAND,False,0.0,1.2305378938037848e-11,DLS_TARGET_STATE,DLS_TARGET_STATE
55,P2B1 R0 B0 ordered DLS solve,,DLS_TARGET_SOLVED,55,True,False,True,NOT_RUN,ON_STATE_OPEN_ARCH_SINGLE_PROCESS_SEGMENT,NOT_REPRESENTED,55,55,201.531332968,0.2720388654833361,-0.1000000128547763,0.5038982850019681,0.2720388890574341,-0.1,0.5038983501139482,7.043119570483436e-08,54,0.45404089572948914,5.8865333218755584e-08,NONDECREASING,0.008962975820251518,0.008962974407941325,2.987658135999993,0.0029999999999803678,WITHIN_CONFIGURED_BAND,0.0,DLS_TARGET_SOLVED,55,True,True,True,True,7.043119570483436e-08,1.1711118910769313e-05,3,TIGHT_POSITION_AND_NORMAL_TOLERANCES_MET,PASS_4MM_5DEG,,55,55,151.346880465,0.2720388654833361,-0.1000000128547763,0.5038982850019681,7.043119570483436e-08,54,0.45404089572948914,5.8865333218755584e-08,NONDECREASING,0.008962975820251518,0.008962974407941325,2.987658135999993,0.0029999999999803678,WITHIN_CONFIGURED_BAND,False,0.0,1.2305378938037848e-11,DLS_TARGET_STATE,DLS_TARGET_STATE
56,P2B1 R0 B0 ordered DLS solve,,DLS_TARGET_SOLVED,56,True,False,True,NOT_RUN,ON_STATE_OPEN_ARCH_SINGLE_PROCESS_SEGMENT,NOT_REPRESENTED,56,56,204.523445228,0.2665561259488345,-0.10000001963310076,0.5110056184820537,0.26655615425949697,-0.1,0.5110056833192842,7.342219494734638e-08,55,0.46301723402520756,6.505191487831563e-08,NONDECREASING,0.008976338295718422,0.008976336780690616,2.9921122600000274,0.0030000000002307846,WITHIN_CONFIGURED_BAND,0.0,DLS_TARGET_SOLVED,56,True,True,True,True,7.342219494734638e-08,1.0498204131136433e-05,3,TIGHT_POSITION_AND_NORMAL_TOLERANCES_MET,PASS_4MM_5DEG,,56,56,154.338992725,0.2665561259488345,-0.10000001963310076,0.5110056184820537,7.342219494734638e-08,55,0.46301723402520756,6.505191487831563e-08,NONDECREASING,0.008976338295718422,0.008976336780690616,2.992112259999999,0.0030000000002308133,WITHIN_CONFIGURED_BAND,False,0.0,1.2305378938037848e-11,DLS_TARGET_STATE,DLS_TARGET_STATE
57,P2B1 R0 B0 ordered DLS solve,,DLS_TARGET_SOLVED,57,True,False,True,NOT_RUN,ON_STATE_OPEN_ARCH_SINGLE_PROCESS_SEGMENT,NOT_REPRESENTED,57,57,207.5184933,0.2608841853858884,-0.10000002561649797,0.5179742558521984,0.260884219651999,-0.1,0.5179743199253593,7.704376189591058e-08,56,0.4720023798695406,7.17511335698243e-08,NONDECREASING,0.00898514584433302,0.008985144213990395,2.9950480719999746,0.00299999999932905,WITHIN_CONFIGURED_BAND,0.0,DLS_TARGET_SOLVED,57,True,True,True,True,7.704376189591058e-08,9.245548583948333e-06,3,TIGHT_POSITION_AND_NORMAL_TOLERANCES_MET,PASS_4MM_5DEG,,57,57,157.334040797,0.2608841853858884,-0.10000002561649797,0.5179742558521984,7.704376189591058e-08,56,0.4720023798695406,7.17511335698243e-08,NONDECREASING,0.00898514584433302,0.008985144213990395,2.995048072000003,0.002999999999329021,WITHIN_CONFIGURED_BAND,False,0.0,1.2305378938037848e-11,DLS_TARGET_STATE,DLS_TARGET_STATE
58,P2B1 R0 B0 ordered DLS solve,,DLS_TARGET_SOLVED,58,True,False,True,NOT_RUN,ON_STATE_OPEN_ARCH_SINGLE_PROCESS_SEGMENT,NOT_REPRESENTED,58,58,210.514938937,0.2550297281360958,-0.10000003063567088,0.5247958032149358,0.25502976960471996,-0.1,0.5247958660682359,8.129408622092235e-08,57,0.4809917185384448,7.861737583791366e-08,NONDECREASING,0.008989338668904223,0.008989336911682891,2.996445637000022,0.003000000000227878,WITHIN_CONFIGURED_BAND,0.0,DLS_TARGET_SOLVED,58,True,True,True,True,8.129408622092235e-08,7.950425402409132e-06,3,TIGHT_POSITION_AND_NORMAL_TOLERANCES_MET,PASS_4MM_5DEG,,58,58,160.330486434,0.2550297281360958,-0.10000003063567088,0.5247958032149358,8.129408622092235e-08,57,0.4809917185384448,7.861737583791366e-08,NONDECREASING,0.008989338668904223,0.008989336911682891,2.9964456369999937,0.0030000000002279067,WITHIN_CONFIGURED_BAND,False,0.0,1.2305378938037848e-11,DLS_TARGET_STATE,DLS_TARGET_STATE
59,P2B1 R0 B0 ordered DLS solve,,DLS_TARGET_SOLVED,59,True,False,True,NOT_RUN,ON_STATE_OPEN_ARCH_SINGLE_PROCESS_SEGMENT,NOT_REPRESENTED,59,59,213.511233476,0.2489997344177009,-0.10000003448122342,0.531462076871655,0.24899978435336226,-0.1,0.5314621380854874,8.61954657321025e-08,58,0.4899806040516068,8.53702355096916e-08,NONDECREASING,0.008988885513162015,0.008988883618679557,2.99629453899999,0.0030000000005605543,WITHIN_CONFIGURED_BAND,0.0,DLS_TARGET_SOLVED,59,True,True,True,True,8.61954657321025e-08,6.621463477684956e-06,3,TIGHT_POSITION_AND_NORMAL_TOLERANCES_MET,PASS_4MM_5DEG,,59,59,163.326780972,0.2489997344177009,-0.10000003448122342,0.531462076871655,8.61954657321025e-08,58,0.4899806040516068,8.53702355096916e-08,NONDECREASING,0.008988885513162015,0.008988883618679557,2.996294538000001,0.0030000000015617807,WITHIN_CONFIGURED_BAND,False,0.0,1.2305378938037848e-11,DLS_TARGET_STATE,DLS_TARGET_STATE
60,P2B1 R0 B0 ordered DLS solve,,DLS_TARGET_SOLVED,60,True,False,True,NOT_RUN,ON_STATE_OPEN_ARCH_SINGLE_PROCESS_SEGMENT,NOT_REPRESENTED,60,60,216.505827249,0.24280145835404163,-0.10000003690512876,0.5379651300493141,0.2428015180206072,-0.1,0.5379651892494748,9.1797312591011e-08,59,0.49896438741167,9.178181649519464e-08,NONDECREASING,0.008983783360063169,0.008983781319288632,2.994593772999991,0.003000000000096393,WITHIN_CONFIGURED_BAND,0.0,DLS_TARGET_SOLVED,60,True,True,True,True,9.1797312591011e-08,5.292498574294382e-06,3,TIGHT_POSITION_AND_NORMAL_TOLERANCES_MET,PASS_4MM_5DEG,,60,60,166.321374745,0.24280145835404163,-0.10000003690512876,0.5379651300493141,9.1797312591011e-08,59,0.49896438741167,9.178181649519464e-08,NONDECREASING,0.008983783360063169,0.008983781319288632,2.9945937730000196,0.003000000000096365,WITHIN_CONFIGURED_BAND,False,0.0,1.2305378938037848e-11,DLS_TARGET_STATE,DLS_TARGET_STATE
61,P2B1 R0 B0 ordered DLS solve,,DLS_TARGET_SOLVED,61,True,False,True,NOT_RUN,ON_STATE_OPEN_ARCH_SINGLE_PROCESS_SEGMENT,NOT_REPRESENTED,61,61,219.497179004,0.23644240468070798,-0.10000003762621155,0.5442972785220055,0.23644247531507862,-0.1,0.5442973353952572,9.818102089856256e-08,61,0.5079384472254778,9.741056111230987e-08,NONDECREASING,0.008974059813807778,0.008974055265070871,2.991351755000011,0.003000000000023681,WITHIN_CONFIGURED_BAND,0.0,DLS_TARGET_SOLVED,61,True,True,True,True,9.818102089856256e-08,4.062458552553381e-06,3,TIGHT_POSITION_AND_NORMAL_TOLERANCES_MET,PASS_4MM_5DEG,,61,61,169.312726501,0.23644240468070798,-0.10000003762621155,0.5442972785220055,9.818102089856256e-08,61,0.5079384472254778,9.741056111230987e-08,NONDECREASING,0.008974059813807778,0.008974055265070871,2.991351755999972,0.0029999999990208293,WITHIN_CONFIGURED_BAND,False,0.0,1.2305378938037848e-11,DLS_TARGET_STATE,DLS_TARGET_STATE
62,P2B1 R0 B0 ordered DLS solve,,DLS_TARGET_SOLVED,62,True,False,True,NOT_RUN,ON_STATE_OPEN_ARCH_SINGLE_PROCESS_SEGMENT,NOT_REPRESENTED,62,62,222.483765449,0.22993030388953867,-0.1000000363403742,0.5504511253351937,0.22993038666721058,-0.1,0.5504511796504519,1.0546522192146372e-07,62,0.5168982090767454,1.0236674458599256e-07,NONDECREASING,0.008959761851267678,0.008959759333516514,2.9865864450000004,0.0029999999995032832,WITHIN_CONFIGURED_BAND,0.0,DLS_TARGET_SOLVED,62,True,True,True,True,1.0546522192146372e-07,3.2035642262219618e-06,3,TIGHT_POSITION_AND_NORMAL_TOLERANCES_MET,PASS_4MM_5DEG,,62,62,172.299312946,0.22993030388953867,-0.1000000363403742,0.5504511253351937,1.0546522192146372e-07,62,0.5168982090767454,1.0236674458599256e-07,NONDECREASING,0.008959761851267678,0.008959759333516514,2.9865864450000004,0.0029999999995032832,WITHIN_CONFIGURED_BAND,False,0.0,1.2305378938037848e-11,DLS_TARGET_STATE,DLS_TARGET_STATE
63,P2B1 R0 B0 ordered DLS solve,,DLS_TARGET_SOLVED,63,True,False,True,NOT_RUN,ON_STATE_OPEN_ARCH_SINGLE_PROCESS_SEGMENT,NOT_REPRESENTED,63,63,225.464091019,0.22327308551819908,-0.10000003273595,0.5564195847744613,0.2232731815119435,-0.1,0.5564196364083847,1.1380906568552626e-07,63,0.5258391884698191,1.0666394946414521e-07,NONDECREASING,0.0089409793930737,0.008940976709616064,2.980325569999991,0.0029999999998711856,WITHIN_CONFIGURED_BAND,0.0,DLS_TARGET_SOLVED,63,True,True,True,True,1.1380906568552624e-07,3.217953625415627e-06,3,TIGHT_POSITION_AND_NORMAL_TOLERANCES_MET,PASS_4MM_5DEG,,63,63,175.279638515,0.22327308551819908,-0.10000003273595,0.5564195847744613,1.1380906568552626e-07,63,0.5258391884698191,1.0666394946414521e-07,NONDECREASING,0.0089409793930737,0.008940976709616064,2.9803255690000015,0.003000000000877776,WITHIN_CONFIGURED_BAND,False,0.0,1.2305378938037848e-11,DLS_TARGET_STATE,DLS_TARGET_STATE
64,P2B1 R0 B0 ordered DLS solve,,DLS_TARGET_SOLVED,64,True,False,True,NOT_RUN,ON_STATE_OPEN_ARCH_SINGLE_PROCESS_SEGMENT,NOT_REPRESENTED,64,64,228.436697976,0.21647884925900465,-0.10000002651409565,0.5621959056429211,0.21647895939327683,-0.1,0.5621959546083641,1.2341057404661297e-07,64,0.5347570121922376,1.104564154707881e-07,NONDECREASING,0.00891782372241845,0.008917820872903603,2.9726069570000107,0.003000000000640371,WITHIN_CONFIGURED_BAND,0.0,DLS_TARGET_SOLVED,64,True,True,True,True,1.2341057404661297e-07,4.239337429454872e-06,3,TIGHT_POSITION_AND_NORMAL_TOLERANCES_MET,PASS_4MM_5DEG,,64,64,178.252245473,0.21647884925900465,-0.10000002651409565,0.5621959056429211,1.2341057404661297e-07,64,0.5347570121922376,1.104564154707881e-07,NONDECREASING,0.00891782372241845,0.008917820872903603,2.972606958,0.0029999999996311666,WITHIN_CONFIGURED_BAND,False,0.0,1.2305378938037848e-11,DLS_TARGET_STATE,DLS_TARGET_STATE
65,P2B1 R0 B0 ordered DLS solve,,DLS_TARGET_SOLVED,65,True,False,True,NOT_RUN,ON_STATE_OPEN_ARCH_SINGLE_PROCESS_SEGMENT,NOT_REPRESENTED,65,65,231.400176928,0.2095558335471011,-0.1000000174135271,0.5677736938193115,0.20955595855216147,-0.1,0.5677737402950715,1.3449718328020982e-07,65,0.5436474520625337,1.1410685964054689e-07,NONDECREASING,0.00889043987029614,0.008890436855859616,2.9634789520000027,0.0029999999999526256,WITHIN_CONFIGURED_BAND,0.0,DLS_TARGET_SOLVED,65,True,True,True,True,1.344971832802098e-07,5.870534706118849e-06,3,TIGHT_POSITION_AND_NORMAL_TOLERANCES_MET,PASS_4MM_5DEG,,65,65,181.215724425,0.2095558335471011,-0.1000000174135271,0.5677736938193115,1.3449718328020982e-07,65,0.5436474520625337,1.1410685964054689e-07,NONDECREASING,0.00889043987029614,0.008890436855859616,2.9634789520000027,0.0029999999999526256,WITHIN_CONFIGURED_BAND,False,0.0,1.2305378938037848e-11,DLS_TARGET_STATE,DLS_TARGET_STATE
66,P2B1 R0 B0 ordered DLS solve,,DLS_TARGET_SOLVED,66,True,False,True,NOT_RUN,ON_STATE_OPEN_ARCH_SINGLE_PROCESS_SEGMENT,NOT_REPRESENTED,66,66,234.353177848,0.20251238126961973,-0.10000000523836143,0.5731469339873679,0.20251252164041866,-0.1,0.5731469783480996,1.47306741645862e-07,66,0.5525064579992369,1.18225692988257e-07,NONDECREASING,0.00885900593670319,0.008859002759279434,2.953000919999994,0.0029999999997559947,WITHIN_CONFIGURED_BAND,0.0,DLS_TARGET_SOLVED,66,True,True,True,True,1.47306741645862e-07,7.838259800513612e-06,3,TIGHT_POSITION_AND_NORMAL_TOLERANCES_MET,PASS_4MM_5DEG,,66,66,184.168725344,0.20251238126961973,-0.10000000523836143,0.5731469339873679,1.47306741645862e-07,66,0.5525064579992369,1.18225692988257e-07,NONDECREASING,0.00885900593670319,0.008859002759279434,2.9530009190000044,0.0030000000007719,WITHIN_CONFIGURED_BAND,False,0.0,1.2305378938037848e-11,DLS_TARGET_STATE,DLS_TARGET_STATE
67,P2B1 R0 B0 ordered DLS solve,,DLS_TARGET_SOLVED,67,True,False,True,NOT_RUN,ON_STATE_OPEN_ARCH_SINGLE_PROCESS_SEGMENT,NOT_REPRESENTED,67,67,237.299338958,0.19534493292353833,-0.09999998887973194,0.5783186331040443,0.19534509162811,-0.1,0.5783186755677543,1.6466319594862673e-07,67,0.5613449446774231,1.2498682415951476e-07,NONDECREASING,0.008838486678186208,0.00883848332845878,2.9461611099999914,0.0029999999994768808,WITHIN_CONFIGURED_BAND,0.0,DLS_TARGET_SOLVED,67,True,True,True,True,1.6466319594862673e-07,9.955207725920307e-06,3,TIGHT_POSITION_AND_NORMAL_TOLERANCES_MET,PASS_4MM_5DEG,,67,67,187.114886454,0.19534493292353833,-0.09999998887973194,0.5783186331040443,1.6466319594862673e-07,67,0.5613449446774231,1.2498682415951476e-07,NONDECREASING,0.008838486678186208,0.00883848332845878,2.9461611099999914,0.0029999999994768808,WITHIN_CONFIGURED_BAND,False,0.0,1.2305378938037848e-11,DLS_TARGET_STATE,DLS_TARGET_STATE
68,P2B1 R0 B0 ordered DLS solve,,DLS_TARGET_SOLVED,68,True,False,True,NOT_RUN,ON_STATE_OPEN_ARCH_SINGLE_PROCESS_SEGMENT,NOT_REPRESENTED,68,68,240.255684833,0.1880171923509183,-0.09999996433851485,0.5833150364625945,0.18801738076950422,-0.1,0.5833150763653723,1.9587122483544854e-07,68,0.5702139859397168,1.4015320081159728e-07,NONDECREASING,0.008869041262293709,0.008869037626572348,2.956345875000011,0.003000000000531844,WITHIN_CONFIGURED_BAND,0.0,DLS_TARGET_SOLVED,68,True,True,True,True,1.9587122483544854e-07,1.2175338449233074e-05,3,TIGHT_POSITION_AND_NORMAL_TOLERANCES_MET,PASS_4MM_5DEG,,68,68,190.07123233,0.1880171923509183,-0.09999996433851485,0.5833150364625945,1.9587122483544854e-07,68,0.5702139859397168,1.4015320081159728e-07,NONDECREASING,0.008869041262293709,0.008869037626572348,2.9563458760000003,0.0029999999995170886,WITHIN_CONFIGURED_BAND,False,0.0,1.2305378938037848e-11,DLS_TARGET_STATE,DLS_TARGET_STATE
69,P2B1 R0 B0 ordered DLS solve,,DLS_TARGET_SOLVED,69,True,False,True,NOT_RUN,ON_STATE_OPEN_ARCH_SINGLE_PROCESS_SEGMENT,NOT_REPRESENTED,69,69,243.222419288,0.18053355587281425,-0.09999993345349435,0.5881325882240978,0.18053377704995904,-0.1,0.588132626440355,2.3411161678434942e-07,69,0.579114193248594,1.617660376836574e-07,NONDECREASING,0.008900207308877195,0.008900203363526376,2.966734454999994,0.0029999999995032906,WITHIN_CONFIGURED_BAND,0.0,DLS_TARGET_SOLVED,69,True,True,True,True,2.341116167843494e-07,1.507738571899995e-05,3,TIGHT_POSITION_AND_NORMAL_TOLERANCES_MET,PASS_4MM_5DEG,,69,69,193.037966784,0.18053355587281425,-0.09999993345349435,0.5881325882240978,2.3411161678434942e-07,69,0.579114193248594,1.617660376836574e-07,NONDECREASING,0.008900207308877195,0.008900203363526376,2.9667344540000045,0.0030000000005144926,WITHIN_CONFIGURED_BAND,False,0.0,1.2305378938037848e-11,DLS_TARGET_STATE,DLS_TARGET_STATE
70,P2B1 R0 B0 ordered DLS solve,,DLS_TARGET_SOLVED,70,True,False,True,NOT_RUN,ON_STATE_OPEN_ARCH_SINGLE_PROCESS_SEGMENT,NOT_REPRESENTED,70,70,246.197937367,0.1729030039347057,-0.0999998960198522,0.5927648714273679,0.17290325950726812,-0.1,0.5927649094170815,2.7851826536035824e-07,70,0.5880407517543655,1.9066953083525335e-07,NONDECREASING,0.008926558505771509,0.008926554237603223,2.975518079000011,0.0030000000002027177,WITHIN_CONFIGURED_BAND,0.0,DLS_TARGET_SOLVED,70,True,True,True,True,2.7851826536035824e-07,1.884212041828395e-05,3,TIGHT_POSITION_AND_NORMAL_TOLERANCES_MET,PASS_4MM_5DEG,,70,70,196.013484864,0.1729030039347057,-0.0999998960198522,0.5927648714273679,2.7851826536035824e-07,70,0.5880407517543655,1.9066953083525335e-07,NONDECREASING,0.008926558505771509,0.008926554237603223,2.9755180800000005,0.0029999999991945007,WITHIN_CONFIGURED_BAND,False,0.0,1.2305378938037848e-11,DLS_TARGET_STATE,DLS_TARGET_STATE
71,P2B1 R0 B0 ordered DLS solve,,DLS_TARGET_SOLVED,71,True,False,True,NOT_RUN,ON_STATE_OPEN_ARCH_SINGLE_PROCESS_SEGMENT,NOT_REPRESENTED,71,71,249.180584325,0.1651348363446346,-0.09999985176046879,0.5972057292507633,0.1651351272279983,-0.10000000000000002,0.5972057691398351,3.2890610810633785e-07,71,0.5969886972390698,2.2770102083881022e-07,NONDECREASING,0.008947945484704234,0.008947940875810604,2.9826469580000037,0.0030000000006070423,WITHIN_CONFIGURED_BAND,0.0,DLS_TARGET_SOLVED,71,True,True,True,True,3.2890610810633785e-07,2.3675043515655712e-05,3,TIGHT_POSITION_AND_NORMAL_TOLERANCES_MET,PASS_4MM_5DEG,,71,71,198.996131822,0.1651348363446346,-0.09999985176046879,0.5972057292507633,3.2890610810633785e-07,71,0.5969886972390698,2.2770102083881022e-07,NONDECREASING,0.008947945484704234,0.008947940875810604,2.9826469580000037,0.0030000000006070423,WITHIN_CONFIGURED_BAND,False,0.0,1.2305378938037848e-11,DLS_TARGET_STATE,DLS_TARGET_STATE
72,P2B1 R0 B0 ordered DLS solve,,DLS_TARGET_SOLVED,72,True,False,True,NOT_RUN,ON_STATE_OPEN_ARCH_SINGLE_PROCESS_SEGMENT,NOT_REPRESENTED,72,72,252.168666025,0.15723864117630423,-0.0999998009146166,0.6014492881419167,0.15723896722357505,-0.10000000000000002,0.60144933304079,3.8465272847297604e-07,72,0.605952947316377,2.730536495244666e-07,NONDECREASING,0.008964250077307279,0.00896424509937317,2.988081699999981,0.0029999999997902425,WITHIN_CONFIGURED_BAND,0.0,DLS_TARGET_SOLVED,72,True,True,True,True,3.8465272847297604e-07,2.9864666615478435e-05,3,TIGHT_POSITION_AND_NORMAL_TOLERANCES_MET,PASS_4MM_5DEG,,72,72,201.984213521,0.15723864117630423,-0.0999998009146166,0.6014492881419167,3.8465272847297604e-07,72,0.605952947316377,2.730536495244666e-07,NONDECREASING,0.008964250077307279,0.00896424509937317,2.9880816989999914,0.0030000000007942207,WITHIN_CONFIGURED_BAND,False,0.0,1.2305378938037848e-11,DLS_TARGET_STATE,DLS_TARGET_STATE
73,P2B1 R0 B0 ordered DLS solve,,DLS_TARGET_SOLVED,73,True,False,True,NOT_RUN,ON_STATE_OPEN_ARCH_SINGLE_PROCESS_SEGMENT,NOT_REPRESENTED,73,73,255.160459046,0.14922426332580874,-0.09999974462360746,0.605489978303565,0.149224622869159,-0.10000000000000002,0.6054900327800459,4.443604500425211e-07,73,0.6149283317740211,3.260409829518862e-07,NONDECREASING,0.008975384457644009,0.008975379062531177,2.9917930210000065,0.0029999999998432903,WITHIN_CONFIGURED_BAND,0.0,DLS_TARGET_SOLVED,73,True,True,True,True,4.443604500425211e-07,3.7815833706624864e-05,3,TIGHT_POSITION_AND_NORMAL_TOLERANCES_MET,PASS_4MM_5DEG,,73,73,204.976006542,0.14922426332580874,-0.09999974462360746,0.605489978303565,4.443604500425211e-07,73,0.6149283317740211,3.260409829518862e-07,NONDECREASING,0.008975384457644009,0.008975379062531177,2.9917930210000065,0.0029999999998432903,WITHIN_CONFIGURED_BAND,False,0.0,1.2305378938037848e-11,DLS_TARGET_STATE,DLS_TARGET_STATE
74,P2B1 R0 B0 ordered DLS solve,,DLS_TARGET_SOLVED,74,True,False,True,NOT_RUN,ON_STATE_OPEN_ARCH_SINGLE_PROCESS_SEGMENT,NOT_REPRESENTED,74,74,258.154220338,0.14110177354198783,-0.09999968554650301,0.6093225518232355,0.1411021627554808,-0.10000000000000002,0.6093226226116915,5.053505222950961e-07,74,0.6239096215462213,3.8471055832465907e-07,NONDECREASING,0.008981289772200252,0.008981283876787576,2.9937612920000163,0.003000000000263056,WITHIN_CONFIGURED_BAND,0.0,DLS_TARGET_SOLVED,74,True,True,True,True,5.053505222950961e-07,4.8100155970561075e-05,3,TIGHT_POSITION_AND_NORMAL_TOLERANCES_MET,PASS_4MM_5DEG,,74,74,207.969767834,0.14110177354198783,-0.09999968554650301,0.6093225518232355,5.053505222950961e-07,74,0.6239096215462213,3.8471055832465907e-07,NONDECREASING,0.008981289772200252,0.008981283876787576,2.9937612920000163,0.003000000000263056,WITHIN_CONFIGURED_BAND,False,0.0,1.2305378938037848e-11,DLS_TARGET_STATE,DLS_TARGET_STATE
75,P2B1 R0 B0 ordered DLS solve,,DLS_TARGET_SOLVED,75,True,False,True,NOT_RUN,ON_STATE_OPEN_ARCH_SINGLE_PROCESS_SEGMENT,NOT_REPRESENTED,75,75,261.148196531,0.13288143773984498,-0.09999962886095715,0.6129420987908546,0.13288184971003317,-0.10000000000000002,0.612942195871047,5.629282270972924e-07,75,0.6328915566606291,4.452409096862947e-07,NONDECREASING,0.008981935114407813,0.008981928576536641,2.9939761929999804,0.002999999999177248,WITHIN_CONFIGURED_BAND,0.0,DLS_TARGET_SOLVED,75,True,True,True,True,5.629282270972924e-07,6.153483445312304e-05,3,TIGHT_POSITION_AND_NORMAL_TOLERANCES_MET,PASS_4MM_5DEG,,75,75,210.963744027,0.13288143773984498,-0.09999962886095715,0.6129420987908546,5.629282270972924e-07,75,0.6328915566606291,4.452409096862947e-07,NONDECREASING,0.008981935114407813,0.008981928576536641,2.9939761929999804,0.002999999999177248,WITHIN_CONFIGURED_BAND,False,0.0,1.2305378938037848e-11,DLS_TARGET_STATE,DLS_TARGET_STATE
76,P2B1 R0 B0 ordered DLS solve,,DLS_TARGET_SOLVED,76,True,False,True,NOT_RUN,ON_STATE_OPEN_ARCH_SINGLE_PROCESS_SEGMENT,NOT_REPRESENTED,76,76,264.140632997,0.12457368637137864,-0.09999958393007759,0.6163440616395088,0.12457410966569822,-0.10000000000000002,0.6163441999066626,6.094342188805905e-07,76,0.6418688734781958,5.011761806850534e-07,NONDECREASING,0.008977316817566638,0.008977309397915216,2.992436466000015,0.002999999999971652,WITHIN_CONFIGURED_BAND,0.0,DLS_TARGET_SOLVED,76,True,True,True,True,6.094342188805905e-07,7.930837308276762e-05,3,TIGHT_POSITION_AND_NORMAL_TOLERANCES_MET,PASS_4MM_5DEG,,76,76,213.956180493,0.12457368637137864,-0.09999958393007759,0.6163440616395088,6.094342188805905e-07,76,0.6418688734781958,5.011761806850534e-07,NONDECREASING,0.008977316817566638,0.008977309397915216,2.992436466000015,0.002999999999971652,WITHIN_CONFIGURED_BAND,False,0.0,1.2305378938037848e-11,DLS_TARGET_STATE,DLS_TARGET_STATE
77,P2B1 R0 B0 ordered DLS solve,,DLS_TARGET_SOLVED,77,True,False,True,NOT_RUN,ON_STATE_OPEN_ARCH_SINGLE_PROCESS_SEGMENT,NOT_REPRESENTED,77,77,267.12978276,0.11618908364752004,-0.09999956715683617,0.6195242477894976,0.11618949999857874,-0.10000000000000002,0.6195244496960204,6.33614750883372e-07,77,0.6508363314682098,5.430850421006557e-07,NONDECREASING,0.008967457990014083,0.008967449290952166,2.9891497630000003,0.0030000000006530836,WITHIN_CONFIGURED_BAND,0.0,DLS_TARGET_SOLVED,77,True,True,True,True,6.33614750883372e-07,0.00010318539735353992,3,TIGHT_POSITION_AND_NORMAL_TOLERANCES_MET,PASS_4MM_5DEG,,77,77,216.945330256,0.11618908364752004,-0.09999956715683617,0.6195242477894976,6.33614750883372e-07,77,0.6508363314682098,5.430850421006557e-07,NONDECREASING,0.008967457990014083,0.008967449290952166,2.9891497630000003,0.0030000000006530836,WITHIN_CONFIGURED_BAND,False,0.0,1.2305378938037848e-11,DLS_TARGET_STATE,DLS_TARGET_STATE
78,P2B1 R0 B0 ordered DLS solve,,DLS_TARGET_SOLVED,78,True,False,True,NOT_RUN,ON_STATE_OPEN_ARCH_SINGLE_PROCESS_SEGMENT,NOT_REPRESENTED,78,78,270.113915267,0.10773829648958314,-0.09999960701433323,0.622478840448422,0.10773867691340813,-0.10000000000000002,0.6224791402929446,6.237521612184422e-07,78,0.6597887396238813,5.61911288349396e-07,NONDECREASING,0.008952408155671443,0.008952397520804716,2.98413250699997,0.0029999999999345897,WITHIN_CONFIGURED_BAND,0.0,DLS_TARGET_SOLVED,78,True,True,True,True,6.237521612184422e-07,0.0001358487168616956,3,TIGHT_POSITION_AND_NORMAL_TOLERANCES_MET,PASS_4MM_5DEG,,78,78,219.929462763,0.10773829648958314,-0.09999960701433323,0.622478840448422,6.237521612184422e-07,78,0.6597887396238813,5.61911288349396e-07,NONDECREASING,0.008952408155671443,0.008952397520804716,2.984132506999998,0.002999999999934561,WITHIN_CONFIGURED_BAND,False,0.0,1.2305378938037848e-11,DLS_TARGET_STATE,DLS_TARGET_STATE
79,P2B1 R0 B0 ordered DLS solve,,DLS_TARGET_SOLVED,79,True,False,True,NOT_RUN,ON_STATE_OPEN_ARCH_SINGLE_PROCESS_SEGMENT,NOT_REPRESENTED,79,79,273.091324975,0.09923206325925892,-0.09999975315728535,0.6252044070574876,0.09923236141323247,-0.10000000000000002,0.6252048581614256,5.944088496933046e-07,79,0.668720982404783,5.72487634535798e-07,NONDECREASING,0.008932242780901656,0.008932229124383385,2.977409708000039,0.0030000000001287257,WITHIN_CONFIGURED_BAND,0.0,DLS_TARGET_SOLVED,79,True,True,True,True,5.944088496933046e-07,0.00018148743730492784,3,TIGHT_POSITION_AND_NORMAL_TOLERANCES_MET,PASS_4MM_5DEG,,79,79,222.906872471,0.09923206325925892,-0.09999975315728535,0.6252044070574876,5.944088496933046e-07,79,0.668720982404783,5.72487634535798e-07,NONDECREASING,0.008932242780901656,0.008932229124383385,2.9774097080000104,0.0030000000001287543,WITHIN_CONFIGURED_BAND,False,0.0,1.2305378938037848e-11,DLS_TARGET_STATE,DLS_TARGET_STATE
80,P2B1 R0 B0 ordered DLS solve,,DLS_TARGET_SOLVED,80,True,False,True,NOT_RUN,ON_STATE_OPEN_ARCH_SINGLE_PROCESS_SEGMENT,NOT_REPRESENTED,80,80,276.060350643,0.0906813253398357,-0.10000002343129615,0.6276985806101724,0.09068130340972753,-0.10000000000000002,0.6276985913357311,3.383774361652898e-08,79,0.6776280593896888,2.379718197539365e-08,NONDECREASING,0.008907076984905893,0.008907077003743843,2.969025667999972,0.0029999999999137518,WITHIN_CONFIGURED_BAND,0.0,DLS_TARGET_SOLVED,80,True,True,True,True,3.383774361652898e-08,2.5289793823148082e-05,4,TIGHT_POSITION_AND_NORMAL_TOLERANCES_MET,PASS_4MM_5DEG,,80,80,225.875898139,0.0906813253398357,-0.10000002343129615,0.6276985806101724,3.383774361652898e-08,79,0.6776280593896888,2.379718197539365e-08,NONDECREASING,0.008907076984905893,0.008907077003743843,2.969025667999972,0.0029999999999137518,WITHIN_CONFIGURED_BAND,False,0.0,1.2305378938037848e-11,DLS_TARGET_STATE,DLS_TARGET_STATE
81,P2B1 R0 B0 ordered DLS solve,,DLS_TARGET_SOLVED,81,True,False,True,NOT_RUN,ON_STATE_OPEN_ARCH_SINGLE_PROCESS_SEGMENT,NOT_REPRESENTED,81,81,279.019451274,0.08209629181855782,-0.10000005543568219,0.629957715034851,0.08209624352700076,-0.10000000000000002,0.6299577382456236,7.709688260362656e-08,80,0.6865053614016178,5.635851341265137e-08,NONDECREASING,0.008877302011928934,0.008877301893664372,2.9591006310000125,0.003000000000224506,WITHIN_CONFIGURED_BAND,0.0,DLS_TARGET_SOLVED,81,True,True,True,True,7.709688260362656e-08,4.3891373063635014e-05,4,TIGHT_POSITION_AND_NORMAL_TOLERANCES_MET,PASS_4MM_5DEG,,81,81,228.834998771,0.08209629181855782,-0.10000005543568219,0.629957715034851,7.709688260362656e-08,80,0.6865053614016178,5.635851341265137e-08,NONDECREASING,0.008877302011928934,0.008877301893664372,2.959100632000002,0.002999999999210695,WITHIN_CONFIGURED_BAND,False,0.0,1.2305378938037848e-11,DLS_TARGET_STATE,DLS_TARGET_STATE
82,P2B1 R0 B0 ordered DLS solve,,DLS_TARGET_SOLVED,82,True,False,True,NOT_RUN,ON_STATE_OPEN_ARCH_SINGLE_PROCESS_SEGMENT,NOT_REPRESENTED,82,82,281.972412997,0.07347220204634276,-0.10000014366396254,0.6319837757446072,0.07347208673925577,-0.10000000000000002,0.6319838315194175,1.9247308358130533e-07,81,0.6953642468567991,1.4635282218406638e-07,NONDECREASING,0.00885888545518132,0.008858885167255887,2.952961722999987,0.002999999999409381,WITHIN_CONFIGURED_BAND,0.0,DLS_TARGET_SOLVED,82,True,True,True,True,1.9247308358130533e-07,8.147364757285634e-05,4,TIGHT_POSITION_AND_NORMAL_TOLERANCES_MET,PASS_4MM_5DEG,,82,82,231.787960493,0.07347220204634276,-0.10000014366396254,0.6319837757446072,1.9247308358130533e-07,81,0.6953642468567991,1.4635282218406638e-07,NONDECREASING,0.00885888545518132,0.008858885167255887,2.952961722000026,0.0030000000004252706,WITHIN_CONFIGURED_BAND,False,0.0,1.2305378938037848e-11,DLS_TARGET_STATE,DLS_TARGET_STATE
83,P2B1 R0 B0 ordered DLS solve,,DLS_TARGET_SOLVED,83,True,False,True,NOT_RUN,ON_STATE_OPEN_ARCH_SINGLE_PROCESS_SEGMENT,NOT_REPRESENTED,83,83,284.934403032,0.06477087247492956,-0.10000041575991679,0.6337858102381613,0.0647705689479703,-0.10000000000000002,0.6337859620022186,5.366723884150584e-07,82,0.7042502177418334,4.2477619361468226e-07,NONDECREASING,0.008885970885034289,0.008885970104628129,2.9619900349999853,0.0029999999998744672,WITHIN_CONFIGURED_BAND,0.0,DLS_TARGET_SOLVED,83,True,True,True,True,5.366723884150584e-07,0.00016480921390415017,4,TIGHT_POSITION_AND_NORMAL_TOLERANCES_MET,PASS_4MM_5DEG,,83,83,234.749950529,0.06477087247492956,-0.10000041575991679,0.6337858102381613,5.366723884150584e-07,82,0.7042502177418334,4.2477619361468226e-07,NONDECREASING,0.008885970885034289,0.008885970104628129,2.9619900359999747,0.0029999999988616455,WITHIN_CONFIGURED_BAND,False,0.0,1.2305378938037848e-11,DLS_TARGET_STATE,DLS_TARGET_STATE
84,P2B1 R0 B0 ordered DLS solve,,DLS_TARGET_SOLVED,84,True,False,True,NOT_RUN,ON_STATE_OPEN_ARCH_SINGLE_PROCESS_SEGMENT,NOT_REPRESENTED,84,84,287.905391502,0.05599843237938265,-0.10000012616777552,0.6353622768919499,0.055998352437027964,-0.10000000000000003,0.6353623208297512,1.556907769496353e-07,83,0.7131631855621249,1.294815372881571e-07,NONDECREASING,0.008912967820291495,0.008912965411372929,2.970988470000009,0.003000000000462103,WITHIN_CONFIGURED_BAND,0.0,DLS_TARGET_SOLVED,84,True,True,True,True,1.556907769496353e-07,0.00011574316135993146,5,TIGHT_POSITION_AND_NORMAL_TOLERANCES_MET,PASS_4MM_5DEG,,84,84,237.720938999,0.05599843237938265,-0.10000012616777552,0.6353622768919499,1.556907769496353e-07,83,0.7131631855621249,1.294815372881571e-07,NONDECREASING,0.008912967820291495,0.008912965411372929,2.970988470000009,0.003000000000462103,WITHIN_CONFIGURED_BAND,False,0.0,1.2305378938037848e-11,DLS_TARGET_STATE,DLS_TARGET_STATE
85,P2B1 R0 B0 ordered DLS solve,,DLS_TARGET_SOLVED,85,True,False,True,NOT_RUN,ON_STATE_OPEN_ARCH_SINGLE_PROCESS_SEGMENT,NOT_REPRESENTED,85,85,290.883725746,0.04716574699046172,-0.10000004337168442,0.6367105879130025,0.04716572372744993,-0.10000000000000003,0.6367106024224041,5.131075381959142e-08,84,0.7220981890883438,4.470407222906225e-08,NONDECREASING,0.008935003526218899,0.008935002730609787,2.9783342439999956,0.0029999999995332293,WITHIN_CONFIGURED_BAND,0.0,DLS_TARGET_SOLVED,85,True,True,True,True,5.131075381959142e-08,9.671182495946636e-05,7,TIGHT_POSITION_AND_NORMAL_TOLERANCES_MET,PASS_4MM_5DEG,,85,85,240.699273243,0.04716574699046172,-0.10000004337168442,0.6367105879130025,5.131075381959142e-08,84,0.7220981890883438,4.470407222906225e-08,NONDECREASING,0.008935003526218899,0.008935002730609787,2.9783342439999956,0.0029999999995332293,WITHIN_CONFIGURED_BAND,False,0.0,1.2305378938037848e-11,DLS_TARGET_STATE,DLS_TARGET_STATE
86,P2B1 R0 B0 ordered DLS solve,,DLS_TARGET_SOLVED,86,True,False,True,NOT_RUN,ON_STATE_OPEN_ARCH_SINGLE_PROCESS_SEGMENT,NOT_REPRESENTED,86,86,293.86795604,0.038283168228984754,-0.10000002805058016,0.6378288314319976,0.03828315566612697,-0.10000000000000003,0.6378288404273151,3.202461830562139e-08,85,0.7310508802629117,2.8998989913039423e-08,NONDECREASING,0.008952691174567873,0.008952690881620512,2.9842302940000422,0.0029999999998727932,WITHIN_CONFIGURED_BAND,0.0,DLS_TARGET_SOLVED,86,True,True,True,True,3.202461830562139e-08,0.00019422922791679075,16,TIGHT_POSITION_AND_NORMAL_TOLERANCES_MET,PASS_4MM_5DEG,,86,86,243.683503537,0.038283168228984754,-0.10000002805058016,0.6378288314319976,3.202461830562139e-08,85,0.7310508802629117,2.8998989913039423e-08,NONDECREASING,0.008952691174567873,0.008952690881620512,2.984230294000014,0.002999999999872822,WITHIN_CONFIGURED_BAND,False,0.0,1.2305378938037848e-11,DLS_TARGET_STATE,DLS_TARGET_STATE
87,P2B1 R0 B0 ordered DLS solve,,DLS_TARGET_SOLVED,87,True,False,True,NOT_RUN,ON_STATE_OPEN_ARCH_SINGLE_PROCESS_SEGMENT,NOT_REPRESENTED,87,87,296.85656785,0.02936127549764698,-0.10000003296798485,0.6387154176138301,0.029361270063812568,-0.10000000000000003,0.6387154176141094,3.341279065259089e-08,86,0.7400167158906933,3.297235866986205e-08,NONDECREASING,0.008965835627781638,0.00896583543052951,2.988611809999952,0.0030000000001772237,WITHIN_CONFIGURED_BAND,0.0,DLS_TARGET_SOLVED,87,True,True,True,False,3.34127906525909e-08,0.005011724070561101,29,NO_IMPROVING_LINE_SEARCH_BEFORE_TIGHT_CONVERGENCE,PASS_4MM_5DEG,,87,87,246.672115347,0.02936127549764698,-0.10000003296798485,0.6387154176138301,3.341279065259089e-08,86,0.7400167158906933,3.297235866986205e-08,NONDECREASING,0.008965835627781638,0.00896583543052951,2.9886118099999806,0.003000000000177195,WITHIN_CONFIGURED_BAND,False,0.0,1.2305378938037848e-11,DLS_TARGET_STATE,DLS_TARGET_STATE
88,P2B1 R0 B0 ordered DLS solve,,DLS_TARGET_SOLVED,88,True,False,True,NOT_RUN,ON_STATE_OPEN_ARCH_SINGLE_PROCESS_SEGMENT,NOT_REPRESENTED,88,88,299.848002334,0.02041080866437997,-0.10000006395909794,0.6393690734259758,0.02041080134672876,-0.10000000000000003,0.6393690734265176,6.437634833217681e-08,87,0.7489910193308131,6.396131415858521e-08,NONDECREASING,0.008974303440119846,0.008974303452364706,2.991434484000024,0.0030000000001218926,WITHIN_CONFIGURED_BAND,0.0,DLS_TARGET_SOLVED,88,True,True,True,False,6.437634833217681e-08,0.009656859216485634,14,NO_IMPROVING_LINE_SEARCH_BEFORE_TIGHT_CONVERGENCE,PASS_4MM_5DEG,,88,88,249.663549831,0.02041080866437997,-0.10000006395909794,0.6393690734259758,6.437634833217681e-08,87,0.7489910193308131,6.396131415858521e-08,NONDECREASING,0.008974303440119846,0.008974303452364706,2.991434484000024,0.0030000000001218926,WITHIN_CONFIGURED_BAND,False,0.0,1.2305378938037848e-11,DLS_TARGET_STATE,DLS_TARGET_STATE
89,P2B1 R0 B0 ordered DLS solve,,DLS_TARGET_SOLVED,89,True,False,True,NOT_RUN,ON_STATE_OPEN_ARCH_SINGLE_PROCESS_SEGMENT,NOT_REPRESENTED,89,89,302.840690314,0.011442566372016943,-0.10000008414502187,0.6397889094634754,0.011442560997909619,-0.10000000000000003,0.6397889094644962,8.431646180247514e-08,88,0.7579690832595177,8.414539407329067e-08,NONDECREASING,0.008978063928704594,0.008978063940144318,2.992687980000028,0.0030000000000481955,WITHIN_CONFIGURED_BAND,0.0,DLS_TARGET_SOLVED,89,True,True,True,False,8.431646180247514e-08,0.012647746476190878,10,NO_IMPROVING_LINE_SEARCH_BEFORE_TIGHT_CONVERGENCE,PASS_4MM_5DEG,,89,89,252.656237811,0.011442566372016943,-0.10000008414502187,0.6397889094634754,8.431646180247514e-08,88,0.7579690832595177,8.414539407329067e-08,NONDECREASING,0.008978063928704594,0.008978063940144318,2.9926879799999995,0.003000000000048224,WITHIN_CONFIGURED_BAND,False,0.0,1.2305378938037848e-11,DLS_TARGET_STATE,DLS_TARGET_STATE
90,P2B1 R0 B0 ordered DLS solve,,DLS_TARGET_SOLVED,90,True,False,True,NOT_RUN,ON_STATE_OPEN_ARCH_SINGLE_PROCESS_SEGMENT,NOT_REPRESENTED,90,90,305.833049999,0.0024674037442203407,-0.1000000929698245,0.6399743930968265,0.0024674025093967913,-0.10000000000000003,0.6399743930976929,9.297802455851936e-08,89,0.7669461623105879,9.296982773113819e-08,NONDECREASING,0.008977079051070147,0.008977079055779545,2.9923596849999967,0.003000000000260515,WITHIN_CONFIGURED_BAND,0.0,DLS_TARGET_SOLVED,90,True,True,True,False,9.297802455851936e-08,0.013946885420758165,9,NO_IMPROVING_LINE_SEARCH_BEFORE_TIGHT_CONVERGENCE,PASS_4MM_5DEG,,90,90,255.648597496,0.0024674037442203407,-0.1000000929698245,0.6399743930968265,9.297802455851936e-08,89,0.7669461623105879,9.296982773113819e-08,NONDECREASING,0.008977079051070147,0.008977079055779545,2.9923596849999967,0.003000000000260515,WITHIN_CONFIGURED_BAND,False,0.0,1.2305378938037848e-11,DLS_TARGET_STATE,DLS_TARGET_STATE
91,P2B1 R0 B0 ordered DLS solve,,DLS_TARGET_SOLVED,91,True,False,True,NOT_RUN,ON_STATE_OPEN_ARCH_SINGLE_PROCESS_SEGMENT,NOT_REPRESENTED,91,91,308.823501523,-0.006503816827011363,-0.10000009022987963,0.6399253593297769,-0.006503813468898588,-0.10000000000000003,0.6399253593313228,9.029234793523526e-08,91,0.7759175168803005,9.02299402713154e-08,NONDECREASING,0.008971354569712653,0.008971354571524271,2.9904515239999796,0.002999999999840938,WITHIN_CONFIGURED_BAND,0.0,DLS_TARGET_SOLVED,91,True,True,True,False,9.029234793523526e-08,0.013543729383892462,9,NO_IMPROVING_LINE_SEARCH_BEFORE_TIGHT_CONVERGENCE,PASS_4MM_5DEG,,91,91,258.63904902,-0.006503816827011363,-0.10000009022987963,0.6399253593297769,9.029234793523526e-08,91,0.7759175168803005,9.02299402713154e-08,NONDECREASING,0.008971354569712653,0.008971354571524271,2.990451524000008,0.0029999999998409094,WITHIN_CONFIGURED_BAND,False,0.0,1.2305378938037848e-11,DLS_TARGET_STATE,DLS_TARGET_STATE
92,P2B1 R0 B0 ordered DLS solve,,DLS_TARGET_SOLVED,92,True,False,True,NOT_RUN,ON_STATE_OPEN_ARCH_SINGLE_PROCESS_SEGMENT,NOT_REPRESENTED,92,92,311.81047648,-0.015460260777054079,-0.10000007608038654,0.6396420109611367,-0.015460254117797723,-0.10000000000000003,0.6396420109623251,7.637127016966594e-08,92,0.7848784417426661,7.60813542480339e-08,NONDECREASING,0.008960924862365549,0.008960924870149734,2.9869749569999726,0.0029999999997153697,WITHIN_CONFIGURED_BAND,0.0,DLS_TARGET_SOLVED,92,True,True,True,False,7.637127016966594e-08,0.011455896124613922,11,NO_IMPROVING_LINE_SEARCH_BEFORE_TIGHT_CONVERGENCE,PASS_4MM_5DEG,,92,92,261.626023977,-0.015460260777054079,-0.10000007608038654,0.6396420109611367,7.637127016966594e-08,92,0.7848784417426661,7.60813542480339e-08,NONDECREASING,0.008960924862365549,0.008960924870149734,2.9869749569999726,0.0029999999997153697,WITHIN_CONFIGURED_BAND,False,0.0,1.2305378938037848e-11,DLS_TARGET_STATE,DLS_TARGET_STATE
93,P2B1 R0 B0 ordered DLS solve,,DLS_TARGET_SOLVED,93,True,False,True,NOT_RUN,ON_STATE_OPEN_ARCH_SINGLE_PROCESS_SEGMENT,NOT_REPRESENTED,93,93,314.792427597,-0.024391156926544887,-0.10000005103913,0.639124916978522,-0.024391149906495685,-0.10000000000000003,0.6391249169788671,5.151964555780754e-08,93,0.7938242950829563,5.104253330134688e-08,NONDECREASING,0.008945853340290189,0.008945853353396371,2.981951117000051,0.003000000000803574,WITHIN_CONFIGURED_BAND,0.0,DLS_TARGET_SOLVED,93,True,True,True,False,5.151964555780755e-08,0.007728163861707137,18,NO_IMPROVING_LINE_SEARCH_BEFORE_TIGHT_CONVERGENCE,PASS_4MM_5DEG,,93,93,264.607975094,-0.024391156926544887,-0.10000005103913,0.639124916978522,5.151964555780754e-08,93,0.7938242950829563,5.104253330134688e-08,NONDECREASING,0.008945853340290189,0.008945853353396371,2.981951116999994,0.003000000000803631,WITHIN_CONFIGURED_BAND,False,0.0,1.2305378938037848e-11,DLS_TARGET_STATE,DLS_TARGET_STATE
94,P2B1 R0 B0 ordered DLS solve,,DLS_TARGET_SOLVED,94,True,False,True,NOT_RUN,ON_STATE_OPEN_ARCH_SINGLE_PROCESS_SEGMENT,NOT_REPRESENTED,94,94,317.767838657,-0.03328583381244386,-0.10000001592157787,0.6383750090724251,-0.03328583083270309,-0.10000000000000003,0.6383750090725249,1.619800900756786e-08,94,0.8027505282546818,1.5924964397640233e-08,NONDECREASING,0.008926233171725584,0.008926233179421513,2.975411059999999,0.0029999999998055783,WITHIN_CONFIGURED_BAND,0.0,DLS_TARGET_SOLVED,94,True,True,True,False,1.619800900756786e-08,0.0024294030156750937,57,NO_IMPROVING_LINE_SEARCH_BEFORE_TIGHT_CONVERGENCE,PASS_4MM_5DEG,,94,94,267.583386153,-0.03328583381244386,-0.10000001592157787,0.6383750090724251,1.619800900756786e-08,94,0.8027505282546818,1.5924964397640233e-08,NONDECREASING,0.008926233171725584,0.008926233179421513,2.9754110590000096,0.0030000000008138317,WITHIN_CONFIGURED_BAND,False,0.0,1.2305378938037848e-11,DLS_TARGET_STATE,DLS_TARGET_STATE
95,P2B1 R0 B0 ordered DLS solve,,DLS_TARGET_SOLVED,95,True,False,True,NOT_RUN,ON_STATE_OPEN_ARCH_SINGLE_PROCESS_SEGMENT,NOT_REPRESENTED,95,95,320.735245434,-0.0421337866289789,-0.10000006501618032,0.6373935521276977,-0.042133763720954585,-0.10000000000000003,0.6373935760516583,7.296737056762237e-08,95,0.8116527491366006,6.819348603117085e-08,NONDECREASING,0.008902220881918721,0.008902220328681732,2.967406776999951,0.0029999999992188055,WITHIN_CONFIGURED_BAND,0.0,DLS_TARGET_SOLVED,95,True,True,True,True,7.296737056762239e-08,0.00018387771806916637,13,TIGHT_POSITION_AND_NORMAL_TOLERANCES_MET,PASS_4MM_5DEG,,95,95,270.550792931,-0.0421337866289789,-0.10000006501618032,0.6373935521276977,7.296737056762237e-08,95,0.8116527491366006,6.819348603117085e-08,NONDECREASING,0.008902220881918721,0.008902220328681732,2.9674067779999973,0.0029999999982077753,WITHIN_CONFIGURED_BAND,False,0.0,1.2305378938037848e-11,DLS_TARGET_STATE,DLS_TARGET_STATE
96,P2B1 R0 B0 ordered DLS solve,,DLS_TARGET_SOLVED,96,True,False,True,NOT_RUN,ON_STATE_OPEN_ARCH_SINGLE_PROCESS_SEGMENT,NOT_REPRESENTED,96,96,323.693225767,-0.05092465856124549,-0.1000001553856174,0.6361821894518995,-0.05092459079763393,-0.10000000000000003,0.6361822558692805,1.8206555310589683e-07,96,0.8205266916115379,1.646665316652403e-07,NONDECREASING,0.008873942474937335,0.008873940999916325,2.957980333000023,0.003000000000309757,WITHIN_CONFIGURED_BAND,0.0,DLS_TARGET_SOLVED,96,True,True,True,True,1.8206555310589683e-07,0.00017021916319217472,5,TIGHT_POSITION_AND_NORMAL_TOLERANCES_MET,PASS_4MM_5DEG,,96,96,273.508773264,-0.05092465856124549,-0.1000001553856174,0.6361821894518995,1.8206555310589683e-07,96,0.8205266916115379,1.646665316652403e-07,NONDECREASING,0.008873942474937335,0.008873940999916325,2.957980333000023,0.003000000000309757,WITHIN_CONFIGURED_BAND,False,0.0,1.2305378938037848e-11,DLS_TARGET_STATE,DLS_TARGET_STATE
97,P2B1 R0 B0 ordered DLS solve,,DLS_TARGET_SOLVED,97,True,False,True,NOT_RUN,ON_STATE_OPEN_ARCH_SINGLE_PROCESS_SEGMENT,NOT_REPRESENTED,97,97,326.646732905,-0.0596670115169479,-0.10000004057012862,0.6347399327014266,-0.05966699032502039,-0.10000000000000005,0.6347399528772524,5.0020966309626016e-08,97,0.8293872134537271,4.354182909240447e-08,NONDECREASING,0.008860521842189217,0.008860521415218519,2.9535071380000204,0.003000000000412546,WITHIN_CONFIGURED_BAND,0.0,DLS_TARGET_SOLVED,97,True,True,True,True,5.0020966309626016e-08,6.759965021626087e-05,4,TIGHT_POSITION_AND_NORMAL_TOLERANCES_MET,PASS_4MM_5DEG,,97,97,276.462280402,-0.0596670115169479,-0.10000004057012862,0.6347399327014266,5.0020966309626016e-08,97,0.8293872134537271,4.354182909240447e-08,NONDECREASING,0.008860521842189217,0.008860521415218519,2.9535071379999636,0.0030000000004126036,WITHIN_CONFIGURED_BAND,False,0.0,1.2305378938037848e-11,DLS_TARGET_STATE,DLS_TARGET_STATE
98,P2B1 R0 B0 ordered DLS solve,,DLS_TARGET_SOLVED,98,True,False,True,NOT_RUN,ON_STATE_OPEN_ARCH_SINGLE_PROCESS_SEGMENT,NOT_REPRESENTED,98,98,329.610401573,-0.06839797291644059,-0.10000008729257807,0.6330605575818091,-0.06839780537108649,-0.10000000000000005,0.6330606675017907,2.185722814243338e-07,98,0.8382782214060063,1.1276054724774678e-07,NONDECREASING,0.00889100795227915,0.0088910060034849,2.9636686679999684,0.002999999999826227,WITHIN_CONFIGURED_BAND,0.0,DLS_TARGET_SOLVED,98,True,True,True,True,2.185722814243338e-07,8.085156922652891e-05,3,TIGHT_POSITION_AND_NORMAL_TOLERANCES_MET,PASS_4MM_5DEG,,98,98,279.42594907,-0.06839797291644059,-0.10000008729257807,0.6330605575818091,2.185722814243338e-07,98,0.8382782214060063,1.1276054724774678e-07,NONDECREASING,0.00889100795227915,0.0088910060034849,2.9636686680000253,0.0029999999998261695,WITHIN_CONFIGURED_BAND,False,0.0,1.2305378938037848e-11,DLS_TARGET_STATE,DLS_TARGET_STATE
99,P2B1 R0 B0 ordered DLS solve,,DLS_TARGET_SOLVED,99,True,False,True,NOT_RUN,ON_STATE_OPEN_ARCH_SINGLE_PROCESS_SEGMENT,NOT_REPRESENTED,99,99,332.583259367,-0.07710851473329908,-0.10000002789598854,0.6311455086428943,-0.07710845212702429,-0.10000000000000005,0.6311455565643691,8.363133122705258e-08,99,0.8471967956410855,4.205425986545004e-08,NONDECREASING,0.008918574235079246,0.00891857338284588,2.9728577939999923,0.0030000000002845424,WITHIN_CONFIGURED_BAND,0.0,DLS_TARGET_SOLVED,99,True,True,True,True,8.363133122705258e-08,3.761531554890267e-05,3,TIGHT_POSITION_AND_NORMAL_TOLERANCES_MET,PASS_4MM_5DEG,,99,99,282.398806864,-0.07710851473329908,-0.10000002789598854,0.6311455086428943,8.363133122705258e-08,99,0.8471967956410855,4.205425986545004e-08,NONDECREASING,0.008918574235079246,0.00891857338284588,2.9728577939999923,0.0030000000002845424,WITHIN_CONFIGURED_BAND,False,0.0,1.2305378938037848e-11,DLS_TARGET_STATE,DLS_TARGET_STATE
100,P2B1 R0 B0 ordered DLS solve,,DLS_TARGET_SOLVED,100,True,False,True,NOT_RUN,ON_STATE_OPEN_ARCH_SINGLE_PROCESS_SEGMENT,NOT_REPRESENTED,100,100,335.563791079,-0.08578802925175735,-0.10000001143241324,0.6289965202166963,-0.08578800116282849,-0.10000000000000005,0.6289965448997197,3.9101657771826415e-08,100,0.8561383912143534,1.993613769043647e-08,NONDECREASING,0.008941595573267902,0.008941595133550398,2.9805317120000154,0.002999999999178117,WITHIN_CONFIGURED_BAND,0.0,DLS_TARGET_SOLVED,100,True,True,True,True,3.9101657771826415e-08,1.9862252705467755e-05,3,TIGHT_POSITION_AND_NORMAL_TOLERANCES_MET,PASS_4MM_5DEG,,100,100,285.379338576,-0.08578802925175735,-0.10000001143241324,0.6289965202166963,3.9101657771826415e-08,100,0.8561383912143534,1.993613769043647e-08,NONDECREASING,0.008941595573267902,0.008941595133550398,2.9805317120000154,0.002999999999178117,WITHIN_CONFIGURED_BAND,False,0.0,1.2305378938037848e-11,DLS_TARGET_STATE,DLS_TARGET_STATE
101,P2B1 R0 B0 ordered DLS solve,,DLS_TARGET_SOLVED,101,True,False,True,NOT_RUN,ON_STATE_OPEN_ARCH_SINGLE_PROCESS_SEGMENT,NOT_REPRESENTED,101,101,338.550303039,-0.09442551483589087,-0.10000000591634735,0.6266159475971566,-0.09442549849485184,-0.10000000000000005,0.6266159631954638,2.3352513991124913e-08,101,0.8650979273688812,1.1767105845579612e-08,NONDECREASING,0.008959536154527825,0.008959535881564793,2.98651196000003,0.0030000000005239234,WITHIN_CONFIGURED_BAND,0.0,DLS_TARGET_SOLVED,101,True,True,True,True,2.3352513991124913e-08,1.2301022140185948e-05,3,TIGHT_POSITION_AND_NORMAL_TOLERANCES_MET,PASS_4MM_5DEG,,101,101,288.365850536,-0.09442551483589087,-0.10000000591634735,0.6266159475971566,2.3352513991124913e-08,101,0.8650979273688812,1.1767105845579612e-08,NONDECREASING,0.008959536154527825,0.008959535881564793,2.986511959999973,0.0030000000005239802,WITHIN_CONFIGURED_BAND,False,0.0,1.2305378938037848e-11,DLS_TARGET_STATE,DLS_TARGET_STATE
102,P2B1 R0 B0 ordered DLS solve,,DLS_TARGET_SOLVED,102,True,False,True,NOT_RUN,ON_STATE_OPEN_ARCH_SINGLE_PROCESS_SEGMENT,NOT_REPRESENTED,102,102,341.541079708,-0.10301001516607805,-0.10000000359084275,0.6240065300740663,-0.1030100033630856,-0.10000000000000005,0.6240065415195473,1.6828660596704442e-08,102,0.8740702575658199,7.986417776686724e-09,NONDECREASING,0.00897233019693866,0.008972330005567108,2.990776668999956,0.00299999999952094,WITHIN_CONFIGURED_BAND,0.0,DLS_TARGET_SOLVED,102,True,True,True,True,1.6828660596704442e-08,8.7238890457526e-06,3,TIGHT_POSITION_AND_NORMAL_TOLERANCES_MET,PASS_4MM_5DEG,,102,102,291.356627205,-0.10301001516607805,-0.10000000359084275,0.6240065300740663,1.6828660596704442e-08,102,0.8740702575658199,7.986417776686724e-09,NONDECREASING,0.00897233019693866,0.008972330005567108,2.990776669000013,0.0029999999995208833,WITHIN_CONFIGURED_BAND,False,0.0,1.2305378938037848e-11,DLS_TARGET_STATE,DLS_TARGET_STATE
103,P2B1 R0 B0 ordered DLS solve,,DLS_TARGET_SOLVED,103,True,False,True,NOT_RUN,ON_STATE_OPEN_ARCH_SINGLE_PROCESS_SEGMENT,NOT_REPRESENTED,103,103,344.534386153,-0.1115306339127762,-0.10000000246127257,0.6211713920772156,-0.11153062399729807,-0.10000000000000005,0.6211714014302503,1.3851130883300454e-08,103,0.8830501770479002,5.952266913041077e-09,NONDECREASING,0.008979919482080323,0.00897991933637333,2.99330644500003,0.00300000000045877,WITHIN_CONFIGURED_BAND,0.0,DLS_TARGET_SOLVED,103,True,True,True,True,1.3851130883300454e-08,6.882584303785177e-06,3,TIGHT_POSITION_AND_NORMAL_TOLERANCES_MET,PASS_4MM_5DEG,,103,103,294.34993365,-0.1115306339127762,-0.10000000246127257,0.6211713920772156,1.3851130883300454e-08,103,0.8830501770479002,5.952266913041077e-09,NONDECREASING,0.008979919482080323,0.00897991933637333,2.99330644500003,0.00300000000045877,WITHIN_CONFIGURED_BAND,False,0.0,1.2305378938037848e-11,DLS_TARGET_STATE,DLS_TARGET_STATE
104,P2B1 R0 B0 ordered DLS solve,,DLS_TARGET_SOLVED,104,True,False,True,NOT_RUN,ON_STATE_OPEN_ARCH_SINGLE_PROCESS_SEGMENT,NOT_REPRESENTED,104,104,347.528474652,-0.11997656092187056,-0.10000000186456622,0.6181140385744268,-0.11997655181437565,-0.10000000000000005,0.6181140468188251,1.2425504958318878e-08,104,0.8920324426638614,4.7362585398909e-09,NONDECREASING,0.00898226561596116,0.008982265498412126,2.994088498999986,0.003000000000471652,WITHIN_CONFIGURED_BAND,0.0,DLS_TARGET_SOLVED,104,True,True,True,True,1.2425504958318878e-08,5.855696200947303e-06,3,TIGHT_POSITION_AND_NORMAL_TOLERANCES_MET,PASS_4MM_5DEG,,104,104,297.34402215,-0.11997656092187056,-0.10000000186456622,0.6181140385744268,1.2425504958318878e-08,104,0.8920324426638614,4.7362585398909e-09,NONDECREASING,0.00898226561596116,0.008982265498412126,2.9940884999999753,0.002999999999469688,WITHIN_CONFIGURED_BAND,False,0.0,1.2305378938037848e-11,DLS_TARGET_STATE,DLS_TARGET_STATE
105,P2B1 R0 B0 ordered DLS solve,,DLS_TARGET_SOLVED,105,True,False,True,NOT_RUN,ON_STATE_OPEN_ARCH_SINGLE_PROCESS_SEGMENT,NOT_REPRESENTED,105,105,350.521593256,-0.12833710325773945,-0.1000000015314122,0.6148383458794985,-0.12833709448884237,-0.10000000000000005,0.614838353533623,1.1739863794313616e-08,105,0.9010117985737727,3.949186140112588e-09,NONDECREASING,0.00897935590991128,0.008979355811051422,2.993118604000017,0.002999999999683063,WITHIN_CONFIGURED_BAND,0.0,DLS_TARGET_SOLVED,105,True,True,True,True,1.1739863794313616e-08,5.23553503774935e-06,3,TIGHT_POSITION_AND_NORMAL_TOLERANCES_MET,PASS_4MM_5DEG,,105,105,300.337140753,-0.12833710325773945,-0.1000000015314122,0.6148383458794985,1.1739863794313616e-08,105,0.9010117985737727,3.949186140112588e-09,NONDECREASING,0.00897935590991128,0.008979355811051422,2.9931186030000276,0.0030000000006853516,WITHIN_CONFIGURED_BAND,False,0.0,1.2305378938037848e-11,DLS_TARGET_STATE,DLS_TARGET_STATE
106,P2B1 R0 B0 ordered DLS solve,,DLS_TARGET_SOLVED,106,True,False,True,NOT_RUN,ON_STATE_OPEN_ARCH_SINGLE_PROCESS_SEGMENT,NOT_REPRESENTED,106,106,353.511994808,-0.13660171699668905,-0.10000000133595334,0.6113485503649067,-0.13660170835556174,-0.10000000000000005,0.6113485577238378,1.1428373455732688e-08,106,0.9099830033159294,3.4064913973466936e-09,NONDECREASING,0.008971204742156735,0.008971204656438275,2.9904015519999803,0.0030000000001465803,WITHIN_CONFIGURED_BAND,0.0,DLS_TARGET_SOLVED,106,True,True,True,True,1.142837345573269e-08,4.8327857046131065e-06,3,TIGHT_POSITION_AND_NORMAL_TOLERANCES_MET,PASS_4MM_5DEG,,106,106,303.327542305,-0.13660171699668905,-0.10000000133595334,0.6113485503649067,1.1428373455732688e-08,106,0.9099830033159294,3.4064913973466936e-09,NONDECREASING,0.008971204742156735,0.008971204656438275,2.9904015519999803,0.0030000000001465803,WITHIN_CONFIGURED_BAND,False,0.0,1.2305378938037848e-11,DLS_TARGET_STATE,DLS_TARGET_STATE
107,P2B1 R0 B0 ordered DLS solve,,DLS_TARGET_SOLVED,107,True,False,True,NOT_RUN,ON_STATE_OPEN_ARCH_SINGLE_PROCESS_SEGMENT,NOT_REPRESENTED,107,107,356.497946194,-0.1447600391678931,-0.10000000121373137,0.6076492355050571,-0.14476003056076422,-0.10000000000000005,0.6076492427478355,1.131431172201396e-08,107,0.9189408575480472,3.0121532218787224e-09,NONDECREASING,0.008957854232117812,0.008957854156072373,2.9859513860000106,0.002999999999354424,WITHIN_CONFIGURED_BAND,0.0,DLS_TARGET_SOLVED,107,True,True,True,True,1.1314311722013961e-08,4.55547350598128e-06,3,TIGHT_POSITION_AND_NORMAL_TOLERANCES_MET,PASS_4MM_5DEG,,107,107,306.313493691,-0.1447600391678931,-0.10000000121373137,0.6076492355050571,1.131431172201396e-08,107,0.9189408575480472,3.0121532218787224e-09,NONDECREASING,0.008957854232117812,0.008957854156072373,2.9859513860000106,0.002999999999354424,WITHIN_CONFIGURED_BAND,False,0.0,1.2305378938037848e-11,DLS_TARGET_STATE,DLS_TARGET_STATE
108,P2B1 R0 B0 ordered DLS solve,,DLS_TARGET_SOLVED,108,True,False,True,NOT_RUN,ON_STATE_OPEN_ARCH_SINGLE_PROCESS_SEGMENT,NOT_REPRESENTED,108,108,359.477737852,-0.15280191994737263,-0.10000000112984091,0.6037453171578917,-0.15280191133615517,-0.10000000000000005,0.6037453243992879,1.130784792640868e-08,108,0.9278802325910972,2.7123720955869687e-09,NONDECREASING,0.00893937504304998,0.008939374974387033,2.9797916580000106,0.0030000000001298753,WITHIN_CONFIGURED_BAND,0.0,DLS_TARGET_SOLVED,108,True,True,True,True,1.130784792640868e-08,4.356615057375755e-06,3,TIGHT_POSITION_AND_NORMAL_TOLERANCES_MET,PASS_4MM_5DEG,,108,108,309.293285349,-0.15280191994737263,-0.10000000112984091,0.6037453171578917,1.130784792640868e-08,108,0.9278802325910972,2.7123720955869687e-09,NONDECREASING,0.00893937504304998,0.008939374974387033,2.9797916579999537,0.0030000000001299326,WITHIN_CONFIGURED_BAND,False,0.0,1.2305378938037848e-11,DLS_TARGET_STATE,DLS_TARGET_STATE
109,P2B1 R0 B0 ordered DLS solve,,DLS_TARGET_SOLVED,109,True,False,True,NOT_RUN,ON_STATE_OPEN_ARCH_SINGLE_PROCESS_SEGMENT,NOT_REPRESENTED,109,109,362.449693666,-0.16071745533864218,-0.1000000010648089,0.5996420268025805,-0.16071744671262528,-0.10000000000000005,0.5996420341198976,1.1361563043662604e-08,109,0.9367961000974838,2.4751735610337578e-09,NONDECREASING,0.008915867506386621,0.008915867443520608,2.971955813999955,0.003000000000511698,WITHIN_CONFIGURED_BAND,0.0,DLS_TARGET_SOLVED,109,True,True,True,True,1.1361563043662604e-08,4.210852562852616e-06,3,TIGHT_POSITION_AND_NORMAL_TOLERANCES_MET,PASS_4MM_5DEG,,109,109,312.265241163,-0.16071745533864218,-0.1000000010648089,0.5996420268025805,1.1361563043662604e-08,109,0.9367961000974838,2.4751735610337578e-09,NONDECREASING,0.008915867506386621,0.008915867443520608,2.9719558140000117,0.0030000000005116407,WITHIN_CONFIGURED_BAND,False,0.0,1.2305378938037848e-11,DLS_TARGET_STATE,DLS_TARGET_STATE
110,P2B1 R0 B0 ordered DLS solve,,DLS_TARGET_SOLVED,110,True,False,True,NOT_RUN,ON_STATE_OPEN_ARCH_SINGLE_PROCESS_SEGMENT,NOT_REPRESENTED,110,110,365.412181348,-0.16849702054825605,-0.10000000100767924,0.5953448923471287,-0.16849701191035374,-0.10000000000000005,0.5953448997949073,1.1449811351398582e-08,110,0.9456835632008453,2.280686022422471e-09,NONDECREASING,0.008887463103361526,0.008887463045147656,2.9624876820000168,0.002999999999712271,WITHIN_CONFIGURED_BAND,0.0,DLS_TARGET_SOLVED,110,True,True,True,True,1.1449811351398584e-08,4.103661883326224e-06,3,TIGHT_POSITION_AND_NORMAL_TOLERANCES_MET,PASS_4MM_5DEG,,110,110,315.227728845,-0.16849702054825605,-0.10000000100767924,0.5953448923471287,1.1449811351398582e-08,110,0.9456835632008453,2.280686022422471e-09,NONDECREASING,0.008887463103361526,0.008887463045147656,2.9624876820000168,0.002999999999712271,WITHIN_CONFIGURED_BAND,False,0.0,1.2305378938037848e-11,DLS_TARGET_STATE,DLS_TARGET_STATE
111,P2B1 R0 B0 ordered DLS solve,,DLS_TARGET_SOLVED,111,True,False,True,NOT_RUN,ON_STATE_OPEN_ARCH_SINGLE_PROCESS_SEGMENT,NOT_REPRESENTED,111,111,368.363623427,-0.17613130418592338,-0.10000000095237488,0.5908597160493181,-0.17613129554568116,-0.10000000000000006,0.5908597236678139,1.1558645341170791e-08,111,0.9545378894906438,2.116237748789901e-09,NONDECREASING,0.008854326289798431,0.008854326235394621,2.951442079000003,0.0029999999994560667,WITHIN_CONFIGURED_BAND,0.0,DLS_TARGET_SOLVED,111,True,True,True,True,1.1558645341170791e-08,4.0261599169167314e-06,3,TIGHT_POSITION_AND_NORMAL_TOLERANCES_MET,PASS_4MM_5DEG,,111,111,318.179170924,-0.17613130418592338,-0.10000000095237488,0.5908597160493181,1.1558645341170791e-08,111,0.9545378894906438,2.116237748789901e-09,NONDECREASING,0.008854326289798431,0.008854326235394621,2.951442079000003,0.0029999999994560667,WITHIN_CONFIGURED_BAND,False,0.0,1.2305378938037848e-11,DLS_TARGET_STATE,DLS_TARGET_STATE
112,P2B1 R0 B0 ordered DLS solve,,DLS_TARGET_SOLVED,112,True,False,True,NOT_RUN,ON_STATE_OPEN_ARCH_SINGLE_PROCESS_SEGMENT,NOT_REPRESENTED,112,112,371.310511007,-0.18363174545138927,-0.10000000096748833,0.5861798978341922,-0.1836317366578883,-0.10000000000000006,0.5861799056766583,1.1822265770477006e-08,112,0.9633785522808539,1.9467628829380087e-09,NONDECREASING,0.008840662790210119,0.008840662741182217,2.946887580000009,0.0030000000004011657,WITHIN_CONFIGURED_BAND,0.0,DLS_TARGET_SOLVED,112,True,True,True,True,1.1822265770477006e-08,3.9395701384096355e-06,3,TIGHT_POSITION_AND_NORMAL_TOLERANCES_MET,PASS_4MM_5DEG,,112,112,321.126058504,-0.18363174545138927,-0.10000000096748833,0.5861798978341922,1.1822265770477006e-08,112,0.9633785522808539,1.9467628829380087e-09,NONDECREASING,0.008840662790210119,0.008840662741182217,2.946887580000009,0.0030000000004011657,WITHIN_CONFIGURED_BAND,False,0.0,1.2305378938037848e-11,DLS_TARGET_STATE,DLS_TARGET_STATE
113,P2B1 R0 B0 ordered DLS solve,,DLS_TARGET_SOLVED,113,True,False,True,NOT_RUN,ON_STATE_OPEN_ARCH_SINGLE_PROCESS_SEGMENT,NOT_REPRESENTED,113,113,374.268101241,-0.1910319129793927,-0.10000000111675932,0.5812846368075633,-0.1910319037385485,-0.10000000000000006,0.5812846449491385,1.2366309044438681e-08,113,0.9722513230251033,1.7664329580672563e-09,NONDECREASING,0.008872770744249414,0.008872770703751387,2.9575902340000084,0.0030000000005921583,WITHIN_CONFIGURED_BAND,0.0,DLS_TARGET_SOLVED,113,True,True,True,True,1.2366309044438681e-08,3.7987441265911696e-06,3,TIGHT_POSITION_AND_NORMAL_TOLERANCES_MET,PASS_4MM_5DEG,,113,113,324.083648739,-0.1910319129793927,-0.10000000111675932,0.5812846368075633,1.2366309044438681e-08,113,0.9722513230251033,1.7664329580672563e-09,NONDECREASING,0.008872770744249414,0.008872770703751387,2.957590234999998,0.00299999999957783,WITHIN_CONFIGURED_BAND,False,0.0,1.2305378938037848e-11,DLS_TARGET_STATE,DLS_TARGET_STATE
114,P2B1 R0 B0 ordered DLS solve,,DLS_TARGET_SOLVED,114,True,False,True,NOT_RUN,ON_STATE_OPEN_ARCH_SINGLE_PROCESS_SEGMENT,NOT_REPRESENTED,114,114,377.235586041,-0.1983242796433763,-0.10000000124887656,0.5761782601315489,-0.19832427000721223,-0.10000000000000006,0.5761782685989212,1.2888434471015863e-08,114,0.9811537774564095,1.6460294878971869e-09,NONDECREASING,0.008902454431306217,0.008902454398609531,2.9674847999999656,0.002999999999531467,WITHIN_CONFIGURED_BAND,0.0,DLS_TARGET_SOLVED,114,True,True,True,True,1.2888434471015863e-08,3.6651005715130317e-06,3,TIGHT_POSITION_AND_NORMAL_TOLERANCES_MET,PASS_4MM_5DEG,,114,114,327.051133538,-0.1983242796433763,-0.10000000124887656,0.5761782601315489,1.2888434471015863e-08,114,0.9811537774564095,1.6460294878971869e-09,NONDECREASING,0.008902454431306217,0.008902454398609531,2.967484798999976,0.003000000000542413,WITHIN_CONFIGURED_BAND,False,0.0,1.2305378938037848e-11,DLS_TARGET_STATE,DLS_TARGET_STATE
115,P2B1 R0 B0 ordered DLS solve,,DLS_TARGET_SOLVED,115,True,False,True,NOT_RUN,ON_STATE_OPEN_ARCH_SINGLE_PROCESS_SEGMENT,NOT_REPRESENTED,115,115,380.211580306,-0.20550006312626823,-0.10000000136009603,0.5708662917392766,-0.2055000531534015,-0.10000000000000006,0.5708663005527541,1.337853943793306e-08,115,0.9900817602773787,1.5786733110055379e-09,NONDECREASING,0.008927982820969182,0.008927982795337647,2.975994264999997,0.00300000000011346,WITHIN_CONFIGURED_BAND,0.0,DLS_TARGET_SOLVED,115,True,True,True,True,1.337853943793306e-08,3.540069682131472e-06,3,TIGHT_POSITION_AND_NORMAL_TOLERANCES_MET,PASS_4MM_5DEG,,115,115,330.027127803,-0.20550006312626823,-0.10000000136009603,0.5708662917392766,1.337853943793306e-08,115,0.9900817602773787,1.5786733110055379e-09,NONDECREASING,0.008927982820969182,0.008927982795337647,2.975994264999997,0.00300000000011346,WITHIN_CONFIGURED_BAND,False,0.0,1.2305378938037848e-11,DLS_TARGET_STATE,DLS_TARGET_STATE
116,P2B1 R0 B0 ordered DLS solve,,DLS_TARGET_SOLVED,116,True,False,True,NOT_RUN,ON_STATE_OPEN_ARCH_SINGLE_PROCESS_SEGMENT,NOT_REPRESENTED,116,116,383.194644545,-0.21255057228066426,-0.10000000145173407,0.5653546340101845,-0.21255056202582692,-0.10000000000000006,0.5653546431858463,1.3836979067920387e-08,116,0.999030953012069,1.553577373375867e-09,NONDECREASING,0.008949192734690303,0.008949192715484633,2.9830642390000435,0.0029999999994919663,WITHIN_CONFIGURED_BAND,0.0,DLS_TARGET_SOLVED,116,True,True,True,True,1.3836979067920389e-08,3.423298239975423e-06,3,TIGHT_POSITION_AND_NORMAL_TOLERANCES_MET,PASS_4MM_5DEG,,116,116,333.010192042,-0.21255057228066426,-0.10000000145173407,0.5653546340101845,1.3836979067920387e-08,116,0.999030953012069,1.553577373375867e-09,NONDECREASING,0.008949192734690303,0.008949192715484633,2.9830642390000435,0.0029999999994919663,WITHIN_CONFIGURED_BAND,False,0.0,1.2305378938037848e-11,DLS_TARGET_STATE,DLS_TARGET_STATE
117,P2B1 R0 B0 ordered DLS solve,,DLS_TARGET_SOLVED,117,True,False,True,NOT_RUN,ON_STATE_OPEN_ARCH_SINGLE_PROCESS_SEGMENT,NOT_REPRESENTED,117,117,386.18329566,-0.21946724173613902,-0.10000000152518863,0.5596495482932357,-0.21946723125043166,-0.10000000000000006,0.5596495578433527,1.4264676451833199e-08,117,1.0079969063709187,1.5593785827944175e-09,NONDECREASING,0.008965953358849643,0.008965953345519428,2.988651114999982,0.003000000000173818,WITHIN_CONFIGURED_BAND,0.0,DLS_TARGET_SOLVED,117,True,True,True,True,1.4264676451833199e-08,3.3144961348151133e-06,3,TIGHT_POSITION_AND_NORMAL_TOLERANCES_MET,PASS_4MM_5DEG,,117,117,335.998843157,-0.21946724173613902,-0.10000000152518863,0.5596495482932357,1.4264676451833199e-08,117,1.0079969063709187,1.5593785827944175e-09,NONDECREASING,0.008965953358849643,0.008965953345519428,2.988651114999982,0.003000000000173818,WITHIN_CONFIGURED_BAND,False,0.0,1.2305378938037848e-11,DLS_TARGET_STATE,DLS_TARGET_STATE
118,P2B1 R0 B0 ordered DLS solve,,DLS_TARGET_SOLVED,118,True,False,True,NOT_RUN,ON_STATE_OPEN_ARCH_SINGLE_PROCESS_SEGMENT,NOT_REPRESENTED,118,118,389.176017273,-0.22624166386960481,-0.10000000158187555,0.5537576344574708,-0.22624165320072573,-0.10000000000000006,0.5537576443909125,1.4662897855843882e-08,118,1.016975071218634,1.5859358868583164e-09,NONDECREASING,0.008978164847715409,0.00897816483979149,2.9927216130000147,0.003000000000264457,WITHIN_CONFIGURED_BAND,0.0,DLS_TARGET_SOLVED,118,True,True,True,True,1.4662897855843882e-08,3.213405184439562e-06,3,TIGHT_POSITION_AND_NORMAL_TOLERANCES_MET,PASS_4MM_5DEG,,118,118,338.99156477,-0.22624166386960481,-0.10000000158187555,0.5537576344574708,1.4662897855843882e-08,118,1.016975071218634,1.5859358868583164e-09,NONDECREASING,0.008978164847715409,0.00897816483979149,2.9927216130000147,0.003000000000264457,WITHIN_CONFIGURED_BAND,False,0.0,1.2305378938037848e-11,DLS_TARGET_STATE,DLS_TARGET_STATE
119,P2B1 R0 B0 ordered DLS solve,,DLS_TARGET_SOLVED,119,True,False,True,NOT_RUN,ON_STATE_OPEN_ARCH_SINGLE_PROCESS_SEGMENT,NOT_REPRESENTED,119,119,392.171269666,-0.23286561847384657,-0.10000000162319451,0.5476858095710463,-0.23286560766629902,-0.10000000000000006,0.5476858198936798,1.5033117015980736e-08,119,1.0259608283989072,1.625321501312045e-09,NONDECREASING,0.008985757180273168,0.008985757177359069,2.995252392999987,0.002999999999452169,WITHIN_CONFIGURED_BAND,0.0,DLS_TARGET_SOLVED,119,True,True,True,True,1.5033117015980736e-08,3.1197846986499215e-06,3,TIGHT_POSITION_AND_NORMAL_TOLERANCES_MET,PASS_4MM_5DEG,,119,119,341.986817163,-0.23286561847384657,-0.10000000162319451,0.5476858095710463,1.5033117015980736e-08,119,1.0259608283989072,1.625321501312045e-09,NONDECREASING,0.008985757180273168,0.008985757177359069,2.995252392999987,0.002999999999452169,WITHIN_CONFIGURED_BAND,False,0.0,1.2305378938037848e-11,DLS_TARGET_STATE,DLS_TARGET_STATE
120,P2B1 R0 B0 ordered DLS solve,,DLS_TARGET_SOLVED,120,True,False,True,NOT_RUN,ON_STATE_OPEN_ARCH_SINGLE_PROCESS_SEGMENT,NOT_REPRESENTED,120,120,395.167499435,-0.23933110046324974,-0.10000000165050882,0.5414412857183806,-0.23933108955853127,-0.10000000000000006,0.5414412964334692,1.537693686873819e-08,120,1.034949517706592,1.671963674152695e-09,NONDECREASING,0.008988689307684705,0.008988689309449283,2.996229769000024,0.003000000000817431,WITHIN_CONFIGURED_BAND,0.0,DLS_TARGET_SOLVED,120,True,True,True,True,1.537693686873819e-08,3.0334060508558503e-06,3,TIGHT_POSITION_AND_NORMAL_TOLERANCES_MET,PASS_4MM_5DEG,,120,120,344.983046932,-0.23933110046324974,-0.10000000165050882,0.5414412857183806,1.537693686873819e-08,120,1.034949517706592,1.671963674152695e-09,NONDECREASING,0.008988689307684705,0.008988689309449283,2.9962297689999673,0.0030000000008174876,WITHIN_CONFIGURED_BAND,False,0.0,1.2305378938037848e-11,DLS_TARGET_STATE,DLS_TARGET_STATE
121,P2B1 R0 B0 ordered DLS solve,,DLS_TARGET_SOLVED,121,True,False,True,NOT_RUN,ON_STATE_OPEN_ARCH_SINGLE_PROCESS_SEGMENT,NOT_REPRESENTED,121,121,398.163148977,-0.24563034593834485,-0.10000000166513402,0.535031546877502,-0.24563033497512748,-0.10000000000000006,0.5350315579861,1.569604270111664e-08,121,1.0439364663240518,1.7223036233493316e-09,NONDECREASING,0.008986948617459856,0.008986948623630482,2.995649541999967,0.002999999999209047,WITHIN_CONFIGURED_BAND,0.0,DLS_TARGET_SOLVED,121,True,True,True,True,1.569604270111664e-08,2.9540527304377115e-06,3,TIGHT_POSITION_AND_NORMAL_TOLERANCES_MET,PASS_4MM_5DEG,,121,121,347.978696474,-0.24563034593834485,-0.10000000166513402,0.535031546877502,1.569604270111664e-08,121,1.0439364663240518,1.7223036233493316e-09,NONDECREASING,0.008986948617459856,0.008986948623630482,2.9956495420000238,0.00299999999920899,WITHIN_CONFIGURED_BAND,False,0.0,1.2305378938037848e-11,DLS_TARGET_STATE,DLS_TARGET_STATE
122,P2B1 R0 B0 ordered DLS solve,,DLS_TARGET_SOLVED,122,True,False,True,NOT_RUN,ON_STATE_OPEN_ARCH_SINGLE_PROCESS_SEGMENT,NOT_REPRESENTED,122,122,401.156665889,-0.2517558568946244,-0.10000000166833325,0.5284643247036457,-0.25175584590892697,-0.10000000000000006,0.5284643362049872,1.5992177479138204e-08,122,1.0529170170516136,1.7743065525517587e-09,NONDECREASING,0.008980550727561765,0.008980550737916381,2.9935169120000182,0.003000000000640159,WITHIN_CONFIGURED_BAND,0.0,DLS_TARGET_SOLVED,122,True,True,True,True,1.5992177479138204e-08,2.881522864241603e-06,3,TIGHT_POSITION_AND_NORMAL_TOLERANCES_MET,PASS_4MM_5DEG,,122,122,350.972213386,-0.2517558568946244,-0.10000000166833325,0.5284643247036457,1.5992177479138204e-08,122,1.0529170170516136,1.7743065525517587e-09,NONDECREASING,0.008980550727561765,0.008980550737916381,2.9935169120000182,0.003000000000640159,WITHIN_CONFIGURED_BAND,False,0.0,1.2305378938037848e-11,DLS_TARGET_STATE,DLS_TARGET_STATE
123,P2B1 R0 B0 ordered DLS solve,,DLS_TARGET_SOLVED,123,True,False,True,NOT_RUN,ON_STATE_OPEN_ARCH_SINGLE_PROCESS_SEGMENT,NOT_REPRESENTED,123,123,404.146512432,-0.25770042481061295,-0.10000000166131569,0.5217475730001875,-0.25770041383596803,-0.10000000000000006,0.5217475848920712,1.6267135536331653e-08,123,1.0618865566661138,1.8270032492023131e-09,NONDECREASING,0.0089695396145002,0.008969539628861082,2.9898465429999987,0.0029999999999535377,WITHIN_CONFIGURED_BAND,0.0,DLS_TARGET_SOLVED,123,True,True,True,True,1.6267135536331653e-08,2.815631658775292e-06,3,TIGHT_POSITION_AND_NORMAL_TOLERANCES_MET,PASS_4MM_5DEG,,123,123,353.962059929,-0.25770042481061295,-0.10000000166131569,0.5217475730001875,1.6267135536331653e-08,123,1.0618865566661138,1.8270032492023131e-09,NONDECREASING,0.0089695396145002,0.008969539628861082,2.9898465429999987,0.0029999999999535377,WITHIN_CONFIGURED_BAND,False,0.0,1.2305378938037848e-11,DLS_TARGET_STATE,DLS_TARGET_STATE
124,P2B1 R0 B0 ordered DLS solve,,DLS_TARGET_SOLVED,124,True,False,True,NOT_RUN,ON_STATE_OPEN_ARCH_SINGLE_PROCESS_SEGMENT,NOT_REPRESENTED,124,124,407.131175128,-0.2634571532869073,-0.10000000164523833,0.5148894406057016,-0.2634571423545266,-0.10000000000000006,0.5148894528848582,1.6522755288763497e-08,124,1.070840544736447,1.8801254778858305e-09,NONDECREASING,0.008953988070333319,0.008953988088559992,2.9846626959999867,0.003000000000187637,WITHIN_CONFIGURED_BAND,0.0,DLS_TARGET_SOLVED,124,True,True,True,True,1.6522755288763494e-08,2.7562116898995913e-06,3,TIGHT_POSITION_AND_NORMAL_TOLERANCES_MET,PASS_4MM_5DEG,,124,124,356.946722625,-0.2634571532869073,-0.10000000164523833,0.5148894406057016,1.6522755288763497e-08,124,1.070840544736447,1.8801254778858305e-09,NONDECREASING,0.008953988070333319,0.008953988088559992,2.9846626959999867,0.003000000000187637,WITHIN_CONFIGURED_BAND,False,0.0,1.2305378938037848e-11,DLS_TARGET_STATE,DLS_TARGET_STATE
125,P2B1 R0 B0 ordered DLS solve,,DLS_TARGET_SOLVED,125,True,False,True,NOT_RUN,ON_STATE_OPEN_ARCH_SINGLE_PROCESS_SEGMENT,NOT_REPRESENTED,125,125,410.109174627,-0.26901947983330027,-0.10000000162120815,0.5078982423877412,-0.2690194689722374,-0.10000000000000006,0.5078982550501896,1.6760924874743464e-08,125,1.0797745432107422,1.9338322517227496e-09,NONDECREASING,0.008933998474295102,0.008933998496279351,2.9779994990000205,0.0029999999997579884,WITHIN_CONFIGURED_BAND,0.0,DLS_TARGET_SOLVED,125,True,True,True,True,1.6760924874743464e-08,2.70310941282568e-06,3,TIGHT_POSITION_AND_NORMAL_TOLERANCES_MET,PASS_4MM_5DEG,,125,125,359.924722124,-0.26901947983330027,-0.10000000162120815,0.5078982423877412,1.6760924874743464e-08,125,1.0797745432107422,1.9338322517227496e-09,NONDECREASING,0.008933998474295102,0.008933998496279351,2.9779994990000205,0.0029999999997579884,WITHIN_CONFIGURED_BAND,False,0.0,1.2305378938037848e-11,DLS_TARGET_STATE,DLS_TARGET_STATE
126,P2B1 R0 B0 ordered DLS solve,,DLS_TARGET_SOLVED,126,True,False,True,NOT_RUN,ON_STATE_OPEN_ARCH_SINGLE_PROCESS_SEGMENT,NOT_REPRESENTED,126,126,413.079075921,-0.27438119681658735,-0.10000000159028559,0.500782428011853,-0.2743811860538985,-0.10000000000000006,0.5007824410532322,1.6983581800565283e-08,126,1.088684247065749,1.9884226400942227e-09,NONDECREASING,0.008909703855006779,0.008909703880655383,2.9699012940000102,0.0029999999995472416,WITHIN_CONFIGURED_BAND,0.0,DLS_TARGET_SOLVED,126,True,True,True,True,1.6983581800565283e-08,2.656176876379093e-06,3,TIGHT_POSITION_AND_NORMAL_TOLERANCES_MET,PASS_4MM_5DEG,,126,126,362.894623418,-0.27438119681658735,-0.10000000159028559,0.500782428011853,1.6983581800565283e-08,126,1.088684247065749,1.9884226400942227e-09,NONDECREASING,0.008909703855006779,0.008909703880655383,2.9699012939999534,0.0029999999995472993,WITHIN_CONFIGURED_BAND,False,0.0,1.2305378938037848e-11,DLS_TARGET_STATE,DLS_TARGET_STATE
127,P2B1 R0 B0 ordered DLS solve,,DLS_TARGET_SOLVED,127,True,False,True,NOT_RUN,ON_STATE_OPEN_ARCH_SINGLE_PROCESS_SEGMENT,NOT_REPRESENTED,127,127,416.046128039,-0.2795480824562232,-0.1000000015869696,0.493534402264493,-0.2795480717473835,-0.10000000000000006,0.4935344157376111,1.7283594259919254e-08,127,1.0975854033905734,2.0848557818706884e-09,NONDECREASING,0.008901156324824466,0.008901156354511962,2.9670521179999696,0.00300000000017258,WITHIN_CONFIGURED_BAND,0.0,DLS_TARGET_SOLVED,127,True,True,True,True,1.7283594259919254e-08,2.5939571162373915e-06,3,TIGHT_POSITION_AND_NORMAL_TOLERANCES_MET,PASS_4MM_5DEG,,127,127,365.861675536,-0.2795480824562232,-0.1000000015869696,0.493534402264493,1.7283594259919254e-08,127,1.0975854033905734,2.0848557818706884e-09,NONDECREASING,0.008901156324824466,0.008901156354511962,2.9670521180000264,0.003000000000172522,WITHIN_CONFIGURED_BAND,False,0.0,1.2305378938037848e-11,DLS_TARGET_STATE,DLS_TARGET_STATE
128,P2B1 R0 B0 ordered DLS solve,,DLS_TARGET_SOLVED,128,True,False,True,NOT_RUN,ON_STATE_OPEN_ARCH_SINGLE_PROCESS_SEGMENT,NOT_REPRESENTED,128,128,419.019970059,-0.28453342979178425,-0.10000000163077681,0.4861357578471943,-0.2845334190599586,-0.10000000000000007,0.48613577184602935,1.7714369785753195e-08,128,1.1065069294178633,2.2430108249376103e-09,NONDECREASING,0.008921526027289906,0.008921526061712256,2.9738420200000064,0.003000000000575766,WITHIN_CONFIGURED_BAND,0.0,DLS_TARGET_SOLVED,128,True,True,True,True,1.7714369785753195e-08,2.5063752850269673e-06,3,TIGHT_POSITION_AND_NORMAL_TOLERANCES_MET,PASS_4MM_5DEG,,128,128,368.835517556,-0.28453342979178425,-0.10000000163077681,0.4861357578471943,1.7714369785753195e-08,128,1.1065069294178633,2.2430108249376103e-09,NONDECREASING,0.008921526027289906,0.008921526061712256,2.9738420200000064,0.003000000000575766,WITHIN_CONFIGURED_BAND,False,0.0,1.2305378938037848e-11,DLS_TARGET_STATE,DLS_TARGET_STATE
129,P2B1 R0 B0 ordered DLS solve,,DLS_TARGET_SOLVED,129,True,False,True,NOT_RUN,ON_STATE_OPEN_ARCH_SINGLE_PROCESS_SEGMENT,NOT_REPRESENTED,129,129,421.999035737,-0.28933089451163546,-0.10000000166414003,0.4785953451891341,-0.28933088380206007,-0.10000000000000007,0.4785953597101051,1.8119684465106034e-08,129,1.115444126411271,2.38825943416426e-09,NONDECREASING,0.008937196993407781,0.008937197032182502,2.9790656779999836,0.002999999999389927,WITHIN_CONFIGURED_BAND,0.0,DLS_TARGET_SOLVED,129,True,True,True,True,1.8119684465106034e-08,2.429908995981955e-06,3,TIGHT_POSITION_AND_NORMAL_TOLERANCES_MET,PASS_4MM_5DEG,,129,129,371.814583234,-0.28933089451163546,-0.10000000166414003,0.4785953451891341,1.8119684465106034e-08,129,1.115444126411271,2.38825943416426e-09,NONDECREASING,0.008937196993407781,0.008937197032182502,2.9790656779999836,0.002999999999389927,WITHIN_CONFIGURED_BAND,False,0.0,1.2305378938037848e-11,DLS_TARGET_STATE,DLS_TARGET_STATE
130,P2B1 R0 B0 ordered DLS solve,,DLS_TARGET_SOLVED,130,True,False,True,NOT_RUN,ON_STATE_OPEN_ARCH_SINGLE_PROCESS_SEGMENT,NOT_REPRESENTED,130,130,424.981547161,-0.29393410288996136,-0.10000000168676869,0.4709227418371883,-0.2939340922461841,-0.10000000000000007,0.47092275687207324,1.8498187691630874e-08,130,1.1243916606416822,2.5208160273453502e-09,NONDECREASING,0.008947534230411058,0.008947534273227442,2.982511423999995,0.003000000000411552,WITHIN_CONFIGURED_BAND,0.0,DLS_TARGET_SOLVED,130,True,True,True,True,1.8498187691630874e-08,2.363698212579422e-06,3,TIGHT_POSITION_AND_NORMAL_TOLERANCES_MET,PASS_4MM_5DEG,,130,130,374.797094658,-0.29393410288996136,-0.10000000168676869,0.4709227418371883,1.8498187691630874e-08,130,1.1243916606416822,2.5208160273453502e-09,NONDECREASING,0.008947534230411058,0.008947534273227442,2.982511423999995,0.003000000000411552,WITHIN_CONFIGURED_BAND,False,0.0,1.2305378938037848e-11,DLS_TARGET_STATE,DLS_TARGET_STATE
131,P2B1 R0 B0 ordered DLS solve,,DLS_TARGET_SOLVED,131,True,False,True,NOT_RUN,ON_STATE_OPEN_ARCH_SINGLE_PROCESS_SEGMENT,NOT_REPRESENTED,131,131,427.965707631,-0.2983369960793474,-0.10000000169940547,0.4631277784023743,-0.2983369855414839,-0.10000000000000007,0.4631277939403487,1.8851079382825123e-08,131,1.1333441420045443,2.642510790652802e-09,NONDECREASING,0.008952481362862086,0.008952481409488055,2.984160470000006,0.0029999999998284394,WITHIN_CONFIGURED_BAND,0.0,DLS_TARGET_SOLVED,131,True,True,True,True,1.8851079382825123e-08,2.3063536295586105e-06,3,TIGHT_POSITION_AND_NORMAL_TOLERANCES_MET,PASS_4MM_5DEG,,131,131,377.781255128,-0.2983369960793474,-0.10000000169940547,0.4631277784023743,1.8851079382825123e-08,131,1.1333441420045443,2.642510790652802e-09,NONDECREASING,0.008952481362862086,0.008952481409488055,2.984160470000006,0.0029999999998284394,WITHIN_CONFIGURED_BAND,False,0.0,1.2305378938037848e-11,DLS_TARGET_STATE,DLS_TARGET_STATE
132,P2B1 R0 B0 ordered DLS solve,,DLS_TARGET_SOLVED,132,True,False,True,NOT_RUN,ON_STATE_OPEN_ARCH_SINGLE_PROCESS_SEGMENT,NOT_REPRESENTED,132,132,430.949711205,-0.30253384923131094,-0.10000000170279356,0.4552205083564384,-0.3025338388362585,-0.10000000000000007,0.4552205243845184,1.9179571641564065e-08,132,1.1422961526758062,2.7552897064339202e-09,NONDECREASING,0.008952010671261945,0.008952010721536327,2.9840035740000417,0.002999999999844572,WITHIN_CONFIGURED_BAND,0.0,DLS_TARGET_SOLVED,132,True,True,True,True,1.9179571641564065e-08,2.2565460833472144e-06,3,TIGHT_POSITION_AND_NORMAL_TOLERANCES_MET,PASS_4MM_5DEG,,132,132,380.765258702,-0.30253384923131094,-0.10000000170279356,0.4552205083564384,1.9179571641564065e-08,132,1.1422961526758062,2.7552897064339202e-09,NONDECREASING,0.008952010671261945,0.008952010721536327,2.984003573999985,0.002999999999844629,WITHIN_CONFIGURED_BAND,False,0.0,1.2305378938037848e-11,DLS_TARGET_STATE,DLS_TARGET_STATE
133,P2B1 R0 B0 ordered DLS solve,,DLS_TARGET_SOLVED,133,True,False,True,NOT_RUN,ON_STATE_OPEN_ARCH_SINGLE_PROCESS_SEGMENT,NOT_REPRESENTED,133,133,433.93175211,-0.30651928912244897,-0.10000000169767673,0.4472111775151904,-0.3065192789041279,-0.10000000000000007,0.44721119401867443,1.9484896114580515e-08,133,1.1512422753380254,2.8610605217318754e-09,NONDECREASING,0.00894612266221917,0.008946122716039652,2.9820409049999625,0.0030000000003486756,WITHIN_CONFIGURED_BAND,0.0,DLS_TARGET_SOLVED,133,True,True,True,True,1.9484896114580515e-08,2.2130561316179138e-06,3,TIGHT_POSITION_AND_NORMAL_TOLERANCES_MET,PASS_4MM_5DEG,,133,133,383.747299607,-0.30651928912244897,-0.10000000169767673,0.4472111775151904,1.9484896114580515e-08,133,1.1512422753380254,2.8610605217318754e-09,NONDECREASING,0.00894612266221917,0.008946122716039652,2.9820409050000194,0.0030000000003486183,WITHIN_CONFIGURED_BAND,False,0.0,1.2305378938037848e-11,DLS_TARGET_STATE,DLS_TARGET_STATE
134,P2B1 R0 B0 ordered DLS solve,,DLS_TARGET_SOLVED,134,True,False,True,NOT_RUN,ON_STATE_OPEN_ARCH_SINGLE_PROCESS_SEGMENT,NOT_REPRESENTED,134,134,436.910034168,-0.3102883105674742,-0.10000000168480062,0.43911019279260194,-0.310288300557089,-0.10000000000000007,0.4391102097555078,1.976832161892808e-08,134,1.160177121453347,2.961597815981045e-09,NONDECREASING,0.008934846115321582,0.0089348461726362,2.9782820579999907,0.0029999999995420946,WITHIN_CONFIGURED_BAND,0.0,DLS_TARGET_SOLVED,134,True,True,True,True,1.976832161892808e-08,2.1748154281704522e-06,3,TIGHT_POSITION_AND_NORMAL_TOLERANCES_MET,PASS_4MM_5DEG,,134,134,386.725581665,-0.3102883105674742,-0.10000000168480062,0.43911019279260194,1.976832161892808e-08,134,1.160177121453347,2.961597815981045e-09,NONDECREASING,0.008934846115321582,0.0089348461726362,2.9782820579999907,0.0029999999995420946,WITHIN_CONFIGURED_BAND,False,0.0,1.2305378938037848e-11,DLS_TARGET_STATE,DLS_TARGET_STATE
135,P2B1 R0 B0 ordered DLS solve,,DLS_TARGET_SOLVED,135,True,False,True,NOT_RUN,ON_STATE_OPEN_ARCH_SINGLE_PROCESS_SEGMENT,NOT_REPRESENTED,135,135,439.882780379,-0.3138362917898876,-0.10000000166491471,0.4309280897867858,-0.3138362820162072,-0.10000000000000007,0.43092810719227786,2.0031173756078263e-08,135,1.169095360027638,3.0584786843717164e-09,NONDECREASING,0.008918238574290971,0.008918238635088394,2.9727462110000147,0.0030000000007024985,WITHIN_CONFIGURED_BAND,0.0,DLS_TARGET_SOLVED,135,True,True,True,True,2.0031173756078263e-08,2.1409364998361935e-06,3,TIGHT_POSITION_AND_NORMAL_TOLERANCES_MET,PASS_4MM_5DEG,,135,135,389.698327876,-0.3138362917898876,-0.10000000166491471,0.4309280897867858,2.0031173756078263e-08,135,1.169095360027638,3.0584786843717164e-09,NONDECREASING,0.008918238574290971,0.008918238635088394,2.9727462110000147,0.0030000000007024985,WITHIN_CONFIGURED_BAND,False,0.0,1.2305378938037848e-11,DLS_TARGET_STATE,DLS_TARGET_STATE
136,P2B1 R0 B0 ordered DLS solve,,DLS_TARGET_SOLVED,136,True,False,True,NOT_RUN,ON_STATE_OPEN_ARCH_SINGLE_PROCESS_SEGMENT,NOT_REPRESENTED,136,136,442.848242831,-0.3171590088253854,-0.10000000163877365,0.42267549871207394,-0.31715899931503533,-0.10000000000000007,0.4226755165428708,2.0274852726146334e-08,136,1.177991747316888,3.1530431703779847e-09,NONDECREASING,0.008896387289250018,0.008896387353549837,2.965462451999997,0.00299999999917377,WITHIN_CONFIGURED_BAND,0.0,DLS_TARGET_SOLVED,136,True,True,True,True,2.0274852726146334e-08,2.110729451810483e-06,3,TIGHT_POSITION_AND_NORMAL_TOLERANCES_MET,PASS_4MM_5DEG,,136,136,392.663790328,-0.3171590088253854,-0.10000000163877365,0.42267549871207394,2.0274852726146334e-08,136,1.177991747316888,3.1530431703779847e-09,NONDECREASING,0.008896387289250018,0.008896387353549837,2.965462451999997,0.00299999999917377,WITHIN_CONFIGURED_BAND,False,0.0,1.2305378938037848e-11,DLS_TARGET_STATE,DLS_TARGET_STATE
137,P2B1 R0 B0 ordered DLS solve,,DLS_TARGET_SOLVED,137,True,False,True,NOT_RUN,ON_STATE_OPEN_ARCH_SINGLE_PROCESS_SEGMENT,NOT_REPRESENTED,137,137,445.80471305,-0.3202526489206548,-0.10000000160713798,0.41436310817893146,-0.3202526396984168,-0.10000000000000007,0.41436312641769185,2.0500852350896132e-08,137,1.186861157906722,3.2463685660359374e-09,NONDECREASING,0.008869410589834148,0.008869410657678177,2.956470218999982,0.0030000000002294055,WITHIN_CONFIGURED_BAND,0.0,DLS_TARGET_SOLVED,137,True,True,True,True,2.0500852350896132e-08,2.0837051399792838e-06,3,TIGHT_POSITION_AND_NORMAL_TOLERANCES_MET,PASS_4MM_5DEG,,137,137,395.620260547,-0.3202526489206548,-0.10000000160713798,0.41436310817893146,2.0500852350896132e-08,137,1.186861157906722,3.2463685660359374e-09,NONDECREASING,0.008869410589834148,0.008869410657678177,2.956470218999982,0.0030000000002294055,WITHIN_CONFIGURED_BAND,False,0.0,1.2305378938037848e-11,DLS_TARGET_STATE,DLS_TARGET_STATE
138,P2B1 R0 B0 ordered DLS solve,,DLS_TARGET_SOLVED,138,True,False,True,NOT_RUN,ON_STATE_OPEN_ARCH_SINGLE_PROCESS_SEGMENT,NOT_REPRESENTED,138,138,448.75053296,-0.3231138227726216,-0.10000000157077468,0.4060016263313722,-0.32311381386173965,-0.10000000000000007,0.4060016449610499,2.0710771117774425e-08,138,1.195698617566345,3.3392564973060394e-09,NONDECREASING,0.008837459659623015,0.008837459731067587,2.9458199100000115,0.003000000000362396,WITHIN_CONFIGURED_BAND,0.0,DLS_TARGET_SOLVED,138,True,True,True,True,2.0710771117774425e-08,2.059565027076956e-06,3,TIGHT_POSITION_AND_NORMAL_TOLERANCES_MET,PASS_4MM_5DEG,,138,138,398.566080457,-0.3231138227726216,-0.10000000157077468,0.4060016263313722,2.0710771117774425e-08,138,1.195698617566345,3.3392564973060394e-09,NONDECREASING,0.008837459659623015,0.008837459731067587,2.9458199100000115,0.003000000000362396,WITHIN_CONFIGURED_BAND,False,0.0,1.2305378938037848e-11,DLS_TARGET_STATE,DLS_TARGET_STATE
139,P2B1 R0 B0 ordered DLS solve,,DLS_TARGET_SOLVED,139,True,False,True,NOT_RUN,ON_STATE_OPEN_ARCH_SINGLE_PROCESS_SEGMENT,NOT_REPRESENTED,139,139,451.684106542,-0.3257395753317729,-0.1000000015304564,0.3976017388831076,-0.32573956675425525,-0.10000000000000007,0.3976017578872684,2.0906320412516846e-08,139,1.2044993382370284,3.432236131142028e-09,NONDECREASING,0.00880072067068327,0.008800720745791371,2.933573582000008,0.002999999999928874,WITHIN_CONFIGURED_BAND,0.0,DLS_TARGET_SOLVED,139,True,True,True,True,2.0906320412516842e-08,2.0381783647960417e-06,3,TIGHT_POSITION_AND_NORMAL_TOLERANCES_MET,PASS_4MM_5DEG,,139,139,401.499654039,-0.3257395753317729,-0.1000000015304564,0.3976017388831076,2.0906320412516846e-08,139,1.2044993382370284,3.432236131142028e-09,NONDECREASING,0.00880072067068327,0.008800720745791371,2.933573582000008,0.002999999999928874,WITHIN_CONFIGURED_BAND,False,0.0,1.2305378938037848e-11,DLS_TARGET_STATE,DLS_TARGET_STATE
140,P2B1 R0 B0 ordered DLS solve,,DLS_TARGET_SOLVED,140,True,False,True,NOT_RUN,ON_STATE_OPEN_ARCH_SINGLE_PROCESS_SEGMENT,NOT_REPRESENTED,140,140,454.603912309,-0.3281273947701454,-0.10000000148695963,0.3891740636523406,-0.3281273865470629,-0.10000000000000007,0.38917408301543505,2.1089323401028713e-08,140,1.2132587554599077,3.525574615665737e-09,NONDECREASING,0.008759417222879318,0.008759417301713278,2.919805767000014,0.003000000000244275,WITHIN_CONFIGURED_BAND,0.0,DLS_TARGET_SOLVED,140,True,True,True,True,2.1089323401028713e-08,2.0195477604756403e-06,3,TIGHT_POSITION_AND_NORMAL_TOLERANCES_MET,PASS_4MM_5DEG,,140,140,404.419459806,-0.3281273947701454,-0.10000000148695963,0.3891740636523406,2.1089323401028713e-08,140,1.2132587554599077,3.525574615665737e-09,NONDECREASING,0.008759417222879318,0.008759417301713278,2.919805767000014,0.003000000000244275,WITHIN_CONFIGURED_BAND,False,0.0,1.2305378938037848e-11,DLS_TARGET_STATE,DLS_TARGET_STATE
141,P2B1 R0 B0 ordered DLS solve,,DLS_TARGET_SOLVED,141,True,False,True,NOT_RUN,ON_STATE_OPEN_ARCH_SINGLE_PROCESS_SEGMENT,NOT_REPRESENTED,141,141,457.508516676,-0.3302752190933663,-0.10000000144106216,0.380729101284205,-0.3302752112451392,-0.10000000000000007,0.3807291209917875,2.126170588952955e-08,141,1.2219725684763711,3.618290186654662e-09,NONDECREASING,0.008713813016463456,0.008713813098904833,2.9046043669999904,0.002999999999278684,WITHIN_CONFIGURED_BAND,0.0,DLS_TARGET_SOLVED,141,True,True,True,True,2.126170588952955e-08,2.003764771154083e-06,3,TIGHT_POSITION_AND_NORMAL_TOLERANCES_MET,PASS_4MM_5DEG,,141,141,407.324064173,-0.3302752190933663,-0.10000000144106216,0.380729101284205,2.126170588952955e-08,141,1.2219725684763711,3.618290186654662e-09,NONDECREASING,0.008713813016463456,0.008713813098904833,2.9046043669999904,0.002999999999278684,WITHIN_CONFIGURED_BAND,False,0.0,1.2305378938037848e-11,DLS_TARGET_STATE,DLS_TARGET_STATE
142,P2B1 R0 B0 ordered DLS solve,,DLS_TARGET_SOLVED,142,True,False,True,NOT_RUN,ON_STATE_OPEN_ARCH_SINGLE_PROCESS_SEGMENT,NOT_REPRESENTED,142,142,460.42759609,-0.3322023558758742,-0.10000000148070369,0.37218653928783996,-0.3322023483522189,-0.10000000000000007,0.37218655964351005,2.175203846520743e-08,142,1.2307298066353118,3.7375285927827875e-09,NONDECREASING,0.008757238158940694,0.008757238242747269,2.9190794140000094,0.003000000000255985,WITHIN_CONFIGURED_BAND,0.0,DLS_TARGET_SOLVED,142,True,True,True,True,2.175203846520743e-08,1.968515118279661e-06,3,TIGHT_POSITION_AND_NORMAL_TOLERANCES_MET,PASS_4MM_5DEG,,142,142,410.243143587,-0.3322023558758742,-0.10000000148070369,0.37218653928783996,2.175203846520743e-08,142,1.2307298066353118,3.7375285927827875e-09,NONDECREASING,0.008757238158940694,0.008757238242747269,2.9190794140000094,0.003000000000255985,WITHIN_CONFIGURED_BAND,False,0.0,1.2305378938037848e-11,DLS_TARGET_STATE,DLS_TARGET_STATE
143,P2B1 R0 B0 ordered DLS solve,,DLS_TARGET_SOLVED,143,True,False,True,NOT_RUN,ON_STATE_OPEN_ARCH_SINGLE_PROCESS_SEGMENT,NOT_REPRESENTED,143,143,463.403124146,-0.3339341154643911,-0.10000000164144493,0.36342954701517105,-0.33393410829515024,-0.10000000000000007,0.3634295685127326,2.2720860657944694e-08,143,1.23965639072288,3.816713119036381e-09,NONDECREASING,0.008926584087568079,0.00892658416954678,2.9755280559999733,0.003000000000519861,WITHIN_CONFIGURED_BAND,0.0,DLS_TARGET_SOLVED,143,True,True,True,True,2.2720860657944697e-08,2.0178537916835835e-06,3,TIGHT_POSITION_AND_NORMAL_TOLERANCES_MET,PASS_4MM_5DEG,,143,143,413.218671643,-0.3339341154643911,-0.10000000164144493,0.36342954701517105,2.2720860657944694e-08,143,1.23965639072288,3.816713119036381e-09,NONDECREASING,0.008926584087568079,0.00892658416954678,2.9755280559999733,0.003000000000519861,WITHIN_CONFIGURED_BAND,False,0.0,1.2305378938037848e-11,DLS_TARGET_STATE,DLS_TARGET_STATE
144,P2B1 R0 B0 ordered DLS solve,,DLS_TARGET_SOLVED,144,True,False,True,NOT_RUN,ON_STATE_OPEN_ARCH_SINGLE_PROCESS_SEGMENT,NOT_REPRESENTED,144,144,466.434382789,-0.3354658867615439,-0.10000000180539109,0.3544657064699262,-0.33546588011579853,-0.10000000000000007,0.35446572920186487,2.3752187338145065e-08,144,1.2487501665742455,3.7767894934917665e-09,NONDECREASING,0.009093775851365615,0.00909377592792766,3.031258643000001,0.0029999999996462383,WITHIN_CONFIGURED_BAND,0.0,DLS_TARGET_SOLVED,144,True,True,True,True,2.3752187338145065e-08,2.2139812850539247e-06,3,TIGHT_POSITION_AND_NORMAL_TOLERANCES_MET,PASS_4MM_5DEG,,144,144,416.249930286,-0.3354658867615439,-0.10000000180539109,0.3544657064699262,2.3752187338145065e-08,144,1.2487501665742455,3.7767894934917665e-09,NONDECREASING,0.009093775851365615,0.00909377592792766,3.031258643000001,0.0029999999996462383,WITHIN_CONFIGURED_BAND,False,0.0,1.2305378938037848e-11,DLS_TARGET_STATE,DLS_TARGET_STATE
145,P2B1 R0 B0 ordered DLS solve,,DLS_TARGET_SOLVED,145,True,False,True,NOT_RUN,ON_STATE_OPEN_ARCH_SINGLE_PROCESS_SEGMENT,NOT_REPRESENTED,145,145,469.520025597,-0.33679331643271954,-0.10000000197266311,0.34530444813409217,-0.3367933104791767,-0.10000000000000007,0.34530447219109167,2.486112018254271e-08,145,1.2580070949292554,3.633600843347529e-09,NONDECREASING,0.009256928355009908,0.009256928422960074,3.0856428079999887,0.00299999999966299,WITHIN_CONFIGURED_BAND,0.0,DLS_TARGET_SOLVED,145,True,True,True,True,2.486112018254271e-08,2.5199825091861465e-06,3,TIGHT_POSITION_AND_NORMAL_TOLERANCES_MET,PASS_4MM_5DEG,,145,145,419.335573094,-0.33679331643271954,-0.10000000197266311,0.34530444813409217,2.486112018254271e-08,145,1.2580070949292554,3.633600843347529e-09,NONDECREASING,0.009256928355009908,0.009256928422960074,3.0856428079999887,0.00299999999966299,WITHIN_CONFIGURED_BAND,False,0.0,1.2305378938037848e-11,DLS_TARGET_STATE,DLS_TARGET_STATE
146,P2B1 R0 B0 ordered DLS solve,,DLS_TARGET_SOLVED,146,True,False,True,NOT_RUN,ON_STATE_OPEN_ARCH_SINGLE_PROCESS_SEGMENT,NOT_REPRESENTED,146,146,472.658400603,-0.3379125578753944,-0.10000000214437386,0.3359560858331099,-0.33791255278198234,-0.10000000000000007,0.3359561113077549,2.606719631424993e-08,146,1.2674222198914231,3.411625088129616e-09,NONDECREASING,0.009415124962167676,0.009415125018682862,3.1383750060000466,0.00300000000021754,WITHIN_CONFIGURED_BAND,0.0,DLS_TARGET_SOLVED,146,True,True,True,True,2.606719631424993e-08,2.899160335199702e-06,3,TIGHT_POSITION_AND_NORMAL_TOLERANCES_MET,PASS_4MM_5DEG,,146,146,422.4739481,-0.3379125578753944,-0.10000000214437386,0.3359560858331099,2.606719631424993e-08,146,1.2674222198914231,3.411625088129616e-09,NONDECREASING,0.009415124962167676,0.009415125018682862,3.1383750059999898,0.0030000000002175947,WITHIN_CONFIGURED_BAND,False,0.0,1.2305378938037848e-11,DLS_TARGET_STATE,DLS_TARGET_STATE
147,P2B1 R0 B0 ordered DLS solve,,DLS_TARGET_SOLVED,147,True,False,True,NOT_RUN,ON_STATE_OPEN_ARCH_SINGLE_PROCESS_SEGMENT,NOT_REPRESENTED,147,147,475.847597367,-0.3388203077686122,-0.10000000232162254,0.3264316554507048,-0.3388203037029379,-0.10000000000000007,0.32643168243845694,2.7390845261687564e-08,147,1.2769898101399033,3.1496638075378744e-09,NONDECREASING,0.009567590248480196,0.00956759029107737,3.1891967639999734,0.0029999999997107262,WITHIN_CONFIGURED_BAND,0.0,DLS_TARGET_SOLVED,147,True,True,True,True,2.7390845261687564e-08,3.3253354842403813e-06,3,TIGHT_POSITION_AND_NORMAL_TOLERANCES_MET,PASS_4MM_5DEG,,147,147,425.663144864,-0.3388203077686122,-0.10000000232162254,0.3264316554507048,2.7390845261687564e-08,147,1.2769898101399033,3.1496638075378744e-09,NONDECREASING,0.009567590248480196,0.00956759029107737,3.1891967640000303,0.002999999999710673,WITHIN_CONFIGURED_BAND,False,0.0,1.2305378938037848e-11,DLS_TARGET_STATE,DLS_TARGET_STATE
148,P2B1 R0 B0 ordered DLS solve,,DLS_TARGET_SOLVED,148,True,False,True,NOT_RUN,ON_STATE_OPEN_ARCH_SINGLE_PROCESS_SEGMENT,NOT_REPRESENTED,148,148,479.085488793,-0.3395138224075166,-0.10000000250549984,0.3167427697847602,-0.3395138195376882,-0.10000000000000007,0.316742798384744,2.885259986216926e-08,148,1.2867034843925953,2.9107773260013742e-09,NONDECREASING,0.009713674252691984,0.009713674279186105,3.237891426000033,0.0030000000003662895,WITHIN_CONFIGURED_BAND,0.0,DLS_TARGET_SOLVED,148,True,True,True,True,2.885259986216926e-08,3.7823051142879327e-06,3,TIGHT_POSITION_AND_NORMAL_TOLERANCES_MET,PASS_4MM_5DEG,,148,148,428.90103629,-0.3395138224075166,-0.10000000250549984,0.3167427697847602,2.885259986216926e-08,148,1.2867034843925953,2.9107773260013742e-09,NONDECREASING,0.009713674252691984,0.009713674279186105,3.237891425999976,0.0030000000003663424,WITHIN_CONFIGURED_BAND,False,0.0,1.2305378938037848e-11,DLS_TARGET_STATE,DLS_TARGET_STATE
149,P2B1 R0 B0 ordered DLS solve,,DLS_TARGET_SOLVED,149,True,False,True,NOT_RUN,ON_STATE_OPEN_ARCH_SINGLE_PROCESS_SEGMENT,NOT_REPRESENTED,149,149,482.36976742,-0.3399909177502145,-0.1000000026970816,0.306901491669689,-0.3399909162459219,-0.10000000000000007,0.30690152198518,3.047238323310325e-08,149,1.2965563202657833,2.7872880494203466e-09,NONDECREASING,0.00985283587318797,0.009852835881318795,3.284278626999992,0.0030000000000970743,WITHIN_CONFIGURED_BAND,0.0,DLS_TARGET_SOLVED,149,True,True,True,True,3.047238323310325e-08,4.260664725780629e-06,3,TIGHT_POSITION_AND_NORMAL_TOLERANCES_MET,PASS_4MM_5DEG,,149,149,432.185314917,-0.3399909177502145,-0.1000000026970816,0.306901491669689,3.047238323310325e-08,149,1.2965563202657833,2.7872880494203466e-09,NONDECREASING,0.00985283587318797,0.009852835881318795,3.284278627000049,0.0030000000000970223,WITHIN_CONFIGURED_BAND,False,0.0,1.2305378938037848e-11,DLS_TARGET_STATE,DLS_TARGET_STATE
150,P2B1 R0 B0 ordered DLS solve,,DLS_TARGET_SOLVED,150,True,False,True,NOT_RUN,ON_STATE_OPEN_ARCH_SINGLE_PROCESS_SEGMENT,NOT_REPRESENTED,150,150,485.875216906,-0.3402685683987885,-0.10000000365493744,0.2963888090924914,-0.34026857252689796,-0.10000000000000007,0.29638884642198976,3.773448428576349e-08,150,1.3070726688061578,5.763711637066818e-09,NONDECREASING,0.010516348540374532,0.010516348456169035,3.505449485999975,0.0029999999994777017,WITHIN_CONFIGURED_BAND,0.0,DLS_TARGET_SOLVED,150,True,True,True,True,3.773448428576349e-08,6.344534910088923e-06,3,TIGHT_POSITION_AND_NORMAL_TOLERANCES_MET,PASS_4MM_5DEG,,150,150,435.690764403,-0.3402685683987885,-0.10000000365493744,0.2963888090924914,3.773448428576349e-08,150,1.3070726688061578,5.763711637066818e-09,NONDECREASING,0.010516348540374532,0.010516348456169035,3.505449485999975,0.0029999999994777017,WITHIN_CONFIGURED_BAND,False,0.0,1.2305378938037848e-11,DLS_TARGET_STATE,DLS_TARGET_STATE
151,P2B1 R0 B0 ordered DLS solve,,DLS_TARGET_SOLVED,151,True,False,True,NOT_RUN,ON_STATE_OPEN_ARCH_SINGLE_PROCESS_SEGMENT,NOT_REPRESENTED,151,151,489.820476245,-0.3403727689844269,-0.10000000648987357,0.28455348976721906,-0.340372793580364,-0.10000000000000007,0.2845535502538217,6.561789141768328e-08,151,1.3189084471342183,2.522008757080955e-08,NONDECREASING,0.011835778328060487,0.011835778018078062,3.9452593390000175,0.0030000000002732416,WITHIN_CONFIGURED_BAND,0.0,DLS_TARGET_SOLVED,151,True,True,True,True,6.561789141768328e-08,1.1214551645781465e-05,3,TIGHT_POSITION_AND_NORMAL_TOLERANCES_MET,PASS_4MM_5DEG,,151,151,439.636023742,-0.3403727689844269,-0.10000000648987357,0.28455348976721906,6.561789141768328e-08,151,1.3189084471342183,2.522008757080955e-08,NONDECREASING,0.011835778328060487,0.011835778018078062,3.9452593390000175,0.0030000000002732416,WITHIN_CONFIGURED_BAND,False,0.0,1.2305378938037848e-11,DLS_TARGET_STATE,DLS_TARGET_STATE
152,P2B1 R0 B0 ordered DLS solve,,DLS_TARGET_SOLVED,152,True,False,True,NOT_RUN,ON_STATE_OPEN_ARCH_SINGLE_PROCESS_SEGMENT,NOT_REPRESENTED,152,152,494.206654469,-0.34032378016383136,-0.10000001136778588,0.271395046286043,-0.34032384657568115,-0.10000000000000007,0.2713951552948795,1.2815103115321365e-07,152,1.33206698229643,6.617361977125121e-08,NONDECREASING,0.01315853516221166,0.013158534673430472,4.386178223999991,0.003000000000326138,WITHIN_CONFIGURED_BAND,0.0,DLS_TARGET_SOLVED,152,True,True,True,True,1.2815103115321365e-07,1.7483899913102192e-05,3,TIGHT_POSITION_AND_NORMAL_TOLERANCES_MET,PASS_4MM_5DEG,,152,152,444.022201966,-0.34032378016383136,-0.10000001136778588,0.271395046286043,1.2815103115321365e-07,152,1.33206698229643,6.617361977125121e-08,NONDECREASING,0.01315853516221166,0.013158534673430472,4.386178223999991,0.003000000000326138,WITHIN_CONFIGURED_BAND,False,0.0,1.2305378938037848e-11,DLS_TARGET_STATE,DLS_TARGET_STATE
153,P2B1 R0 B0 ordered DLS solve,,DLS_TARGET_SOLVED,153,True,False,True,NOT_RUN,ON_STATE_OPEN_ARCH_SINGLE_PROCESS_SEGMENT,NOT_REPRESENTED,153,153,499.03307475,-0.3401619434409354,-0.10000001968508566,0.25691668990747013,-0.34016208920453567,-0.10000000000000007,0.25691689901490355,2.5565689598462446e-07,153,1.346546243480434,1.442646182571112e-07,NONDECREASING,0.01447926118400411,0.014479260842664187,4.826420281000026,0.002999999999930406,WITHIN_CONFIGURED_BAND,0.0,DLS_TARGET_SOLVED,153,True,True,True,True,2.5565689598462446e-07,2.5776101211714284e-05,3,TIGHT_POSITION_AND_NORMAL_TOLERANCES_MET,PASS_4MM_5DEG,,153,153,448.848622247,-0.3401619434409354,-0.10000001968508566,0.25691668990747013,2.5565689598462446e-07,153,1.346546243480434,1.442646182571112e-07,NONDECREASING,0.01447926118400411,0.014479260842664187,4.826420280999969,0.0029999999999304416,WITHIN_CONFIGURED_BAND,False,0.0,1.2305378938037848e-11,DLS_TARGET_STATE,DLS_TARGET_STATE
154,P2B1 R0 B0 ordered DLS solve,,DLS_TARGET_SOLVED,154,True,False,True,NOT_RUN,ON_STATE_OPEN_ARCH_SINGLE_PROCESS_SEGMENT,NOT_REPRESENTED,154,154,504.29892658,-0.3399476283462717,-0.10000003378745431,0.24112058822020146,-0.33994792044754046,-0.10000000000000007,0.24112099919387464,5.05335634339106e-07,154,1.3623437982022912,2.895894858360547e-07,NONDECREASING,0.015797554721857177,0.015797555490471668,5.265851829999974,0.003000000000089586,WITHIN_CONFIGURED_BAND,0.0,DLS_TARGET_SOLVED,154,True,True,True,True,5.05335634339106e-07,3.715060245770816e-05,3,TIGHT_POSITION_AND_NORMAL_TOLERANCES_MET,PASS_4MM_5DEG,,154,154,454.114474077,-0.3399476283462717,-0.10000003378745431,0.24112058822020146,5.05335634339106e-07,154,1.3623437982022912,2.895894858360547e-07,NONDECREASING,0.015797554721857177,0.015797555490471668,5.265851830000031,0.0030000000000895534,WITHIN_CONFIGURED_BAND,False,0.0,1.2305378938037848e-11,DLS_TARGET_STATE,DLS_TARGET_STATE
155,P2B1 R0 B0 ordered DLS solve,,DLS_TARGET_SOLVED,155,True,False,True,NOT_RUN,ON_STATE_OPEN_ARCH_SINGLE_PROCESS_SEGMENT,NOT_REPRESENTED,155,155,510.003802877,-0.3397611222869226,-0.1000000573960154,0.22400697558150198,-0.33976168018629377,-0.10000000000000007,0.2240077842286236,9.841017113146954e-07,155,1.3794584228192979,5.583096771048025e-07,NONDECREASING,0.017114624617006635,0.01711462889046052,5.704876296999998,0.0029999999999054364,WITHIN_CONFIGURED_BAND,0.0,DLS_TARGET_SOLVED,155,True,True,True,True,9.841017113146954e-07,5.326649923050243e-05,3,TIGHT_POSITION_AND_NORMAL_TOLERANCES_MET,PASS_4MM_5DEG,,155,155,459.819350374,-0.3397611222869226,-0.1000000573960154,0.22400697558150198,9.841017113146954e-07,155,1.3794584228192979,5.583096771048025e-07,NONDECREASING,0.017114624617006635,0.01711462889046052,5.704876296999998,0.0029999999999054364,WITHIN_CONFIGURED_BAND,False,0.0,1.2305378938037848e-11,DLS_TARGET_STATE,DLS_TARGET_STATE
156,P2B1 R0 B0 ordered DLS solve,,DLS_TARGET_SOLVED,156,True,False,True,NOT_RUN,ON_STATE_OPEN_ARCH_SINGLE_PROCESS_SEGMENT,NOT_REPRESENTED,156,156,516.147697167,-0.3397026408680319,-0.1000000958138527,0.20557538549028212,-0.33970367349186414,-0.10000000000000007,0.2055769572601424,1.8830700377171543e-06,156,1.3978900933283052,1.050738395603931e-06,NONDECREASING,0.018431670509007292,0.01843168286859845,6.143894290000048,0.0029999999997718557,WITHIN_CONFIGURED_BAND,0.0,DLS_TARGET_SOLVED,156,True,True,True,True,1.8830700377171543e-06,7.659724826430683e-05,3,TIGHT_POSITION_AND_NORMAL_TOLERANCES_MET,PASS_4MM_5DEG,,156,156,465.963244664,-0.3397026408680319,-0.1000000958138527,0.20557538549028212,1.8830700377171543e-06,156,1.3978900933283052,1.050738395603931e-06,NONDECREASING,0.018431670509007292,0.01843168286859845,6.1438942899999915,0.0029999999997718835,WITHIN_CONFIGURED_BAND,False,0.0,1.2305378938037848e-11,DLS_TARGET_STATE,DLS_TARGET_STATE
157,P2B1 R0 B0 ordered DLS solve,,DLS_TARGET_SOLVED,157,True,False,True,NOT_RUN,ON_STATE_OPEN_ARCH_SINGLE_PROCESS_SEGMENT,NOT_REPRESENTED,157,157,522.431065825,-0.3398674617613816,-0.1000001270824441,0.18672600010613266,-0.3398688896256963,-0.10000000000000007,0.18672822165590236,2.64390427737967e-06,157,1.4167401900238565,1.466855956665909e-06,NONDECREASING,0.018850096695551377,0.018850105975512434,6.283368657999972,0.0030000000002407177,WITHIN_CONFIGURED_BAND,0.0,DLS_TARGET_SOLVED,157,True,True,True,True,2.64390427737967e-06,9.679611953743286e-05,3,TIGHT_POSITION_AND_NORMAL_TOLERANCES_MET,PASS_4MM_5DEG,,157,157,472.246613322,-0.3398674617613816,-0.1000001270824441,0.18672600010613266,2.64390427737967e-06,157,1.4167401900238565,1.466855956665909e-06,NONDECREASING,0.018850096695551377,0.018850105975512434,6.283368657999972,0.0030000000002407177,WITHIN_CONFIGURED_BAND,False,0.0,1.2305378938037848e-11,DLS_TARGET_STATE,DLS_TARGET_STATE
158,P2B1 R0 B0 ordered DLS solve,,DLS_TARGET_SOLVED,158,True,False,True,NOT_RUN,ON_STATE_OPEN_ARCH_SINGLE_PROCESS_SEGMENT,NOT_REPRESENTED,158,158,527.654548623,-0.3401056342398613,-0.10000006422171415,0.17105736178923292,-0.34010620263569197,-0.10000000000000007,0.17105813528437752,9.620254610013688e-07,158,1.4324106423627698,5.783470454456747e-07,NONDECREASING,0.015670452338913288,0.015670448393051022,5.223482797999964,0.0029999999998183455,WITHIN_CONFIGURED_BAND,0.0,DLS_TARGET_SOLVED,158,True,True,True,True,9.620254610013688e-07,6.592923076088588e-05,3,TIGHT_POSITION_AND_NORMAL_TOLERANCES_MET,PASS_4MM_5DEG,,158,158,477.47009612,-0.3401056342398613,-0.10000006422171415,0.17105736178923292,9.620254610013688e-07,158,1.4324106423627698,5.783470454456747e-07,NONDECREASING,0.015670452338913288,0.015670448393051022,5.2234827980000205,0.002999999999818313,WITHIN_CONFIGURED_BAND,False,0.0,1.2305378938037848e-11,DLS_TARGET_STATE,DLS_TARGET_STATE
159,P2B1 R0 B0 ordered DLS solve,,DLS_TARGET_SOLVED,159,True,False,True,NOT_RUN,ON_STATE_OPEN_ARCH_SINGLE_PROCESS_SEGMENT,NOT_REPRESENTED,159,159,531.691344228,-0.34020621478194624,-0.10000001976595821,0.1589473926567227,-0.34020631482791674,-0.10000000000000007,0.15894752867468903,1.7000228375421175e-07,159,1.444521031196706,1.003656202037074e-07,NONDECREASING,0.012110388833936225,0.012110386816191001,4.036795605000066,0.003000000000294987,WITHIN_CONFIGURED_BAND,0.0,DLS_TARGET_SOLVED,159,True,True,True,True,1.7000228375421175e-07,2.9503118125485917e-05,3,TIGHT_POSITION_AND_NORMAL_TOLERANCES_MET,PASS_4MM_5DEG,,159,159,481.506891725,-0.34020621478194624,-0.10000001976595821,0.1589473926567227,1.7000228375421175e-07,159,1.444521031196706,1.003656202037074e-07,NONDECREASING,0.012110388833936225,0.012110386816191001,4.036795605000009,0.0030000000002950297,WITHIN_CONFIGURED_BAND,False,0.0,1.2305378938037848e-11,DLS_TARGET_STATE,DLS_TARGET_STATE
160,P2B1 R0 B0 ordered DLS solve,,DLS_TARGET_SOLVED,160,True,False,True,NOT_RUN,ON_STATE_OPEN_ARCH_SINGLE_PROCESS_SEGMENT,NOT_REPRESENTED,160,160,534.536007089,-0.3401035007936296,-0.10000000443037824,0.15041402222316616,-0.34010349959253167,-0.10000000000000007,0.15041404389950846,2.2157046342480328e-08,160,1.4530550197157348,4.946708890965219e-09,NONDECREASING,0.008533988519028757,0.008533988582130161,2.8446628609999607,0.002999999999694262,WITHIN_CONFIGURED_BAND,0.0,DLS_TARGET_SOLVED,160,True,True,True,True,2.2157046342480328e-08,3.2831254491753797e-06,3,TIGHT_POSITION_AND_NORMAL_TOLERANCES_MET,PASS_4MM_5DEG,,160,160,484.351554586,-0.3401035007936296,-0.10000000443037824,0.15041402222316616,2.2157046342480328e-08,160,1.4530550197157348,4.946708890965219e-09,NONDECREASING,0.008533988519028757,0.008533988582130161,2.8446628610000175,0.002999999999694202,WITHIN_CONFIGURED_BAND,False,0.0,1.2305378938037848e-11,DLS_TARGET_STATE,DLS_TARGET_STATE
161,P2B1 R0 B0 ordered DLS solve,,DLS_TARGET_SOLVED,161,True,False,True,NOT_RUN,ON_STATE_OPEN_ARCH_SINGLE_PROCESS_SEGMENT,NOT_REPRESENTED,161,161,536.301579152,-0.339858978729555,-0.10000000267941728,0.1451229532046065,-0.33985900675455866,-0.10000000000000007,0.1451229648729922,3.04750936188501e-08,161,1.458351737085987,2.7001510026133387e-08,NONDECREASING,0.00529671737025228,0.005296716190148788,1.765572063000036,0.0030000000006505994,WITHIN_CONFIGURED_BAND,0.0,DLS_TARGET_SOLVED,161,True,True,True,True,3.04750936188501e-08,1.280731345572144e-05,3,TIGHT_POSITION_AND_NORMAL_TOLERANCES_MET,PASS_4MM_5DEG,,161,161,486.117126649,-0.339858978729555,-0.10000000267941728,0.1451229532046065,3.04750936188501e-08,161,1.458351737085987,2.7001510026133387e-08,NONDECREASING,0.00529671737025228,0.005296716190148788,1.7655720629999792,0.003000000000650696,WITHIN_CONFIGURED_BAND,False,0.0,1.2305378938037848e-11,DLS_TARGET_STATE,DLS_TARGET_STATE
162,P2B1 R0 B0 ordered DLS solve,,DLS_TARGET_SOLVED,162,True,False,True,NOT_RUN,ON_STATE_OPEN_ARCH_SINGLE_PROCESS_SEGMENT,NOT_REPRESENTED,162,162,537.845260802,-0.33944450229999956,-0.10000000293129617,0.14051049327493922,-0.339444538011579,-0.10000000000000007,0.1405105216573187,4.571070843686956e-08,162,1.4629827834281812,3.1777187399007275e-08,NONDECREASING,0.004631046342194134,0.004631044948328975,1.5436816499999395,0.0029999999989176246,WITHIN_CONFIGURED_BAND,0.0,DLS_TARGET_SOLVED,162,True,True,True,True,4.571070843686956e-08,1.3282417278241231e-05,3,TIGHT_POSITION_AND_NORMAL_TOLERANCES_MET,PASS_4MM_5DEG,,162,162,487.660808299,-0.33944450229999956,-0.10000000293129617,0.14051049327493922,4.571070843686956e-08,162,1.4629827834281812,3.1777187399007275e-08,NONDECREASING,0.004631046342194134,0.004631044948328975,1.5436816499999964,0.002999999998917514,WITHIN_CONFIGURED_BAND,False,0.0,1.2305378938037848e-11,DLS_TARGET_STATE,DLS_TARGET_STATE
163,P2B1 R0 B0 ordered DLS solve,,DLS_TARGET_SOLVED,163,True,False,True,NOT_RUN,ON_STATE_OPEN_ARCH_SINGLE_PROCESS_SEGMENT,NOT_REPRESENTED,163,163,539.335538989,-0.33885288117707574,-0.10000000317912265,0.13607897591442056,-0.33885291600840295,-0.10000000000000007,0.13607901277622414,5.0814572112352433e-08,163,1.467453619246953,2.799908525475403e-08,NONDECREASING,0.004470835818771723,0.004470834560757984,1.490278187000058,0.002999999999837487,WITHIN_CONFIGURED_BAND,0.0,DLS_TARGET_SOLVED,163,True,True,True,True,5.0814572112352433e-08,1.254948135578677e-05,3,TIGHT_POSITION_AND_NORMAL_TOLERANCES_MET,PASS_4MM_5DEG,,163,163,489.151086486,-0.33885288117707574,-0.10000000317912265,0.13607897591442056,5.0814572112352433e-08,163,1.467453619246953,2.799908525475403e-08,NONDECREASING,0.004470835818771723,0.004470834560757984,1.4902781870000013,0.0029999999998376013,WITHIN_CONFIGURED_BAND,False,0.0,1.2305378938037848e-11,DLS_TARGET_STATE,DLS_TARGET_STATE
164,P2B1 R0 B0 ordered DLS solve,,DLS_TARGET_SOLVED,164,True,False,True,NOT_RUN,ON_STATE_OPEN_ARCH_SINGLE_PROCESS_SEGMENT,NOT_REPRESENTED,164,164,540.761733784,-0.3381016470150172,-0.10000000345985269,0.13186685868152687,-0.3381016819624524,-0.10000000000000007,0.1318669046725492,5.7865948011868255e-08,164,1.4717322047574728,2.4255643123975634e-08,NONDECREASING,0.00427858551051985,0.004278584386205776,1.4261947949999012,0.0030000000008456574,WITHIN_CONFIGURED_BAND,0.0,DLS_TARGET_SOLVED,164,True,True,True,True,5.7865948011868255e-08,1.1912965130757347e-05,3,TIGHT_POSITION_AND_NORMAL_TOLERANCES_MET,PASS_4MM_5DEG,,164,164,490.577281281,-0.3381016470150172,-0.10000000345985269,0.13186685868152687,5.7865948011868255e-08,164,1.4717322047574728,2.4255643123975634e-08,NONDECREASING,0.00427858551051985,0.004278584386205776,1.426194795000015,0.0030000000008454184,WITHIN_CONFIGURED_BAND,False,0.0,1.2305378938037848e-11,DLS_TARGET_STATE,DLS_TARGET_STATE
165,P2B1 R0 B0 ordered DLS solve,,DLS_TARGET_SOLVED,165,True,False,True,NOT_RUN,ON_STATE_OPEN_ARCH_SINGLE_PROCESS_SEGMENT,NOT_REPRESENTED,165,165,542.123675441,-0.33720537807643886,-0.10000000375552927,0.1278805486475183,-0.3372054136453084,-0.10000000000000007,0.12788060331931683,6.533187611690753e-08,165,1.4758180306910373,2.027951361336217e-08,NONDECREASING,0.004085825933564546,0.004085824971471226,1.3619416570001022,0.003000000000345771,WITHIN_CONFIGURED_BAND,0.0,DLS_TARGET_SOLVED,165,True,True,True,True,6.533187611690753e-08,1.1321707366822874e-05,3,TIGHT_POSITION_AND_NORMAL_TOLERANCES_MET,PASS_4MM_5DEG,,165,165,491.939222938,-0.33720537807643886,-0.10000000375552927,0.1278805486475183,6.533187611690753e-08,165,1.4758180306910373,2.027951361336217e-08,NONDECREASING,0.004085825933564546,0.004085824971471226,1.3619416569999885,0.0030000000003460215,WITHIN_CONFIGURED_BAND,False,0.0,1.2305378938037848e-11,DLS_TARGET_STATE,DLS_TARGET_STATE
166,P2B1 R0 B0 ordered DLS solve,,DLS_TARGET_SOLVED,166,True,False,True,NOT_RUN,ON_STATE_OPEN_ARCH_SINGLE_PROCESS_SEGMENT,NOT_REPRESENTED,166,166,543.481096331,-0.336133788349145,-0.10000000386757758,0.12395180601237676,-0.3361338220060157,-0.10000000000000007,0.12395186183566576,6.5299178381176e-08,166,1.4798902940946355,1.543752087102779e-08,NONDECREASING,0.00407226340359812,0.004072262667955081,1.3574208899999576,0.00299999999849362,WITHIN_CONFIGURED_BAND,0.0,DLS_TARGET_SOLVED,166,True,True,True,True,6.5299178381176e-08,1.0598878827960109e-05,3,TIGHT_POSITION_AND_NORMAL_TOLERANCES_MET,PASS_4MM_5DEG,,166,166,493.296643828,-0.336133788349145,-0.10000000386757758,0.12395180601237676,6.5299178381176e-08,166,1.4798902940946355,1.543752087102779e-08,NONDECREASING,0.00407226340359812,0.004072262667955081,1.3574208900000144,0.002999999998493494,WITHIN_CONFIGURED_BAND,False,0.0,1.2305378938037848e-11,DLS_TARGET_STATE,DLS_TARGET_STATE
167,P2B1 R0 B0 ordered DLS solve,,DLS_TARGET_SOLVED,167,True,False,True,NOT_RUN,ON_STATE_OPEN_ARCH_SINGLE_PROCESS_SEGMENT,NOT_REPRESENTED,167,167,544.839378861,-0.33488595219950157,-0.10000000390955062,0.12007272263641672,-0.3348859842482985,-0.10000000000000007,0.12007277820860351,6.427035021493391e-08,167,1.4839651422294116,1.1351642007180917e-08,NONDECREASING,0.004074848134776099,0.0040748475915065195,1.3582825299999968,0.003000000001109143,WITHIN_CONFIGURED_BAND,0.0,DLS_TARGET_SOLVED,167,True,True,True,True,6.427035021493391e-08,9.953297688366145e-06,3,TIGHT_POSITION_AND_NORMAL_TOLERANCES_MET,PASS_4MM_5DEG,,167,167,494.654926358,-0.33488595219950157,-0.10000000390955062,0.12007272263641672,6.427035021493391e-08,167,1.4839651422294116,1.1351642007180917e-08,NONDECREASING,0.004074848134776099,0.0040748475915065195,1.3582825299999968,0.003000000001109143,WITHIN_CONFIGURED_BAND,False,0.0,1.2305378938037848e-11,DLS_TARGET_STATE,DLS_TARGET_STATE
168,P2B1 R0 B0 ordered DLS solve,,DLS_TARGET_SOLVED,168,True,False,True,NOT_RUN,ON_STATE_OPEN_ARCH_SINGLE_PROCESS_SEGMENT,NOT_REPRESENTED,168,168,546.190399158,-0.3334725275609036,-0.10000000392743048,0.1162741000733748,-0.3334725588485158,-0.10000000000000007,0.11627415549597869,6.376522882646009e-08,168,1.488018203507194,8.158480996344835e-09,NONDECREASING,0.004053061277782488,0.004053060890912806,1.351020296999991,0.002999999999935481,WITHIN_CONFIGURED_BAND,0.0,DLS_TARGET_SOLVED,168,True,True,True,True,6.376522882646009e-08,9.410296282096516e-06,3,TIGHT_POSITION_AND_NORMAL_TOLERANCES_MET,PASS_4MM_5DEG,,168,168,496.005946655,-0.3334725275609036,-0.10000000392743048,0.1162741000733748,6.376522882646009e-08,168,1.488018203507194,8.158480996344835e-09,NONDECREASING,0.004053061277782488,0.004053060890912806,1.351020296999991,0.002999999999935481,WITHIN_CONFIGURED_BAND,False,0.0,1.2305378938037848e-11,DLS_TARGET_STATE,DLS_TARGET_STATE
169,P2B1 R0 B0 ordered DLS solve,,DLS_TARGET_SOLVED,169,True,False,True,NOT_RUN,ON_STATE_OPEN_ARCH_SINGLE_PROCESS_SEGMENT,NOT_REPRESENTED,169,169,547.526139436,-0.33190712513123416,-0.10000000392614806,0.11258528806275264,-0.33190715636618573,-0.10000000000000007,0.11258534337367637,6.364224321522004e-08,169,1.4920254246007216,5.806636588868894e-09,NONDECREASING,0.00400722109352758,0.004007220834509289,1.335740278000003,0.0030000000003812715,WITHIN_CONFIGURED_BAND,0.0,DLS_TARGET_SOLVED,169,True,True,True,True,6.364224321522004e-08,8.950421354460619e-06,3,TIGHT_POSITION_AND_NORMAL_TOLERANCES_MET,PASS_4MM_5DEG,,169,169,497.341686933,-0.33190712513123416,-0.10000000392614806,0.11258528806275264,6.364224321522004e-08,169,1.4920254246007216,5.806636588868894e-09,NONDECREASING,0.00400722109352758,0.004007220834509289,1.335740278000003,0.0030000000003812715,WITHIN_CONFIGURED_BAND,False,0.0,1.2305378938037848e-11,DLS_TARGET_STATE,DLS_TARGET_STATE
170,P2B1 R0 B0 ordered DLS solve,,DLS_TARGET_SOLVED,170,True,False,True,NOT_RUN,ON_STATE_OPEN_ARCH_SINGLE_PROCESS_SEGMENT,NOT_REPRESENTED,170,170,548.838837339,-0.3302060065642063,-0.10000000390692483,0.10903355923427611,-0.33020603834609713,-0.10000000000000007,0.10903361438685605,6.377428729377778e-08,170,1.4959635184630877,4.361452579734617e-09,NONDECREASING,0.003938093862366099,0.003938093707635485,1.3126979029999575,0.0029999999989606236,WITHIN_CONFIGURED_BAND,0.0,DLS_TARGET_SOLVED,170,True,True,True,True,6.377428729377778e-08,8.557663051394739e-06,3,TIGHT_POSITION_AND_NORMAL_TOLERANCES_MET,PASS_4MM_5DEG,,170,170,498.654384836,-0.3302060065642063,-0.10000000390692483,0.10903355923427611,6.377428729377778e-08,170,1.4959635184630877,4.361452579734617e-09,NONDECREASING,0.003938093862366099,0.003938093707635485,1.3126979030000143,0.0029999999989604935,WITHIN_CONFIGURED_BAND,False,0.0,1.2305378938037848e-11,DLS_TARGET_STATE,DLS_TARGET_STATE
171,P2B1 R0 B0 ordered DLS solve,,DLS_TARGET_SOLVED,171,True,False,True,NOT_RUN,ON_STATE_OPEN_ARCH_SINGLE_PROCESS_SEGMENT,NOT_REPRESENTED,171,171,550.121144149,-0.3283876882271419,-0.10000000386779304,0.10564349799108019,-0.3283877210628715,-0.10000000000000007,0.10564355283773513,6.404139690486076e-08,171,1.4998104389657114,3.8683006154343285e-09,NONDECREASING,0.0038469205026236963,0.003846920431660055,1.2823068100000228,0.003000000001294532,WITHIN_CONFIGURED_BAND,0.0,DLS_TARGET_SOLVED,171,True,True,True,True,6.404139690486075e-08,8.2184089192177e-06,3,TIGHT_POSITION_AND_NORMAL_TOLERANCES_MET,PASS_4MM_5DEG,,171,171,499.936691646,-0.3283876882271419,-0.10000000386779304,0.10564349799108019,6.404139690486076e-08,171,1.4998104389657114,3.8683006154343285e-09,NONDECREASING,0.0038469205026236963,0.003846920431660055,1.282306809999966,0.0030000000012946645,WITHIN_CONFIGURED_BAND,False,0.0,1.2305378938037848e-11,DLS_TARGET_STATE,DLS_TARGET_STATE
172,P2B1 R0 B0 ordered DLS solve,,DLS_TARGET_SOLVED,172,True,False,True,NOT_RUN,ON_STATE_OPEN_ARCH_SINGLE_PROCESS_SEGMENT,NOT_REPRESENTED,172,172,551.377270471,-0.3264551757858949,-0.10000000376343006,0.1024083665114827,-0.3264552095919676,-0.10000000000000007,0.10240842002395761,6.340819291602921e-08,172,1.5035788179365555,3.994175369565132e-09,NONDECREASING,0.003768378970844033,0.0037683789652657317,1.256126322,0.0029999999994154503,WITHIN_CONFIGURED_BAND,0.0,DLS_TARGET_SOLVED,172,True,True,True,True,6.340819291602921e-08,7.887716585963908e-06,3,TIGHT_POSITION_AND_NORMAL_TOLERANCES_MET,PASS_4MM_5DEG,,172,172,501.192817968,-0.3264551757858949,-0.10000000376343006,0.1024083665114827,6.340819291602921e-08,172,1.5035788179365555,3.994175369565132e-09,NONDECREASING,0.003768378970844033,0.0037683789652657317,1.256126322,0.0029999999994154503,WITHIN_CONFIGURED_BAND,False,0.0,1.2305378938037848e-11,DLS_TARGET_STATE,DLS_TARGET_STATE
173,P2B1 R0 B0 ordered DLS solve,,DLS_TARGET_SOLVED,173,True,False,True,NOT_RUN,ON_STATE_OPEN_ARCH_SINGLE_PROCESS_SEGMENT,NOT_REPRESENTED,173,173,552.670974777,-0.32431341223264964,-0.10000000339554817,0.0991717191161121,-0.3243134442887381,-0.10000000000000007,0.0991717668297149,5.758220598594442e-08,173,1.5074599308132248,4.0506332251227e-09,NONDECREASING,0.003881112876669368,0.0038811129177040403,1.293704305999995,0.002999999999771242,WITHIN_CONFIGURED_BAND,0.0,DLS_TARGET_SOLVED,173,True,True,True,True,5.758220598594442e-08,7.381733254786369e-06,3,TIGHT_POSITION_AND_NORMAL_TOLERANCES_MET,PASS_4MM_5DEG,,173,173,502.486522274,-0.32431341223264964,-0.10000000339554817,0.0991717191161121,5.758220598594442e-08,173,1.5074599308132248,4.0506332251227e-09,NONDECREASING,0.003881112876669368,0.0038811129177040403,1.293704305999995,0.002999999999771242,WITHIN_CONFIGURED_BAND,False,0.0,1.2305378938037848e-11,DLS_TARGET_STATE,DLS_TARGET_STATE
174,P2B1 R0 B0 ordered DLS solve,,DLS_TARGET_SOLVED,174,True,False,True,NOT_RUN,ON_STATE_OPEN_ARCH_SINGLE_PROCESS_SEGMENT,NOT_REPRESENTED,174,174,554.007556718,-0.32195105754666575,-0.10000000301685662,0.0959317589477229,-0.3219510879838456,-0.10000000000000007,0.09593180127090378,5.2218530992758e-08,174,1.511469676566905,4.0387148732011836e-09,NONDECREASING,0.004009745753680072,0.004009745821762112,1.3365819410000768,0.002999999999073668,WITHIN_CONFIGURED_BAND,0.0,DLS_TARGET_SOLVED,174,True,True,True,True,5.2218530992758e-08,6.879032305721357e-06,3,TIGHT_POSITION_AND_NORMAL_TOLERANCES_MET,PASS_4MM_5DEG,,174,174,503.823104215,-0.32195105754666575,-0.10000000301685662,0.0959317589477229,5.2218530992758e-08,174,1.511469676566905,4.0387148732011836e-09,NONDECREASING,0.004009745753680072,0.004009745821762112,1.33658194100002,0.0029999999990737956,WITHIN_CONFIGURED_BAND,False,0.0,1.2305378938037848e-11,DLS_TARGET_STATE,DLS_TARGET_STATE
175,P2B1 R0 B0 ordered DLS solve,,DLS_TARGET_SOLVED,175,True,False,True,NOT_RUN,ON_STATE_OPEN_ARCH_SINGLE_PROCESS_SEGMENT,NOT_REPRESENTED,175,175,555.379096345,-0.3193798428376967,-0.1000000026736323,0.09271944771185482,-0.3193798722486866,-0.10000000000000007,0.09271948560449966,4.8041723191345645e-08,175,1.5155842953705214,3.912909621142279e-09,NONDECREASING,0.004114618803616521,0.004114618883408668,1.3715396269999474,0.003000000001756293,WITHIN_CONFIGURED_BAND,0.0,DLS_TARGET_SOLVED,175,True,True,True,True,4.8041723191345645e-08,6.418802195786557e-06,3,TIGHT_POSITION_AND_NORMAL_TOLERANCES_MET,PASS_4MM_5DEG,,175,175,505.194643843,-0.3193798428376967,-0.1000000026736323,0.09271944771185482,4.8041723191345645e-08,175,1.5155842953705214,3.912909621142279e-09,NONDECREASING,0.004114618803616521,0.004114618883408668,1.3715396279999936,0.0029999999995688692,WITHIN_CONFIGURED_BAND,False,0.0,1.2305378938037848e-11,DLS_TARGET_STATE,DLS_TARGET_STATE
176,P2B1 R0 B0 ordered DLS solve,,DLS_TARGET_SOLVED,176,True,False,True,NOT_RUN,ON_STATE_OPEN_ARCH_SINGLE_PROCESS_SEGMENT,NOT_REPRESENTED,176,176,556.777102963,-0.3166155188620186,-0.10000000236141765,0.08956535267818601,-0.31661554773164224,-0.10000000000000007,0.08956538681949511,4.477343463338781e-08,176,1.5197783151439688,3.643166302283654e-09,NONDECREASING,0.004194019773447355,0.004194019852590493,1.398006617999954,0.002999999998991873,WITHIN_CONFIGURED_BAND,0.0,DLS_TARGET_SOLVED,176,True,True,True,True,4.477343463338781e-08,6.000716385603466e-06,3,TIGHT_POSITION_AND_NORMAL_TOLERANCES_MET,PASS_4MM_5DEG,,176,176,506.59265046,-0.3166155188620186,-0.10000000236141765,0.08956535267818601,4.477343463338781e-08,176,1.5197783151439688,3.643166302283654e-09,NONDECREASING,0.004194019773447355,0.004194019852590493,1.3980066170000214,0.0030000000011376404,WITHIN_CONFIGURED_BAND,False,0.0,1.2305378938037848e-11,DLS_TARGET_STATE,DLS_TARGET_STATE
177,P2B1 R0 B0 ordered DLS solve,,DLS_TARGET_SOLVED,177,True,False,True,NOT_RUN,ON_STATE_OPEN_ARCH_SINGLE_PROCESS_SEGMENT,NOT_REPRESENTED,177,177,558.192678909,-0.3136775129509623,-0.10000000207424908,0.08649895110791612,-0.3136775416740287,-0.10000000000000007,0.08649898195917799,4.220328674953809e-08,177,1.5240250429132762,3.2231457470331615e-09,NONDECREASING,0.004246727769307457,0.00424672783723604,1.4155759460001036,0.0029999999994600986,WITHIN_CONFIGURED_BAND,0.0,DLS_TARGET_SOLVED,177,True,True,True,True,4.220328674953809e-08,5.6234122617232125e-06,3,TIGHT_POSITION_AND_NORMAL_TOLERANCES_MET,PASS_4MM_5DEG,,177,177,508.008226406,-0.3136775129509623,-0.10000000207424908,0.08649895110791612,4.220328674953809e-08,177,1.5240250429132762,3.2231457470331615e-09,NONDECREASING,0.004246727769307457,0.00424672783723604,1.41557594599999,0.0029999999994603397,WITHIN_CONFIGURED_BAND,False,0.0,1.2305378938037848e-11,DLS_TARGET_STATE,DLS_TARGET_STATE
178,P2B1 R0 B0 ordered DLS solve,,DLS_TARGET_SOLVED,178,True,False,True,NOT_RUN,ON_STATE_OPEN_ARCH_SINGLE_PROCESS_SEGMENT,NOT_REPRESENTED,178,178,559.616664665,-0.3105885478292517,-0.10000000180549769,0.08354803372787081,-0.3105885767252531,-0.10000000000000007,0.08354806158142208,4.017535357876373e-08,178,1.528297000135011,2.6594963988647883e-09,NONDECREASING,0.004271957221734679,0.004271957268863776,1.4239857559999791,0.003000000000606634,WITHIN_CONFIGURED_BAND,0.0,DLS_TARGET_SOLVED,178,True,True,True,True,4.017535357876372e-08,5.2845323887994375e-06,3,TIGHT_POSITION_AND_NORMAL_TOLERANCES_MET,PASS_4MM_5DEG,,178,178,509.432212162,-0.3105885478292517,-0.10000000180549769,0.08354803372787081,4.017535357876373e-08,178,1.528297000135011,2.6594963988647883e-09,NONDECREASING,0.004271957221734679,0.004271957268863776,1.4239857559999791,0.003000000000606634,WITHIN_CONFIGURED_BAND,False,0.0,1.2305378938037848e-11,DLS_TARGET_STATE,DLS_TARGET_STATE
179,P2B1 R0 B0 ordered DLS solve,,DLS_TARGET_SOLVED,179,True,False,True,NOT_RUN,ON_STATE_OPEN_ARCH_SINGLE_PROCESS_SEGMENT,NOT_REPRESENTED,179,179,561.039771299,-0.3073742281964627,-0.10000000154830146,0.0807381864496673,-0.3073742575209949,-0.10000000000000007,0.08073821146539434,3.8576055064679795e-08,179,1.5325663200202333,1.983393820751566e-09,NONDECREASING,0.004269319885222389,0.004269319902345171,1.4231066339999643,0.0030000000002426233,WITHIN_CONFIGURED_BAND,0.0,DLS_TARGET_SOLVED,179,True,True,True,True,3.8576055064679795e-08,4.980852158339094e-06,3,TIGHT_POSITION_AND_NORMAL_TOLERANCES_MET,PASS_4MM_5DEG,,179,179,510.855318796,-0.3073742281964627,-0.10000000154830146,0.0807381864496673,3.8576055064679795e-08,179,1.5325663200202333,1.983393820751566e-09,NONDECREASING,0.004269319885222389,0.004269319902345171,1.4231066340000211,0.003000000000242503,WITHIN_CONFIGURED_BAND,False,0.0,1.2305378938037848e-11,DLS_TARGET_STATE,DLS_TARGET_STATE
180,P2B1 R0 B0 ordered DLS solve,,DLS_TARGET_SOLVED,180,True,False,True,NOT_RUN,ON_STATE_OPEN_ARCH_SINGLE_PROCESS_SEGMENT,NOT_REPRESENTED,180,180,562.062689388,-0.30406259232475946,-0.10000000129579938,0.07809233192832415,-0.3040626222775679,-0.10000000000000007,0.07809235416006371,3.732425584116738e-08,179,1.5368050889767542,3.732425584116738e-08,NONDECREASING,0.004238768956520866,0.004238806234644817,1.0229180889999725,0.004143837400303252,ABOVE_CONFIGURED_BAND,0.0,DLS_TARGET_SOLVED,180,True,True,True,True,3.732425584116738e-08,4.708446399431558e-06,3,TIGHT_POSITION_AND_NORMAL_TOLERANCES_MET,PASS_4MM_5DEG,,180,180,511.878236884,-0.30406259232475946,-0.10000000129579938,0.07809233192832415,3.732425584116738e-08,179,1.5368050889767542,3.732425584116738e-08,NONDECREASING,0.004238768956520866,0.004238806234644817,1.022918087999983,0.0041438374043542055,ABOVE_CONFIGURED_BAND,False,0.0,1.2305378938037848e-11,DLS_TARGET_STATE,DLS_TARGET_STATE
