case_id,waypoint,robot_world_distance_m,self_distance_m,robot_world_pair,self_pair
"nominal_d40",0,0.20000000000000001,0.016836332585723032,"base_link|tunnel_floor","wrist2_link|forearm_link"
"nominal_d40",1,0.20000000000000001,0.016845881801387887,"base_link|tunnel_floor","wrist2_link|forearm_link"
"nominal_d40",2,0.20000000000000001,0.016654625670177142,"base_link|tunnel_floor","wrist2_link|forearm_link"
"nominal_d40",3,0.20000000000000001,0.016755178830541798,"base_link|tunnel_floor","wrist2_link|forearm_link"
"nominal_d40",4,0.20000000000000001,0.016858740081537614,"base_link|tunnel_floor","wrist2_link|forearm_link"
"nominal_d40",5,0.20000000000000001,0.016677991262512657,"base_link|tunnel_floor","wrist2_link|forearm_link"
"nominal_d40",6,0.20000000000000001,0.016730034696398634,"base_link|tunnel_floor","wrist2_link|forearm_link"
"nominal_d40",7,0.20000000000000001,0.016785710597003147,"base_link|tunnel_floor","wrist2_link|forearm_link"
"nominal_d40",8,0.20000000000000001,0.016673184123179505,"base_link|tunnel_floor","wrist2_link|forearm_link"
"nominal_d40",9,0.20000000000000001,0.016745431932222724,"base_link|tunnel_floor","wrist2_link|forearm_link"
"nominal_d40",10,0.20000000000000001,0.016798758979881374,"base_link|tunnel_floor","wrist2_link|forearm_link"
"nominal_d40",11,0.20000000000000001,0.016749644254308117,"base_link|tunnel_floor","wrist2_link|forearm_link"
"nominal_d40",12,0.20000000000000001,0.016762608407093142,"base_link|tunnel_floor","wrist2_link|forearm_link"
"nominal_d40",13,0.20000000000000001,0.016749646766677118,"base_link|tunnel_floor","wrist2_link|forearm_link"
"nominal_d40",14,0.20000000000000001,0.016745471711788872,"base_link|tunnel_floor","wrist2_link|forearm_link"
"nominal_d40",15,0.20000000000000001,0.016861323567134708,"base_link|tunnel_floor","wrist2_link|forearm_link"
"nominal_d40",16,0.20000000000000001,0.01672874662425523,"base_link|tunnel_floor","wrist2_link|forearm_link"
"nominal_d40",17,0.20000000000000001,0.01665796122097727,"base_link|tunnel_floor","wrist2_link|forearm_link"
"nominal_d40",18,0.20000000000000001,0.016669511888655789,"base_link|tunnel_floor","wrist2_link|forearm_link"
"nominal_d40",19,0.20000000000000001,0.016809528507560432,"base_link|tunnel_floor","wrist2_link|forearm_link"
"nominal_d40",20,0.20000000000000001,0.016806816575287271,"base_link|tunnel_floor","wrist2_link|forearm_link"
"nominal_d40",21,0.20000000000000001,0.016741678993671009,"base_link|tunnel_floor","wrist2_link|forearm_link"
"nominal_d40",22,0.20000000000000001,0.016764099691404331,"base_link|tunnel_floor","wrist2_link|forearm_link"
"nominal_d40",23,0.20000000000000001,0.016746696906236078,"base_link|tunnel_floor","wrist2_link|forearm_link"
"nominal_d40",24,0.20000000000000001,0.016848611503694086,"base_link|tunnel_floor","wrist2_link|forearm_link"
"nominal_d40",25,0.20000000000000001,0.016681012505133971,"base_link|tunnel_floor","wrist2_link|forearm_link"
"nominal_d40",26,0.20000000000000001,0.016644662464586606,"base_link|tunnel_floor","wrist2_link|forearm_link"
"nominal_d40",27,0.20000000000000001,0.016743883027984859,"base_link|tunnel_floor","wrist2_link|forearm_link"
"nominal_d40",28,0.20000000000000001,0.016900021635692437,"base_link|tunnel_floor","wrist2_link|forearm_link"
"nominal_d40",29,0.20000000000000001,0.01679225748150712,"base_link|tunnel_floor","wrist2_link|forearm_link"
"nominal_d40",30,0.20000000000000001,0.016770284865915367,"base_link|tunnel_floor","wrist2_link|forearm_link"
"nominal_d40",31,0.20000000000000001,0.016769044419670694,"base_link|tunnel_floor","wrist2_link|forearm_link"
"nominal_d40",32,0.20000000000000001,0.016781742761198981,"base_link|tunnel_floor","wrist2_link|forearm_link"
"nominal_d40",33,0.20000000000000001,0.016810657745890755,"base_link|tunnel_floor","wrist2_link|forearm_link"
"nominal_d40",34,0.20000000000000001,0.01686080267052224,"base_link|tunnel_floor","wrist2_link|forearm_link"
"nominal_d40",35,0.20000000000000001,0.016894695524299997,"base_link|tunnel_floor","wrist2_link|forearm_link"
"nominal_d40",36,0.20000000000000001,0.0168140813027974,"base_link|tunnel_floor","forearm_link|wrist2_link"
"nominal_d40",37,0.20000000000000001,0.016740017202710584,"base_link|tunnel_floor","forearm_link|wrist2_link"
"nominal_d40",38,0.20000000000000001,0.016737154129634141,"base_link|tunnel_floor","forearm_link|wrist2_link"
"nominal_d40",39,0.20000000000000001,0.016756766448487496,"base_link|tunnel_floor","forearm_link|wrist2_link"
"nominal_d40",40,0.20000000000000001,0.016664426358737067,"base_link|tunnel_floor","forearm_link|wrist2_link"
"nominal_d40",41,0.20000000000000001,0.01662451058976298,"base_link|tunnel_floor","forearm_link|wrist2_link"
"nominal_d40",42,0.20000000000000001,0.016648038882369591,"base_link|tunnel_floor","forearm_link|wrist2_link"
"nominal_d40",43,0.20000000000000001,0.016733953779237816,"base_link|tunnel_floor","forearm_link|wrist2_link"
"nominal_d40",44,0.20000000000000001,0.016695395464894781,"base_link|tunnel_floor","forearm_link|wrist2_link"
"nominal_d40",45,0.20000000000000001,0.016687689683214241,"base_link|tunnel_floor","forearm_link|wrist2_link"
"nominal_d40",46,0.20000000000000001,0.0167238708132369,"base_link|tunnel_floor","forearm_link|wrist2_link"
"nominal_d40",47,0.20000000000000001,0.01681028999908073,"base_link|tunnel_floor","forearm_link|wrist2_link"
"nominal_d40",48,0.20000000000000001,0.016921943082978629,"base_link|tunnel_floor","forearm_link|wrist2_link"
"nominal_d40",49,0.20000000000000001,0.016858084630386291,"base_link|tunnel_floor","forearm_link|wrist2_link"
"nominal_d40",50,0.20000000000000001,0.016826882611209924,"base_link|tunnel_floor","forearm_link|wrist2_link"
"nominal_d40",51,0.20000000000000001,0.016825958045092699,"base_link|tunnel_floor","forearm_link|wrist2_link"
"nominal_d40",52,0.20000000000000001,0.016761011734688466,"base_link|tunnel_floor","forearm_link|wrist2_link"
"nominal_d40",53,0.20000000000000001,0.016729211985350857,"base_link|tunnel_floor","forearm_link|wrist2_link"
"nominal_d40",54,0.20000000000000001,0.016729856142100638,"base_link|tunnel_floor","forearm_link|wrist2_link"
"nominal_d40",55,0.20000000000000001,0.016756910007979541,"base_link|tunnel_floor","forearm_link|wrist2_link"
"nominal_d40",56,0.20000000000000001,0.016711419272366239,"base_link|tunnel_floor","wrist2_link|forearm_link"
"nominal_d40",57,0.20000000000000001,0.016693488688368171,"base_link|tunnel_floor","wrist2_link|forearm_link"
"nominal_d40",58,0.20000000000000001,0.016701789979983377,"base_link|tunnel_floor","wrist2_link|forearm_link"
"nominal_d40",59,0.20000000000000001,0.016734847355980211,"base_link|tunnel_floor","wrist2_link|forearm_link"
"nominal_d40",60,0.20000000000000001,0.016790850508152991,"base_link|tunnel_floor","wrist2_link|forearm_link"
"nominal_d40",61,0.20000000000000001,0.016867569488336016,"base_link|tunnel_floor","wrist2_link|forearm_link"
"nominal_d40",62,0.20000000000000001,0.016905474442806233,"base_link|tunnel_floor","wrist2_link|forearm_link"
"nominal_d40",63,0.20000000000000001,0.016861032894178254,"base_link|tunnel_floor","wrist2_link|forearm_link"
"nominal_d40",64,0.20000000000000001,0.016839075623230466,"base_link|tunnel_floor","wrist2_link|forearm_link"
"nominal_d40",65,0.20000000000000001,0.016809562075124615,"base_link|tunnel_floor","wrist2_link|forearm_link"
"nominal_d40",66,0.20000000000000001,0.016731794596511092,"base_link|tunnel_floor","wrist2_link|forearm_link"
"nominal_d40",67,0.20000000000000001,0.016683751385754033,"base_link|tunnel_floor","wrist2_link|forearm_link"
"nominal_d40",68,0.20000000000000001,0.016670539819357372,"base_link|tunnel_floor","wrist2_link|forearm_link"
"nominal_d40",69,0.20000000000000001,0.016685261197419695,"base_link|tunnel_floor","wrist2_link|forearm_link"
"nominal_d40",70,0.20000000000000001,0.016705743518078509,"base_link|tunnel_floor","wrist2_link|forearm_link"
"nominal_d40",71,0.20000000000000001,0.016725124141628824,"base_link|tunnel_floor","wrist2_link|forearm_link"
"nominal_d40",72,0.20000000000000001,0.016735852668635042,"base_link|tunnel_floor","wrist2_link|forearm_link"
"nominal_d40",73,0.20000000000000001,0.016729504033487278,"base_link|tunnel_floor","wrist2_link|forearm_link"
"nominal_d40",74,0.20000000000000001,0.016696979434012653,"base_link|tunnel_floor","wrist2_link|forearm_link"
"nominal_d40",75,0.20000000000000001,0.016636166125264772,"base_link|tunnel_floor","wrist2_link|forearm_link"
"nominal_d40",76,0.20000000000000001,0.016656392356689382,"base_link|tunnel_floor","wrist2_link|forearm_link"
"nominal_d40",77,0.20000000000000001,0.016715162136258292,"base_link|tunnel_floor","wrist2_link|forearm_link"
"nominal_d40",78,0.19643020029846198,0.016729581634317679,"upperarm_link|horseshoe_wall_30","wrist2_link|forearm_link"
"nominal_d40",79,0.17456809600020357,0.016692415659986939,"upperarm_link|horseshoe_wall_30","wrist2_link|forearm_link"
"nominal_d40",80,0.1539979263308775,0.016651226831180074,"upperarm_link|horseshoe_wall_29","wrist2_link|forearm_link"
"nominal_d40",81,0.13526198908573689,0.01675586366914536,"upperarm_link|horseshoe_wall_29","wrist2_link|forearm_link"
"nominal_d40",82,0.11865744873398217,0.016781866408136937,"upperarm_link|horseshoe_wall_28","wrist2_link|forearm_link"
"nominal_d40",83,0.10472170740390119,0.016841442315810234,"upperarm_link|horseshoe_wall_26","wrist2_link|forearm_link"
"nominal_d40",84,0.094346942726020552,0.016871053133833268,"upperarm_link|horseshoe_wall_26","wrist2_link|forearm_link"
"nominal_d40",85,0.088577170270258909,0.016805115692573723,"upperarm_link|horseshoe_wall_25","wrist2_link|forearm_link"
"nominal_d40",86,0.090348083274491536,0.016702263074620947,"upperarm_link|horseshoe_wall_25","wrist2_link|forearm_link"
"nominal_d40",87,0.099679140482252834,0.016726307384393162,"upperarm_link|horseshoe_wall_24","wrist2_link|forearm_link"
"nominal_d40",88,0.10683287245140187,0.016655252561871382,"upperarm_link|horseshoe_wall_25","wrist2_link|forearm_link"
"nominal_d40",89,0.1152010799475551,0.016623586819851727,"upperarm_link|horseshoe_wall_25","wrist2_link|forearm_link"
"nominal_d40",90,0.12486658506819509,0.016693701071228927,"upperarm_link|horseshoe_wall_25","wrist2_link|forearm_link"
"nominal_d40",91,0.13062414524461591,0.016753632396147907,"forearm_link|horseshoe_wall_25","wrist2_link|forearm_link"
"nominal_d40",92,0.13532543886570389,0.016729292877157211,"forearm_link|horseshoe_wall_25","wrist2_link|forearm_link"
"nominal_d40",93,0.14062588007652846,0.016748860243006296,"forearm_link|horseshoe_wall_25","wrist2_link|forearm_link"
"nominal_d40",94,0.14641417927463066,0.016810831448580341,"forearm_link|horseshoe_wall_25","wrist2_link|forearm_link"
"nominal_d40",95,0.14331124247621327,0.016785363479154852,"forearm_link|horseshoe_wall_26","wrist2_link|forearm_link"
"nominal_d40",96,0.14323215974903594,0.016796058319227637,"forearm_link|horseshoe_wall_28","wrist2_link|forearm_link"
"nominal_d40",97,0.14440160083435385,0.016825741460766486,"forearm_link|horseshoe_wall_29","wrist2_link|forearm_link"
"nominal_d40",98,0.14608193380290183,0.016858732447846494,"forearm_link|horseshoe_wall_30","wrist2_link|forearm_link"
"nominal_d40",99,0.14797808917793862,0.016890088912448809,"forearm_link|horseshoe_wall_31","wrist2_link|forearm_link"
"nominal_d40",100,0.1499411234179589,0.016879917272835228,"forearm_link|horseshoe_wall_31","wrist2_link|forearm_link"
"nominal_d40",101,0.15203985899468145,0.016843371149207882,"forearm_link|horseshoe_wall_32","wrist2_link|forearm_link"
"nominal_d40",102,0.15423943015329189,0.016809875669022239,"forearm_link|horseshoe_wall_32","wrist2_link|forearm_link"
"nominal_d40",103,0.15644674080877502,0.016779651702944907,"forearm_link|horseshoe_wall_33","wrist2_link|forearm_link"
"nominal_d40",104,0.15872754782704854,0.016752787848838702,"forearm_link|horseshoe_wall_34","wrist2_link|forearm_link"
"nominal_d40",105,0.16101606383386688,0.016729325333264999,"forearm_link|horseshoe_wall_34","wrist2_link|forearm_link"
"nominal_d40",106,0.16329566618490213,0.01670930153340015,"forearm_link|horseshoe_wall_35","wrist2_link|forearm_link"
"nominal_d40",107,0.16560886662035057,0.016692774470820175,"forearm_link|horseshoe_wall_36","wrist2_link|forearm_link"
"nominal_d40",108,0.16786839531636308,0.016679837696867008,"forearm_link|horseshoe_wall_36","wrist2_link|forearm_link"
"nominal_d40",109,0.17011282870062835,0.01667383066936615,"forearm_link|horseshoe_wall_37","wrist2_link|forearm_link"
"nominal_d40",110,0.17236893883007118,0.016678619999925551,"forearm_link|horseshoe_wall_38","wrist2_link|forearm_link"
"nominal_d40",111,0.17454145718130745,0.016691413732518947,"forearm_link|horseshoe_wall_38","wrist2_link|forearm_link"
"nominal_d40",112,0.17671657953985459,0.016718229778879261,"forearm_link|horseshoe_wall_39","wrist2_link|forearm_link"
"nominal_d40",113,0.17891078294156962,0.016723551432881217,"forearm_link|horseshoe_wall_39","wrist2_link|forearm_link"
"nominal_d40",114,0.18103487804074592,0.01669282317590793,"forearm_link|horseshoe_wall_40","wrist2_link|forearm_link"
"nominal_d40",115,0.18318283580079511,0.016666232316126545,"forearm_link|horseshoe_wall_41","wrist2_link|forearm_link"
"nominal_d40",116,0.1853292688637285,0.016643538561994121,"forearm_link|horseshoe_wall_41","wrist2_link|forearm_link"
"nominal_d40",117,0.18741779639918849,0.016629946162803912,"forearm_link|horseshoe_wall_42","wrist2_link|forearm_link"
"nominal_d40",118,0.18952381211712538,0.016627789326432468,"forearm_link|horseshoe_wall_43","wrist2_link|forearm_link"
"nominal_d40",119,0.19161480910785517,0.016633937929094993,"forearm_link|horseshoe_wall_43","wrist2_link|forearm_link"
"nominal_d40",120,0.19365331775253958,0.016645099528984519,"forearm_link|horseshoe_wall_44","wrist2_link|forearm_link"
"nominal_d40",121,0.1957036723303805,0.016666184077442005,"forearm_link|horseshoe_wall_45","wrist2_link|forearm_link"
"nominal_d40",122,0.19773062247686901,0.01669723464206712,"forearm_link|horseshoe_wall_45","wrist2_link|forearm_link"
"nominal_d40",123,0.19970569819024289,0.01673599704602963,"forearm_link|horseshoe_wall_46","wrist2_link|forearm_link"
"nominal_d40",124,0.20000000000000001,0.016765506079783891,"base_link|tunnel_floor","wrist2_link|forearm_link"
"nominal_d40",125,0.20000000000000001,0.016759304139505448,"base_link|tunnel_floor","wrist2_link|forearm_link"
"nominal_d40",126,0.20000000000000001,0.016749446417763658,"base_link|tunnel_floor","wrist2_link|forearm_link"
"nominal_d40",127,0.20000000000000001,0.016737491188302221,"base_link|tunnel_floor","wrist2_link|forearm_link"
"nominal_d40",128,0.20000000000000001,0.016733761820522747,"base_link|tunnel_floor","wrist2_link|forearm_link"
"nominal_d40",129,0.20000000000000001,0.016738291436867687,"base_link|tunnel_floor","wrist2_link|forearm_link"
"nominal_d40",130,0.20000000000000001,0.016746293797684979,"base_link|tunnel_floor","wrist2_link|forearm_link"
"nominal_d40",131,0.20000000000000001,0.016761730010817936,"base_link|tunnel_floor","wrist2_link|forearm_link"
"nominal_d40",132,0.20000000000000001,0.016785180448236001,"base_link|tunnel_floor","wrist2_link|forearm_link"
"nominal_d40",133,0.20000000000000001,0.016815901684926117,"base_link|tunnel_floor","wrist2_link|forearm_link"
"nominal_d40",134,0.20000000000000001,0.016846210033822299,"base_link|tunnel_floor","wrist2_link|forearm_link"
"nominal_d40",135,0.20000000000000001,0.016873845917773703,"base_link|tunnel_floor","wrist2_link|forearm_link"
"nominal_d40",136,0.20000000000000001,0.016898900184477841,"base_link|tunnel_floor","wrist2_link|forearm_link"
"nominal_d40",137,0.20000000000000001,0.016891742580033918,"base_link|tunnel_floor","wrist2_link|forearm_link"
"nominal_d40",138,0.20000000000000001,0.016859323225161916,"base_link|tunnel_floor","wrist2_link|forearm_link"
"nominal_d40",139,0.20000000000000001,0.016828697093438514,"base_link|tunnel_floor","wrist2_link|forearm_link"
"nominal_d40",140,0.20000000000000001,0.016799930380164259,"base_link|tunnel_floor","wrist2_link|forearm_link"
"nominal_d40",141,0.20000000000000001,0.016773149256841893,"base_link|tunnel_floor","wrist2_link|forearm_link"
"nominal_d40",142,0.20000000000000001,0.016750488106623336,"base_link|tunnel_floor","wrist2_link|forearm_link"
"nominal_d40",143,0.20000000000000001,0.016733877635915734,"base_link|tunnel_floor","wrist2_link|forearm_link"
"nominal_d40",144,0.20000000000000001,0.016722128529223942,"base_link|tunnel_floor","wrist2_link|forearm_link"
"nominal_d40",145,0.20000000000000001,0.016714289755694875,"base_link|tunnel_floor","wrist2_link|forearm_link"
"nominal_d40",146,0.20000000000000001,0.016709664324736442,"base_link|tunnel_floor","wrist2_link|forearm_link"
"nominal_d40",147,0.20000000000000001,0.016707799308140838,"base_link|tunnel_floor","wrist2_link|forearm_link"
"nominal_d40",148,0.20000000000000001,0.016708472190661065,"base_link|tunnel_floor","wrist2_link|forearm_link"
"nominal_d40",149,0.20000000000000001,0.016711674861451614,"base_link|tunnel_floor","wrist2_link|forearm_link"
"nominal_d40",150,0.20000000000000001,0.016726832149598681,"base_link|tunnel_floor","wrist2_link|forearm_link"
"nominal_d40",151,0.20000000000000001,0.01677447428681806,"base_link|tunnel_floor","wrist2_link|forearm_link"
"nominal_d40",152,0.20000000000000001,0.016880787437018221,"base_link|tunnel_floor","wrist2_link|forearm_link"
"nominal_d40",153,0.20000000000000001,0.016780144263972133,"base_link|tunnel_floor","wrist2_link|forearm_link"
"nominal_d40",154,0.20000000000000001,0.016759545014535165,"base_link|tunnel_floor","wrist2_link|forearm_link"
"nominal_d40",155,0.20000000000000001,0.016632718665293363,"base_link|tunnel_floor","wrist2_link|forearm_link"
"nominal_d40",156,0.20000000000000001,0.016681720570417072,"base_link|tunnel_floor","wrist2_link|forearm_link"
"nominal_d40",157,0.20000000000000001,0.016841499132828928,"base_link|tunnel_floor","wrist2_link|forearm_link"
"nominal_d40",158,0.20000000000000001,0.016757906054069256,"base_link|tunnel_floor","wrist2_link|forearm_link"
"nominal_d40",159,0.20000000000000001,0.016664887633387519,"base_link|tunnel_floor","wrist2_link|forearm_link"
"nominal_d40",160,0.20000000000000001,0.016679131331138419,"base_link|tunnel_floor","wrist2_link|forearm_link"
"nominal_d40",161,0.20000000000000001,0.016747059908414314,"base_link|tunnel_floor","wrist2_link|forearm_link"
"nominal_d40",162,0.20000000000000001,0.016779948507398827,"base_link|tunnel_floor","wrist2_link|forearm_link"
"nominal_d40",163,0.20000000000000001,0.016849826108492724,"base_link|tunnel_floor","wrist2_link|forearm_link"
"nominal_d40",164,0.20000000000000001,0.016712862354652087,"base_link|tunnel_floor","wrist2_link|forearm_link"
"nominal_d40",165,0.20000000000000001,0.016684868839068525,"base_link|tunnel_floor","wrist2_link|forearm_link"
"nominal_d40",166,0.20000000000000001,0.016655871891513147,"base_link|tunnel_floor","wrist2_link|forearm_link"
"nominal_d40",167,0.20000000000000001,0.016658787017895433,"base_link|tunnel_floor","wrist2_link|forearm_link"
"nominal_d40",168,0.20000000000000001,0.016747291112832862,"base_link|tunnel_floor","wrist2_link|forearm_link"
"nominal_d40",169,0.20000000000000001,0.016778215775310808,"base_link|tunnel_floor","wrist2_link|forearm_link"
"nominal_d40",170,0.20000000000000001,0.016873380792488669,"base_link|tunnel_floor","wrist2_link|forearm_link"
"nominal_d40",171,0.20000000000000001,0.016728545985281364,"base_link|tunnel_floor","wrist2_link|forearm_link"
"nominal_d40",172,0.20000000000000001,0.016675228602254129,"base_link|tunnel_floor","wrist2_link|forearm_link"
"nominal_d40",173,0.20000000000000001,0.016677137509336519,"base_link|tunnel_floor","wrist2_link|forearm_link"
"nominal_d40",174,0.20000000000000001,0.016633492306459788,"base_link|tunnel_floor","wrist2_link|forearm_link"
"nominal_d40",175,0.20000000000000001,0.016766143167831905,"base_link|tunnel_floor","wrist2_link|forearm_link"
"nominal_d40",176,0.20000000000000001,0.016733933191161059,"base_link|tunnel_floor","wrist2_link|forearm_link"
"nominal_d40",177,0.20000000000000001,0.016809134665320587,"base_link|tunnel_floor","wrist2_link|forearm_link"
"nominal_d40",178,0.20000000000000001,0.016852710819606355,"base_link|tunnel_floor","wrist2_link|forearm_link"
"nominal_d40",179,0.20000000000000001,0.01672665904294067,"base_link|tunnel_floor","wrist2_link|forearm_link"
"nominal_d40",180,0.20000000000000001,0.016627569390579095,"base_link|tunnel_floor","wrist2_link|forearm_link"
"initial_small_plus",0,0.20000000000000001,0.016836332585723032,"base_link|tunnel_floor","wrist2_link|forearm_link"
"initial_small_plus",1,0.20000000000000001,0.016845881801387887,"base_link|tunnel_floor","wrist2_link|forearm_link"
"initial_small_plus",2,0.20000000000000001,0.016654625670177142,"base_link|tunnel_floor","wrist2_link|forearm_link"
"initial_small_plus",3,0.20000000000000001,0.016755178830541798,"base_link|tunnel_floor","wrist2_link|forearm_link"
"initial_small_plus",4,0.20000000000000001,0.016858740081537614,"base_link|tunnel_floor","wrist2_link|forearm_link"
"initial_small_plus",5,0.20000000000000001,0.016677991262512657,"base_link|tunnel_floor","wrist2_link|forearm_link"
"initial_small_plus",6,0.20000000000000001,0.016730034696398634,"base_link|tunnel_floor","wrist2_link|forearm_link"
"initial_small_plus",7,0.20000000000000001,0.016785710597003147,"base_link|tunnel_floor","wrist2_link|forearm_link"
"initial_small_plus",8,0.20000000000000001,0.016673184123179505,"base_link|tunnel_floor","wrist2_link|forearm_link"
"initial_small_plus",9,0.20000000000000001,0.016745431932222724,"base_link|tunnel_floor","wrist2_link|forearm_link"
"initial_small_plus",10,0.20000000000000001,0.016798758979881374,"base_link|tunnel_floor","wrist2_link|forearm_link"
"initial_small_plus",11,0.20000000000000001,0.016749644254308117,"base_link|tunnel_floor","wrist2_link|forearm_link"
"initial_small_plus",12,0.20000000000000001,0.016762608407093142,"base_link|tunnel_floor","wrist2_link|forearm_link"
"initial_small_plus",13,0.20000000000000001,0.016749646766677118,"base_link|tunnel_floor","wrist2_link|forearm_link"
"initial_small_plus",14,0.20000000000000001,0.016745471711788872,"base_link|tunnel_floor","wrist2_link|forearm_link"
"initial_small_plus",15,0.20000000000000001,0.016861323567134743,"base_link|tunnel_floor","wrist2_link|forearm_link"
"initial_small_plus",16,0.20000000000000001,0.016728772134952635,"base_link|tunnel_floor","wrist2_link|forearm_link"
"initial_small_plus",17,0.20000000000000001,0.016657961232749537,"base_link|tunnel_floor","wrist2_link|forearm_link"
"initial_small_plus",18,0.20000000000000001,0.016669511888681831,"base_link|tunnel_floor","wrist2_link|forearm_link"
"initial_small_plus",19,0.20000000000000001,0.016809528507561698,"base_link|tunnel_floor","wrist2_link|forearm_link"
"initial_small_plus",20,0.20000000000000001,0.01680681657528723,"base_link|tunnel_floor","wrist2_link|forearm_link"
"initial_small_plus",21,0.20000000000000001,0.016741678993670968,"base_link|tunnel_floor","wrist2_link|forearm_link"
"initial_small_plus",22,0.20000000000000001,0.016764099691404338,"base_link|tunnel_floor","wrist2_link|forearm_link"
"initial_small_plus",23,0.20000000000000001,0.016746696906235953,"base_link|tunnel_floor","wrist2_link|forearm_link"
"initial_small_plus",24,0.20000000000000001,0.016848611503694093,"base_link|tunnel_floor","wrist2_link|forearm_link"
"initial_small_plus",25,0.20000000000000001,0.016681012505133971,"base_link|tunnel_floor","wrist2_link|forearm_link"
"initial_small_plus",26,0.20000000000000001,0.016644662464586606,"base_link|tunnel_floor","wrist2_link|forearm_link"
"initial_small_plus",27,0.20000000000000001,0.016743883027984859,"base_link|tunnel_floor","wrist2_link|forearm_link"
"initial_small_plus",28,0.20000000000000001,0.016900021635692437,"base_link|tunnel_floor","wrist2_link|forearm_link"
"initial_small_plus",29,0.20000000000000001,0.01679225748150712,"base_link|tunnel_floor","wrist2_link|forearm_link"
"initial_small_plus",30,0.20000000000000001,0.016770284865915367,"base_link|tunnel_floor","wrist2_link|forearm_link"
"initial_small_plus",31,0.20000000000000001,0.016769044419670694,"base_link|tunnel_floor","wrist2_link|forearm_link"
"initial_small_plus",32,0.20000000000000001,0.016781742761198981,"base_link|tunnel_floor","wrist2_link|forearm_link"
"initial_small_plus",33,0.20000000000000001,0.016810657745890755,"base_link|tunnel_floor","wrist2_link|forearm_link"
"initial_small_plus",34,0.20000000000000001,0.01686080267052224,"base_link|tunnel_floor","wrist2_link|forearm_link"
"initial_small_plus",35,0.20000000000000001,0.016894695524299997,"base_link|tunnel_floor","wrist2_link|forearm_link"
"initial_small_plus",36,0.20000000000000001,0.0168140813027974,"base_link|tunnel_floor","forearm_link|wrist2_link"
"initial_small_plus",37,0.20000000000000001,0.016740017202710584,"base_link|tunnel_floor","forearm_link|wrist2_link"
"initial_small_plus",38,0.20000000000000001,0.016737154129634141,"base_link|tunnel_floor","forearm_link|wrist2_link"
"initial_small_plus",39,0.20000000000000001,0.016756766448487496,"base_link|tunnel_floor","forearm_link|wrist2_link"
"initial_small_plus",40,0.20000000000000001,0.016664426358737067,"base_link|tunnel_floor","forearm_link|wrist2_link"
"initial_small_plus",41,0.20000000000000001,0.01662451058976298,"base_link|tunnel_floor","forearm_link|wrist2_link"
"initial_small_plus",42,0.20000000000000001,0.016648038882369591,"base_link|tunnel_floor","forearm_link|wrist2_link"
"initial_small_plus",43,0.20000000000000001,0.016733953779237816,"base_link|tunnel_floor","forearm_link|wrist2_link"
"initial_small_plus",44,0.20000000000000001,0.016695395464894781,"base_link|tunnel_floor","forearm_link|wrist2_link"
"initial_small_plus",45,0.20000000000000001,0.016687689683214241,"base_link|tunnel_floor","forearm_link|wrist2_link"
"initial_small_plus",46,0.20000000000000001,0.0167238708132369,"base_link|tunnel_floor","forearm_link|wrist2_link"
"initial_small_plus",47,0.20000000000000001,0.01681028999908073,"base_link|tunnel_floor","forearm_link|wrist2_link"
"initial_small_plus",48,0.20000000000000001,0.016921943082978629,"base_link|tunnel_floor","forearm_link|wrist2_link"
"initial_small_plus",49,0.20000000000000001,0.016858084630386291,"base_link|tunnel_floor","forearm_link|wrist2_link"
"initial_small_plus",50,0.20000000000000001,0.016826882611209924,"base_link|tunnel_floor","forearm_link|wrist2_link"
"initial_small_plus",51,0.20000000000000001,0.016825958045092699,"base_link|tunnel_floor","forearm_link|wrist2_link"
"initial_small_plus",52,0.20000000000000001,0.016761011734688466,"base_link|tunnel_floor","forearm_link|wrist2_link"
"initial_small_plus",53,0.20000000000000001,0.016729211985350857,"base_link|tunnel_floor","forearm_link|wrist2_link"
"initial_small_plus",54,0.20000000000000001,0.016729856142100638,"base_link|tunnel_floor","forearm_link|wrist2_link"
"initial_small_plus",55,0.20000000000000001,0.016756910007979541,"base_link|tunnel_floor","forearm_link|wrist2_link"
"initial_small_plus",56,0.20000000000000001,0.016711419272366239,"base_link|tunnel_floor","wrist2_link|forearm_link"
"initial_small_plus",57,0.20000000000000001,0.016693488688368171,"base_link|tunnel_floor","wrist2_link|forearm_link"
"initial_small_plus",58,0.20000000000000001,0.016701789979983377,"base_link|tunnel_floor","wrist2_link|forearm_link"
"initial_small_plus",59,0.20000000000000001,0.016734847355980211,"base_link|tunnel_floor","wrist2_link|forearm_link"
"initial_small_plus",60,0.20000000000000001,0.016790850508152991,"base_link|tunnel_floor","wrist2_link|forearm_link"
"initial_small_plus",61,0.20000000000000001,0.016867569488336016,"base_link|tunnel_floor","wrist2_link|forearm_link"
"initial_small_plus",62,0.20000000000000001,0.016905474442806233,"base_link|tunnel_floor","wrist2_link|forearm_link"
"initial_small_plus",63,0.20000000000000001,0.016861032894178254,"base_link|tunnel_floor","wrist2_link|forearm_link"
"initial_small_plus",64,0.20000000000000001,0.016839075623230421,"base_link|tunnel_floor","wrist2_link|forearm_link"
"initial_small_plus",65,0.20000000000000001,0.016809562075124695,"base_link|tunnel_floor","wrist2_link|forearm_link"
"initial_small_plus",66,0.20000000000000001,0.016731794596511161,"base_link|tunnel_floor","wrist2_link|forearm_link"
"initial_small_plus",67,0.20000000000000001,0.016683751385754033,"base_link|tunnel_floor","wrist2_link|forearm_link"
"initial_small_plus",68,0.20000000000000001,0.016670539819357386,"base_link|tunnel_floor","wrist2_link|forearm_link"
"initial_small_plus",69,0.20000000000000001,0.016685261197419726,"base_link|tunnel_floor","wrist2_link|forearm_link"
"initial_small_plus",70,0.20000000000000001,0.016705743518078509,"base_link|tunnel_floor","wrist2_link|forearm_link"
"initial_small_plus",71,0.20000000000000001,0.016725124141628824,"base_link|tunnel_floor","wrist2_link|forearm_link"
"initial_small_plus",72,0.20000000000000001,0.016735852668635042,"base_link|tunnel_floor","wrist2_link|forearm_link"
"initial_small_plus",73,0.20000000000000001,0.016729504033487434,"base_link|tunnel_floor","wrist2_link|forearm_link"
"initial_small_plus",74,0.20000000000000001,0.016696979434012667,"base_link|tunnel_floor","wrist2_link|forearm_link"
"initial_small_plus",75,0.20000000000000001,0.016636166125264772,"base_link|tunnel_floor","wrist2_link|forearm_link"
"initial_small_plus",76,0.20000000000000001,0.016656392356689382,"base_link|tunnel_floor","wrist2_link|forearm_link"
"initial_small_plus",77,0.20000000000000001,0.016715162136258292,"base_link|tunnel_floor","wrist2_link|forearm_link"
"initial_small_plus",78,0.19643020029846212,0.016729581634317665,"upperarm_link|horseshoe_wall_30","wrist2_link|forearm_link"
"initial_small_plus",79,0.17456809600020376,0.01669241565998689,"upperarm_link|horseshoe_wall_30","wrist2_link|forearm_link"
"initial_small_plus",80,0.15399792633087772,0.016651226831179988,"upperarm_link|horseshoe_wall_29","wrist2_link|forearm_link"
"initial_small_plus",81,0.13526198908573681,0.016755863669145266,"upperarm_link|horseshoe_wall_29","wrist2_link|forearm_link"
"initial_small_plus",82,0.11865744873398217,0.016781866408136913,"upperarm_link|horseshoe_wall_28","wrist2_link|forearm_link"
"initial_small_plus",83,0.1047217074039012,0.016841442315810241,"upperarm_link|horseshoe_wall_26","wrist2_link|forearm_link"
"initial_small_plus",84,0.094346942726020552,0.016871053133833268,"upperarm_link|horseshoe_wall_26","wrist2_link|forearm_link"
"initial_small_plus",85,0.088577170270258909,0.016805115692573775,"upperarm_link|horseshoe_wall_25","wrist2_link|forearm_link"
"initial_small_plus",86,0.090348083274491314,0.016702263074620947,"upperarm_link|horseshoe_wall_25","wrist2_link|forearm_link"
"initial_small_plus",87,0.099679140482252834,0.016726307384393169,"upperarm_link|horseshoe_wall_24","wrist2_link|forearm_link"
"initial_small_plus",88,0.10683287313877521,0.016655252556279171,"upperarm_link|horseshoe_wall_25","wrist2_link|forearm_link"
"initial_small_plus",89,0.1152010809290252,0.016623586821265694,"upperarm_link|horseshoe_wall_25","wrist2_link|forearm_link"
"initial_small_plus",90,0.12486658098858876,0.016693701047588116,"upperarm_link|horseshoe_wall_25","wrist2_link|forearm_link"
"initial_small_plus",91,0.13062414568567493,0.016753632393532544,"forearm_link|horseshoe_wall_25","wrist2_link|forearm_link"
"initial_small_plus",92,0.13532543798436827,0.016729292878311219,"forearm_link|horseshoe_wall_25","wrist2_link|forearm_link"
"initial_small_plus",93,0.14062588085588204,0.016748860248726995,"forearm_link|horseshoe_wall_25","wrist2_link|forearm_link"
"initial_small_plus",94,0.14641417927570841,0.016810831448591971,"forearm_link|horseshoe_wall_25","wrist2_link|forearm_link"
"initial_small_plus",95,0.14331124247631288,0.016785363479155775,"forearm_link|horseshoe_wall_26","wrist2_link|forearm_link"
"initial_small_plus",96,0.14323215974904016,0.016796058319227734,"forearm_link|horseshoe_wall_28","wrist2_link|forearm_link"
"initial_small_plus",97,0.14440160083435394,0.016825741460766441,"forearm_link|horseshoe_wall_29","wrist2_link|forearm_link"
"initial_small_plus",98,0.14608193380290183,0.016858732447846539,"forearm_link|horseshoe_wall_30","wrist2_link|forearm_link"
"initial_small_plus",99,0.1479780891779387,0.01689008891244877,"forearm_link|horseshoe_wall_31","wrist2_link|forearm_link"
"initial_small_plus",100,0.14994112341795876,0.016879917272835124,"forearm_link|horseshoe_wall_31","wrist2_link|forearm_link"
"initial_small_plus",101,0.15203985899468145,0.016843371149207826,"forearm_link|horseshoe_wall_32","wrist2_link|forearm_link"
"initial_small_plus",102,0.15423943015329189,0.016809875669022239,"forearm_link|horseshoe_wall_32","wrist2_link|forearm_link"
"initial_small_plus",103,0.15644674080877505,0.016779651702944862,"forearm_link|horseshoe_wall_33","wrist2_link|forearm_link"
"initial_small_plus",104,0.15872754782704854,0.016752787848838702,"forearm_link|horseshoe_wall_34","wrist2_link|forearm_link"
"initial_small_plus",105,0.16101606383386688,0.016729325333264947,"forearm_link|horseshoe_wall_34","wrist2_link|forearm_link"
"initial_small_plus",106,0.16329566618490213,0.016709301533400198,"forearm_link|horseshoe_wall_35","wrist2_link|forearm_link"
"initial_small_plus",107,0.16560886662035051,0.016692774470820175,"forearm_link|horseshoe_wall_36","wrist2_link|forearm_link"
"initial_small_plus",108,0.16786839531636316,0.016679837696867109,"forearm_link|horseshoe_wall_36","wrist2_link|forearm_link"
"initial_small_plus",109,0.17011282870062833,0.016673830669366146,"forearm_link|horseshoe_wall_37","wrist2_link|forearm_link"
"initial_small_plus",110,0.17236893883007126,0.016678619999925398,"forearm_link|horseshoe_wall_38","wrist2_link|forearm_link"
"initial_small_plus",111,0.17454145718130745,0.016691413732518947,"forearm_link|horseshoe_wall_38","wrist2_link|forearm_link"
"initial_small_plus",112,0.17671657953985459,0.016718229778879261,"forearm_link|horseshoe_wall_39","wrist2_link|forearm_link"
"initial_small_plus",113,0.17891078294156962,0.01672355143288121,"forearm_link|horseshoe_wall_39","wrist2_link|forearm_link"
"initial_small_plus",114,0.18103487804074592,0.01669282317590793,"forearm_link|horseshoe_wall_40","wrist2_link|forearm_link"
"initial_small_plus",115,0.18318283580079511,0.016666232316126541,"forearm_link|horseshoe_wall_41","wrist2_link|forearm_link"
"initial_small_plus",116,0.1853292688637285,0.016643538561994149,"forearm_link|horseshoe_wall_41","wrist2_link|forearm_link"
"initial_small_plus",117,0.18741779639918849,0.016629946162803912,"forearm_link|horseshoe_wall_42","wrist2_link|forearm_link"
"initial_small_plus",118,0.18952381211712538,0.01662778932643251,"forearm_link|horseshoe_wall_43","wrist2_link|forearm_link"
"initial_small_plus",119,0.19161480910785517,0.016633937929095038,"forearm_link|horseshoe_wall_43","wrist2_link|forearm_link"
"initial_small_plus",120,0.19365331775253958,0.016645099528984519,"forearm_link|horseshoe_wall_44","wrist2_link|forearm_link"
"initial_small_plus",121,0.1957036723303805,0.01666618407744205,"forearm_link|horseshoe_wall_45","wrist2_link|forearm_link"
"initial_small_plus",122,0.19773062247686907,0.016697234642067148,"forearm_link|horseshoe_wall_45","wrist2_link|forearm_link"
"initial_small_plus",123,0.19970569819024289,0.016735997046029565,"forearm_link|horseshoe_wall_46","wrist2_link|forearm_link"
"initial_small_plus",124,0.20000000000000001,0.016765506079783919,"base_link|tunnel_floor","wrist2_link|forearm_link"
"initial_small_plus",125,0.20000000000000001,0.016759304139505382,"base_link|tunnel_floor","wrist2_link|forearm_link"
"initial_small_plus",126,0.20000000000000001,0.016749446417763648,"base_link|tunnel_floor","wrist2_link|forearm_link"
"initial_small_plus",127,0.20000000000000001,0.016737491188302242,"base_link|tunnel_floor","wrist2_link|forearm_link"
"initial_small_plus",128,0.20000000000000001,0.01673376182052275,"base_link|tunnel_floor","wrist2_link|forearm_link"
"initial_small_plus",129,0.20000000000000001,0.016738291436867739,"base_link|tunnel_floor","wrist2_link|forearm_link"
"initial_small_plus",130,0.20000000000000001,0.01674629379768492,"base_link|tunnel_floor","wrist2_link|forearm_link"
"initial_small_plus",131,0.20000000000000001,0.016761730010817936,"base_link|tunnel_floor","wrist2_link|forearm_link"
"initial_small_plus",132,0.20000000000000001,0.016785180448236001,"base_link|tunnel_floor","wrist2_link|forearm_link"
"initial_small_plus",133,0.20000000000000001,0.016815901684926117,"base_link|tunnel_floor","wrist2_link|forearm_link"
"initial_small_plus",134,0.20000000000000001,0.016846210033822345,"base_link|tunnel_floor","wrist2_link|forearm_link"
"initial_small_plus",135,0.20000000000000001,0.01687384591777373,"base_link|tunnel_floor","wrist2_link|forearm_link"
"initial_small_plus",136,0.20000000000000001,0.016898900184477872,"base_link|tunnel_floor","wrist2_link|forearm_link"
"initial_small_plus",137,0.20000000000000001,0.016891742580033949,"base_link|tunnel_floor","wrist2_link|forearm_link"
"initial_small_plus",138,0.20000000000000001,0.016859323225161968,"base_link|tunnel_floor","wrist2_link|forearm_link"
"initial_small_plus",139,0.20000000000000001,0.016828697093438469,"base_link|tunnel_floor","wrist2_link|forearm_link"
"initial_small_plus",140,0.20000000000000001,0.016799930380164207,"base_link|tunnel_floor","wrist2_link|forearm_link"
"initial_small_plus",141,0.20000000000000001,0.016773149256841948,"base_link|tunnel_floor","wrist2_link|forearm_link"
"initial_small_plus",142,0.20000000000000001,0.016750488106623336,"base_link|tunnel_floor","wrist2_link|forearm_link"
"initial_small_plus",143,0.20000000000000001,0.016733877635915863,"base_link|tunnel_floor","wrist2_link|forearm_link"
"initial_small_plus",144,0.20000000000000001,0.016722128529223963,"base_link|tunnel_floor","wrist2_link|forearm_link"
"initial_small_plus",145,0.20000000000000001,0.016714289755694903,"base_link|tunnel_floor","wrist2_link|forearm_link"
"initial_small_plus",146,0.20000000000000001,0.016709664324736442,"base_link|tunnel_floor","wrist2_link|forearm_link"
"initial_small_plus",147,0.20000000000000001,0.016707799308140786,"base_link|tunnel_floor","wrist2_link|forearm_link"
"initial_small_plus",148,0.20000000000000001,0.016708472190661128,"base_link|tunnel_floor","wrist2_link|forearm_link"
"initial_small_plus",149,0.20000000000000001,0.01671167486145159,"base_link|tunnel_floor","wrist2_link|forearm_link"
"initial_small_plus",150,0.20000000000000001,0.016726832149598678,"base_link|tunnel_floor","wrist2_link|forearm_link"
"initial_small_plus",151,0.20000000000000001,0.016774474286818004,"base_link|tunnel_floor","wrist2_link|forearm_link"
"initial_small_plus",152,0.20000000000000001,0.016880787437018218,"base_link|tunnel_floor","wrist2_link|forearm_link"
"initial_small_plus",153,0.20000000000000001,0.016780144263972119,"base_link|tunnel_floor","wrist2_link|forearm_link"
"initial_small_plus",154,0.20000000000000001,0.01675954501453528,"base_link|tunnel_floor","wrist2_link|forearm_link"
"initial_small_plus",155,0.20000000000000001,0.016632718665293391,"base_link|tunnel_floor","wrist2_link|forearm_link"
"initial_small_plus",156,0.20000000000000001,0.016681720570417127,"base_link|tunnel_floor","wrist2_link|forearm_link"
"initial_small_plus",157,0.20000000000000001,0.016841499132828928,"base_link|tunnel_floor","wrist2_link|forearm_link"
"initial_small_plus",158,0.20000000000000001,0.016757906054069256,"base_link|tunnel_floor","wrist2_link|forearm_link"
"initial_small_plus",159,0.20000000000000001,0.016664887633387523,"base_link|tunnel_floor","wrist2_link|forearm_link"
"initial_small_plus",160,0.20000000000000001,0.016679131331138505,"base_link|tunnel_floor","wrist2_link|forearm_link"
"initial_small_plus",161,0.20000000000000001,0.016747059908414408,"base_link|tunnel_floor","wrist2_link|forearm_link"
"initial_small_plus",162,0.20000000000000001,0.01677994850739882,"base_link|tunnel_floor","wrist2_link|forearm_link"
"initial_small_plus",163,0.20000000000000001,0.016849826108492876,"base_link|tunnel_floor","wrist2_link|forearm_link"
"initial_small_plus",164,0.20000000000000001,0.016712862354652146,"base_link|tunnel_floor","wrist2_link|forearm_link"
"initial_small_plus",165,0.20000000000000001,0.016684868839068633,"base_link|tunnel_floor","wrist2_link|forearm_link"
"initial_small_plus",166,0.20000000000000001,0.016655871891513189,"base_link|tunnel_floor","wrist2_link|forearm_link"
"initial_small_plus",167,0.20000000000000001,0.016658787017895436,"base_link|tunnel_floor","wrist2_link|forearm_link"
"initial_small_plus",168,0.20000000000000001,0.016747291112832952,"base_link|tunnel_floor","wrist2_link|forearm_link"
"initial_small_plus",169,0.20000000000000001,0.016778215775310898,"base_link|tunnel_floor","wrist2_link|forearm_link"
"initial_small_plus",170,0.20000000000000001,0.01687338079248862,"base_link|tunnel_floor","wrist2_link|forearm_link"
"initial_small_plus",171,0.20000000000000001,0.016728545985281413,"base_link|tunnel_floor","wrist2_link|forearm_link"
"initial_small_plus",172,0.20000000000000001,0.01667522860225416,"base_link|tunnel_floor","wrist2_link|forearm_link"
"initial_small_plus",173,0.20000000000000001,0.016677137509336519,"base_link|tunnel_floor","wrist2_link|forearm_link"
"initial_small_plus",174,0.20000000000000001,0.016633492306459795,"base_link|tunnel_floor","wrist2_link|forearm_link"
"initial_small_plus",175,0.20000000000000001,0.016766143167831895,"base_link|tunnel_floor","wrist2_link|forearm_link"
"initial_small_plus",176,0.20000000000000001,0.016733933191161111,"base_link|tunnel_floor","wrist2_link|forearm_link"
"initial_small_plus",177,0.20000000000000001,0.016809134665320594,"base_link|tunnel_floor","wrist2_link|forearm_link"
"initial_small_plus",178,0.20000000000000001,0.01685271081960632,"base_link|tunnel_floor","wrist2_link|forearm_link"
"initial_small_plus",179,0.20000000000000001,0.016726659042940708,"base_link|tunnel_floor","wrist2_link|forearm_link"
"initial_small_plus",180,0.20000000000000001,0.016627569390579071,"base_link|tunnel_floor","wrist2_link|forearm_link"
"initial_small_minus",0,0.20000000000000001,0.016836332585723032,"base_link|tunnel_floor","wrist2_link|forearm_link"
"initial_small_minus",1,0.20000000000000001,0.016845881801387887,"base_link|tunnel_floor","wrist2_link|forearm_link"
"initial_small_minus",2,0.20000000000000001,0.016654625670177142,"base_link|tunnel_floor","wrist2_link|forearm_link"
"initial_small_minus",3,0.20000000000000001,0.016755178830541798,"base_link|tunnel_floor","wrist2_link|forearm_link"
"initial_small_minus",4,0.20000000000000001,0.016858740081537614,"base_link|tunnel_floor","wrist2_link|forearm_link"
"initial_small_minus",5,0.20000000000000001,0.016677991262512657,"base_link|tunnel_floor","wrist2_link|forearm_link"
"initial_small_minus",6,0.20000000000000001,0.016730034696398634,"base_link|tunnel_floor","wrist2_link|forearm_link"
"initial_small_minus",7,0.20000000000000001,0.016785710597003147,"base_link|tunnel_floor","wrist2_link|forearm_link"
"initial_small_minus",8,0.20000000000000001,0.016673184123179505,"base_link|tunnel_floor","wrist2_link|forearm_link"
"initial_small_minus",9,0.20000000000000001,0.016745431932222724,"base_link|tunnel_floor","wrist2_link|forearm_link"
"initial_small_minus",10,0.20000000000000001,0.016798758979881374,"base_link|tunnel_floor","wrist2_link|forearm_link"
"initial_small_minus",11,0.20000000000000001,0.016749644254308117,"base_link|tunnel_floor","wrist2_link|forearm_link"
"initial_small_minus",12,0.20000000000000001,0.016762608407093142,"base_link|tunnel_floor","wrist2_link|forearm_link"
"initial_small_minus",13,0.20000000000000001,0.016749646766677118,"base_link|tunnel_floor","wrist2_link|forearm_link"
"initial_small_minus",14,0.20000000000000001,0.016745471711788872,"base_link|tunnel_floor","wrist2_link|forearm_link"
"initial_small_minus",15,0.20000000000000001,0.016861323567134719,"base_link|tunnel_floor","wrist2_link|forearm_link"
"initial_small_minus",16,0.20000000000000001,0.016728720845692008,"base_link|tunnel_floor","wrist2_link|forearm_link"
"initial_small_minus",17,0.20000000000000001,0.016657961228619102,"base_link|tunnel_floor","wrist2_link|forearm_link"
"initial_small_minus",18,0.20000000000000001,0.016669511888644826,"base_link|tunnel_floor","wrist2_link|forearm_link"
"initial_small_minus",19,0.20000000000000001,0.016809528507559998,"base_link|tunnel_floor","wrist2_link|forearm_link"
"initial_small_minus",20,0.20000000000000001,0.016806816575287341,"base_link|tunnel_floor","wrist2_link|forearm_link"
"initial_small_minus",21,0.20000000000000001,0.016741678993670957,"base_link|tunnel_floor","wrist2_link|forearm_link"
"initial_small_minus",22,0.20000000000000001,0.016764099691404331,"base_link|tunnel_floor","wrist2_link|forearm_link"
"initial_small_minus",23,0.20000000000000001,0.016746696906236078,"base_link|tunnel_floor","wrist2_link|forearm_link"
"initial_small_minus",24,0.20000000000000001,0.016848611503694086,"base_link|tunnel_floor","wrist2_link|forearm_link"
"initial_small_minus",25,0.20000000000000001,0.016681012505133971,"base_link|tunnel_floor","wrist2_link|forearm_link"
"initial_small_minus",26,0.20000000000000001,0.016644662464586606,"base_link|tunnel_floor","wrist2_link|forearm_link"
"initial_small_minus",27,0.20000000000000001,0.016743883027984859,"base_link|tunnel_floor","wrist2_link|forearm_link"
"initial_small_minus",28,0.20000000000000001,0.016900021635692437,"base_link|tunnel_floor","wrist2_link|forearm_link"
"initial_small_minus",29,0.20000000000000001,0.01679225748150712,"base_link|tunnel_floor","wrist2_link|forearm_link"
"initial_small_minus",30,0.20000000000000001,0.016770284865915367,"base_link|tunnel_floor","wrist2_link|forearm_link"
"initial_small_minus",31,0.20000000000000001,0.016769044419670694,"base_link|tunnel_floor","wrist2_link|forearm_link"
"initial_small_minus",32,0.20000000000000001,0.016781742761198981,"base_link|tunnel_floor","wrist2_link|forearm_link"
"initial_small_minus",33,0.20000000000000001,0.016810657745890755,"base_link|tunnel_floor","wrist2_link|forearm_link"
"initial_small_minus",34,0.20000000000000001,0.01686080267052224,"base_link|tunnel_floor","wrist2_link|forearm_link"
"initial_small_minus",35,0.20000000000000001,0.016894695524299997,"base_link|tunnel_floor","wrist2_link|forearm_link"
"initial_small_minus",36,0.20000000000000001,0.0168140813027974,"base_link|tunnel_floor","forearm_link|wrist2_link"
"initial_small_minus",37,0.20000000000000001,0.016740017202710584,"base_link|tunnel_floor","forearm_link|wrist2_link"
"initial_small_minus",38,0.20000000000000001,0.016737154129634141,"base_link|tunnel_floor","forearm_link|wrist2_link"
"initial_small_minus",39,0.20000000000000001,0.016756766448487496,"base_link|tunnel_floor","forearm_link|wrist2_link"
"initial_small_minus",40,0.20000000000000001,0.016664426358737067,"base_link|tunnel_floor","forearm_link|wrist2_link"
"initial_small_minus",41,0.20000000000000001,0.01662451058976298,"base_link|tunnel_floor","forearm_link|wrist2_link"
"initial_small_minus",42,0.20000000000000001,0.016648038882369591,"base_link|tunnel_floor","forearm_link|wrist2_link"
"initial_small_minus",43,0.20000000000000001,0.016733953779237816,"base_link|tunnel_floor","forearm_link|wrist2_link"
"initial_small_minus",44,0.20000000000000001,0.016695395464894781,"base_link|tunnel_floor","forearm_link|wrist2_link"
"initial_small_minus",45,0.20000000000000001,0.016687689683214241,"base_link|tunnel_floor","forearm_link|wrist2_link"
"initial_small_minus",46,0.20000000000000001,0.0167238708132369,"base_link|tunnel_floor","forearm_link|wrist2_link"
"initial_small_minus",47,0.20000000000000001,0.01681028999908073,"base_link|tunnel_floor","forearm_link|wrist2_link"
"initial_small_minus",48,0.20000000000000001,0.016921943082978629,"base_link|tunnel_floor","forearm_link|wrist2_link"
"initial_small_minus",49,0.20000000000000001,0.016858084630386291,"base_link|tunnel_floor","forearm_link|wrist2_link"
"initial_small_minus",50,0.20000000000000001,0.016826882611209924,"base_link|tunnel_floor","forearm_link|wrist2_link"
"initial_small_minus",51,0.20000000000000001,0.016825958045092699,"base_link|tunnel_floor","forearm_link|wrist2_link"
"initial_small_minus",52,0.20000000000000001,0.016761011734688466,"base_link|tunnel_floor","forearm_link|wrist2_link"
"initial_small_minus",53,0.20000000000000001,0.016729211985350857,"base_link|tunnel_floor","forearm_link|wrist2_link"
"initial_small_minus",54,0.20000000000000001,0.016729856142100638,"base_link|tunnel_floor","forearm_link|wrist2_link"
"initial_small_minus",55,0.20000000000000001,0.016756910007979541,"base_link|tunnel_floor","forearm_link|wrist2_link"
"initial_small_minus",56,0.20000000000000001,0.016711419272366239,"base_link|tunnel_floor","wrist2_link|forearm_link"
"initial_small_minus",57,0.20000000000000001,0.016693488688368171,"base_link|tunnel_floor","wrist2_link|forearm_link"
"initial_small_minus",58,0.20000000000000001,0.016701789979983377,"base_link|tunnel_floor","wrist2_link|forearm_link"
"initial_small_minus",59,0.20000000000000001,0.016734847355980211,"base_link|tunnel_floor","wrist2_link|forearm_link"
"initial_small_minus",60,0.20000000000000001,0.016790850508152991,"base_link|tunnel_floor","wrist2_link|forearm_link"
"initial_small_minus",61,0.20000000000000001,0.016867569488336016,"base_link|tunnel_floor","wrist2_link|forearm_link"
"initial_small_minus",62,0.20000000000000001,0.016905474442806233,"base_link|tunnel_floor","wrist2_link|forearm_link"
"initial_small_minus",63,0.20000000000000001,0.016861032894178236,"base_link|tunnel_floor","wrist2_link|forearm_link"
"initial_small_minus",64,0.20000000000000001,0.016839075623230344,"base_link|tunnel_floor","wrist2_link|forearm_link"
"initial_small_minus",65,0.20000000000000001,0.016809562075124736,"base_link|tunnel_floor","wrist2_link|forearm_link"
"initial_small_minus",66,0.20000000000000001,0.016731794596511161,"base_link|tunnel_floor","wrist2_link|forearm_link"
"initial_small_minus",67,0.20000000000000001,0.016683751385754033,"base_link|tunnel_floor","wrist2_link|forearm_link"
"initial_small_minus",68,0.20000000000000001,0.016670539819357393,"base_link|tunnel_floor","wrist2_link|forearm_link"
"initial_small_minus",69,0.20000000000000001,0.016685261197419695,"base_link|tunnel_floor","wrist2_link|forearm_link"
"initial_small_minus",70,0.20000000000000001,0.016705743518078478,"base_link|tunnel_floor","wrist2_link|forearm_link"
"initial_small_minus",71,0.20000000000000001,0.016725124141628796,"base_link|tunnel_floor","wrist2_link|forearm_link"
"initial_small_minus",72,0.20000000000000001,0.016735852668635066,"base_link|tunnel_floor","wrist2_link|forearm_link"
"initial_small_minus",73,0.20000000000000001,0.016729504033487278,"base_link|tunnel_floor","wrist2_link|forearm_link"
"initial_small_minus",74,0.20000000000000001,0.016696979434012653,"base_link|tunnel_floor","wrist2_link|forearm_link"
"initial_small_minus",75,0.20000000000000001,0.016636166125264772,"base_link|tunnel_floor","wrist2_link|forearm_link"
"initial_small_minus",76,0.20000000000000001,0.016656392356689319,"base_link|tunnel_floor","wrist2_link|forearm_link"
"initial_small_minus",77,0.20000000000000001,0.016715162136258302,"base_link|tunnel_floor","wrist2_link|forearm_link"
"initial_small_minus",78,0.19643020029846223,0.016729581634317571,"upperarm_link|horseshoe_wall_30","wrist2_link|forearm_link"
"initial_small_minus",79,0.17456809600020376,0.016692415659986973,"upperarm_link|horseshoe_wall_30","wrist2_link|forearm_link"
"initial_small_minus",80,0.1539979263308775,0.016651226831180078,"upperarm_link|horseshoe_wall_29","wrist2_link|forearm_link"
"initial_small_minus",81,0.13526198908573703,0.016755863669145291,"upperarm_link|horseshoe_wall_29","wrist2_link|forearm_link"
"initial_small_minus",82,0.11865744873398239,0.016781866408136916,"upperarm_link|horseshoe_wall_28","wrist2_link|forearm_link"
"initial_small_minus",83,0.10472170740390109,0.016841442315810237,"upperarm_link|horseshoe_wall_26","wrist2_link|forearm_link"
"initial_small_minus",84,0.094346942726020552,0.016871053133833268,"upperarm_link|horseshoe_wall_26","wrist2_link|forearm_link"
"initial_small_minus",85,0.088577170270258784,0.016805115692573733,"upperarm_link|horseshoe_wall_25","wrist2_link|forearm_link"
"initial_small_minus",86,0.090348083274491314,0.016702263074620947,"upperarm_link|horseshoe_wall_25","wrist2_link|forearm_link"
"initial_small_minus",87,0.099679140482252834,0.016726307384393169,"upperarm_link|horseshoe_wall_24","wrist2_link|forearm_link"
"initial_small_minus",88,0.10683287313877521,0.016655252556279171,"upperarm_link|horseshoe_wall_25","wrist2_link|forearm_link"
"initial_small_minus",89,0.1152010809290252,0.016623586821265694,"upperarm_link|horseshoe_wall_25","wrist2_link|forearm_link"
"initial_small_minus",90,0.12486658098858876,0.016693701047588116,"upperarm_link|horseshoe_wall_25","wrist2_link|forearm_link"
"initial_small_minus",91,0.13062414568567493,0.016753632393532544,"forearm_link|horseshoe_wall_25","wrist2_link|forearm_link"
"initial_small_minus",92,0.13532543798436827,0.016729292878311219,"forearm_link|horseshoe_wall_25","wrist2_link|forearm_link"
"initial_small_minus",93,0.14062588085588204,0.016748860248726995,"forearm_link|horseshoe_wall_25","wrist2_link|forearm_link"
"initial_small_minus",94,0.14641417927570841,0.016810831448591971,"forearm_link|horseshoe_wall_25","wrist2_link|forearm_link"
"initial_small_minus",95,0.14331124247631288,0.016785363479155775,"forearm_link|horseshoe_wall_26","wrist2_link|forearm_link"
"initial_small_minus",96,0.14323215974904016,0.016796058319227734,"forearm_link|horseshoe_wall_28","wrist2_link|forearm_link"
"initial_small_minus",97,0.14440160083435394,0.016825741460766441,"forearm_link|horseshoe_wall_29","wrist2_link|forearm_link"
"initial_small_minus",98,0.14608193380290183,0.016858732447846539,"forearm_link|horseshoe_wall_30","wrist2_link|forearm_link"
"initial_small_minus",99,0.1479780891779387,0.01689008891244877,"forearm_link|horseshoe_wall_31","wrist2_link|forearm_link"
"initial_small_minus",100,0.14994112341795876,0.016879917272835124,"forearm_link|horseshoe_wall_31","wrist2_link|forearm_link"
"initial_small_minus",101,0.15203985899468145,0.016843371149207826,"forearm_link|horseshoe_wall_32","wrist2_link|forearm_link"
"initial_small_minus",102,0.15423943015329189,0.016809875669022239,"forearm_link|horseshoe_wall_32","wrist2_link|forearm_link"
"initial_small_minus",103,0.15644674080877505,0.016779651702944862,"forearm_link|horseshoe_wall_33","wrist2_link|forearm_link"
"initial_small_minus",104,0.15872754782704854,0.016752787848838702,"forearm_link|horseshoe_wall_34","wrist2_link|forearm_link"
"initial_small_minus",105,0.16101606383386688,0.016729325333264947,"forearm_link|horseshoe_wall_34","wrist2_link|forearm_link"
"initial_small_minus",106,0.16329566618490213,0.016709301533400198,"forearm_link|horseshoe_wall_35","wrist2_link|forearm_link"
"initial_small_minus",107,0.16560886662035051,0.016692774470820175,"forearm_link|horseshoe_wall_36","wrist2_link|forearm_link"
"initial_small_minus",108,0.16786839531636316,0.016679837696867109,"forearm_link|horseshoe_wall_36","wrist2_link|forearm_link"
"initial_small_minus",109,0.17011282870062833,0.016673830669366146,"forearm_link|horseshoe_wall_37","wrist2_link|forearm_link"
"initial_small_minus",110,0.17236893883007126,0.016678619999925398,"forearm_link|horseshoe_wall_38","wrist2_link|forearm_link"
"initial_small_minus",111,0.17454145718130745,0.016691413732518947,"forearm_link|horseshoe_wall_38","wrist2_link|forearm_link"
"initial_small_minus",112,0.17671657953985459,0.016718229778879261,"forearm_link|horseshoe_wall_39","wrist2_link|forearm_link"
"initial_small_minus",113,0.17891078294156962,0.01672355143288121,"forearm_link|horseshoe_wall_39","wrist2_link|forearm_link"
"initial_small_minus",114,0.18103487804074592,0.01669282317590793,"forearm_link|horseshoe_wall_40","wrist2_link|forearm_link"
"initial_small_minus",115,0.18318283580079511,0.016666232316126541,"forearm_link|horseshoe_wall_41","wrist2_link|forearm_link"
"initial_small_minus",116,0.1853292688637285,0.016643538561994149,"forearm_link|horseshoe_wall_41","wrist2_link|forearm_link"
"initial_small_minus",117,0.18741779639918849,0.016629946162803912,"forearm_link|horseshoe_wall_42","wrist2_link|forearm_link"
"initial_small_minus",118,0.18952381211712538,0.01662778932643251,"forearm_link|horseshoe_wall_43","wrist2_link|forearm_link"
"initial_small_minus",119,0.19161480910785517,0.016633937929095038,"forearm_link|horseshoe_wall_43","wrist2_link|forearm_link"
"initial_small_minus",120,0.19365331775253958,0.016645099528984519,"forearm_link|horseshoe_wall_44","wrist2_link|forearm_link"
"initial_small_minus",121,0.1957036723303805,0.01666618407744205,"forearm_link|horseshoe_wall_45","wrist2_link|forearm_link"
"initial_small_minus",122,0.19773062247686907,0.016697234642067148,"forearm_link|horseshoe_wall_45","wrist2_link|forearm_link"
"initial_small_minus",123,0.19970569819024289,0.016735997046029565,"forearm_link|horseshoe_wall_46","wrist2_link|forearm_link"
"initial_small_minus",124,0.20000000000000001,0.016765506079783919,"base_link|tunnel_floor","wrist2_link|forearm_link"
"initial_small_minus",125,0.20000000000000001,0.016759304139505382,"base_link|tunnel_floor","wrist2_link|forearm_link"
"initial_small_minus",126,0.20000000000000001,0.016749446417763648,"base_link|tunnel_floor","wrist2_link|forearm_link"
"initial_small_minus",127,0.20000000000000001,0.016737491188302242,"base_link|tunnel_floor","wrist2_link|forearm_link"
"initial_small_minus",128,0.20000000000000001,0.01673376182052275,"base_link|tunnel_floor","wrist2_link|forearm_link"
"initial_small_minus",129,0.20000000000000001,0.016738291436867739,"base_link|tunnel_floor","wrist2_link|forearm_link"
"initial_small_minus",130,0.20000000000000001,0.01674629379768492,"base_link|tunnel_floor","wrist2_link|forearm_link"
"initial_small_minus",131,0.20000000000000001,0.016761730010817936,"base_link|tunnel_floor","wrist2_link|forearm_link"
"initial_small_minus",132,0.20000000000000001,0.016785180448236001,"base_link|tunnel_floor","wrist2_link|forearm_link"
"initial_small_minus",133,0.20000000000000001,0.016815901684926117,"base_link|tunnel_floor","wrist2_link|forearm_link"
"initial_small_minus",134,0.20000000000000001,0.016846210033822345,"base_link|tunnel_floor","wrist2_link|forearm_link"
"initial_small_minus",135,0.20000000000000001,0.01687384591777373,"base_link|tunnel_floor","wrist2_link|forearm_link"
"initial_small_minus",136,0.20000000000000001,0.016898900184477872,"base_link|tunnel_floor","wrist2_link|forearm_link"
"initial_small_minus",137,0.20000000000000001,0.016891742580033949,"base_link|tunnel_floor","wrist2_link|forearm_link"
"initial_small_minus",138,0.20000000000000001,0.016859323225161968,"base_link|tunnel_floor","wrist2_link|forearm_link"
"initial_small_minus",139,0.20000000000000001,0.016828697093438469,"base_link|tunnel_floor","wrist2_link|forearm_link"
"initial_small_minus",140,0.20000000000000001,0.016799930380164207,"base_link|tunnel_floor","wrist2_link|forearm_link"
"initial_small_minus",141,0.20000000000000001,0.016773149256841948,"base_link|tunnel_floor","wrist2_link|forearm_link"
"initial_small_minus",142,0.20000000000000001,0.016750488106623336,"base_link|tunnel_floor","wrist2_link|forearm_link"
"initial_small_minus",143,0.20000000000000001,0.016733877635915863,"base_link|tunnel_floor","wrist2_link|forearm_link"
"initial_small_minus",144,0.20000000000000001,0.016722128529223963,"base_link|tunnel_floor","wrist2_link|forearm_link"
"initial_small_minus",145,0.20000000000000001,0.016714289755694903,"base_link|tunnel_floor","wrist2_link|forearm_link"
"initial_small_minus",146,0.20000000000000001,0.016709664324736442,"base_link|tunnel_floor","wrist2_link|forearm_link"
"initial_small_minus",147,0.20000000000000001,0.016707799308140786,"base_link|tunnel_floor","wrist2_link|forearm_link"
"initial_small_minus",148,0.20000000000000001,0.016708472190661128,"base_link|tunnel_floor","wrist2_link|forearm_link"
"initial_small_minus",149,0.20000000000000001,0.01671167486145159,"base_link|tunnel_floor","wrist2_link|forearm_link"
"initial_small_minus",150,0.20000000000000001,0.016726832149598678,"base_link|tunnel_floor","wrist2_link|forearm_link"
"initial_small_minus",151,0.20000000000000001,0.016774474286818004,"base_link|tunnel_floor","wrist2_link|forearm_link"
"initial_small_minus",152,0.20000000000000001,0.016880787437018218,"base_link|tunnel_floor","wrist2_link|forearm_link"
"initial_small_minus",153,0.20000000000000001,0.016780144263972119,"base_link|tunnel_floor","wrist2_link|forearm_link"
"initial_small_minus",154,0.20000000000000001,0.01675954501453528,"base_link|tunnel_floor","wrist2_link|forearm_link"
"initial_small_minus",155,0.20000000000000001,0.016632718665293391,"base_link|tunnel_floor","wrist2_link|forearm_link"
"initial_small_minus",156,0.20000000000000001,0.016681720570417127,"base_link|tunnel_floor","wrist2_link|forearm_link"
"initial_small_minus",157,0.20000000000000001,0.016841499132828928,"base_link|tunnel_floor","wrist2_link|forearm_link"
"initial_small_minus",158,0.20000000000000001,0.016757906054069256,"base_link|tunnel_floor","wrist2_link|forearm_link"
"initial_small_minus",159,0.20000000000000001,0.016664887633387523,"base_link|tunnel_floor","wrist2_link|forearm_link"
"initial_small_minus",160,0.20000000000000001,0.016679131331138505,"base_link|tunnel_floor","wrist2_link|forearm_link"
"initial_small_minus",161,0.20000000000000001,0.016747059908414408,"base_link|tunnel_floor","wrist2_link|forearm_link"
"initial_small_minus",162,0.20000000000000001,0.01677994850739882,"base_link|tunnel_floor","wrist2_link|forearm_link"
"initial_small_minus",163,0.20000000000000001,0.016849826108492876,"base_link|tunnel_floor","wrist2_link|forearm_link"
"initial_small_minus",164,0.20000000000000001,0.016712862354652146,"base_link|tunnel_floor","wrist2_link|forearm_link"
"initial_small_minus",165,0.20000000000000001,0.016684868839068633,"base_link|tunnel_floor","wrist2_link|forearm_link"
"initial_small_minus",166,0.20000000000000001,0.016655871891513189,"base_link|tunnel_floor","wrist2_link|forearm_link"
"initial_small_minus",167,0.20000000000000001,0.016658787017895436,"base_link|tunnel_floor","wrist2_link|forearm_link"
"initial_small_minus",168,0.20000000000000001,0.016747291112832952,"base_link|tunnel_floor","wrist2_link|forearm_link"
"initial_small_minus",169,0.20000000000000001,0.016778215775310898,"base_link|tunnel_floor","wrist2_link|forearm_link"
"initial_small_minus",170,0.20000000000000001,0.01687338079248862,"base_link|tunnel_floor","wrist2_link|forearm_link"
"initial_small_minus",171,0.20000000000000001,0.016728545985281413,"base_link|tunnel_floor","wrist2_link|forearm_link"
"initial_small_minus",172,0.20000000000000001,0.01667522860225416,"base_link|tunnel_floor","wrist2_link|forearm_link"
"initial_small_minus",173,0.20000000000000001,0.016677137509336519,"base_link|tunnel_floor","wrist2_link|forearm_link"
"initial_small_minus",174,0.20000000000000001,0.016633492306459795,"base_link|tunnel_floor","wrist2_link|forearm_link"
"initial_small_minus",175,0.20000000000000001,0.016766143167831895,"base_link|tunnel_floor","wrist2_link|forearm_link"
"initial_small_minus",176,0.20000000000000001,0.016733933191161111,"base_link|tunnel_floor","wrist2_link|forearm_link"
"initial_small_minus",177,0.20000000000000001,0.016809134665320594,"base_link|tunnel_floor","wrist2_link|forearm_link"
"initial_small_minus",178,0.20000000000000001,0.01685271081960632,"base_link|tunnel_floor","wrist2_link|forearm_link"
"initial_small_minus",179,0.20000000000000001,0.016726659042940708,"base_link|tunnel_floor","wrist2_link|forearm_link"
"initial_small_minus",180,0.20000000000000001,0.016627569390579071,"base_link|tunnel_floor","wrist2_link|forearm_link"
"initial_medium_plus",0,0.20000000000000001,0.016836332585723032,"base_link|tunnel_floor","wrist2_link|forearm_link"
"initial_medium_plus",1,0.20000000000000001,0.016845881801387887,"base_link|tunnel_floor","wrist2_link|forearm_link"
"initial_medium_plus",2,0.20000000000000001,0.016654625670177142,"base_link|tunnel_floor","wrist2_link|forearm_link"
"initial_medium_plus",3,0.20000000000000001,0.016755178830541798,"base_link|tunnel_floor","wrist2_link|forearm_link"
"initial_medium_plus",4,0.20000000000000001,0.016858740081537614,"base_link|tunnel_floor","wrist2_link|forearm_link"
"initial_medium_plus",5,0.20000000000000001,0.016677991262512657,"base_link|tunnel_floor","wrist2_link|forearm_link"
"initial_medium_plus",6,0.20000000000000001,0.016730034696398634,"base_link|tunnel_floor","wrist2_link|forearm_link"
"initial_medium_plus",7,0.20000000000000001,0.016785710597003147,"base_link|tunnel_floor","wrist2_link|forearm_link"
"initial_medium_plus",8,0.20000000000000001,0.016673184123179505,"base_link|tunnel_floor","wrist2_link|forearm_link"
"initial_medium_plus",9,0.20000000000000001,0.016745431932222724,"base_link|tunnel_floor","wrist2_link|forearm_link"
"initial_medium_plus",10,0.20000000000000001,0.016798758979881374,"base_link|tunnel_floor","wrist2_link|forearm_link"
"initial_medium_plus",11,0.20000000000000001,0.016749644254308117,"base_link|tunnel_floor","wrist2_link|forearm_link"
"initial_medium_plus",12,0.20000000000000001,0.016762608407093142,"base_link|tunnel_floor","wrist2_link|forearm_link"
"initial_medium_plus",13,0.20000000000000001,0.016749646766677118,"base_link|tunnel_floor","wrist2_link|forearm_link"
"initial_medium_plus",14,0.20000000000000001,0.016745471711788872,"base_link|tunnel_floor","wrist2_link|forearm_link"
"initial_medium_plus",15,0.20000000000000001,0.016894028946882401,"base_link|tunnel_floor","wrist2_link|forearm_link"
"initial_medium_plus",16,0.20000000000000001,0.016728694510234478,"base_link|tunnel_floor","wrist2_link|forearm_link"
"initial_medium_plus",17,0.20000000000000001,0.01665796155549527,"base_link|tunnel_floor","wrist2_link|forearm_link"
"initial_medium_plus",18,0.20000000000000001,0.016669511888898741,"base_link|tunnel_floor","wrist2_link|forearm_link"
"initial_medium_plus",19,0.20000000000000001,0.016809528507570923,"base_link|tunnel_floor","wrist2_link|forearm_link"
"initial_medium_plus",20,0.20000000000000001,0.016806816575287122,"base_link|tunnel_floor","wrist2_link|forearm_link"
"initial_medium_plus",21,0.20000000000000001,0.016741678993670912,"base_link|tunnel_floor","wrist2_link|forearm_link"
"initial_medium_plus",22,0.20000000000000001,0.016764099691404372,"base_link|tunnel_floor","wrist2_link|forearm_link"
"initial_medium_plus",23,0.20000000000000001,0.016746696906236126,"base_link|tunnel_floor","wrist2_link|forearm_link"
"initial_medium_plus",24,0.20000000000000001,0.016848611503694069,"base_link|tunnel_floor","wrist2_link|forearm_link"
"initial_medium_plus",25,0.20000000000000001,0.016681012505133971,"base_link|tunnel_floor","wrist2_link|forearm_link"
"initial_medium_plus",26,0.20000000000000001,0.01664466246458661,"base_link|tunnel_floor","wrist2_link|forearm_link"
"initial_medium_plus",27,0.20000000000000001,0.016743883027984886,"base_link|tunnel_floor","wrist2_link|forearm_link"
"initial_medium_plus",28,0.20000000000000001,0.016900021635692448,"base_link|tunnel_floor","wrist2_link|forearm_link"
"initial_medium_plus",29,0.20000000000000001,0.016792257481507041,"base_link|tunnel_floor","wrist2_link|forearm_link"
"initial_medium_plus",30,0.20000000000000001,0.016770284865915367,"base_link|tunnel_floor","wrist2_link|forearm_link"
"initial_medium_plus",31,0.20000000000000001,0.016769044419670694,"base_link|tunnel_floor","wrist2_link|forearm_link"
"initial_medium_plus",32,0.20000000000000001,0.016781742761198981,"base_link|tunnel_floor","wrist2_link|forearm_link"
"initial_medium_plus",33,0.20000000000000001,0.016810657745890755,"base_link|tunnel_floor","wrist2_link|forearm_link"
"initial_medium_plus",34,0.20000000000000001,0.01686080267052224,"base_link|tunnel_floor","wrist2_link|forearm_link"
"initial_medium_plus",35,0.20000000000000001,0.016894695524299997,"base_link|tunnel_floor","wrist2_link|forearm_link"
"initial_medium_plus",36,0.20000000000000001,0.0168140813027974,"base_link|tunnel_floor","forearm_link|wrist2_link"
"initial_medium_plus",37,0.20000000000000001,0.016740017202710584,"base_link|tunnel_floor","forearm_link|wrist2_link"
"initial_medium_plus",38,0.20000000000000001,0.016737154129634141,"base_link|tunnel_floor","forearm_link|wrist2_link"
"initial_medium_plus",39,0.20000000000000001,0.016756766448487496,"base_link|tunnel_floor","forearm_link|wrist2_link"
"initial_medium_plus",40,0.20000000000000001,0.016664426358737067,"base_link|tunnel_floor","forearm_link|wrist2_link"
"initial_medium_plus",41,0.20000000000000001,0.01662451058976298,"base_link|tunnel_floor","forearm_link|wrist2_link"
"initial_medium_plus",42,0.20000000000000001,0.016648038882369591,"base_link|tunnel_floor","forearm_link|wrist2_link"
"initial_medium_plus",43,0.20000000000000001,0.016733953779237816,"base_link|tunnel_floor","forearm_link|wrist2_link"
"initial_medium_plus",44,0.20000000000000001,0.016695395464894781,"base_link|tunnel_floor","forearm_link|wrist2_link"
"initial_medium_plus",45,0.20000000000000001,0.016687689683214241,"base_link|tunnel_floor","forearm_link|wrist2_link"
"initial_medium_plus",46,0.20000000000000001,0.0167238708132369,"base_link|tunnel_floor","forearm_link|wrist2_link"
"initial_medium_plus",47,0.20000000000000001,0.01681028999908073,"base_link|tunnel_floor","forearm_link|wrist2_link"
"initial_medium_plus",48,0.20000000000000001,0.016921943082978629,"base_link|tunnel_floor","forearm_link|wrist2_link"
"initial_medium_plus",49,0.20000000000000001,0.016858084630386291,"base_link|tunnel_floor","forearm_link|wrist2_link"
"initial_medium_plus",50,0.20000000000000001,0.016826882611209924,"base_link|tunnel_floor","forearm_link|wrist2_link"
"initial_medium_plus",51,0.20000000000000001,0.016825958045092699,"base_link|tunnel_floor","forearm_link|wrist2_link"
"initial_medium_plus",52,0.20000000000000001,0.016761011734688466,"base_link|tunnel_floor","forearm_link|wrist2_link"
"initial_medium_plus",53,0.20000000000000001,0.016729211985350857,"base_link|tunnel_floor","forearm_link|wrist2_link"
"initial_medium_plus",54,0.20000000000000001,0.016729856142100638,"base_link|tunnel_floor","forearm_link|wrist2_link"
"initial_medium_plus",55,0.20000000000000001,0.016756910007979541,"base_link|tunnel_floor","forearm_link|wrist2_link"
"initial_medium_plus",56,0.20000000000000001,0.016711419272366239,"base_link|tunnel_floor","wrist2_link|forearm_link"
"initial_medium_plus",57,0.20000000000000001,0.016693488688368171,"base_link|tunnel_floor","wrist2_link|forearm_link"
"initial_medium_plus",58,0.20000000000000001,0.016701789979983377,"base_link|tunnel_floor","wrist2_link|forearm_link"
"initial_medium_plus",59,0.20000000000000001,0.016734847355980211,"base_link|tunnel_floor","wrist2_link|forearm_link"
"initial_medium_plus",60,0.20000000000000001,0.016790850508152991,"base_link|tunnel_floor","wrist2_link|forearm_link"
"initial_medium_plus",61,0.20000000000000001,0.016867569488336016,"base_link|tunnel_floor","wrist2_link|forearm_link"
"initial_medium_plus",62,0.20000000000000001,0.016905474442806233,"base_link|tunnel_floor","wrist2_link|forearm_link"
"initial_medium_plus",63,0.20000000000000001,0.016861032894178254,"base_link|tunnel_floor","wrist2_link|forearm_link"
"initial_medium_plus",64,0.20000000000000001,0.016839075623230421,"base_link|tunnel_floor","wrist2_link|forearm_link"
"initial_medium_plus",65,0.20000000000000001,0.016809562075124598,"base_link|tunnel_floor","wrist2_link|forearm_link"
"initial_medium_plus",66,0.20000000000000001,0.016731794596511102,"base_link|tunnel_floor","wrist2_link|forearm_link"
"initial_medium_plus",67,0.20000000000000001,0.016683751385754036,"base_link|tunnel_floor","wrist2_link|forearm_link"
"initial_medium_plus",68,0.20000000000000001,0.016670539819357354,"base_link|tunnel_floor","wrist2_link|forearm_link"
"initial_medium_plus",69,0.20000000000000001,0.016685261197419695,"base_link|tunnel_floor","wrist2_link|forearm_link"
"initial_medium_plus",70,0.20000000000000001,0.016705743518078509,"base_link|tunnel_floor","wrist2_link|forearm_link"
"initial_medium_plus",71,0.20000000000000001,0.016725124141628824,"base_link|tunnel_floor","wrist2_link|forearm_link"
"initial_medium_plus",72,0.20000000000000001,0.016735852668635042,"base_link|tunnel_floor","wrist2_link|forearm_link"
"initial_medium_plus",73,0.20000000000000001,0.016729504033487434,"base_link|tunnel_floor","wrist2_link|forearm_link"
"initial_medium_plus",74,0.20000000000000001,0.016696979434012667,"base_link|tunnel_floor","wrist2_link|forearm_link"
"initial_medium_plus",75,0.20000000000000001,0.016636166125264772,"base_link|tunnel_floor","wrist2_link|forearm_link"
"initial_medium_plus",76,0.20000000000000001,0.016656392356689368,"base_link|tunnel_floor","wrist2_link|forearm_link"
"initial_medium_plus",77,0.20000000000000001,0.01671516213625825,"base_link|tunnel_floor","wrist2_link|forearm_link"
"initial_medium_plus",78,0.19643020029846198,0.01672958163431762,"upperarm_link|horseshoe_wall_30","wrist2_link|forearm_link"
"initial_medium_plus",79,0.17456809600020365,0.016692415659986977,"upperarm_link|horseshoe_wall_30","wrist2_link|forearm_link"
"initial_medium_plus",80,0.1539979263308775,0.016651226831180015,"upperarm_link|horseshoe_wall_29","wrist2_link|forearm_link"
"initial_medium_plus",81,0.13526198908573689,0.016755863669145315,"upperarm_link|horseshoe_wall_29","wrist2_link|forearm_link"
"initial_medium_plus",82,0.11865744873398239,0.016781866408136826,"upperarm_link|horseshoe_wall_28","wrist2_link|forearm_link"
"initial_medium_plus",83,0.10472170740390119,0.016841442315810255,"upperarm_link|horseshoe_wall_26","wrist2_link|forearm_link"
"initial_medium_plus",84,0.094346942726020441,0.016871053133833316,"upperarm_link|horseshoe_wall_26","wrist2_link|forearm_link"
"initial_medium_plus",85,0.088577170270258784,0.016805115692573671,"upperarm_link|horseshoe_wall_25","wrist2_link|forearm_link"
"initial_medium_plus",86,0.090348083274491425,0.016702263074620995,"upperarm_link|horseshoe_wall_25","wrist2_link|forearm_link"
"initial_medium_plus",87,0.099679140482252834,0.016726307384393169,"upperarm_link|horseshoe_wall_24","wrist2_link|forearm_link"
"initial_medium_plus",88,0.10683287179340895,0.016655252567224603,"upperarm_link|horseshoe_wall_25","wrist2_link|forearm_link"
"initial_medium_plus",89,0.11520108063433428,0.016623586820841103,"upperarm_link|horseshoe_wall_25","wrist2_link|forearm_link"
"initial_medium_plus",90,0.12486658506819509,0.016693701071228889,"upperarm_link|horseshoe_wall_25","wrist2_link|forearm_link"
"initial_medium_plus",91,0.13062414560382571,0.016753632394017816,"forearm_link|horseshoe_wall_25","wrist2_link|forearm_link"
"initial_medium_plus",92,0.13532543806366004,0.016729292878207389,"forearm_link|horseshoe_wall_25","wrist2_link|forearm_link"
"initial_medium_plus",93,0.14062588122077804,0.016748860251405397,"forearm_link|horseshoe_wall_25","wrist2_link|forearm_link"
"initial_medium_plus",94,0.14641417927621284,0.016810831448597408,"forearm_link|horseshoe_wall_25","wrist2_link|forearm_link"
"initial_medium_plus",95,0.14331124247635957,0.016785363479156303,"forearm_link|horseshoe_wall_26","wrist2_link|forearm_link"
"initial_medium_plus",96,0.1432321597490421,0.016796058319227793,"forearm_link|horseshoe_wall_28","wrist2_link|forearm_link"
"initial_medium_plus",97,0.14440160083435402,0.016825741460766437,"forearm_link|horseshoe_wall_29","wrist2_link|forearm_link"
"initial_medium_plus",98,0.14608193380290188,0.016858732447846449,"forearm_link|horseshoe_wall_30","wrist2_link|forearm_link"
"initial_medium_plus",99,0.14797808917793862,0.016890088912448805,"forearm_link|horseshoe_wall_31","wrist2_link|forearm_link"
"initial_medium_plus",100,0.14994112341795876,0.016879917272835072,"forearm_link|horseshoe_wall_31","wrist2_link|forearm_link"
"initial_medium_plus",101,0.15203985899468139,0.016843371149207882,"forearm_link|horseshoe_wall_32","wrist2_link|forearm_link"
"initial_medium_plus",102,0.15423943015329189,0.016809875669022239,"forearm_link|horseshoe_wall_32","wrist2_link|forearm_link"
"initial_medium_plus",103,0.15644674080877505,0.016779651702944862,"forearm_link|horseshoe_wall_33","wrist2_link|forearm_link"
"initial_medium_plus",104,0.15872754782704854,0.016752787848838702,"forearm_link|horseshoe_wall_34","wrist2_link|forearm_link"
"initial_medium_plus",105,0.16101606383386688,0.016729325333264947,"forearm_link|horseshoe_wall_34","wrist2_link|forearm_link"
"initial_medium_plus",106,0.16329566618490213,0.016709301533400198,"forearm_link|horseshoe_wall_35","wrist2_link|forearm_link"
"initial_medium_plus",107,0.16560886662035051,0.016692774470820175,"forearm_link|horseshoe_wall_36","wrist2_link|forearm_link"
"initial_medium_plus",108,0.16786839531636316,0.016679837696867161,"forearm_link|horseshoe_wall_36","wrist2_link|forearm_link"
"initial_medium_plus",109,0.17011282870062833,0.016673830669366094,"forearm_link|horseshoe_wall_37","wrist2_link|forearm_link"
"initial_medium_plus",110,0.17236893883007118,0.016678619999925391,"forearm_link|horseshoe_wall_38","wrist2_link|forearm_link"
"initial_medium_plus",111,0.17454145718130745,0.016691413732518933,"forearm_link|horseshoe_wall_38","wrist2_link|forearm_link"
"initial_medium_plus",112,0.17671657953985459,0.016718229778879254,"forearm_link|horseshoe_wall_39","wrist2_link|forearm_link"
"initial_medium_plus",113,0.17891078294156956,0.016723551432881116,"forearm_link|horseshoe_wall_39","wrist2_link|forearm_link"
"initial_medium_plus",114,0.18103487804074592,0.016692823175907937,"forearm_link|horseshoe_wall_40","wrist2_link|forearm_link"
"initial_medium_plus",115,0.18318283580079511,0.016666232316126545,"forearm_link|horseshoe_wall_41","wrist2_link|forearm_link"
"initial_medium_plus",116,0.1853292688637285,0.016643538561994197,"forearm_link|horseshoe_wall_41","wrist2_link|forearm_link"
"initial_medium_plus",117,0.18741779639918849,0.016629946162803912,"forearm_link|horseshoe_wall_42","wrist2_link|forearm_link"
"initial_medium_plus",118,0.18952381211712538,0.01662778932643251,"forearm_link|horseshoe_wall_43","wrist2_link|forearm_link"
"initial_medium_plus",119,0.19161480910785517,0.016633937929095,"forearm_link|horseshoe_wall_43","wrist2_link|forearm_link"
"initial_medium_plus",120,0.19365331775253958,0.016645099528984523,"forearm_link|horseshoe_wall_44","wrist2_link|forearm_link"
"initial_medium_plus",121,0.1957036723303805,0.016666184077442012,"forearm_link|horseshoe_wall_45","wrist2_link|forearm_link"
"initial_medium_plus",122,0.19773062247686901,0.016697234642067148,"forearm_link|horseshoe_wall_45","wrist2_link|forearm_link"
"initial_medium_plus",123,0.19970569819024289,0.016735997046029565,"forearm_link|horseshoe_wall_46","wrist2_link|forearm_link"
"initial_medium_plus",124,0.20000000000000001,0.016765506079783884,"base_link|tunnel_floor","wrist2_link|forearm_link"
"initial_medium_plus",125,0.20000000000000001,0.016759304139505379,"base_link|tunnel_floor","wrist2_link|forearm_link"
"initial_medium_plus",126,0.20000000000000001,0.016749446417763672,"base_link|tunnel_floor","wrist2_link|forearm_link"
"initial_medium_plus",127,0.20000000000000001,0.016737491188302211,"base_link|tunnel_floor","wrist2_link|forearm_link"
"initial_medium_plus",128,0.20000000000000001,0.016733761820522702,"base_link|tunnel_floor","wrist2_link|forearm_link"
"initial_medium_plus",129,0.20000000000000001,0.016738291436867739,"base_link|tunnel_floor","wrist2_link|forearm_link"
"initial_medium_plus",130,0.20000000000000001,0.016746293797684914,"base_link|tunnel_floor","wrist2_link|forearm_link"
"initial_medium_plus",131,0.20000000000000001,0.016761730010817936,"base_link|tunnel_floor","wrist2_link|forearm_link"
"initial_medium_plus",132,0.20000000000000001,0.01678518044823599,"base_link|tunnel_floor","wrist2_link|forearm_link"
"initial_medium_plus",133,0.20000000000000001,0.016815901684926141,"base_link|tunnel_floor","wrist2_link|forearm_link"
"initial_medium_plus",134,0.20000000000000001,0.016846210033822341,"base_link|tunnel_floor","wrist2_link|forearm_link"
"initial_medium_plus",135,0.20000000000000001,0.01687384591777373,"base_link|tunnel_floor","wrist2_link|forearm_link"
"initial_medium_plus",136,0.20000000000000001,0.016898900184477872,"base_link|tunnel_floor","wrist2_link|forearm_link"
"initial_medium_plus",137,0.20000000000000001,0.01689174258003397,"base_link|tunnel_floor","wrist2_link|forearm_link"
"initial_medium_plus",138,0.20000000000000001,0.01685932322516194,"base_link|tunnel_floor","wrist2_link|forearm_link"
"initial_medium_plus",139,0.20000000000000001,0.016828697093438493,"base_link|tunnel_floor","wrist2_link|forearm_link"
"initial_medium_plus",140,0.20000000000000001,0.016799930380164207,"base_link|tunnel_floor","wrist2_link|forearm_link"
"initial_medium_plus",141,0.20000000000000001,0.01677314925684192,"base_link|tunnel_floor","wrist2_link|forearm_link"
"initial_medium_plus",142,0.20000000000000001,0.01675048810662336,"base_link|tunnel_floor","wrist2_link|forearm_link"
"initial_medium_plus",143,0.20000000000000001,0.016733877635915866,"base_link|tunnel_floor","wrist2_link|forearm_link"
"initial_medium_plus",144,0.20000000000000001,0.016722128529223963,"base_link|tunnel_floor","wrist2_link|forearm_link"
"initial_medium_plus",145,0.20000000000000001,0.016714289755694875,"base_link|tunnel_floor","wrist2_link|forearm_link"
"initial_medium_plus",146,0.20000000000000001,0.016709664324736417,"base_link|tunnel_floor","wrist2_link|forearm_link"
"initial_medium_plus",147,0.20000000000000001,0.016707799308140835,"base_link|tunnel_floor","wrist2_link|forearm_link"
"initial_medium_plus",148,0.20000000000000001,0.016708472190661069,"base_link|tunnel_floor","wrist2_link|forearm_link"
"initial_medium_plus",149,0.20000000000000001,0.016711674861451687,"base_link|tunnel_floor","wrist2_link|forearm_link"
"initial_medium_plus",150,0.20000000000000001,0.016726832149598653,"base_link|tunnel_floor","wrist2_link|forearm_link"
"initial_medium_plus",151,0.20000000000000001,0.01677447428681806,"base_link|tunnel_floor","wrist2_link|forearm_link"
"initial_medium_plus",152,0.20000000000000001,0.016880787437018218,"base_link|tunnel_floor","wrist2_link|forearm_link"
"initial_medium_plus",153,0.20000000000000001,0.016780144263972223,"base_link|tunnel_floor","wrist2_link|forearm_link"
"initial_medium_plus",154,0.20000000000000001,0.016759545014535165,"base_link|tunnel_floor","wrist2_link|forearm_link"
"initial_medium_plus",155,0.20000000000000001,0.016632718665293363,"base_link|tunnel_floor","wrist2_link|forearm_link"
"initial_medium_plus",156,0.20000000000000001,0.016681720570417124,"base_link|tunnel_floor","wrist2_link|forearm_link"
"initial_medium_plus",157,0.20000000000000001,0.016841499132829008,"base_link|tunnel_floor","wrist2_link|forearm_link"
"initial_medium_plus",158,0.20000000000000001,0.01675790605406921,"base_link|tunnel_floor","wrist2_link|forearm_link"
"initial_medium_plus",159,0.20000000000000001,0.016664887633387564,"base_link|tunnel_floor","wrist2_link|forearm_link"
"initial_medium_plus",160,0.20000000000000001,0.01667913133113846,"base_link|tunnel_floor","wrist2_link|forearm_link"
"initial_medium_plus",161,0.20000000000000001,0.016747059908414373,"base_link|tunnel_floor","wrist2_link|forearm_link"
"initial_medium_plus",162,0.20000000000000001,0.01677994850739882,"base_link|tunnel_floor","wrist2_link|forearm_link"
"initial_medium_plus",163,0.20000000000000001,0.016849826108492876,"base_link|tunnel_floor","wrist2_link|forearm_link"
"initial_medium_plus",164,0.20000000000000001,0.016712862354652188,"base_link|tunnel_floor","wrist2_link|forearm_link"
"initial_medium_plus",165,0.20000000000000001,0.016684868839068528,"base_link|tunnel_floor","wrist2_link|forearm_link"
"initial_medium_plus",166,0.20000000000000001,0.016655871891513147,"base_link|tunnel_floor","wrist2_link|forearm_link"
"initial_medium_plus",167,0.20000000000000001,0.016658787017895436,"base_link|tunnel_floor","wrist2_link|forearm_link"
"initial_medium_plus",168,0.20000000000000001,0.016747291112832959,"base_link|tunnel_floor","wrist2_link|forearm_link"
"initial_medium_plus",169,0.20000000000000001,0.016778215775310877,"base_link|tunnel_floor","wrist2_link|forearm_link"
"initial_medium_plus",170,0.20000000000000001,0.016873380792488669,"base_link|tunnel_floor","wrist2_link|forearm_link"
"initial_medium_plus",171,0.20000000000000001,0.01672854598528134,"base_link|tunnel_floor","wrist2_link|forearm_link"
"initial_medium_plus",172,0.20000000000000001,0.016675228602254129,"base_link|tunnel_floor","wrist2_link|forearm_link"
"initial_medium_plus",173,0.20000000000000001,0.016677137509336533,"base_link|tunnel_floor","wrist2_link|forearm_link"
"initial_medium_plus",174,0.20000000000000001,0.016633492306459795,"base_link|tunnel_floor","wrist2_link|forearm_link"
"initial_medium_plus",175,0.20000000000000001,0.016766143167831905,"base_link|tunnel_floor","wrist2_link|forearm_link"
"initial_medium_plus",176,0.20000000000000001,0.016733933191161083,"base_link|tunnel_floor","wrist2_link|forearm_link"
"initial_medium_plus",177,0.20000000000000001,0.016809134665320639,"base_link|tunnel_floor","wrist2_link|forearm_link"
"initial_medium_plus",178,0.20000000000000001,0.01685271081960631,"base_link|tunnel_floor","wrist2_link|forearm_link"
"initial_medium_plus",179,0.20000000000000001,0.016726659042940704,"base_link|tunnel_floor","wrist2_link|forearm_link"
"initial_medium_plus",180,0.20000000000000001,0.016627569390579144,"base_link|tunnel_floor","wrist2_link|forearm_link"
"initial_medium_minus",0,0.20000000000000001,0.016836332585723032,"base_link|tunnel_floor","wrist2_link|forearm_link"
"initial_medium_minus",1,0.20000000000000001,0.016845881801387887,"base_link|tunnel_floor","wrist2_link|forearm_link"
"initial_medium_minus",2,0.20000000000000001,0.016654625670177142,"base_link|tunnel_floor","wrist2_link|forearm_link"
"initial_medium_minus",3,0.20000000000000001,0.016755178830541798,"base_link|tunnel_floor","wrist2_link|forearm_link"
"initial_medium_minus",4,0.20000000000000001,0.016858740081537614,"base_link|tunnel_floor","wrist2_link|forearm_link"
"initial_medium_minus",5,0.20000000000000001,0.016677991262512657,"base_link|tunnel_floor","wrist2_link|forearm_link"
"initial_medium_minus",6,0.20000000000000001,0.016730034696398634,"base_link|tunnel_floor","wrist2_link|forearm_link"
"initial_medium_minus",7,0.20000000000000001,0.016785710597003147,"base_link|tunnel_floor","wrist2_link|forearm_link"
"initial_medium_minus",8,0.20000000000000001,0.016673184123179505,"base_link|tunnel_floor","wrist2_link|forearm_link"
"initial_medium_minus",9,0.20000000000000001,0.016745431932222724,"base_link|tunnel_floor","wrist2_link|forearm_link"
"initial_medium_minus",10,0.20000000000000001,0.016798758979881374,"base_link|tunnel_floor","wrist2_link|forearm_link"
"initial_medium_minus",11,0.20000000000000001,0.016749644254308117,"base_link|tunnel_floor","wrist2_link|forearm_link"
"initial_medium_minus",12,0.20000000000000001,0.016762608407093142,"base_link|tunnel_floor","wrist2_link|forearm_link"
"initial_medium_minus",13,0.20000000000000001,0.016749646766677118,"base_link|tunnel_floor","wrist2_link|forearm_link"
"initial_medium_minus",14,0.20000000000000001,0.016745471711788872,"base_link|tunnel_floor","wrist2_link|forearm_link"
"initial_medium_minus",15,0.20000000000000001,0.016824294095945221,"base_link|tunnel_floor","wrist2_link|forearm_link"
"initial_medium_minus",16,0.20000000000000001,0.016728827222215584,"base_link|tunnel_floor","wrist2_link|forearm_link"
"initial_medium_minus",17,0.20000000000000001,0.016657960805132193,"base_link|tunnel_floor","wrist2_link|forearm_link"
"initial_medium_minus",18,0.20000000000000001,0.016669511888356667,"base_link|tunnel_floor","wrist2_link|forearm_link"
"initial_medium_minus",19,0.20000000000000001,0.01680952850754763,"base_link|tunnel_floor","wrist2_link|forearm_link"
"initial_medium_minus",20,0.20000000000000001,0.016806816575287369,"base_link|tunnel_floor","wrist2_link|forearm_link"
"initial_medium_minus",21,0.20000000000000001,0.016741678993670895,"base_link|tunnel_floor","wrist2_link|forearm_link"
"initial_medium_minus",22,0.20000000000000001,0.01676409969140431,"base_link|tunnel_floor","wrist2_link|forearm_link"
"initial_medium_minus",23,0.20000000000000001,0.016746696906236022,"base_link|tunnel_floor","wrist2_link|forearm_link"
"initial_medium_minus",24,0.20000000000000001,0.016848611503694086,"base_link|tunnel_floor","wrist2_link|forearm_link"
"initial_medium_minus",25,0.20000000000000001,0.016681012505133971,"base_link|tunnel_floor","wrist2_link|forearm_link"
"initial_medium_minus",26,0.20000000000000001,0.01664466246458661,"base_link|tunnel_floor","wrist2_link|forearm_link"
"initial_medium_minus",27,0.20000000000000001,0.016743883027984886,"base_link|tunnel_floor","wrist2_link|forearm_link"
"initial_medium_minus",28,0.20000000000000001,0.016900021635692448,"base_link|tunnel_floor","wrist2_link|forearm_link"
"initial_medium_minus",29,0.20000000000000001,0.016792257481507041,"base_link|tunnel_floor","wrist2_link|forearm_link"
"initial_medium_minus",30,0.20000000000000001,0.016770284865915367,"base_link|tunnel_floor","wrist2_link|forearm_link"
"initial_medium_minus",31,0.20000000000000001,0.016769044419670694,"base_link|tunnel_floor","wrist2_link|forearm_link"
"initial_medium_minus",32,0.20000000000000001,0.016781742761198981,"base_link|tunnel_floor","wrist2_link|forearm_link"
"initial_medium_minus",33,0.20000000000000001,0.016810657745890755,"base_link|tunnel_floor","wrist2_link|forearm_link"
"initial_medium_minus",34,0.20000000000000001,0.01686080267052224,"base_link|tunnel_floor","wrist2_link|forearm_link"
"initial_medium_minus",35,0.20000000000000001,0.016894695524299997,"base_link|tunnel_floor","wrist2_link|forearm_link"
"initial_medium_minus",36,0.20000000000000001,0.0168140813027974,"base_link|tunnel_floor","forearm_link|wrist2_link"
"initial_medium_minus",37,0.20000000000000001,0.016740017202710584,"base_link|tunnel_floor","forearm_link|wrist2_link"
"initial_medium_minus",38,0.20000000000000001,0.016737154129634141,"base_link|tunnel_floor","forearm_link|wrist2_link"
"initial_medium_minus",39,0.20000000000000001,0.016756766448487496,"base_link|tunnel_floor","forearm_link|wrist2_link"
"initial_medium_minus",40,0.20000000000000001,0.016664426358737067,"base_link|tunnel_floor","forearm_link|wrist2_link"
"initial_medium_minus",41,0.20000000000000001,0.01662451058976298,"base_link|tunnel_floor","forearm_link|wrist2_link"
"initial_medium_minus",42,0.20000000000000001,0.016648038882369591,"base_link|tunnel_floor","forearm_link|wrist2_link"
"initial_medium_minus",43,0.20000000000000001,0.016733953779237816,"base_link|tunnel_floor","forearm_link|wrist2_link"
"initial_medium_minus",44,0.20000000000000001,0.016695395464894781,"base_link|tunnel_floor","forearm_link|wrist2_link"
"initial_medium_minus",45,0.20000000000000001,0.016687689683214241,"base_link|tunnel_floor","forearm_link|wrist2_link"
"initial_medium_minus",46,0.20000000000000001,0.0167238708132369,"base_link|tunnel_floor","forearm_link|wrist2_link"
"initial_medium_minus",47,0.20000000000000001,0.01681028999908073,"base_link|tunnel_floor","forearm_link|wrist2_link"
"initial_medium_minus",48,0.20000000000000001,0.016921943082978629,"base_link|tunnel_floor","forearm_link|wrist2_link"
"initial_medium_minus",49,0.20000000000000001,0.016858084630386291,"base_link|tunnel_floor","forearm_link|wrist2_link"
"initial_medium_minus",50,0.20000000000000001,0.016826882611209924,"base_link|tunnel_floor","forearm_link|wrist2_link"
"initial_medium_minus",51,0.20000000000000001,0.016825958045092699,"base_link|tunnel_floor","forearm_link|wrist2_link"
"initial_medium_minus",52,0.20000000000000001,0.016761011734688466,"base_link|tunnel_floor","forearm_link|wrist2_link"
"initial_medium_minus",53,0.20000000000000001,0.016729211985350857,"base_link|tunnel_floor","forearm_link|wrist2_link"
"initial_medium_minus",54,0.20000000000000001,0.016729856142100638,"base_link|tunnel_floor","forearm_link|wrist2_link"
"initial_medium_minus",55,0.20000000000000001,0.016756910007979541,"base_link|tunnel_floor","forearm_link|wrist2_link"
"initial_medium_minus",56,0.20000000000000001,0.016711419272366239,"base_link|tunnel_floor","wrist2_link|forearm_link"
"initial_medium_minus",57,0.20000000000000001,0.016693488688368171,"base_link|tunnel_floor","wrist2_link|forearm_link"
"initial_medium_minus",58,0.20000000000000001,0.016701789979983377,"base_link|tunnel_floor","wrist2_link|forearm_link"
"initial_medium_minus",59,0.20000000000000001,0.016734847355980211,"base_link|tunnel_floor","wrist2_link|forearm_link"
"initial_medium_minus",60,0.20000000000000001,0.016790850508152991,"base_link|tunnel_floor","wrist2_link|forearm_link"
"initial_medium_minus",61,0.20000000000000001,0.016867569488336016,"base_link|tunnel_floor","wrist2_link|forearm_link"
"initial_medium_minus",62,0.20000000000000001,0.016905474442806233,"base_link|tunnel_floor","wrist2_link|forearm_link"
"initial_medium_minus",63,0.20000000000000001,0.016861032894178236,"base_link|tunnel_floor","wrist2_link|forearm_link"
"initial_medium_minus",64,0.20000000000000001,0.016839075623230344,"base_link|tunnel_floor","wrist2_link|forearm_link"
"initial_medium_minus",65,0.20000000000000001,0.016809562075124712,"base_link|tunnel_floor","wrist2_link|forearm_link"
"initial_medium_minus",66,0.20000000000000001,0.016731794596511144,"base_link|tunnel_floor","wrist2_link|forearm_link"
"initial_medium_minus",67,0.20000000000000001,0.016683751385754023,"base_link|tunnel_floor","wrist2_link|forearm_link"
"initial_medium_minus",68,0.20000000000000001,0.016670539819357386,"base_link|tunnel_floor","wrist2_link|forearm_link"
"initial_medium_minus",69,0.20000000000000001,0.016685261197419726,"base_link|tunnel_floor","wrist2_link|forearm_link"
"initial_medium_minus",70,0.20000000000000001,0.016705743518078509,"base_link|tunnel_floor","wrist2_link|forearm_link"
"initial_medium_minus",71,0.20000000000000001,0.016725124141628824,"base_link|tunnel_floor","wrist2_link|forearm_link"
"initial_medium_minus",72,0.20000000000000001,0.016735852668635042,"base_link|tunnel_floor","wrist2_link|forearm_link"
"initial_medium_minus",73,0.20000000000000001,0.016729504033487438,"base_link|tunnel_floor","wrist2_link|forearm_link"
"initial_medium_minus",74,0.20000000000000001,0.016696979434012802,"base_link|tunnel_floor","wrist2_link|forearm_link"
"initial_medium_minus",75,0.20000000000000001,0.016636166125264765,"base_link|tunnel_floor","wrist2_link|forearm_link"
"initial_medium_minus",76,0.20000000000000001,0.016656392356689375,"base_link|tunnel_floor","wrist2_link|forearm_link"
"initial_medium_minus",77,0.20000000000000001,0.016715162136258239,"base_link|tunnel_floor","wrist2_link|forearm_link"
"initial_medium_minus",78,0.19643020029846212,0.01672958163431762,"upperarm_link|horseshoe_wall_30","wrist2_link|forearm_link"
"initial_medium_minus",79,0.17456809600020376,0.016692415659986998,"upperarm_link|horseshoe_wall_30","wrist2_link|forearm_link"
"initial_medium_minus",80,0.15399792633087772,0.016651226831179988,"upperarm_link|horseshoe_wall_29","wrist2_link|forearm_link"
"initial_medium_minus",81,0.13526198908573689,0.016755863669145318,"upperarm_link|horseshoe_wall_29","wrist2_link|forearm_link"
"initial_medium_minus",82,0.11865744873398228,0.016781866408136916,"upperarm_link|horseshoe_wall_28","wrist2_link|forearm_link"
"initial_medium_minus",83,0.10472170740390108,0.016841442315810255,"upperarm_link|horseshoe_wall_26","wrist2_link|forearm_link"
"initial_medium_minus",84,0.094346942726020441,0.016871053133833261,"upperarm_link|horseshoe_wall_26","wrist2_link|forearm_link"
"initial_medium_minus",85,0.088577170270258909,0.01680511569257372,"upperarm_link|horseshoe_wall_25","wrist2_link|forearm_link"
"initial_medium_minus",86,0.090348083274491314,0.016702263074620947,"upperarm_link|horseshoe_wall_25","wrist2_link|forearm_link"
"initial_medium_minus",87,0.099679140482252834,0.016726307384393169,"upperarm_link|horseshoe_wall_24","wrist2_link|forearm_link"
"initial_medium_minus",88,0.10683287313877521,0.016655252556279171,"upperarm_link|horseshoe_wall_25","wrist2_link|forearm_link"
"initial_medium_minus",89,0.1152010809290252,0.016623586821265694,"upperarm_link|horseshoe_wall_25","wrist2_link|forearm_link"
"initial_medium_minus",90,0.12486658098858876,0.016693701047588116,"upperarm_link|horseshoe_wall_25","wrist2_link|forearm_link"
"initial_medium_minus",91,0.13062414568567493,0.016753632393532544,"forearm_link|horseshoe_wall_25","wrist2_link|forearm_link"
"initial_medium_minus",92,0.13532543798436827,0.016729292878311219,"forearm_link|horseshoe_wall_25","wrist2_link|forearm_link"
"initial_medium_minus",93,0.14062588085588204,0.016748860248726995,"forearm_link|horseshoe_wall_25","wrist2_link|forearm_link"
"initial_medium_minus",94,0.14641417927570841,0.016810831448591971,"forearm_link|horseshoe_wall_25","wrist2_link|forearm_link"
"initial_medium_minus",95,0.14331124247631288,0.016785363479155775,"forearm_link|horseshoe_wall_26","wrist2_link|forearm_link"
"initial_medium_minus",96,0.14323215974904016,0.016796058319227734,"forearm_link|horseshoe_wall_28","wrist2_link|forearm_link"
"initial_medium_minus",97,0.14440160083435394,0.016825741460766441,"forearm_link|horseshoe_wall_29","wrist2_link|forearm_link"
"initial_medium_minus",98,0.14608193380290183,0.016858732447846539,"forearm_link|horseshoe_wall_30","wrist2_link|forearm_link"
"initial_medium_minus",99,0.1479780891779387,0.01689008891244877,"forearm_link|horseshoe_wall_31","wrist2_link|forearm_link"
"initial_medium_minus",100,0.14994112341795876,0.016879917272835124,"forearm_link|horseshoe_wall_31","wrist2_link|forearm_link"
"initial_medium_minus",101,0.15203985899468145,0.016843371149207826,"forearm_link|horseshoe_wall_32","wrist2_link|forearm_link"
"initial_medium_minus",102,0.15423943015329189,0.016809875669022239,"forearm_link|horseshoe_wall_32","wrist2_link|forearm_link"
"initial_medium_minus",103,0.15644674080877505,0.016779651702944862,"forearm_link|horseshoe_wall_33","wrist2_link|forearm_link"
"initial_medium_minus",104,0.15872754782704854,0.016752787848838702,"forearm_link|horseshoe_wall_34","wrist2_link|forearm_link"
"initial_medium_minus",105,0.16101606383386688,0.016729325333264947,"forearm_link|horseshoe_wall_34","wrist2_link|forearm_link"
"initial_medium_minus",106,0.16329566618490213,0.016709301533400198,"forearm_link|horseshoe_wall_35","wrist2_link|forearm_link"
"initial_medium_minus",107,0.16560886662035051,0.016692774470820175,"forearm_link|horseshoe_wall_36","wrist2_link|forearm_link"
"initial_medium_minus",108,0.16786839531636316,0.016679837696867109,"forearm_link|horseshoe_wall_36","wrist2_link|forearm_link"
"initial_medium_minus",109,0.17011282870062833,0.016673830669366146,"forearm_link|horseshoe_wall_37","wrist2_link|forearm_link"
"initial_medium_minus",110,0.17236893883007126,0.016678619999925398,"forearm_link|horseshoe_wall_38","wrist2_link|forearm_link"
"initial_medium_minus",111,0.17454145718130745,0.016691413732518947,"forearm_link|horseshoe_wall_38","wrist2_link|forearm_link"
"initial_medium_minus",112,0.17671657953985459,0.016718229778879261,"forearm_link|horseshoe_wall_39","wrist2_link|forearm_link"
"initial_medium_minus",113,0.17891078294156962,0.01672355143288121,"forearm_link|horseshoe_wall_39","wrist2_link|forearm_link"
"initial_medium_minus",114,0.18103487804074592,0.01669282317590793,"forearm_link|horseshoe_wall_40","wrist2_link|forearm_link"
"initial_medium_minus",115,0.18318283580079511,0.016666232316126541,"forearm_link|horseshoe_wall_41","wrist2_link|forearm_link"
"initial_medium_minus",116,0.1853292688637285,0.016643538561994149,"forearm_link|horseshoe_wall_41","wrist2_link|forearm_link"
"initial_medium_minus",117,0.18741779639918849,0.016629946162803912,"forearm_link|horseshoe_wall_42","wrist2_link|forearm_link"
"initial_medium_minus",118,0.18952381211712538,0.01662778932643251,"forearm_link|horseshoe_wall_43","wrist2_link|forearm_link"
"initial_medium_minus",119,0.19161480910785517,0.016633937929095038,"forearm_link|horseshoe_wall_43","wrist2_link|forearm_link"
"initial_medium_minus",120,0.19365331775253958,0.016645099528984519,"forearm_link|horseshoe_wall_44","wrist2_link|forearm_link"
"initial_medium_minus",121,0.1957036723303805,0.01666618407744205,"forearm_link|horseshoe_wall_45","wrist2_link|forearm_link"
"initial_medium_minus",122,0.19773062247686907,0.016697234642067148,"forearm_link|horseshoe_wall_45","wrist2_link|forearm_link"
"initial_medium_minus",123,0.19970569819024289,0.016735997046029565,"forearm_link|horseshoe_wall_46","wrist2_link|forearm_link"
"initial_medium_minus",124,0.20000000000000001,0.016765506079783919,"base_link|tunnel_floor","wrist2_link|forearm_link"
"initial_medium_minus",125,0.20000000000000001,0.016759304139505382,"base_link|tunnel_floor","wrist2_link|forearm_link"
"initial_medium_minus",126,0.20000000000000001,0.016749446417763648,"base_link|tunnel_floor","wrist2_link|forearm_link"
"initial_medium_minus",127,0.20000000000000001,0.016737491188302242,"base_link|tunnel_floor","wrist2_link|forearm_link"
"initial_medium_minus",128,0.20000000000000001,0.01673376182052275,"base_link|tunnel_floor","wrist2_link|forearm_link"
"initial_medium_minus",129,0.20000000000000001,0.016738291436867739,"base_link|tunnel_floor","wrist2_link|forearm_link"
"initial_medium_minus",130,0.20000000000000001,0.01674629379768492,"base_link|tunnel_floor","wrist2_link|forearm_link"
"initial_medium_minus",131,0.20000000000000001,0.016761730010817936,"base_link|tunnel_floor","wrist2_link|forearm_link"
"initial_medium_minus",132,0.20000000000000001,0.016785180448236001,"base_link|tunnel_floor","wrist2_link|forearm_link"
"initial_medium_minus",133,0.20000000000000001,0.016815901684926117,"base_link|tunnel_floor","wrist2_link|forearm_link"
"initial_medium_minus",134,0.20000000000000001,0.016846210033822345,"base_link|tunnel_floor","wrist2_link|forearm_link"
"initial_medium_minus",135,0.20000000000000001,0.01687384591777373,"base_link|tunnel_floor","wrist2_link|forearm_link"
"initial_medium_minus",136,0.20000000000000001,0.016898900184477872,"base_link|tunnel_floor","wrist2_link|forearm_link"
"initial_medium_minus",137,0.20000000000000001,0.016891742580033949,"base_link|tunnel_floor","wrist2_link|forearm_link"
"initial_medium_minus",138,0.20000000000000001,0.016859323225161968,"base_link|tunnel_floor","wrist2_link|forearm_link"
"initial_medium_minus",139,0.20000000000000001,0.016828697093438469,"base_link|tunnel_floor","wrist2_link|forearm_link"
"initial_medium_minus",140,0.20000000000000001,0.016799930380164207,"base_link|tunnel_floor","wrist2_link|forearm_link"
"initial_medium_minus",141,0.20000000000000001,0.016773149256841948,"base_link|tunnel_floor","wrist2_link|forearm_link"
"initial_medium_minus",142,0.20000000000000001,0.016750488106623336,"base_link|tunnel_floor","wrist2_link|forearm_link"
"initial_medium_minus",143,0.20000000000000001,0.016733877635915863,"base_link|tunnel_floor","wrist2_link|forearm_link"
"initial_medium_minus",144,0.20000000000000001,0.016722128529223963,"base_link|tunnel_floor","wrist2_link|forearm_link"
"initial_medium_minus",145,0.20000000000000001,0.016714289755694903,"base_link|tunnel_floor","wrist2_link|forearm_link"
"initial_medium_minus",146,0.20000000000000001,0.016709664324736442,"base_link|tunnel_floor","wrist2_link|forearm_link"
"initial_medium_minus",147,0.20000000000000001,0.016707799308140786,"base_link|tunnel_floor","wrist2_link|forearm_link"
"initial_medium_minus",148,0.20000000000000001,0.016708472190661128,"base_link|tunnel_floor","wrist2_link|forearm_link"
"initial_medium_minus",149,0.20000000000000001,0.01671167486145159,"base_link|tunnel_floor","wrist2_link|forearm_link"
"initial_medium_minus",150,0.20000000000000001,0.016726832149598678,"base_link|tunnel_floor","wrist2_link|forearm_link"
"initial_medium_minus",151,0.20000000000000001,0.016774474286818004,"base_link|tunnel_floor","wrist2_link|forearm_link"
"initial_medium_minus",152,0.20000000000000001,0.016880787437018218,"base_link|tunnel_floor","wrist2_link|forearm_link"
"initial_medium_minus",153,0.20000000000000001,0.016780144263972119,"base_link|tunnel_floor","wrist2_link|forearm_link"
"initial_medium_minus",154,0.20000000000000001,0.01675954501453528,"base_link|tunnel_floor","wrist2_link|forearm_link"
"initial_medium_minus",155,0.20000000000000001,0.016632718665293391,"base_link|tunnel_floor","wrist2_link|forearm_link"
"initial_medium_minus",156,0.20000000000000001,0.016681720570417127,"base_link|tunnel_floor","wrist2_link|forearm_link"
"initial_medium_minus",157,0.20000000000000001,0.016841499132828928,"base_link|tunnel_floor","wrist2_link|forearm_link"
"initial_medium_minus",158,0.20000000000000001,0.016757906054069256,"base_link|tunnel_floor","wrist2_link|forearm_link"
"initial_medium_minus",159,0.20000000000000001,0.016664887633387523,"base_link|tunnel_floor","wrist2_link|forearm_link"
"initial_medium_minus",160,0.20000000000000001,0.016679131331138505,"base_link|tunnel_floor","wrist2_link|forearm_link"
"initial_medium_minus",161,0.20000000000000001,0.016747059908414408,"base_link|tunnel_floor","wrist2_link|forearm_link"
"initial_medium_minus",162,0.20000000000000001,0.01677994850739882,"base_link|tunnel_floor","wrist2_link|forearm_link"
"initial_medium_minus",163,0.20000000000000001,0.016849826108492876,"base_link|tunnel_floor","wrist2_link|forearm_link"
"initial_medium_minus",164,0.20000000000000001,0.016712862354652146,"base_link|tunnel_floor","wrist2_link|forearm_link"
"initial_medium_minus",165,0.20000000000000001,0.016684868839068633,"base_link|tunnel_floor","wrist2_link|forearm_link"
"initial_medium_minus",166,0.20000000000000001,0.016655871891513189,"base_link|tunnel_floor","wrist2_link|forearm_link"
"initial_medium_minus",167,0.20000000000000001,0.016658787017895436,"base_link|tunnel_floor","wrist2_link|forearm_link"
"initial_medium_minus",168,0.20000000000000001,0.016747291112832952,"base_link|tunnel_floor","wrist2_link|forearm_link"
"initial_medium_minus",169,0.20000000000000001,0.016778215775310898,"base_link|tunnel_floor","wrist2_link|forearm_link"
"initial_medium_minus",170,0.20000000000000001,0.01687338079248862,"base_link|tunnel_floor","wrist2_link|forearm_link"
"initial_medium_minus",171,0.20000000000000001,0.016728545985281413,"base_link|tunnel_floor","wrist2_link|forearm_link"
"initial_medium_minus",172,0.20000000000000001,0.01667522860225416,"base_link|tunnel_floor","wrist2_link|forearm_link"
"initial_medium_minus",173,0.20000000000000001,0.016677137509336519,"base_link|tunnel_floor","wrist2_link|forearm_link"
"initial_medium_minus",174,0.20000000000000001,0.016633492306459795,"base_link|tunnel_floor","wrist2_link|forearm_link"
"initial_medium_minus",175,0.20000000000000001,0.016766143167831895,"base_link|tunnel_floor","wrist2_link|forearm_link"
"initial_medium_minus",176,0.20000000000000001,0.016733933191161111,"base_link|tunnel_floor","wrist2_link|forearm_link"
"initial_medium_minus",177,0.20000000000000001,0.016809134665320594,"base_link|tunnel_floor","wrist2_link|forearm_link"
"initial_medium_minus",178,0.20000000000000001,0.01685271081960632,"base_link|tunnel_floor","wrist2_link|forearm_link"
"initial_medium_minus",179,0.20000000000000001,0.016726659042940708,"base_link|tunnel_floor","wrist2_link|forearm_link"
"initial_medium_minus",180,0.20000000000000001,0.016627569390579071,"base_link|tunnel_floor","wrist2_link|forearm_link"
"initial_asymmetric",0,0.20000000000000001,0.016836332585723032,"base_link|tunnel_floor","wrist2_link|forearm_link"
"initial_asymmetric",1,0.20000000000000001,0.016845881801387887,"base_link|tunnel_floor","wrist2_link|forearm_link"
"initial_asymmetric",2,0.20000000000000001,0.016654625670177142,"base_link|tunnel_floor","wrist2_link|forearm_link"
"initial_asymmetric",3,0.20000000000000001,0.016755178830541798,"base_link|tunnel_floor","wrist2_link|forearm_link"
"initial_asymmetric",4,0.20000000000000001,0.016858740081537614,"base_link|tunnel_floor","wrist2_link|forearm_link"
"initial_asymmetric",5,0.20000000000000001,0.016677991262512657,"base_link|tunnel_floor","wrist2_link|forearm_link"
"initial_asymmetric",6,0.20000000000000001,0.016730034696398634,"base_link|tunnel_floor","wrist2_link|forearm_link"
"initial_asymmetric",7,0.20000000000000001,0.016785710597003147,"base_link|tunnel_floor","wrist2_link|forearm_link"
"initial_asymmetric",8,0.20000000000000001,0.016673184123179505,"base_link|tunnel_floor","wrist2_link|forearm_link"
"initial_asymmetric",9,0.20000000000000001,0.016745431932222724,"base_link|tunnel_floor","wrist2_link|forearm_link"
"initial_asymmetric",10,0.20000000000000001,0.016798758979881374,"base_link|tunnel_floor","wrist2_link|forearm_link"
"initial_asymmetric",11,0.20000000000000001,0.016749644254308117,"base_link|tunnel_floor","wrist2_link|forearm_link"
"initial_asymmetric",12,0.20000000000000001,0.016762608407093142,"base_link|tunnel_floor","wrist2_link|forearm_link"
"initial_asymmetric",13,0.20000000000000001,0.016749646766677118,"base_link|tunnel_floor","wrist2_link|forearm_link"
"initial_asymmetric",14,0.20000000000000001,0.016745471711788872,"base_link|tunnel_floor","wrist2_link|forearm_link"
"initial_asymmetric",15,0.20000000000000001,0.016787017721796443,"base_link|tunnel_floor","wrist2_link|forearm_link"
"initial_asymmetric",16,0.20000000000000001,0.016728390456001597,"base_link|tunnel_floor","wrist2_link|forearm_link"
"initial_asymmetric",17,0.20000000000000001,0.016657961956731367,"base_link|tunnel_floor","wrist2_link|forearm_link"
"initial_asymmetric",18,0.20000000000000001,0.016669511888999292,"base_link|tunnel_floor","wrist2_link|forearm_link"
"initial_asymmetric",19,0.20000000000000001,0.016809528507574303,"base_link|tunnel_floor","wrist2_link|forearm_link"
"initial_asymmetric",20,0.20000000000000001,0.016806816575287195,"base_link|tunnel_floor","wrist2_link|forearm_link"
"initial_asymmetric",21,0.20000000000000001,0.016741678993670989,"base_link|tunnel_floor","wrist2_link|forearm_link"
"initial_asymmetric",22,0.20000000000000001,0.01676409969140431,"base_link|tunnel_floor","wrist2_link|forearm_link"
"initial_asymmetric",23,0.20000000000000001,0.016746696906236022,"base_link|tunnel_floor","wrist2_link|forearm_link"
"initial_asymmetric",24,0.20000000000000001,0.016848611503694086,"base_link|tunnel_floor","wrist2_link|forearm_link"
"initial_asymmetric",25,0.20000000000000001,0.016681012505133971,"base_link|tunnel_floor","wrist2_link|forearm_link"
"initial_asymmetric",26,0.20000000000000001,0.01664466246458661,"base_link|tunnel_floor","wrist2_link|forearm_link"
"initial_asymmetric",27,0.20000000000000001,0.016743883027984886,"base_link|tunnel_floor","wrist2_link|forearm_link"
"initial_asymmetric",28,0.20000000000000001,0.016900021635692448,"base_link|tunnel_floor","wrist2_link|forearm_link"
"initial_asymmetric",29,0.20000000000000001,0.016792257481507041,"base_link|tunnel_floor","wrist2_link|forearm_link"
"initial_asymmetric",30,0.20000000000000001,0.016770284865915367,"base_link|tunnel_floor","wrist2_link|forearm_link"
"initial_asymmetric",31,0.20000000000000001,0.016769044419670694,"base_link|tunnel_floor","wrist2_link|forearm_link"
"initial_asymmetric",32,0.20000000000000001,0.016781742761198981,"base_link|tunnel_floor","wrist2_link|forearm_link"
"initial_asymmetric",33,0.20000000000000001,0.016810657745890755,"base_link|tunnel_floor","wrist2_link|forearm_link"
"initial_asymmetric",34,0.20000000000000001,0.01686080267052224,"base_link|tunnel_floor","wrist2_link|forearm_link"
"initial_asymmetric",35,0.20000000000000001,0.016894695524299997,"base_link|tunnel_floor","wrist2_link|forearm_link"
"initial_asymmetric",36,0.20000000000000001,0.0168140813027974,"base_link|tunnel_floor","forearm_link|wrist2_link"
"initial_asymmetric",37,0.20000000000000001,0.016740017202710584,"base_link|tunnel_floor","forearm_link|wrist2_link"
"initial_asymmetric",38,0.20000000000000001,0.016737154129634141,"base_link|tunnel_floor","forearm_link|wrist2_link"
"initial_asymmetric",39,0.20000000000000001,0.016756766448487496,"base_link|tunnel_floor","forearm_link|wrist2_link"
"initial_asymmetric",40,0.20000000000000001,0.016664426358737067,"base_link|tunnel_floor","forearm_link|wrist2_link"
"initial_asymmetric",41,0.20000000000000001,0.01662451058976298,"base_link|tunnel_floor","forearm_link|wrist2_link"
"initial_asymmetric",42,0.20000000000000001,0.016648038882369591,"base_link|tunnel_floor","forearm_link|wrist2_link"
"initial_asymmetric",43,0.20000000000000001,0.016733953779237816,"base_link|tunnel_floor","forearm_link|wrist2_link"
"initial_asymmetric",44,0.20000000000000001,0.016695395464894781,"base_link|tunnel_floor","forearm_link|wrist2_link"
"initial_asymmetric",45,0.20000000000000001,0.016687689683214241,"base_link|tunnel_floor","forearm_link|wrist2_link"
"initial_asymmetric",46,0.20000000000000001,0.0167238708132369,"base_link|tunnel_floor","forearm_link|wrist2_link"
"initial_asymmetric",47,0.20000000000000001,0.01681028999908073,"base_link|tunnel_floor","forearm_link|wrist2_link"
"initial_asymmetric",48,0.20000000000000001,0.016921943082978629,"base_link|tunnel_floor","forearm_link|wrist2_link"
"initial_asymmetric",49,0.20000000000000001,0.016858084630386291,"base_link|tunnel_floor","forearm_link|wrist2_link"
"initial_asymmetric",50,0.20000000000000001,0.016826882611209924,"base_link|tunnel_floor","forearm_link|wrist2_link"
"initial_asymmetric",51,0.20000000000000001,0.016825958045092699,"base_link|tunnel_floor","forearm_link|wrist2_link"
"initial_asymmetric",52,0.20000000000000001,0.016761011734688466,"base_link|tunnel_floor","forearm_link|wrist2_link"
"initial_asymmetric",53,0.20000000000000001,0.016729211985350857,"base_link|tunnel_floor","forearm_link|wrist2_link"
"initial_asymmetric",54,0.20000000000000001,0.016729856142100638,"base_link|tunnel_floor","forearm_link|wrist2_link"
"initial_asymmetric",55,0.20000000000000001,0.016756910007979541,"base_link|tunnel_floor","forearm_link|wrist2_link"
"initial_asymmetric",56,0.20000000000000001,0.016711419272366239,"base_link|tunnel_floor","wrist2_link|forearm_link"
"initial_asymmetric",57,0.20000000000000001,0.016693488688368171,"base_link|tunnel_floor","wrist2_link|forearm_link"
"initial_asymmetric",58,0.20000000000000001,0.016701789979983377,"base_link|tunnel_floor","wrist2_link|forearm_link"
"initial_asymmetric",59,0.20000000000000001,0.016734847355980211,"base_link|tunnel_floor","wrist2_link|forearm_link"
"initial_asymmetric",60,0.20000000000000001,0.016790850508152991,"base_link|tunnel_floor","wrist2_link|forearm_link"
"initial_asymmetric",61,0.20000000000000001,0.016867569488336016,"base_link|tunnel_floor","wrist2_link|forearm_link"
"initial_asymmetric",62,0.20000000000000001,0.016905474442806233,"base_link|tunnel_floor","wrist2_link|forearm_link"
"initial_asymmetric",63,0.20000000000000001,0.016861032894178254,"base_link|tunnel_floor","wrist2_link|forearm_link"
"initial_asymmetric",64,0.20000000000000001,0.016839075623230421,"base_link|tunnel_floor","wrist2_link|forearm_link"
"initial_asymmetric",65,0.20000000000000001,0.016809562075124695,"base_link|tunnel_floor","wrist2_link|forearm_link"
"initial_asymmetric",66,0.20000000000000001,0.016731794596511161,"base_link|tunnel_floor","wrist2_link|forearm_link"
"initial_asymmetric",67,0.20000000000000001,0.016683751385754033,"base_link|tunnel_floor","wrist2_link|forearm_link"
"initial_asymmetric",68,0.20000000000000001,0.016670539819357386,"base_link|tunnel_floor","wrist2_link|forearm_link"
"initial_asymmetric",69,0.20000000000000001,0.016685261197419726,"base_link|tunnel_floor","wrist2_link|forearm_link"
"initial_asymmetric",70,0.20000000000000001,0.016705743518078509,"base_link|tunnel_floor","wrist2_link|forearm_link"
"initial_asymmetric",71,0.20000000000000001,0.016725124141628824,"base_link|tunnel_floor","wrist2_link|forearm_link"
"initial_asymmetric",72,0.20000000000000001,0.016735852668635042,"base_link|tunnel_floor","wrist2_link|forearm_link"
"initial_asymmetric",73,0.20000000000000001,0.016729504033487434,"base_link|tunnel_floor","wrist2_link|forearm_link"
"initial_asymmetric",74,0.20000000000000001,0.016696979434012667,"base_link|tunnel_floor","wrist2_link|forearm_link"
"initial_asymmetric",75,0.20000000000000001,0.016636166125264772,"base_link|tunnel_floor","wrist2_link|forearm_link"
"initial_asymmetric",76,0.20000000000000001,0.016656392356689382,"base_link|tunnel_floor","wrist2_link|forearm_link"
"initial_asymmetric",77,0.20000000000000001,0.016715162136258292,"base_link|tunnel_floor","wrist2_link|forearm_link"
"initial_asymmetric",78,0.19643020029846198,0.016729581634317679,"upperarm_link|horseshoe_wall_30","wrist2_link|forearm_link"
"initial_asymmetric",79,0.17456809600020401,0.016692415659986956,"upperarm_link|horseshoe_wall_30","wrist2_link|forearm_link"
"initial_asymmetric",80,0.1539979263308778,0.016651226831180109,"upperarm_link|horseshoe_wall_29","wrist2_link|forearm_link"
"initial_asymmetric",81,0.13526198908573656,0.016755863669145325,"upperarm_link|horseshoe_wall_29","wrist2_link|forearm_link"
"initial_asymmetric",82,0.11865744873398228,0.016781866408136916,"upperarm_link|horseshoe_wall_28","wrist2_link|forearm_link"
"initial_asymmetric",83,0.10472170740390119,0.016841442315810196,"upperarm_link|horseshoe_wall_26","wrist2_link|forearm_link"
"initial_asymmetric",84,0.094346942726020552,0.016871053133833341,"upperarm_link|horseshoe_wall_26","wrist2_link|forearm_link"
"initial_asymmetric",85,0.088577170270258784,0.016805115692573716,"upperarm_link|horseshoe_wall_25","wrist2_link|forearm_link"
"initial_asymmetric",86,0.090348083274491425,0.016702263074620995,"upperarm_link|horseshoe_wall_25","wrist2_link|forearm_link"
"initial_asymmetric",87,0.099679140482252834,0.016726307384393169,"upperarm_link|horseshoe_wall_24","wrist2_link|forearm_link"
"initial_asymmetric",88,0.10683287179340895,0.016655252567224603,"upperarm_link|horseshoe_wall_25","wrist2_link|forearm_link"
"initial_asymmetric",89,0.11520108063433428,0.016623586820841103,"upperarm_link|horseshoe_wall_25","wrist2_link|forearm_link"
"initial_asymmetric",90,0.12486658506819509,0.016693701071228889,"upperarm_link|horseshoe_wall_25","wrist2_link|forearm_link"
"initial_asymmetric",91,0.13062414560382571,0.016753632394017816,"forearm_link|horseshoe_wall_25","wrist2_link|forearm_link"
"initial_asymmetric",92,0.13532543806366004,0.016729292878207389,"forearm_link|horseshoe_wall_25","wrist2_link|forearm_link"
"initial_asymmetric",93,0.14062588122077804,0.016748860251405397,"forearm_link|horseshoe_wall_25","wrist2_link|forearm_link"
"initial_asymmetric",94,0.14641417927621284,0.016810831448597408,"forearm_link|horseshoe_wall_25","wrist2_link|forearm_link"
"initial_asymmetric",95,0.14331124247635957,0.016785363479156303,"forearm_link|horseshoe_wall_26","wrist2_link|forearm_link"
"initial_asymmetric",96,0.1432321597490421,0.016796058319227793,"forearm_link|horseshoe_wall_28","wrist2_link|forearm_link"
"initial_asymmetric",97,0.14440160083435402,0.016825741460766437,"forearm_link|horseshoe_wall_29","wrist2_link|forearm_link"
"initial_asymmetric",98,0.14608193380290188,0.016858732447846449,"forearm_link|horseshoe_wall_30","wrist2_link|forearm_link"
"initial_asymmetric",99,0.14797808917793862,0.016890088912448805,"forearm_link|horseshoe_wall_31","wrist2_link|forearm_link"
"initial_asymmetric",100,0.14994112341795876,0.016879917272835072,"forearm_link|horseshoe_wall_31","wrist2_link|forearm_link"
"initial_asymmetric",101,0.15203985899468139,0.016843371149207882,"forearm_link|horseshoe_wall_32","wrist2_link|forearm_link"
"initial_asymmetric",102,0.15423943015329189,0.016809875669022239,"forearm_link|horseshoe_wall_32","wrist2_link|forearm_link"
"initial_asymmetric",103,0.15644674080877505,0.016779651702944862,"forearm_link|horseshoe_wall_33","wrist2_link|forearm_link"
"initial_asymmetric",104,0.15872754782704854,0.016752787848838702,"forearm_link|horseshoe_wall_34","wrist2_link|forearm_link"
"initial_asymmetric",105,0.16101606383386688,0.016729325333264947,"forearm_link|horseshoe_wall_34","wrist2_link|forearm_link"
"initial_asymmetric",106,0.16329566618490213,0.016709301533400198,"forearm_link|horseshoe_wall_35","wrist2_link|forearm_link"
"initial_asymmetric",107,0.16560886662035051,0.016692774470820175,"forearm_link|horseshoe_wall_36","wrist2_link|forearm_link"
"initial_asymmetric",108,0.16786839531636316,0.016679837696867161,"forearm_link|horseshoe_wall_36","wrist2_link|forearm_link"
"initial_asymmetric",109,0.17011282870062833,0.016673830669366094,"forearm_link|horseshoe_wall_37","wrist2_link|forearm_link"
"initial_asymmetric",110,0.17236893883007118,0.016678619999925391,"forearm_link|horseshoe_wall_38","wrist2_link|forearm_link"
"initial_asymmetric",111,0.17454145718130745,0.016691413732518933,"forearm_link|horseshoe_wall_38","wrist2_link|forearm_link"
"initial_asymmetric",112,0.17671657953985459,0.016718229778879254,"forearm_link|horseshoe_wall_39","wrist2_link|forearm_link"
"initial_asymmetric",113,0.17891078294156956,0.016723551432881116,"forearm_link|horseshoe_wall_39","wrist2_link|forearm_link"
"initial_asymmetric",114,0.18103487804074592,0.016692823175907937,"forearm_link|horseshoe_wall_40","wrist2_link|forearm_link"
"initial_asymmetric",115,0.18318283580079511,0.016666232316126545,"forearm_link|horseshoe_wall_41","wrist2_link|forearm_link"
"initial_asymmetric",116,0.1853292688637285,0.016643538561994197,"forearm_link|horseshoe_wall_41","wrist2_link|forearm_link"
"initial_asymmetric",117,0.18741779639918849,0.016629946162803912,"forearm_link|horseshoe_wall_42","wrist2_link|forearm_link"
"initial_asymmetric",118,0.18952381211712538,0.01662778932643251,"forearm_link|horseshoe_wall_43","wrist2_link|forearm_link"
"initial_asymmetric",119,0.19161480910785517,0.016633937929095,"forearm_link|horseshoe_wall_43","wrist2_link|forearm_link"
"initial_asymmetric",120,0.19365331775253958,0.016645099528984523,"forearm_link|horseshoe_wall_44","wrist2_link|forearm_link"
"initial_asymmetric",121,0.1957036723303805,0.016666184077442012,"forearm_link|horseshoe_wall_45","wrist2_link|forearm_link"
"initial_asymmetric",122,0.19773062247686901,0.016697234642067148,"forearm_link|horseshoe_wall_45","wrist2_link|forearm_link"
"initial_asymmetric",123,0.19970569819024289,0.016735997046029565,"forearm_link|horseshoe_wall_46","wrist2_link|forearm_link"
"initial_asymmetric",124,0.20000000000000001,0.016765506079783884,"base_link|tunnel_floor","wrist2_link|forearm_link"
"initial_asymmetric",125,0.20000000000000001,0.016759304139505379,"base_link|tunnel_floor","wrist2_link|forearm_link"
"initial_asymmetric",126,0.20000000000000001,0.016749446417763672,"base_link|tunnel_floor","wrist2_link|forearm_link"
"initial_asymmetric",127,0.20000000000000001,0.016737491188302211,"base_link|tunnel_floor","wrist2_link|forearm_link"
"initial_asymmetric",128,0.20000000000000001,0.016733761820522702,"base_link|tunnel_floor","wrist2_link|forearm_link"
"initial_asymmetric",129,0.20000000000000001,0.016738291436867739,"base_link|tunnel_floor","wrist2_link|forearm_link"
"initial_asymmetric",130,0.20000000000000001,0.016746293797684914,"base_link|tunnel_floor","wrist2_link|forearm_link"
"initial_asymmetric",131,0.20000000000000001,0.016761730010817936,"base_link|tunnel_floor","wrist2_link|forearm_link"
"initial_asymmetric",132,0.20000000000000001,0.01678518044823599,"base_link|tunnel_floor","wrist2_link|forearm_link"
"initial_asymmetric",133,0.20000000000000001,0.016815901684926141,"base_link|tunnel_floor","wrist2_link|forearm_link"
"initial_asymmetric",134,0.20000000000000001,0.016846210033822341,"base_link|tunnel_floor","wrist2_link|forearm_link"
"initial_asymmetric",135,0.20000000000000001,0.01687384591777373,"base_link|tunnel_floor","wrist2_link|forearm_link"
"initial_asymmetric",136,0.20000000000000001,0.016898900184477872,"base_link|tunnel_floor","wrist2_link|forearm_link"
"initial_asymmetric",137,0.20000000000000001,0.01689174258003397,"base_link|tunnel_floor","wrist2_link|forearm_link"
"initial_asymmetric",138,0.20000000000000001,0.01685932322516194,"base_link|tunnel_floor","wrist2_link|forearm_link"
"initial_asymmetric",139,0.20000000000000001,0.016828697093438493,"base_link|tunnel_floor","wrist2_link|forearm_link"
"initial_asymmetric",140,0.20000000000000001,0.016799930380164207,"base_link|tunnel_floor","wrist2_link|forearm_link"
"initial_asymmetric",141,0.20000000000000001,0.01677314925684192,"base_link|tunnel_floor","wrist2_link|forearm_link"
"initial_asymmetric",142,0.20000000000000001,0.01675048810662336,"base_link|tunnel_floor","wrist2_link|forearm_link"
"initial_asymmetric",143,0.20000000000000001,0.016733877635915866,"base_link|tunnel_floor","wrist2_link|forearm_link"
"initial_asymmetric",144,0.20000000000000001,0.016722128529223963,"base_link|tunnel_floor","wrist2_link|forearm_link"
"initial_asymmetric",145,0.20000000000000001,0.016714289755694875,"base_link|tunnel_floor","wrist2_link|forearm_link"
"initial_asymmetric",146,0.20000000000000001,0.016709664324736417,"base_link|tunnel_floor","wrist2_link|forearm_link"
"initial_asymmetric",147,0.20000000000000001,0.016707799308140835,"base_link|tunnel_floor","wrist2_link|forearm_link"
"initial_asymmetric",148,0.20000000000000001,0.016708472190661069,"base_link|tunnel_floor","wrist2_link|forearm_link"
"initial_asymmetric",149,0.20000000000000001,0.016711674861451687,"base_link|tunnel_floor","wrist2_link|forearm_link"
"initial_asymmetric",150,0.20000000000000001,0.016726832149598653,"base_link|tunnel_floor","wrist2_link|forearm_link"
"initial_asymmetric",151,0.20000000000000001,0.01677447428681806,"base_link|tunnel_floor","wrist2_link|forearm_link"
"initial_asymmetric",152,0.20000000000000001,0.016880787437018218,"base_link|tunnel_floor","wrist2_link|forearm_link"
"initial_asymmetric",153,0.20000000000000001,0.016780144263972223,"base_link|tunnel_floor","wrist2_link|forearm_link"
"initial_asymmetric",154,0.20000000000000001,0.016759545014535165,"base_link|tunnel_floor","wrist2_link|forearm_link"
"initial_asymmetric",155,0.20000000000000001,0.016632718665293363,"base_link|tunnel_floor","wrist2_link|forearm_link"
"initial_asymmetric",156,0.20000000000000001,0.016681720570417124,"base_link|tunnel_floor","wrist2_link|forearm_link"
"initial_asymmetric",157,0.20000000000000001,0.016841499132829008,"base_link|tunnel_floor","wrist2_link|forearm_link"
"initial_asymmetric",158,0.20000000000000001,0.01675790605406921,"base_link|tunnel_floor","wrist2_link|forearm_link"
"initial_asymmetric",159,0.20000000000000001,0.016664887633387564,"base_link|tunnel_floor","wrist2_link|forearm_link"
"initial_asymmetric",160,0.20000000000000001,0.01667913133113846,"base_link|tunnel_floor","wrist2_link|forearm_link"
"initial_asymmetric",161,0.20000000000000001,0.016747059908414373,"base_link|tunnel_floor","wrist2_link|forearm_link"
"initial_asymmetric",162,0.20000000000000001,0.01677994850739882,"base_link|tunnel_floor","wrist2_link|forearm_link"
"initial_asymmetric",163,0.20000000000000001,0.016849826108492876,"base_link|tunnel_floor","wrist2_link|forearm_link"
"initial_asymmetric",164,0.20000000000000001,0.016712862354652188,"base_link|tunnel_floor","wrist2_link|forearm_link"
"initial_asymmetric",165,0.20000000000000001,0.016684868839068528,"base_link|tunnel_floor","wrist2_link|forearm_link"
"initial_asymmetric",166,0.20000000000000001,0.016655871891513147,"base_link|tunnel_floor","wrist2_link|forearm_link"
"initial_asymmetric",167,0.20000000000000001,0.016658787017895436,"base_link|tunnel_floor","wrist2_link|forearm_link"
"initial_asymmetric",168,0.20000000000000001,0.016747291112832959,"base_link|tunnel_floor","wrist2_link|forearm_link"
"initial_asymmetric",169,0.20000000000000001,0.016778215775310877,"base_link|tunnel_floor","wrist2_link|forearm_link"
"initial_asymmetric",170,0.20000000000000001,0.016873380792488669,"base_link|tunnel_floor","wrist2_link|forearm_link"
"initial_asymmetric",171,0.20000000000000001,0.01672854598528134,"base_link|tunnel_floor","wrist2_link|forearm_link"
"initial_asymmetric",172,0.20000000000000001,0.016675228602254129,"base_link|tunnel_floor","wrist2_link|forearm_link"
"initial_asymmetric",173,0.20000000000000001,0.016677137509336533,"base_link|tunnel_floor","wrist2_link|forearm_link"
"initial_asymmetric",174,0.20000000000000001,0.016633492306459795,"base_link|tunnel_floor","wrist2_link|forearm_link"
"initial_asymmetric",175,0.20000000000000001,0.016766143167831905,"base_link|tunnel_floor","wrist2_link|forearm_link"
"initial_asymmetric",176,0.20000000000000001,0.016733933191161083,"base_link|tunnel_floor","wrist2_link|forearm_link"
"initial_asymmetric",177,0.20000000000000001,0.016809134665320639,"base_link|tunnel_floor","wrist2_link|forearm_link"
"initial_asymmetric",178,0.20000000000000001,0.01685271081960631,"base_link|tunnel_floor","wrist2_link|forearm_link"
"initial_asymmetric",179,0.20000000000000001,0.016726659042940704,"base_link|tunnel_floor","wrist2_link|forearm_link"
"initial_asymmetric",180,0.20000000000000001,0.016627569390579144,"base_link|tunnel_floor","wrist2_link|forearm_link"
"initial_task_joint",0,0.20000000000000001,0.016836332585723032,"base_link|tunnel_floor","wrist2_link|forearm_link"
"initial_task_joint",1,0.20000000000000001,0.016845881801387887,"base_link|tunnel_floor","wrist2_link|forearm_link"
"initial_task_joint",2,0.20000000000000001,0.016654625670177142,"base_link|tunnel_floor","wrist2_link|forearm_link"
"initial_task_joint",3,0.20000000000000001,0.016755178830541798,"base_link|tunnel_floor","wrist2_link|forearm_link"
"initial_task_joint",4,0.20000000000000001,0.016858740081537614,"base_link|tunnel_floor","wrist2_link|forearm_link"
"initial_task_joint",5,0.20000000000000001,0.016677991262512657,"base_link|tunnel_floor","wrist2_link|forearm_link"
"initial_task_joint",6,0.20000000000000001,0.016730034696398634,"base_link|tunnel_floor","wrist2_link|forearm_link"
"initial_task_joint",7,0.20000000000000001,0.016785710597003147,"base_link|tunnel_floor","wrist2_link|forearm_link"
"initial_task_joint",8,0.20000000000000001,0.016673184123179505,"base_link|tunnel_floor","wrist2_link|forearm_link"
"initial_task_joint",9,0.20000000000000001,0.016745431932222724,"base_link|tunnel_floor","wrist2_link|forearm_link"
"initial_task_joint",10,0.20000000000000001,0.016798758979881374,"base_link|tunnel_floor","wrist2_link|forearm_link"
"initial_task_joint",11,0.20000000000000001,0.016749644254308117,"base_link|tunnel_floor","wrist2_link|forearm_link"
"initial_task_joint",12,0.20000000000000001,0.016762608407093142,"base_link|tunnel_floor","wrist2_link|forearm_link"
"initial_task_joint",13,0.20000000000000001,0.016749646766677118,"base_link|tunnel_floor","wrist2_link|forearm_link"
"initial_task_joint",14,0.20000000000000001,0.016745471711788872,"base_link|tunnel_floor","wrist2_link|forearm_link"
"initial_task_joint",15,0.20000000000000001,0.016861323567134646,"base_link|tunnel_floor","wrist2_link|forearm_link"
"initial_task_joint",16,0.20000000000000001,0.016728516687500007,"base_link|tunnel_floor","wrist2_link|forearm_link"
"initial_task_joint",17,0.20000000000000001,0.016657962171771953,"base_link|tunnel_floor","wrist2_link|forearm_link"
"initial_task_joint",18,0.20000000000000001,0.016669511889318173,"base_link|tunnel_floor","wrist2_link|forearm_link"
"initial_task_joint",19,0.20000000000000001,0.016809528507588878,"base_link|tunnel_floor","wrist2_link|forearm_link"
"initial_task_joint",20,0.20000000000000001,0.016806816575287081,"base_link|tunnel_floor","wrist2_link|forearm_link"
"initial_task_joint",21,0.20000000000000001,0.016741678993670982,"base_link|tunnel_floor","wrist2_link|forearm_link"
"initial_task_joint",22,0.20000000000000001,0.016764099691404348,"base_link|tunnel_floor","wrist2_link|forearm_link"
"initial_task_joint",23,0.20000000000000001,0.016746696906236116,"base_link|tunnel_floor","wrist2_link|forearm_link"
"initial_task_joint",24,0.20000000000000001,0.016848611503694169,"base_link|tunnel_floor","wrist2_link|forearm_link"
"initial_task_joint",25,0.20000000000000001,0.016681012505133909,"base_link|tunnel_floor","wrist2_link|forearm_link"
"initial_task_joint",26,0.20000000000000001,0.01664466246458661,"base_link|tunnel_floor","wrist2_link|forearm_link"
"initial_task_joint",27,0.20000000000000001,0.016743883027985063,"base_link|tunnel_floor","wrist2_link|forearm_link"
"initial_task_joint",28,0.20000000000000001,0.016900021635692403,"base_link|tunnel_floor","wrist2_link|forearm_link"
"initial_task_joint",29,0.20000000000000001,0.016792257481507131,"base_link|tunnel_floor","wrist2_link|forearm_link"
"initial_task_joint",30,0.20000000000000001,0.016770284865915377,"base_link|tunnel_floor","wrist2_link|forearm_link"
"initial_task_joint",31,0.20000000000000001,0.016769044419670694,"base_link|tunnel_floor","wrist2_link|forearm_link"
"initial_task_joint",32,0.20000000000000001,0.016781742761198981,"base_link|tunnel_floor","wrist2_link|forearm_link"
"initial_task_joint",33,0.20000000000000001,0.016810657745890755,"base_link|tunnel_floor","wrist2_link|forearm_link"
"initial_task_joint",34,0.20000000000000001,0.01686080267052224,"base_link|tunnel_floor","wrist2_link|forearm_link"
"initial_task_joint",35,0.20000000000000001,0.016894695524299997,"base_link|tunnel_floor","wrist2_link|forearm_link"
"initial_task_joint",36,0.20000000000000001,0.0168140813027974,"base_link|tunnel_floor","forearm_link|wrist2_link"
"initial_task_joint",37,0.20000000000000001,0.016740017202710584,"base_link|tunnel_floor","forearm_link|wrist2_link"
"initial_task_joint",38,0.20000000000000001,0.016737154129634141,"base_link|tunnel_floor","forearm_link|wrist2_link"
"initial_task_joint",39,0.20000000000000001,0.016756766448487496,"base_link|tunnel_floor","forearm_link|wrist2_link"
"initial_task_joint",40,0.20000000000000001,0.016664426358737067,"base_link|tunnel_floor","forearm_link|wrist2_link"
"initial_task_joint",41,0.20000000000000001,0.01662451058976298,"base_link|tunnel_floor","forearm_link|wrist2_link"
"initial_task_joint",42,0.20000000000000001,0.016648038882369591,"base_link|tunnel_floor","forearm_link|wrist2_link"
"initial_task_joint",43,0.20000000000000001,0.016733953779237816,"base_link|tunnel_floor","forearm_link|wrist2_link"
"initial_task_joint",44,0.20000000000000001,0.016695395464894781,"base_link|tunnel_floor","forearm_link|wrist2_link"
"initial_task_joint",45,0.20000000000000001,0.016687689683214241,"base_link|tunnel_floor","forearm_link|wrist2_link"
"initial_task_joint",46,0.20000000000000001,0.0167238708132369,"base_link|tunnel_floor","forearm_link|wrist2_link"
"initial_task_joint",47,0.20000000000000001,0.01681028999908073,"base_link|tunnel_floor","forearm_link|wrist2_link"
"initial_task_joint",48,0.20000000000000001,0.016921943082978629,"base_link|tunnel_floor","forearm_link|wrist2_link"
"initial_task_joint",49,0.20000000000000001,0.016858084630386291,"base_link|tunnel_floor","forearm_link|wrist2_link"
"initial_task_joint",50,0.20000000000000001,0.016826882611209924,"base_link|tunnel_floor","forearm_link|wrist2_link"
"initial_task_joint",51,0.20000000000000001,0.016825958045092699,"base_link|tunnel_floor","forearm_link|wrist2_link"
"initial_task_joint",52,0.20000000000000001,0.016761011734688466,"base_link|tunnel_floor","forearm_link|wrist2_link"
"initial_task_joint",53,0.20000000000000001,0.016729211985350857,"base_link|tunnel_floor","forearm_link|wrist2_link"
"initial_task_joint",54,0.20000000000000001,0.016729856142100638,"base_link|tunnel_floor","forearm_link|wrist2_link"
"initial_task_joint",55,0.20000000000000001,0.016756910007979541,"base_link|tunnel_floor","forearm_link|wrist2_link"
"initial_task_joint",56,0.20000000000000001,0.016711419272366239,"base_link|tunnel_floor","wrist2_link|forearm_link"
"initial_task_joint",57,0.20000000000000001,0.016693488688368171,"base_link|tunnel_floor","wrist2_link|forearm_link"
"initial_task_joint",58,0.20000000000000001,0.016701789979983377,"base_link|tunnel_floor","wrist2_link|forearm_link"
"initial_task_joint",59,0.20000000000000001,0.016734847355980211,"base_link|tunnel_floor","wrist2_link|forearm_link"
"initial_task_joint",60,0.20000000000000001,0.016790850508152991,"base_link|tunnel_floor","wrist2_link|forearm_link"
"initial_task_joint",61,0.20000000000000001,0.016867569488336016,"base_link|tunnel_floor","wrist2_link|forearm_link"
"initial_task_joint",62,0.20000000000000001,0.016905474442806233,"base_link|tunnel_floor","wrist2_link|forearm_link"
"initial_task_joint",63,0.20000000000000001,0.016861032894178254,"base_link|tunnel_floor","wrist2_link|forearm_link"
"initial_task_joint",64,0.20000000000000001,0.016839075623230421,"base_link|tunnel_floor","wrist2_link|forearm_link"
"initial_task_joint",65,0.20000000000000001,0.016809562075124743,"base_link|tunnel_floor","wrist2_link|forearm_link"
"initial_task_joint",66,0.20000000000000001,0.016731794596511151,"base_link|tunnel_floor","wrist2_link|forearm_link"
"initial_task_joint",67,0.20000000000000001,0.016683751385754033,"base_link|tunnel_floor","wrist2_link|forearm_link"
"initial_task_joint",68,0.20000000000000001,0.016670539819357372,"base_link|tunnel_floor","wrist2_link|forearm_link"
"initial_task_joint",69,0.20000000000000001,0.016685261197419695,"base_link|tunnel_floor","wrist2_link|forearm_link"
"initial_task_joint",70,0.20000000000000001,0.016705743518078509,"base_link|tunnel_floor","wrist2_link|forearm_link"
"initial_task_joint",71,0.20000000000000001,0.016725124141628824,"base_link|tunnel_floor","wrist2_link|forearm_link"
"initial_task_joint",72,0.20000000000000001,0.016735852668635042,"base_link|tunnel_floor","wrist2_link|forearm_link"
"initial_task_joint",73,0.20000000000000001,0.016729504033487434,"base_link|tunnel_floor","wrist2_link|forearm_link"
"initial_task_joint",74,0.20000000000000001,0.016696979434012667,"base_link|tunnel_floor","wrist2_link|forearm_link"
"initial_task_joint",75,0.20000000000000001,0.016636166125264772,"base_link|tunnel_floor","wrist2_link|forearm_link"
"initial_task_joint",76,0.20000000000000001,0.016656392356689319,"base_link|tunnel_floor","wrist2_link|forearm_link"
"initial_task_joint",77,0.20000000000000001,0.016715162136258239,"base_link|tunnel_floor","wrist2_link|forearm_link"
"initial_task_joint",78,0.19643020029846223,0.016729581634317581,"upperarm_link|horseshoe_wall_30","wrist2_link|forearm_link"
"initial_task_joint",79,0.17456809600020376,0.016692415659986883,"upperarm_link|horseshoe_wall_30","wrist2_link|forearm_link"
"initial_task_joint",80,0.15399792633087772,0.01665122683118006,"upperarm_link|horseshoe_wall_29","wrist2_link|forearm_link"
"initial_task_joint",81,0.13526198908573689,0.016755863669145266,"upperarm_link|horseshoe_wall_29","wrist2_link|forearm_link"
"initial_task_joint",82,0.11865744873398239,0.01678186640813693,"upperarm_link|horseshoe_wall_28","wrist2_link|forearm_link"
"initial_task_joint",83,0.10472170740390097,0.0168414423158103,"upperarm_link|horseshoe_wall_26","wrist2_link|forearm_link"
"initial_task_joint",84,0.094346942726020441,0.016871053133833313,"upperarm_link|horseshoe_wall_26","wrist2_link|forearm_link"
"initial_task_joint",85,0.088577170270258659,0.016805115692573716,"upperarm_link|horseshoe_wall_25","wrist2_link|forearm_link"
"initial_task_joint",86,0.090348083274491314,0.016702263074620947,"upperarm_link|horseshoe_wall_25","wrist2_link|forearm_link"
"initial_task_joint",87,0.099679140482252834,0.016726307384393169,"upperarm_link|horseshoe_wall_24","wrist2_link|forearm_link"
"initial_task_joint",88,0.10683287313877521,0.016655252556279171,"upperarm_link|horseshoe_wall_25","wrist2_link|forearm_link"
"initial_task_joint",89,0.1152010809290252,0.016623586821265694,"upperarm_link|horseshoe_wall_25","wrist2_link|forearm_link"
"initial_task_joint",90,0.12486658098858876,0.016693701047588116,"upperarm_link|horseshoe_wall_25","wrist2_link|forearm_link"
"initial_task_joint",91,0.13062414568567493,0.016753632393532544,"forearm_link|horseshoe_wall_25","wrist2_link|forearm_link"
"initial_task_joint",92,0.13532543798436827,0.016729292878311219,"forearm_link|horseshoe_wall_25","wrist2_link|forearm_link"
"initial_task_joint",93,0.14062588085588204,0.016748860248726995,"forearm_link|horseshoe_wall_25","wrist2_link|forearm_link"
"initial_task_joint",94,0.14641417927570841,0.016810831448591971,"forearm_link|horseshoe_wall_25","wrist2_link|forearm_link"
"initial_task_joint",95,0.14331124247631288,0.016785363479155775,"forearm_link|horseshoe_wall_26","wrist2_link|forearm_link"
"initial_task_joint",96,0.14323215974904016,0.016796058319227734,"forearm_link|horseshoe_wall_28","wrist2_link|forearm_link"
"initial_task_joint",97,0.14440160083435394,0.016825741460766441,"forearm_link|horseshoe_wall_29","wrist2_link|forearm_link"
"initial_task_joint",98,0.14608193380290183,0.016858732447846539,"forearm_link|horseshoe_wall_30","wrist2_link|forearm_link"
"initial_task_joint",99,0.1479780891779387,0.01689008891244877,"forearm_link|horseshoe_wall_31","wrist2_link|forearm_link"
"initial_task_joint",100,0.14994112341795876,0.016879917272835124,"forearm_link|horseshoe_wall_31","wrist2_link|forearm_link"
"initial_task_joint",101,0.15203985899468145,0.016843371149207826,"forearm_link|horseshoe_wall_32","wrist2_link|forearm_link"
"initial_task_joint",102,0.15423943015329189,0.016809875669022239,"forearm_link|horseshoe_wall_32","wrist2_link|forearm_link"
"initial_task_joint",103,0.15644674080877505,0.016779651702944862,"forearm_link|horseshoe_wall_33","wrist2_link|forearm_link"
"initial_task_joint",104,0.15872754782704854,0.016752787848838702,"forearm_link|horseshoe_wall_34","wrist2_link|forearm_link"
"initial_task_joint",105,0.16101606383386688,0.016729325333264947,"forearm_link|horseshoe_wall_34","wrist2_link|forearm_link"
"initial_task_joint",106,0.16329566618490213,0.016709301533400198,"forearm_link|horseshoe_wall_35","wrist2_link|forearm_link"
"initial_task_joint",107,0.16560886662035051,0.016692774470820175,"forearm_link|horseshoe_wall_36","wrist2_link|forearm_link"
"initial_task_joint",108,0.16786839531636316,0.016679837696867109,"forearm_link|horseshoe_wall_36","wrist2_link|forearm_link"
"initial_task_joint",109,0.17011282870062833,0.016673830669366146,"forearm_link|horseshoe_wall_37","wrist2_link|forearm_link"
"initial_task_joint",110,0.17236893883007126,0.016678619999925398,"forearm_link|horseshoe_wall_38","wrist2_link|forearm_link"
"initial_task_joint",111,0.17454145718130745,0.016691413732518947,"forearm_link|horseshoe_wall_38","wrist2_link|forearm_link"
"initial_task_joint",112,0.17671657953985459,0.016718229778879261,"forearm_link|horseshoe_wall_39","wrist2_link|forearm_link"
"initial_task_joint",113,0.17891078294156962,0.01672355143288121,"forearm_link|horseshoe_wall_39","wrist2_link|forearm_link"
"initial_task_joint",114,0.18103487804074592,0.01669282317590793,"forearm_link|horseshoe_wall_40","wrist2_link|forearm_link"
"initial_task_joint",115,0.18318283580079511,0.016666232316126541,"forearm_link|horseshoe_wall_41","wrist2_link|forearm_link"
"initial_task_joint",116,0.1853292688637285,0.016643538561994149,"forearm_link|horseshoe_wall_41","wrist2_link|forearm_link"
"initial_task_joint",117,0.18741779639918849,0.016629946162803912,"forearm_link|horseshoe_wall_42","wrist2_link|forearm_link"
"initial_task_joint",118,0.18952381211712538,0.01662778932643251,"forearm_link|horseshoe_wall_43","wrist2_link|forearm_link"
"initial_task_joint",119,0.19161480910785517,0.016633937929095038,"forearm_link|horseshoe_wall_43","wrist2_link|forearm_link"
"initial_task_joint",120,0.19365331775253958,0.016645099528984519,"forearm_link|horseshoe_wall_44","wrist2_link|forearm_link"
"initial_task_joint",121,0.1957036723303805,0.01666618407744205,"forearm_link|horseshoe_wall_45","wrist2_link|forearm_link"
"initial_task_joint",122,0.19773062247686907,0.016697234642067148,"forearm_link|horseshoe_wall_45","wrist2_link|forearm_link"
"initial_task_joint",123,0.19970569819024289,0.016735997046029565,"forearm_link|horseshoe_wall_46","wrist2_link|forearm_link"
"initial_task_joint",124,0.20000000000000001,0.016765506079783919,"base_link|tunnel_floor","wrist2_link|forearm_link"
"initial_task_joint",125,0.20000000000000001,0.016759304139505382,"base_link|tunnel_floor","wrist2_link|forearm_link"
"initial_task_joint",126,0.20000000000000001,0.016749446417763648,"base_link|tunnel_floor","wrist2_link|forearm_link"
"initial_task_joint",127,0.20000000000000001,0.016737491188302242,"base_link|tunnel_floor","wrist2_link|forearm_link"
"initial_task_joint",128,0.20000000000000001,0.01673376182052275,"base_link|tunnel_floor","wrist2_link|forearm_link"
"initial_task_joint",129,0.20000000000000001,0.016738291436867739,"base_link|tunnel_floor","wrist2_link|forearm_link"
"initial_task_joint",130,0.20000000000000001,0.01674629379768492,"base_link|tunnel_floor","wrist2_link|forearm_link"
"initial_task_joint",131,0.20000000000000001,0.016761730010817936,"base_link|tunnel_floor","wrist2_link|forearm_link"
"initial_task_joint",132,0.20000000000000001,0.016785180448236001,"base_link|tunnel_floor","wrist2_link|forearm_link"
"initial_task_joint",133,0.20000000000000001,0.016815901684926117,"base_link|tunnel_floor","wrist2_link|forearm_link"
"initial_task_joint",134,0.20000000000000001,0.016846210033822345,"base_link|tunnel_floor","wrist2_link|forearm_link"
"initial_task_joint",135,0.20000000000000001,0.01687384591777373,"base_link|tunnel_floor","wrist2_link|forearm_link"
"initial_task_joint",136,0.20000000000000001,0.016898900184477872,"base_link|tunnel_floor","wrist2_link|forearm_link"
"initial_task_joint",137,0.20000000000000001,0.016891742580033949,"base_link|tunnel_floor","wrist2_link|forearm_link"
"initial_task_joint",138,0.20000000000000001,0.016859323225161968,"base_link|tunnel_floor","wrist2_link|forearm_link"
"initial_task_joint",139,0.20000000000000001,0.016828697093438469,"base_link|tunnel_floor","wrist2_link|forearm_link"
"initial_task_joint",140,0.20000000000000001,0.016799930380164207,"base_link|tunnel_floor","wrist2_link|forearm_link"
"initial_task_joint",141,0.20000000000000001,0.016773149256841948,"base_link|tunnel_floor","wrist2_link|forearm_link"
"initial_task_joint",142,0.20000000000000001,0.016750488106623336,"base_link|tunnel_floor","wrist2_link|forearm_link"
"initial_task_joint",143,0.20000000000000001,0.016733877635915863,"base_link|tunnel_floor","wrist2_link|forearm_link"
"initial_task_joint",144,0.20000000000000001,0.016722128529223963,"base_link|tunnel_floor","wrist2_link|forearm_link"
"initial_task_joint",145,0.20000000000000001,0.016714289755694903,"base_link|tunnel_floor","wrist2_link|forearm_link"
"initial_task_joint",146,0.20000000000000001,0.016709664324736442,"base_link|tunnel_floor","wrist2_link|forearm_link"
"initial_task_joint",147,0.20000000000000001,0.016707799308140786,"base_link|tunnel_floor","wrist2_link|forearm_link"
"initial_task_joint",148,0.20000000000000001,0.016708472190661128,"base_link|tunnel_floor","wrist2_link|forearm_link"
"initial_task_joint",149,0.20000000000000001,0.01671167486145159,"base_link|tunnel_floor","wrist2_link|forearm_link"
"initial_task_joint",150,0.20000000000000001,0.016726832149598678,"base_link|tunnel_floor","wrist2_link|forearm_link"
"initial_task_joint",151,0.20000000000000001,0.016774474286818004,"base_link|tunnel_floor","wrist2_link|forearm_link"
"initial_task_joint",152,0.20000000000000001,0.016880787437018218,"base_link|tunnel_floor","wrist2_link|forearm_link"
"initial_task_joint",153,0.20000000000000001,0.016780144263972119,"base_link|tunnel_floor","wrist2_link|forearm_link"
"initial_task_joint",154,0.20000000000000001,0.01675954501453528,"base_link|tunnel_floor","wrist2_link|forearm_link"
"initial_task_joint",155,0.20000000000000001,0.016632718665293391,"base_link|tunnel_floor","wrist2_link|forearm_link"
"initial_task_joint",156,0.20000000000000001,0.016681720570417127,"base_link|tunnel_floor","wrist2_link|forearm_link"
"initial_task_joint",157,0.20000000000000001,0.016841499132828928,"base_link|tunnel_floor","wrist2_link|forearm_link"
"initial_task_joint",158,0.20000000000000001,0.016757906054069256,"base_link|tunnel_floor","wrist2_link|forearm_link"
"initial_task_joint",159,0.20000000000000001,0.016664887633387523,"base_link|tunnel_floor","wrist2_link|forearm_link"
"initial_task_joint",160,0.20000000000000001,0.016679131331138505,"base_link|tunnel_floor","wrist2_link|forearm_link"
"initial_task_joint",161,0.20000000000000001,0.016747059908414408,"base_link|tunnel_floor","wrist2_link|forearm_link"
"initial_task_joint",162,0.20000000000000001,0.01677994850739882,"base_link|tunnel_floor","wrist2_link|forearm_link"
"initial_task_joint",163,0.20000000000000001,0.016849826108492876,"base_link|tunnel_floor","wrist2_link|forearm_link"
"initial_task_joint",164,0.20000000000000001,0.016712862354652146,"base_link|tunnel_floor","wrist2_link|forearm_link"
"initial_task_joint",165,0.20000000000000001,0.016684868839068633,"base_link|tunnel_floor","wrist2_link|forearm_link"
"initial_task_joint",166,0.20000000000000001,0.016655871891513189,"base_link|tunnel_floor","wrist2_link|forearm_link"
"initial_task_joint",167,0.20000000000000001,0.016658787017895436,"base_link|tunnel_floor","wrist2_link|forearm_link"
"initial_task_joint",168,0.20000000000000001,0.016747291112832952,"base_link|tunnel_floor","wrist2_link|forearm_link"
"initial_task_joint",169,0.20000000000000001,0.016778215775310898,"base_link|tunnel_floor","wrist2_link|forearm_link"
"initial_task_joint",170,0.20000000000000001,0.01687338079248862,"base_link|tunnel_floor","wrist2_link|forearm_link"
"initial_task_joint",171,0.20000000000000001,0.016728545985281413,"base_link|tunnel_floor","wrist2_link|forearm_link"
"initial_task_joint",172,0.20000000000000001,0.01667522860225416,"base_link|tunnel_floor","wrist2_link|forearm_link"
"initial_task_joint",173,0.20000000000000001,0.016677137509336519,"base_link|tunnel_floor","wrist2_link|forearm_link"
"initial_task_joint",174,0.20000000000000001,0.016633492306459795,"base_link|tunnel_floor","wrist2_link|forearm_link"
"initial_task_joint",175,0.20000000000000001,0.016766143167831895,"base_link|tunnel_floor","wrist2_link|forearm_link"
"initial_task_joint",176,0.20000000000000001,0.016733933191161111,"base_link|tunnel_floor","wrist2_link|forearm_link"
"initial_task_joint",177,0.20000000000000001,0.016809134665320594,"base_link|tunnel_floor","wrist2_link|forearm_link"
"initial_task_joint",178,0.20000000000000001,0.01685271081960632,"base_link|tunnel_floor","wrist2_link|forearm_link"
"initial_task_joint",179,0.20000000000000001,0.016726659042940708,"base_link|tunnel_floor","wrist2_link|forearm_link"
"initial_task_joint",180,0.20000000000000001,0.016627569390579071,"base_link|tunnel_floor","wrist2_link|forearm_link"
"cartesian_x_m1_1mm",0,0.20000000000000001,0.016836332585723032,"base_link|tunnel_floor","wrist2_link|forearm_link"
"cartesian_x_m1_1mm",1,0.20000000000000001,0.016845881801387887,"base_link|tunnel_floor","wrist2_link|forearm_link"
"cartesian_x_m1_1mm",2,0.20000000000000001,0.016654625670177142,"base_link|tunnel_floor","wrist2_link|forearm_link"
"cartesian_x_m1_1mm",3,0.20000000000000001,0.016755178830541798,"base_link|tunnel_floor","wrist2_link|forearm_link"
"cartesian_x_m1_1mm",4,0.20000000000000001,0.016858740081537614,"base_link|tunnel_floor","wrist2_link|forearm_link"
"cartesian_x_m1_1mm",5,0.20000000000000001,0.016677991262512657,"base_link|tunnel_floor","wrist2_link|forearm_link"
"cartesian_x_m1_1mm",6,0.20000000000000001,0.016730034696398634,"base_link|tunnel_floor","wrist2_link|forearm_link"
"cartesian_x_m1_1mm",7,0.20000000000000001,0.016785710597003147,"base_link|tunnel_floor","wrist2_link|forearm_link"
"cartesian_x_m1_1mm",8,0.20000000000000001,0.016673184123179505,"base_link|tunnel_floor","wrist2_link|forearm_link"
"cartesian_x_m1_1mm",9,0.20000000000000001,0.016745431932222724,"base_link|tunnel_floor","wrist2_link|forearm_link"
"cartesian_x_m1_1mm",10,0.20000000000000001,0.016798758979881374,"base_link|tunnel_floor","wrist2_link|forearm_link"
"cartesian_x_m1_1mm",11,0.20000000000000001,0.016749644254308117,"base_link|tunnel_floor","wrist2_link|forearm_link"
"cartesian_x_m1_1mm",12,0.20000000000000001,0.016762608407093142,"base_link|tunnel_floor","wrist2_link|forearm_link"
"cartesian_x_m1_1mm",13,0.20000000000000001,0.016749646766677118,"base_link|tunnel_floor","wrist2_link|forearm_link"
"cartesian_x_m1_1mm",14,0.20000000000000001,0.016745471711788872,"base_link|tunnel_floor","wrist2_link|forearm_link"
"cartesian_x_m1_1mm",15,0.20000000000000001,0.016861323567134708,"base_link|tunnel_floor","wrist2_link|forearm_link"
"cartesian_x_m1_1mm",16,0.20000000000000001,0.016728545457152976,"base_link|tunnel_floor","wrist2_link|forearm_link"
"cartesian_x_m1_1mm",17,0.20000000000000001,0.016660552873407116,"base_link|tunnel_floor","wrist2_link|forearm_link"
"cartesian_x_m1_1mm",18,0.20000000000000001,0.016670754617933724,"base_link|tunnel_floor","wrist2_link|forearm_link"
"cartesian_x_m1_1mm",19,0.20000000000000001,0.016807437094542844,"base_link|tunnel_floor","wrist2_link|forearm_link"
"cartesian_x_m1_1mm",20,0.20000000000000001,0.016802138229696562,"base_link|tunnel_floor","wrist2_link|forearm_link"
"cartesian_x_m1_1mm",21,0.20000000000000001,0.016747995488798486,"base_link|tunnel_floor","wrist2_link|forearm_link"
"cartesian_x_m1_1mm",22,0.20000000000000001,0.016765476112337457,"base_link|tunnel_floor","wrist2_link|forearm_link"
"cartesian_x_m1_1mm",23,0.20000000000000001,0.016752923028985039,"base_link|tunnel_floor","wrist2_link|forearm_link"
"cartesian_x_m1_1mm",24,0.20000000000000001,0.016844508638368342,"base_link|tunnel_floor","wrist2_link|forearm_link"
"cartesian_x_m1_1mm",25,0.20000000000000001,0.016685026933085715,"base_link|tunnel_floor","wrist2_link|forearm_link"
"cartesian_x_m1_1mm",26,0.20000000000000001,0.016645814655084898,"base_link|tunnel_floor","wrist2_link|forearm_link"
"cartesian_x_m1_1mm",27,0.20000000000000001,0.016744884516209722,"base_link|tunnel_floor","wrist2_link|forearm_link"
"cartesian_x_m1_1mm",28,0.20000000000000001,0.016893910786865651,"base_link|tunnel_floor","wrist2_link|forearm_link"
"cartesian_x_m1_1mm",29,0.20000000000000001,0.016789724112151044,"base_link|tunnel_floor","wrist2_link|forearm_link"
"cartesian_x_m1_1mm",30,0.20000000000000001,0.016768882017468505,"base_link|tunnel_floor","wrist2_link|forearm_link"
"cartesian_x_m1_1mm",31,0.20000000000000001,0.016768033813030016,"base_link|tunnel_floor","wrist2_link|forearm_link"
"cartesian_x_m1_1mm",32,0.20000000000000001,0.016780684073970681,"base_link|tunnel_floor","wrist2_link|forearm_link"
"cartesian_x_m1_1mm",33,0.20000000000000001,0.016809206685017172,"base_link|tunnel_floor","wrist2_link|forearm_link"
"cartesian_x_m1_1mm",34,0.20000000000000001,0.016858735001553823,"base_link|tunnel_floor","wrist2_link|forearm_link"
"cartesian_x_m1_1mm",35,0.20000000000000001,0.016890945132259159,"base_link|tunnel_floor","wrist2_link|forearm_link"
"cartesian_x_m1_1mm",36,0.20000000000000001,0.01680665906209031,"base_link|tunnel_floor","forearm_link|wrist2_link"
"cartesian_x_m1_1mm",37,0.20000000000000001,0.016738977947581547,"base_link|tunnel_floor","forearm_link|wrist2_link"
"cartesian_x_m1_1mm",38,0.20000000000000001,0.016742817584586473,"base_link|tunnel_floor","forearm_link|wrist2_link"
"cartesian_x_m1_1mm",39,0.20000000000000001,0.016748032443836412,"base_link|tunnel_floor","forearm_link|wrist2_link"
"cartesian_x_m1_1mm",40,0.20000000000000001,0.016654160523144799,"base_link|tunnel_floor","forearm_link|wrist2_link"
"cartesian_x_m1_1mm",41,0.20000000000000001,0.016623289935075929,"base_link|tunnel_floor","forearm_link|wrist2_link"
"cartesian_x_m1_1mm",42,0.20000000000000001,0.01665538411291962,"base_link|tunnel_floor","forearm_link|wrist2_link"
"cartesian_x_m1_1mm",43,0.20000000000000001,0.016728002040895817,"base_link|tunnel_floor","forearm_link|wrist2_link"
"cartesian_x_m1_1mm",44,0.20000000000000001,0.016689592305959001,"base_link|tunnel_floor","forearm_link|wrist2_link"
"cartesian_x_m1_1mm",45,0.20000000000000001,0.016685113278361655,"base_link|tunnel_floor","forearm_link|wrist2_link"
"cartesian_x_m1_1mm",46,0.20000000000000001,0.016728852173162164,"base_link|tunnel_floor","forearm_link|wrist2_link"
"cartesian_x_m1_1mm",47,0.20000000000000001,0.016824360811541691,"base_link|tunnel_floor","forearm_link|wrist2_link"
"cartesian_x_m1_1mm",48,0.20000000000000001,0.016915526998315715,"base_link|tunnel_floor","forearm_link|wrist2_link"
"cartesian_x_m1_1mm",49,0.20000000000000001,0.016852521647774607,"base_link|tunnel_floor","forearm_link|wrist2_link"
"cartesian_x_m1_1mm",50,0.20000000000000001,0.016822810389684768,"base_link|tunnel_floor","forearm_link|wrist2_link"
"cartesian_x_m1_1mm",51,0.20000000000000001,0.016822581552380707,"base_link|tunnel_floor","forearm_link|wrist2_link"
"cartesian_x_m1_1mm",52,0.20000000000000001,0.016759517594775699,"base_link|tunnel_floor","forearm_link|wrist2_link"
"cartesian_x_m1_1mm",53,0.20000000000000001,0.016730162789206599,"base_link|tunnel_floor","forearm_link|wrist2_link"
"cartesian_x_m1_1mm",54,0.20000000000000001,0.016733790959459569,"base_link|tunnel_floor","forearm_link|wrist2_link"
"cartesian_x_m1_1mm",55,0.20000000000000001,0.016754389691997079,"base_link|tunnel_floor","forearm_link|wrist2_link"
"cartesian_x_m1_1mm",56,0.20000000000000001,0.016712294389106465,"base_link|tunnel_floor","wrist2_link|forearm_link"
"cartesian_x_m1_1mm",57,0.20000000000000001,0.016698019932246667,"base_link|tunnel_floor","wrist2_link|forearm_link"
"cartesian_x_m1_1mm",58,0.20000000000000001,0.016710294388316428,"base_link|tunnel_floor","wrist2_link|forearm_link"
"cartesian_x_m1_1mm",59,0.20000000000000001,0.016747584979678053,"base_link|tunnel_floor","wrist2_link|forearm_link"
"cartesian_x_m1_1mm",60,0.20000000000000001,0.016808012289598551,"base_link|tunnel_floor","wrist2_link|forearm_link"
"cartesian_x_m1_1mm",61,0.20000000000000001,0.016889263975209089,"base_link|tunnel_floor","wrist2_link|forearm_link"
"cartesian_x_m1_1mm",62,0.20000000000000001,0.016892961926572903,"base_link|tunnel_floor","wrist2_link|forearm_link"
"cartesian_x_m1_1mm",63,0.20000000000000001,0.016853567285701754,"base_link|tunnel_floor","wrist2_link|forearm_link"
"cartesian_x_m1_1mm",64,0.20000000000000001,0.016836749286229833,"base_link|tunnel_floor","wrist2_link|forearm_link"
"cartesian_x_m1_1mm",65,0.20000000000000001,0.016801037711316493,"base_link|tunnel_floor","wrist2_link|forearm_link"
"cartesian_x_m1_1mm",66,0.20000000000000001,0.01672224770975839,"base_link|tunnel_floor","wrist2_link|forearm_link"
"cartesian_x_m1_1mm",67,0.20000000000000001,0.016672358682522724,"base_link|tunnel_floor","wrist2_link|forearm_link"
"cartesian_x_m1_1mm",68,0.20000000000000001,0.016656922576370692,"base_link|tunnel_floor","wrist2_link|forearm_link"
"cartesian_x_m1_1mm",69,0.20000000000000001,0.016675065039000892,"base_link|tunnel_floor","wrist2_link|forearm_link"
"cartesian_x_m1_1mm",70,0.20000000000000001,0.016700277283294294,"base_link|tunnel_floor","wrist2_link|forearm_link"
"cartesian_x_m1_1mm",71,0.20000000000000001,0.016723661861151776,"base_link|tunnel_floor","wrist2_link|forearm_link"
"cartesian_x_m1_1mm",72,0.20000000000000001,0.016737477037597707,"base_link|tunnel_floor","wrist2_link|forearm_link"
"cartesian_x_m1_1mm",73,0.20000000000000001,0.016733096467858175,"base_link|tunnel_floor","wrist2_link|forearm_link"
"cartesian_x_m1_1mm",74,0.20000000000000001,0.016701227113366152,"base_link|tunnel_floor","wrist2_link|forearm_link"
"cartesian_x_m1_1mm",75,0.20000000000000001,0.016639059381743409,"base_link|tunnel_floor","wrist2_link|forearm_link"
"cartesian_x_m1_1mm",76,0.20000000000000001,0.016658571248731813,"base_link|tunnel_floor","wrist2_link|forearm_link"
"cartesian_x_m1_1mm",77,0.20000000000000001,0.016716761220047772,"base_link|tunnel_floor","wrist2_link|forearm_link"
"cartesian_x_m1_1mm",78,0.19168568262992405,0.016729039852649497,"upperarm_link|horseshoe_wall_30","wrist2_link|forearm_link"
"cartesian_x_m1_1mm",79,0.17006727245712636,0.016688295778022569,"upperarm_link|horseshoe_wall_30","wrist2_link|forearm_link"
"cartesian_x_m1_1mm",80,0.14980747535121594,0.016651646160054521,"upperarm_link|horseshoe_wall_29","wrist2_link|forearm_link"
"cartesian_x_m1_1mm",81,0.1313823542061969,0.016755244592539104,"upperarm_link|horseshoe_wall_29","wrist2_link|forearm_link"
"cartesian_x_m1_1mm",82,0.11544026690581997,0.016787509960842967,"upperarm_link|horseshoe_wall_28","wrist2_link|forearm_link"
"cartesian_x_m1_1mm",83,0.10216304368310133,0.016843303606979776,"upperarm_link|horseshoe_wall_26","wrist2_link|forearm_link"
"cartesian_x_m1_1mm",84,0.092691901433787957,0.016870056044864475,"upperarm_link|horseshoe_wall_26","wrist2_link|forearm_link"
"cartesian_x_m1_1mm",85,0.087971827995097923,0.016796175800278375,"upperarm_link|horseshoe_wall_25","wrist2_link|forearm_link"
"cartesian_x_m1_1mm",86,0.093463416625671578,0.016686641489905576,"upperarm_link|horseshoe_wall_24","wrist2_link|forearm_link"
"cartesian_x_m1_1mm",87,0.10087724843243548,0.016728007524227213,"upperarm_link|horseshoe_wall_24","wrist2_link|forearm_link"
"cartesian_x_m1_1mm",88,0.10829384451423585,0.016652936478898921,"upperarm_link|horseshoe_wall_25","wrist2_link|forearm_link"
"cartesian_x_m1_1mm",89,0.11691955819383204,0.016623962614995848,"upperarm_link|horseshoe_wall_25","wrist2_link|forearm_link"
"cartesian_x_m1_1mm",90,0.12683311934930352,0.016693943234513755,"upperarm_link|horseshoe_wall_25","wrist2_link|forearm_link"
"cartesian_x_m1_1mm",91,0.131430821186553,0.016753759621177963,"forearm_link|horseshoe_wall_25","wrist2_link|forearm_link"
"cartesian_x_m1_1mm",92,0.13622576465593358,0.01672960661200806,"forearm_link|horseshoe_wall_25","wrist2_link|forearm_link"
"cartesian_x_m1_1mm",93,0.14161854991249367,0.016747213230524083,"forearm_link|horseshoe_wall_25","wrist2_link|forearm_link"
"cartesian_x_m1_1mm",94,0.14741823084261557,0.016804530558005504,"forearm_link|horseshoe_wall_25","wrist2_link|forearm_link"
"cartesian_x_m1_1mm",95,0.14292929228806839,0.016769293422111069,"forearm_link|horseshoe_wall_26","wrist2_link|forearm_link"
"cartesian_x_m1_1mm",96,0.14326879946199991,0.016781651209420736,"forearm_link|horseshoe_wall_29","wrist2_link|forearm_link"
"cartesian_x_m1_1mm",97,0.14463605952216974,0.016811683978852531,"forearm_link|horseshoe_wall_29","wrist2_link|forearm_link"
"cartesian_x_m1_1mm",98,0.14634644286479187,0.016846564685027175,"forearm_link|horseshoe_wall_30","wrist2_link|forearm_link"
"cartesian_x_m1_1mm",99,0.14825458836219318,0.016879720174486246,"forearm_link|horseshoe_wall_31","wrist2_link|forearm_link"
"cartesian_x_m1_1mm",100,0.15026437606171228,0.016892905629211703,"forearm_link|horseshoe_wall_31","wrist2_link|forearm_link"
"cartesian_x_m1_1mm",101,0.152374302830243,0.016854877596697296,"forearm_link|horseshoe_wall_32","wrist2_link|forearm_link"
"cartesian_x_m1_1mm",102,0.15459660975396919,0.016820020834555884,"forearm_link|horseshoe_wall_33","wrist2_link|forearm_link"
"cartesian_x_m1_1mm",103,0.15681619594263146,0.016788514892573637,"forearm_link|horseshoe_wall_33","wrist2_link|forearm_link"
"cartesian_x_m1_1mm",104,0.15909518401840281,0.016760424649381076,"forearm_link|horseshoe_wall_34","wrist2_link|forearm_link"
"cartesian_x_m1_1mm",105,0.16141069364140942,0.016735775910351171,"forearm_link|horseshoe_wall_34","wrist2_link|forearm_link"
"cartesian_x_m1_1mm",106,0.16368427030597615,0.016714595045724819,"forearm_link|horseshoe_wall_35","wrist2_link|forearm_link"
"cartesian_x_m1_1mm",107,0.16598865874434723,0.01669693167456145,"forearm_link|horseshoe_wall_36","wrist2_link|forearm_link"
"cartesian_x_m1_1mm",108,0.16827286795549343,0.016682872616936427,"forearm_link|horseshoe_wall_36","wrist2_link|forearm_link"
"cartesian_x_m1_1mm",109,0.17050641801942887,0.016674090177727752,"forearm_link|horseshoe_wall_37","wrist2_link|forearm_link"
"cartesian_x_m1_1mm",110,0.17275123537028059,0.016676855961567257,"forearm_link|horseshoe_wall_38","wrist2_link|forearm_link"
"cartesian_x_m1_1mm",111,0.17494704281666801,0.016686901610989232,"forearm_link|horseshoe_wall_38","wrist2_link|forearm_link"
"cartesian_x_m1_1mm",112,0.17711027021141657,0.016710545699829861,"forearm_link|horseshoe_wall_39","wrist2_link|forearm_link"
"cartesian_x_m1_1mm",113,0.17930078748890843,0.016732022690677053,"forearm_link|horseshoe_wall_40","wrist2_link|forearm_link"
"cartesian_x_m1_1mm",114,0.18143968014947029,0.016700303009503571,"forearm_link|horseshoe_wall_40","wrist2_link|forearm_link"
"cartesian_x_m1_1mm",115,0.18357574941079388,0.016672766945536658,"forearm_link|horseshoe_wall_41","wrist2_link|forearm_link"
"cartesian_x_m1_1mm",116,0.18573260049330226,0.016649046358919655,"forearm_link|horseshoe_wall_42","wrist2_link|forearm_link"
"cartesian_x_m1_1mm",117,0.1878216874961883,0.01663237947393827,"forearm_link|horseshoe_wall_42","wrist2_link|forearm_link"
"cartesian_x_m1_1mm",118,0.18991562447033233,0.016627233168858953,"forearm_link|horseshoe_wall_43","wrist2_link|forearm_link"
"cartesian_x_m1_1mm",119,0.19202431378859799,0.016631901075267835,"forearm_link|horseshoe_wall_44","wrist2_link|forearm_link"
"cartesian_x_m1_1mm",120,0.19405564916363768,0.016641027403792613,"forearm_link|horseshoe_wall_44","wrist2_link|forearm_link"
"cartesian_x_m1_1mm",121,0.19609350328127084,0.016659413505591421,"forearm_link|horseshoe_wall_45","wrist2_link|forearm_link"
"cartesian_x_m1_1mm",122,0.19814071912700401,0.016687854161944661,"forearm_link|horseshoe_wall_46","wrist2_link|forearm_link"
"cartesian_x_m1_1mm",123,0.20000000000000001,0.0167253422528983,"base_link|tunnel_floor","wrist2_link|forearm_link"
"cartesian_x_m1_1mm",124,0.20000000000000001,0.016766394928861568,"base_link|tunnel_floor","wrist2_link|forearm_link"
"cartesian_x_m1_1mm",125,0.20000000000000001,0.016761183114057297,"base_link|tunnel_floor","wrist2_link|forearm_link"
"cartesian_x_m1_1mm",126,0.20000000000000001,0.016752202143226091,"base_link|tunnel_floor","wrist2_link|forearm_link"
"cartesian_x_m1_1mm",127,0.20000000000000001,0.016739952092845026,"base_link|tunnel_floor","wrist2_link|forearm_link"
"cartesian_x_m1_1mm",128,0.20000000000000001,0.016733750313794114,"base_link|tunnel_floor","wrist2_link|forearm_link"
"cartesian_x_m1_1mm",129,0.20000000000000001,0.01673670820043208,"base_link|tunnel_floor","wrist2_link|forearm_link"
"cartesian_x_m1_1mm",130,0.20000000000000001,0.016743564061124823,"base_link|tunnel_floor","wrist2_link|forearm_link"
"cartesian_x_m1_1mm",131,0.20000000000000001,0.016756856916508234,"base_link|tunnel_floor","wrist2_link|forearm_link"
"cartesian_x_m1_1mm",132,0.20000000000000001,0.016778260530013599,"base_link|tunnel_floor","wrist2_link|forearm_link"
"cartesian_x_m1_1mm",133,0.20000000000000001,0.016807577144794066,"base_link|tunnel_floor","wrist2_link|forearm_link"
"cartesian_x_m1_1mm",134,0.20000000000000001,0.016838709389688532,"base_link|tunnel_floor","wrist2_link|forearm_link"
"cartesian_x_m1_1mm",135,0.20000000000000001,0.016867153969522805,"base_link|tunnel_floor","wrist2_link|forearm_link"
"cartesian_x_m1_1mm",136,0.20000000000000001,0.01689300482130672,"base_link|tunnel_floor","wrist2_link|forearm_link"
"cartesian_x_m1_1mm",137,0.20000000000000001,0.016899784150546496,"base_link|tunnel_floor","wrist2_link|forearm_link"
"cartesian_x_m1_1mm",138,0.20000000000000001,0.016866652272138898,"base_link|tunnel_floor","wrist2_link|forearm_link"
"cartesian_x_m1_1mm",139,0.20000000000000001,0.016835316721227084,"base_link|tunnel_floor","wrist2_link|forearm_link"
"cartesian_x_m1_1mm",140,0.20000000000000001,0.016805842031493077,"base_link|tunnel_floor","wrist2_link|forearm_link"
"cartesian_x_m1_1mm",141,0.20000000000000001,0.016778353071308493,"base_link|tunnel_floor","wrist2_link|forearm_link"
"cartesian_x_m1_1mm",142,0.20000000000000001,0.016755035944694737,"base_link|tunnel_floor","wrist2_link|forearm_link"
"cartesian_x_m1_1mm",143,0.20000000000000001,0.016737889906768708,"base_link|tunnel_floor","wrist2_link|forearm_link"
"cartesian_x_m1_1mm",144,0.20000000000000001,0.016725719329777698,"base_link|tunnel_floor","wrist2_link|forearm_link"
"cartesian_x_m1_1mm",145,0.20000000000000001,0.016717566148779291,"base_link|tunnel_floor","wrist2_link|forearm_link"
"cartesian_x_m1_1mm",146,0.20000000000000001,0.016712726192397335,"base_link|tunnel_floor","wrist2_link|forearm_link"
"cartesian_x_m1_1mm",147,0.20000000000000001,0.01671073923836737,"base_link|tunnel_floor","wrist2_link|forearm_link"
"cartesian_x_m1_1mm",148,0.20000000000000001,0.016711375364544478,"base_link|tunnel_floor","wrist2_link|forearm_link"
"cartesian_x_m1_1mm",149,0.20000000000000001,0.016714618909963994,"base_link|tunnel_floor","wrist2_link|forearm_link"
"cartesian_x_m1_1mm",150,0.20000000000000001,0.016730146301674572,"base_link|tunnel_floor","wrist2_link|forearm_link"
"cartesian_x_m1_1mm",151,0.20000000000000001,0.016778789962389837,"base_link|tunnel_floor","wrist2_link|forearm_link"
"cartesian_x_m1_1mm",152,0.20000000000000001,0.016886711305824649,"base_link|tunnel_floor","wrist2_link|forearm_link"
"cartesian_x_m1_1mm",153,0.20000000000000001,0.016775640365266437,"base_link|tunnel_floor","wrist2_link|forearm_link"
"cartesian_x_m1_1mm",154,0.20000000000000001,0.016760668126629314,"base_link|tunnel_floor","wrist2_link|forearm_link"
"cartesian_x_m1_1mm",155,0.20000000000000001,0.016634312393564114,"base_link|tunnel_floor","wrist2_link|forearm_link"
"cartesian_x_m1_1mm",156,0.20000000000000001,0.016683030505620956,"base_link|tunnel_floor","wrist2_link|forearm_link"
"cartesian_x_m1_1mm",157,0.20000000000000001,0.016837857125036163,"base_link|tunnel_floor","wrist2_link|forearm_link"
"cartesian_x_m1_1mm",158,0.20000000000000001,0.016758536677577381,"base_link|tunnel_floor","wrist2_link|forearm_link"
"cartesian_x_m1_1mm",159,0.20000000000000001,0.016663233184958701,"base_link|tunnel_floor","wrist2_link|forearm_link"
"cartesian_x_m1_1mm",160,0.20000000000000001,0.016677560364543344,"base_link|tunnel_floor","wrist2_link|forearm_link"
"cartesian_x_m1_1mm",161,0.20000000000000001,0.016747541758565149,"base_link|tunnel_floor","wrist2_link|forearm_link"
"cartesian_x_m1_1mm",162,0.20000000000000001,0.016778782232852559,"base_link|tunnel_floor","wrist2_link|forearm_link"
"cartesian_x_m1_1mm",163,0.20000000000000001,0.016851080948612169,"base_link|tunnel_floor","wrist2_link|forearm_link"
"cartesian_x_m1_1mm",164,0.20000000000000001,0.016713390959527771,"base_link|tunnel_floor","wrist2_link|forearm_link"
"cartesian_x_m1_1mm",165,0.20000000000000001,0.01668452121792708,"base_link|tunnel_floor","wrist2_link|forearm_link"
"cartesian_x_m1_1mm",166,0.20000000000000001,0.016656295974736817,"base_link|tunnel_floor","wrist2_link|forearm_link"
"cartesian_x_m1_1mm",167,0.20000000000000001,0.016658368809523032,"base_link|tunnel_floor","wrist2_link|forearm_link"
"cartesian_x_m1_1mm",168,0.20000000000000001,0.016747391985053678,"base_link|tunnel_floor","wrist2_link|forearm_link"
"cartesian_x_m1_1mm",169,0.20000000000000001,0.016778013631906404,"base_link|tunnel_floor","wrist2_link|forearm_link"
"cartesian_x_m1_1mm",170,0.20000000000000001,0.016873517749017394,"base_link|tunnel_floor","wrist2_link|forearm_link"
"cartesian_x_m1_1mm",171,0.20000000000000001,0.016728483817377217,"base_link|tunnel_floor","wrist2_link|forearm_link"
"cartesian_x_m1_1mm",172,0.20000000000000001,0.016675244780354877,"base_link|tunnel_floor","wrist2_link|forearm_link"
"cartesian_x_m1_1mm",173,0.20000000000000001,0.016676752075451901,"base_link|tunnel_floor","wrist2_link|forearm_link"
"cartesian_x_m1_1mm",174,0.20000000000000001,0.016633643054867985,"base_link|tunnel_floor","wrist2_link|forearm_link"
"cartesian_x_m1_1mm",175,0.20000000000000001,0.016766944237828908,"base_link|tunnel_floor","wrist2_link|forearm_link"
"cartesian_x_m1_1mm",176,0.20000000000000001,0.016734048693939418,"base_link|tunnel_floor","wrist2_link|forearm_link"
"cartesian_x_m1_1mm",177,0.20000000000000001,0.0168097894444054,"base_link|tunnel_floor","wrist2_link|forearm_link"
"cartesian_x_m1_1mm",178,0.20000000000000001,0.016852685967068057,"base_link|tunnel_floor","wrist2_link|forearm_link"
"cartesian_x_m1_1mm",179,0.20000000000000001,0.016725222515014002,"base_link|tunnel_floor","wrist2_link|forearm_link"
"cartesian_x_m1_1mm",180,0.20000000000000001,0.016627187117564592,"base_link|tunnel_floor","wrist2_link|forearm_link"
"cartesian_x_p1_1mm",0,0.20000000000000001,0.016836332585723032,"base_link|tunnel_floor","wrist2_link|forearm_link"
"cartesian_x_p1_1mm",1,0.20000000000000001,0.016845881801387887,"base_link|tunnel_floor","wrist2_link|forearm_link"
"cartesian_x_p1_1mm",2,0.20000000000000001,0.016654625670177142,"base_link|tunnel_floor","wrist2_link|forearm_link"
"cartesian_x_p1_1mm",3,0.20000000000000001,0.016755178830541798,"base_link|tunnel_floor","wrist2_link|forearm_link"
"cartesian_x_p1_1mm",4,0.20000000000000001,0.016858740081537614,"base_link|tunnel_floor","wrist2_link|forearm_link"
"cartesian_x_p1_1mm",5,0.20000000000000001,0.016677991262512657,"base_link|tunnel_floor","wrist2_link|forearm_link"
"cartesian_x_p1_1mm",6,0.20000000000000001,0.016730034696398634,"base_link|tunnel_floor","wrist2_link|forearm_link"
"cartesian_x_p1_1mm",7,0.20000000000000001,0.016785710597003147,"base_link|tunnel_floor","wrist2_link|forearm_link"
"cartesian_x_p1_1mm",8,0.20000000000000001,0.016673184123179505,"base_link|tunnel_floor","wrist2_link|forearm_link"
"cartesian_x_p1_1mm",9,0.20000000000000001,0.016745431932222724,"base_link|tunnel_floor","wrist2_link|forearm_link"
"cartesian_x_p1_1mm",10,0.20000000000000001,0.016798758979881374,"base_link|tunnel_floor","wrist2_link|forearm_link"
"cartesian_x_p1_1mm",11,0.20000000000000001,0.016749644254308117,"base_link|tunnel_floor","wrist2_link|forearm_link"
"cartesian_x_p1_1mm",12,0.20000000000000001,0.016762608407093142,"base_link|tunnel_floor","wrist2_link|forearm_link"
"cartesian_x_p1_1mm",13,0.20000000000000001,0.016749646766677118,"base_link|tunnel_floor","wrist2_link|forearm_link"
"cartesian_x_p1_1mm",14,0.20000000000000001,0.016745471711788872,"base_link|tunnel_floor","wrist2_link|forearm_link"
"cartesian_x_p1_1mm",15,0.20000000000000001,0.016861323567134708,"base_link|tunnel_floor","wrist2_link|forearm_link"
"cartesian_x_p1_1mm",16,0.20000000000000001,0.016729019663636564,"base_link|tunnel_floor","wrist2_link|forearm_link"
"cartesian_x_p1_1mm",17,0.20000000000000001,0.016656369875803913,"base_link|tunnel_floor","wrist2_link|forearm_link"
"cartesian_x_p1_1mm",18,0.20000000000000001,0.016669329332811893,"base_link|tunnel_floor","wrist2_link|forearm_link"
"cartesian_x_p1_1mm",19,0.20000000000000001,0.016811441183714838,"base_link|tunnel_floor","wrist2_link|forearm_link"
"cartesian_x_p1_1mm",20,0.20000000000000001,0.016811513618933422,"base_link|tunnel_floor","wrist2_link|forearm_link"
"cartesian_x_p1_1mm",21,0.20000000000000001,0.016736270829224627,"base_link|tunnel_floor","wrist2_link|forearm_link"
"cartesian_x_p1_1mm",22,0.20000000000000001,0.016760887890533059,"base_link|tunnel_floor","wrist2_link|forearm_link"
"cartesian_x_p1_1mm",23,0.20000000000000001,0.016741124644304262,"base_link|tunnel_floor","wrist2_link|forearm_link"
"cartesian_x_p1_1mm",24,0.20000000000000001,0.016853358119438368,"base_link|tunnel_floor","wrist2_link|forearm_link"
"cartesian_x_p1_1mm",25,0.20000000000000001,0.016676915180351966,"base_link|tunnel_floor","wrist2_link|forearm_link"
"cartesian_x_p1_1mm",26,0.20000000000000001,0.016643603758593049,"base_link|tunnel_floor","wrist2_link|forearm_link"
"cartesian_x_p1_1mm",27,0.20000000000000001,0.01674300774931882,"base_link|tunnel_floor","wrist2_link|forearm_link"
"cartesian_x_p1_1mm",28,0.20000000000000001,0.016906038014344406,"base_link|tunnel_floor","wrist2_link|forearm_link"
"cartesian_x_p1_1mm",29,0.20000000000000001,0.016794730819837404,"base_link|tunnel_floor","wrist2_link|forearm_link"
"cartesian_x_p1_1mm",30,0.20000000000000001,0.016771623360571395,"base_link|tunnel_floor","wrist2_link|forearm_link"
"cartesian_x_p1_1mm",31,0.20000000000000001,0.016769974939449445,"base_link|tunnel_floor","wrist2_link|forearm_link"
"cartesian_x_p1_1mm",32,0.20000000000000001,0.016782700421131988,"base_link|tunnel_floor","wrist2_link|forearm_link"
"cartesian_x_p1_1mm",33,0.20000000000000001,0.016811985212651787,"base_link|tunnel_floor","wrist2_link|forearm_link"
"cartesian_x_p1_1mm",34,0.20000000000000001,0.016862727050606881,"base_link|tunnel_floor","wrist2_link|forearm_link"
"cartesian_x_p1_1mm",35,0.20000000000000001,0.016898952634199937,"base_link|tunnel_floor","wrist2_link|forearm_link"
"cartesian_x_p1_1mm",36,0.20000000000000001,0.016820949168962668,"base_link|tunnel_floor","forearm_link|wrist2_link"
"cartesian_x_p1_1mm",37,0.20000000000000001,0.016741872409831268,"base_link|tunnel_floor","forearm_link|wrist2_link"
"cartesian_x_p1_1mm",38,0.20000000000000001,0.01673298510600298,"base_link|tunnel_floor","forearm_link|wrist2_link"
"cartesian_x_p1_1mm",39,0.20000000000000001,0.016760209633399432,"base_link|tunnel_floor","forearm_link|wrist2_link"
"cartesian_x_p1_1mm",40,0.20000000000000001,0.016674938198324173,"base_link|tunnel_floor","forearm_link|wrist2_link"
"cartesian_x_p1_1mm",41,0.20000000000000001,0.016627174856663728,"base_link|tunnel_floor","forearm_link|wrist2_link"
"cartesian_x_p1_1mm",42,0.20000000000000001,0.016643656409609069,"base_link|tunnel_floor","forearm_link|wrist2_link"
"cartesian_x_p1_1mm",43,0.20000000000000001,0.016723191868408795,"base_link|tunnel_floor","forearm_link|wrist2_link"
"cartesian_x_p1_1mm",44,0.20000000000000001,0.016700809473465483,"base_link|tunnel_floor","forearm_link|wrist2_link"
"cartesian_x_p1_1mm",45,0.20000000000000001,0.016692371922036715,"base_link|tunnel_floor","forearm_link|wrist2_link"
"cartesian_x_p1_1mm",46,0.20000000000000001,0.016721618441113542,"base_link|tunnel_floor","forearm_link|wrist2_link"
"cartesian_x_p1_1mm",47,0.20000000000000001,0.016797420360217207,"base_link|tunnel_floor","forearm_link|wrist2_link"
"cartesian_x_p1_1mm",48,0.20000000000000001,0.016920806732552574,"base_link|tunnel_floor","forearm_link|wrist2_link"
"cartesian_x_p1_1mm",49,0.20000000000000001,0.016862932452703167,"base_link|tunnel_floor","forearm_link|wrist2_link"
"cartesian_x_p1_1mm",50,0.20000000000000001,0.016830366939469939,"base_link|tunnel_floor","forearm_link|wrist2_link"
"cartesian_x_p1_1mm",51,0.20000000000000001,0.01682857625147139,"base_link|tunnel_floor","forearm_link|wrist2_link"
"cartesian_x_p1_1mm",52,0.20000000000000001,0.016761887454053607,"base_link|tunnel_floor","forearm_link|wrist2_link"
"cartesian_x_p1_1mm",53,0.20000000000000001,0.016727796488602398,"base_link|tunnel_floor","forearm_link|wrist2_link"
"cartesian_x_p1_1mm",54,0.20000000000000001,0.016725622391198701,"base_link|tunnel_floor","forearm_link|wrist2_link"
"cartesian_x_p1_1mm",55,0.20000000000000001,0.016754562255374139,"base_link|tunnel_floor","forearm_link|wrist2_link"
"cartesian_x_p1_1mm",56,0.20000000000000001,0.016710617813024641,"base_link|tunnel_floor","wrist2_link|forearm_link"
"cartesian_x_p1_1mm",57,0.20000000000000001,0.016689191832744574,"base_link|tunnel_floor","wrist2_link|forearm_link"
"cartesian_x_p1_1mm",58,0.20000000000000001,0.01669368127741664,"base_link|tunnel_floor","wrist2_link|forearm_link"
"cartesian_x_p1_1mm",59,0.20000000000000001,0.016722664459225763,"base_link|tunnel_floor","wrist2_link|forearm_link"
"cartesian_x_p1_1mm",60,0.20000000000000001,0.016774397012289576,"base_link|tunnel_floor","wrist2_link|forearm_link"
"cartesian_x_p1_1mm",61,0.20000000000000001,0.016846727960450766,"base_link|tunnel_floor","wrist2_link|forearm_link"
"cartesian_x_p1_1mm",62,0.20000000000000001,0.016917932564646375,"base_link|tunnel_floor","wrist2_link|forearm_link"
"cartesian_x_p1_1mm",63,0.20000000000000001,0.016868625601463162,"base_link|tunnel_floor","wrist2_link|forearm_link"
"cartesian_x_p1_1mm",64,0.20000000000000001,0.016841695894063907,"base_link|tunnel_floor","wrist2_link|forearm_link"
"cartesian_x_p1_1mm",65,0.20000000000000001,0.01682101033582941,"base_link|tunnel_floor","wrist2_link|forearm_link"
"cartesian_x_p1_1mm",66,0.20000000000000001,0.016744071029914213,"base_link|tunnel_floor","wrist2_link|forearm_link"
"cartesian_x_p1_1mm",67,0.20000000000000001,0.016697630510453861,"base_link|tunnel_floor","wrist2_link|forearm_link"
"cartesian_x_p1_1mm",68,0.20000000000000001,0.016686172903485938,"base_link|tunnel_floor","wrist2_link|forearm_link"
"cartesian_x_p1_1mm",69,0.20000000000000001,0.016695943705792041,"base_link|tunnel_floor","wrist2_link|forearm_link"
"cartesian_x_p1_1mm",70,0.20000000000000001,0.016711757279611762,"base_link|tunnel_floor","wrist2_link|forearm_link"
"cartesian_x_p1_1mm",71,0.20000000000000001,0.016727157245622265,"base_link|tunnel_floor","wrist2_link|forearm_link"
"cartesian_x_p1_1mm",72,0.20000000000000001,0.016734779230053461,"base_link|tunnel_floor","wrist2_link|forearm_link"
"cartesian_x_p1_1mm",73,0.20000000000000001,0.016726394908606255,"base_link|tunnel_floor","wrist2_link|forearm_link"
"cartesian_x_p1_1mm",74,0.20000000000000001,0.016693096992225542,"base_link|tunnel_floor","wrist2_link|forearm_link"
"cartesian_x_p1_1mm",75,0.20000000000000001,0.01663360330438057,"base_link|tunnel_floor","wrist2_link|forearm_link"
"cartesian_x_p1_1mm",76,0.20000000000000001,0.01665468534347226,"base_link|tunnel_floor","wrist2_link|forearm_link"
"cartesian_x_p1_1mm",77,0.20000000000000001,0.016713834574908361,"base_link|tunnel_floor","wrist2_link|forearm_link"
"cartesian_x_p1_1mm",78,0.20000000000000001,0.016730157031674894,"base_link|tunnel_floor","wrist2_link|forearm_link"
"cartesian_x_p1_1mm",79,0.17912635938314131,0.016696311539828219,"upperarm_link|horseshoe_wall_30","wrist2_link|forearm_link"
"cartesian_x_p1_1mm",80,0.15826686948932972,0.016651674045261543,"upperarm_link|horseshoe_wall_29","wrist2_link|forearm_link"
"cartesian_x_p1_1mm",81,0.13910906527967407,0.016756519787469688,"upperarm_link|horseshoe_wall_29","wrist2_link|forearm_link"
"cartesian_x_p1_1mm",82,0.12200122675121393,0.016776073523283117,"upperarm_link|horseshoe_wall_28","wrist2_link|forearm_link"
"cartesian_x_p1_1mm",83,0.10753136623564744,0.016839139287807243,"upperarm_link|horseshoe_wall_28","wrist2_link|forearm_link"
"cartesian_x_p1_1mm",84,0.096262487486584003,0.016871426144081811,"upperarm_link|horseshoe_wall_26","wrist2_link|forearm_link"
"cartesian_x_p1_1mm",85,0.089457780347862614,0.016812985212395139,"upperarm_link|horseshoe_wall_26","wrist2_link|forearm_link"
"cartesian_x_p1_1mm",86,0.088985859872243375,0.016713309419139774,"upperarm_link|horseshoe_wall_25","wrist2_link|forearm_link"
"cartesian_x_p1_1mm",87,0.098532147155821287,0.016724515586810835,"upperarm_link|horseshoe_wall_24","wrist2_link|forearm_link"
"cartesian_x_p1_1mm",88,0.10542325287049739,0.016657871223521928,"upperarm_link|horseshoe_wall_25","wrist2_link|forearm_link"
"cartesian_x_p1_1mm",89,0.11353285354041544,0.016623245893623496,"upperarm_link|horseshoe_wall_25","wrist2_link|forearm_link"
"cartesian_x_p1_1mm",90,0.12294801605774071,0.016693336442407031,"upperarm_link|horseshoe_wall_25","wrist2_link|forearm_link"
"cartesian_x_p1_1mm",91,0.12986360136241829,0.016753527830570873,"forearm_link|horseshoe_wall_25","wrist2_link|forearm_link"
"cartesian_x_p1_1mm",92,0.1344692363059514,0.01672896891410379,"forearm_link|horseshoe_wall_25","wrist2_link|forearm_link"
"cartesian_x_p1_1mm",93,0.13966010050614527,0.016750759214965105,"forearm_link|horseshoe_wall_25","wrist2_link|forearm_link"
"cartesian_x_p1_1mm",94,0.14527241661189008,0.016815598545794001,"forearm_link|horseshoe_wall_25","wrist2_link|forearm_link"
"cartesian_x_p1_1mm",95,0.14395806068756289,0.016807714253675304,"forearm_link|horseshoe_wall_26","wrist2_link|forearm_link"
"cartesian_x_p1_1mm",96,0.14316674818847175,0.016812120066714089,"forearm_link|horseshoe_wall_28","wrist2_link|forearm_link"
"cartesian_x_p1_1mm",97,0.14421821652757116,0.016839853071215976,"forearm_link|horseshoe_wall_29","wrist2_link|forearm_link"
"cartesian_x_p1_1mm",98,0.14583194614742664,0.016870557965738643,"forearm_link|horseshoe_wall_30","wrist2_link|forearm_link"
"cartesian_x_p1_1mm",99,0.14770162947914561,0.016900089863633786,"forearm_link|horseshoe_wall_30","wrist2_link|forearm_link"
"cartesian_x_p1_1mm",100,0.14962590185374719,0.016867261689668289,"forearm_link|horseshoe_wall_31","wrist2_link|forearm_link"
"cartesian_x_p1_1mm",101,0.15171205758491024,0.01683220026016673,"forearm_link|horseshoe_wall_32","wrist2_link|forearm_link"
"cartesian_x_p1_1mm",102,0.1538777163216371,0.016800063093770808,"forearm_link|horseshoe_wall_32","wrist2_link|forearm_link"
"cartesian_x_p1_1mm",103,0.15608262383289573,0.016771116164556368,"forearm_link|horseshoe_wall_33","wrist2_link|forearm_link"
"cartesian_x_p1_1mm",104,0.15836493619783826,0.016745473129918063,"forearm_link|horseshoe_wall_34","wrist2_link|forearm_link"
"cartesian_x_p1_1mm",105,0.16062621270087565,0.016723191181483528,"forearm_link|horseshoe_wall_34","wrist2_link|forearm_link"
"cartesian_x_p1_1mm",106,0.1629116861559459,0.016704318944199381,"forearm_link|horseshoe_wall_35","wrist2_link|forearm_link"
"cartesian_x_p1_1mm",107,0.16522978659356036,0.016688922952322095,"forearm_link|horseshoe_wall_35","wrist2_link|forearm_link"
"cartesian_x_p1_1mm",108,0.16746832259161476,0.016677138612580456,"forearm_link|horseshoe_wall_36","wrist2_link|forearm_link"
"cartesian_x_p1_1mm",109,0.1697235726737549,0.016674471388994833,"forearm_link|horseshoe_wall_37","wrist2_link|forearm_link"
"cartesian_x_p1_1mm",110,0.17196917529784078,0.016680691118877999,"forearm_link|horseshoe_wall_37","wrist2_link|forearm_link"
"cartesian_x_p1_1mm",111,0.1741400874798712,0.016696795633149679,"forearm_link|horseshoe_wall_38","wrist2_link|forearm_link"
"cartesian_x_p1_1mm",112,0.17632707138496861,0.016726206352650652,"forearm_link|horseshoe_wall_39","wrist2_link|forearm_link"
"cartesian_x_p1_1mm",113,0.17849824732527012,0.016715309282463543,"forearm_link|horseshoe_wall_39","wrist2_link|forearm_link"
"cartesian_x_p1_1mm",114,0.18063418498937711,0.016685569413473079,"forearm_link|horseshoe_wall_40","wrist2_link|forearm_link"
"cartesian_x_p1_1mm",115,0.1827940156478445,0.016659920802786863,"forearm_link|horseshoe_wall_41","wrist2_link|forearm_link"
"cartesian_x_p1_1mm",116,0.18491746596869005,0.0166388106438469,"forearm_link|horseshoe_wall_41","wrist2_link|forearm_link"
"cartesian_x_p1_1mm",117,0.18701794726418947,0.016628321805802409,"forearm_link|horseshoe_wall_42","wrist2_link|forearm_link"
"cartesian_x_p1_1mm",118,0.18913603692670705,0.016629131716764427,"forearm_link|horseshoe_wall_43","wrist2_link|forearm_link"
"cartesian_x_p1_1mm",119,0.19120418547533072,0.016636201857002614,"forearm_link|horseshoe_wall_43","wrist2_link|forearm_link"
"cartesian_x_p1_1mm",120,0.19325498215537654,0.016649944381989641,"forearm_link|horseshoe_wall_44","wrist2_link|forearm_link"
"cartesian_x_p1_1mm",121,0.19531783920682061,0.016673715549671439,"forearm_link|horseshoe_wall_45","wrist2_link|forearm_link"
"cartesian_x_p1_1mm",122,0.19732220580747989,0.016707356775700167,"forearm_link|horseshoe_wall_45","wrist2_link|forearm_link"
"cartesian_x_p1_1mm",123,0.19931013765625824,0.016746880113012844,"forearm_link|horseshoe_wall_46","wrist2_link|forearm_link"
"cartesian_x_p1_1mm",124,0.20000000000000001,0.016764277370178635,"base_link|tunnel_floor","wrist2_link|forearm_link"
"cartesian_x_p1_1mm",125,0.20000000000000001,0.016757188591812855,"base_link|tunnel_floor","wrist2_link|forearm_link"
"cartesian_x_p1_1mm",126,0.20000000000000001,0.016746456664914186,"base_link|tunnel_floor","wrist2_link|forearm_link"
"cartesian_x_p1_1mm",127,0.20000000000000001,0.016735654512010659,"base_link|tunnel_floor","wrist2_link|forearm_link"
"cartesian_x_p1_1mm",128,0.20000000000000001,0.01673439084970205,"base_link|tunnel_floor","wrist2_link|forearm_link"
"cartesian_x_p1_1mm",129,0.20000000000000001,0.016740050384843341,"base_link|tunnel_floor","wrist2_link|forearm_link"
"cartesian_x_p1_1mm",130,0.20000000000000001,0.016749619563773993,"base_link|tunnel_floor","wrist2_link|forearm_link"
"cartesian_x_p1_1mm",131,0.20000000000000001,0.016767191246005963,"base_link|tunnel_floor","wrist2_link|forearm_link"
"cartesian_x_p1_1mm",132,0.20000000000000001,0.016792680262078776,"base_link|tunnel_floor","wrist2_link|forearm_link"
"cartesian_x_p1_1mm",133,0.20000000000000001,0.016824080470697542,"base_link|tunnel_floor","wrist2_link|forearm_link"
"cartesian_x_p1_1mm",134,0.20000000000000001,0.016853567099343044,"base_link|tunnel_floor","wrist2_link|forearm_link"
"cartesian_x_p1_1mm",135,0.20000000000000001,0.016880396356104842,"base_link|tunnel_floor","wrist2_link|forearm_link"
"cartesian_x_p1_1mm",136,0.20000000000000001,0.016904655975298073,"base_link|tunnel_floor","wrist2_link|forearm_link"
"cartesian_x_p1_1mm",137,0.20000000000000001,0.01688380047352896,"base_link|tunnel_floor","wrist2_link|forearm_link"
"cartesian_x_p1_1mm",138,0.20000000000000001,0.016852091976506754,"base_link|tunnel_floor","wrist2_link|forearm_link"
"cartesian_x_p1_1mm",139,0.20000000000000001,0.01682217381883757,"base_link|tunnel_floor","wrist2_link|forearm_link"
"cartesian_x_p1_1mm",140,0.20000000000000001,0.016794113875553806,"base_link|tunnel_floor","wrist2_link|forearm_link"
"cartesian_x_p1_1mm",141,0.20000000000000001,0.016768039638570816,"base_link|tunnel_floor","wrist2_link|forearm_link"
"cartesian_x_p1_1mm",142,0.20000000000000001,0.016746033462809621,"base_link|tunnel_floor","wrist2_link|forearm_link"
"cartesian_x_p1_1mm",143,0.20000000000000001,0.016729957050591059,"base_link|tunnel_floor","wrist2_link|forearm_link"
"cartesian_x_p1_1mm",144,0.20000000000000001,0.016718627371452965,"base_link|tunnel_floor","wrist2_link|forearm_link"
"cartesian_x_p1_1mm",145,0.20000000000000001,0.016711100401698417,"base_link|tunnel_floor","wrist2_link|forearm_link"
"cartesian_x_p1_1mm",146,0.20000000000000001,0.016706686301679811,"base_link|tunnel_floor","wrist2_link|forearm_link"
"cartesian_x_p1_1mm",147,0.20000000000000001,0.016704939404609667,"base_link|tunnel_floor","wrist2_link|forearm_link"
"cartesian_x_p1_1mm",148,0.20000000000000001,0.016705644567046221,"base_link|tunnel_floor","wrist2_link|forearm_link"
"cartesian_x_p1_1mm",149,0.20000000000000001,0.016708801191311927,"base_link|tunnel_floor","wrist2_link|forearm_link"
"cartesian_x_p1_1mm",150,0.20000000000000001,0.016723580318771081,"base_link|tunnel_floor","wrist2_link|forearm_link"
"cartesian_x_p1_1mm",151,0.20000000000000001,0.016770206681809029,"base_link|tunnel_floor","wrist2_link|forearm_link"
"cartesian_x_p1_1mm",152,0.20000000000000001,0.016874889770841738,"base_link|tunnel_floor","wrist2_link|forearm_link"
"cartesian_x_p1_1mm",153,0.20000000000000001,0.016784950286444736,"base_link|tunnel_floor","wrist2_link|forearm_link"
"cartesian_x_p1_1mm",154,0.20000000000000001,0.016758326440634998,"base_link|tunnel_floor","wrist2_link|forearm_link"
"cartesian_x_p1_1mm",155,0.20000000000000001,0.016631320560072712,"base_link|tunnel_floor","wrist2_link|forearm_link"
"cartesian_x_p1_1mm",156,0.20000000000000001,0.016680445718270917,"base_link|tunnel_floor","wrist2_link|forearm_link"
"cartesian_x_p1_1mm",157,0.20000000000000001,0.016845165610832859,"base_link|tunnel_floor","wrist2_link|forearm_link"
"cartesian_x_p1_1mm",158,0.20000000000000001,0.016757235854344767,"base_link|tunnel_floor","wrist2_link|forearm_link"
"cartesian_x_p1_1mm",159,0.20000000000000001,0.016666630190847499,"base_link|tunnel_floor","wrist2_link|forearm_link"
"cartesian_x_p1_1mm",160,0.20000000000000001,0.016680780915441163,"base_link|tunnel_floor","wrist2_link|forearm_link"
"cartesian_x_p1_1mm",161,0.20000000000000001,0.016746552513468134,"base_link|tunnel_floor","wrist2_link|forearm_link"
"cartesian_x_p1_1mm",162,0.20000000000000001,0.016781175759856295,"base_link|tunnel_floor","wrist2_link|forearm_link"
"cartesian_x_p1_1mm",163,0.20000000000000001,0.016848526475903777,"base_link|tunnel_floor","wrist2_link|forearm_link"
"cartesian_x_p1_1mm",164,0.20000000000000001,0.016712313506664165,"base_link|tunnel_floor","wrist2_link|forearm_link"
"cartesian_x_p1_1mm",165,0.20000000000000001,0.016685239887551578,"base_link|tunnel_floor","wrist2_link|forearm_link"
"cartesian_x_p1_1mm",166,0.20000000000000001,0.016655422256239623,"base_link|tunnel_floor","wrist2_link|forearm_link"
"cartesian_x_p1_1mm",167,0.20000000000000001,0.016659237872837372,"base_link|tunnel_floor","wrist2_link|forearm_link"
"cartesian_x_p1_1mm",168,0.20000000000000001,0.016747175986393543,"base_link|tunnel_floor","wrist2_link|forearm_link"
"cartesian_x_p1_1mm",169,0.20000000000000001,0.016778451271474426,"base_link|tunnel_floor","wrist2_link|forearm_link"
"cartesian_x_p1_1mm",170,0.20000000000000001,0.016873205013525534,"base_link|tunnel_floor","wrist2_link|forearm_link"
"cartesian_x_p1_1mm",171,0.20000000000000001,0.016728587437030682,"base_link|tunnel_floor","wrist2_link|forearm_link"
"cartesian_x_p1_1mm",172,0.20000000000000001,0.016675216854925175,"base_link|tunnel_floor","wrist2_link|forearm_link"
"cartesian_x_p1_1mm",173,0.20000000000000001,0.016677499812420993,"base_link|tunnel_floor","wrist2_link|forearm_link"
"cartesian_x_p1_1mm",174,0.20000000000000001,0.016633354145975214,"base_link|tunnel_floor","wrist2_link|forearm_link"
"cartesian_x_p1_1mm",175,0.20000000000000001,0.016765366751240789,"base_link|tunnel_floor","wrist2_link|forearm_link"
"cartesian_x_p1_1mm",176,0.20000000000000001,0.016733822941072896,"base_link|tunnel_floor","wrist2_link|forearm_link"
"cartesian_x_p1_1mm",177,0.20000000000000001,0.016808489369362037,"base_link|tunnel_floor","wrist2_link|forearm_link"
"cartesian_x_p1_1mm",178,0.20000000000000001,0.016852729218713294,"base_link|tunnel_floor","wrist2_link|forearm_link"
"cartesian_x_p1_1mm",179,0.20000000000000001,0.016728078916714621,"base_link|tunnel_floor","wrist2_link|forearm_link"
"cartesian_x_p1_1mm",180,0.20000000000000001,0.016627976598515105,"base_link|tunnel_floor","wrist2_link|forearm_link"
"cartesian_z_m1_1mm",0,0.20000000000000001,0.016836332585723032,"base_link|tunnel_floor","wrist2_link|forearm_link"
"cartesian_z_m1_1mm",1,0.20000000000000001,0.016845881801387887,"base_link|tunnel_floor","wrist2_link|forearm_link"
"cartesian_z_m1_1mm",2,0.20000000000000001,0.016654625670177142,"base_link|tunnel_floor","wrist2_link|forearm_link"
"cartesian_z_m1_1mm",3,0.20000000000000001,0.016755178830541798,"base_link|tunnel_floor","wrist2_link|forearm_link"
"cartesian_z_m1_1mm",4,0.20000000000000001,0.016858740081537614,"base_link|tunnel_floor","wrist2_link|forearm_link"
"cartesian_z_m1_1mm",5,0.20000000000000001,0.016677991262512657,"base_link|tunnel_floor","wrist2_link|forearm_link"
"cartesian_z_m1_1mm",6,0.20000000000000001,0.016730034696398634,"base_link|tunnel_floor","wrist2_link|forearm_link"
"cartesian_z_m1_1mm",7,0.20000000000000001,0.016785710597003147,"base_link|tunnel_floor","wrist2_link|forearm_link"
"cartesian_z_m1_1mm",8,0.20000000000000001,0.016673184123179505,"base_link|tunnel_floor","wrist2_link|forearm_link"
"cartesian_z_m1_1mm",9,0.20000000000000001,0.016745431932222724,"base_link|tunnel_floor","wrist2_link|forearm_link"
"cartesian_z_m1_1mm",10,0.20000000000000001,0.016798758979881374,"base_link|tunnel_floor","wrist2_link|forearm_link"
"cartesian_z_m1_1mm",11,0.20000000000000001,0.016749644254308117,"base_link|tunnel_floor","wrist2_link|forearm_link"
"cartesian_z_m1_1mm",12,0.20000000000000001,0.016762608407093142,"base_link|tunnel_floor","wrist2_link|forearm_link"
"cartesian_z_m1_1mm",13,0.20000000000000001,0.016749646766677118,"base_link|tunnel_floor","wrist2_link|forearm_link"
"cartesian_z_m1_1mm",14,0.20000000000000001,0.016745471711788872,"base_link|tunnel_floor","wrist2_link|forearm_link"
"cartesian_z_m1_1mm",15,0.20000000000000001,0.016861323567134708,"base_link|tunnel_floor","wrist2_link|forearm_link"
"cartesian_z_m1_1mm",16,0.20000000000000001,0.016715730884912145,"base_link|tunnel_floor","wrist2_link|forearm_link"
"cartesian_z_m1_1mm",17,0.20000000000000001,0.016672389711839711,"base_link|tunnel_floor","wrist2_link|forearm_link"
"cartesian_z_m1_1mm",18,0.20000000000000001,0.016672855598208469,"base_link|tunnel_floor","wrist2_link|forearm_link"
"cartesian_z_m1_1mm",19,0.20000000000000001,0.016825576491856471,"base_link|tunnel_floor","wrist2_link|forearm_link"
"cartesian_z_m1_1mm",20,0.20000000000000001,0.016788508488577287,"base_link|tunnel_floor","wrist2_link|forearm_link"
"cartesian_z_m1_1mm",21,0.20000000000000001,0.016748155198075546,"base_link|tunnel_floor","wrist2_link|forearm_link"
"cartesian_z_m1_1mm",22,0.20000000000000001,0.016748084663045285,"base_link|tunnel_floor","wrist2_link|forearm_link"
"cartesian_z_m1_1mm",23,0.20000000000000001,0.016752381000579644,"base_link|tunnel_floor","wrist2_link|forearm_link"
"cartesian_z_m1_1mm",24,0.20000000000000001,0.01683147159598453,"base_link|tunnel_floor","wrist2_link|forearm_link"
"cartesian_z_m1_1mm",25,0.20000000000000001,0.016685625760238409,"base_link|tunnel_floor","wrist2_link|forearm_link"
"cartesian_z_m1_1mm",26,0.20000000000000001,0.016638287220040397,"base_link|tunnel_floor","wrist2_link|forearm_link"
"cartesian_z_m1_1mm",27,0.20000000000000001,0.016738790000992078,"base_link|tunnel_floor","wrist2_link|forearm_link"
"cartesian_z_m1_1mm",28,0.20000000000000001,0.016909293531324615,"base_link|tunnel_floor","wrist2_link|forearm_link"
"cartesian_z_m1_1mm",29,0.20000000000000001,0.016802906894428298,"base_link|tunnel_floor","wrist2_link|forearm_link"
"cartesian_z_m1_1mm",30,0.20000000000000001,0.016779764104474966,"base_link|tunnel_floor","wrist2_link|forearm_link"
"cartesian_z_m1_1mm",31,0.20000000000000001,0.016778244920946834,"base_link|tunnel_floor","wrist2_link|forearm_link"
"cartesian_z_m1_1mm",32,0.20000000000000001,0.016791251664388988,"base_link|tunnel_floor","wrist2_link|forearm_link"
"cartesian_z_m1_1mm",33,0.20000000000000001,0.01682103606355596,"base_link|tunnel_floor","wrist2_link|forearm_link"
"cartesian_z_m1_1mm",34,0.20000000000000001,0.016872590700992368,"base_link|tunnel_floor","wrist2_link|forearm_link"
"cartesian_z_m1_1mm",35,0.20000000000000001,0.016885417352268298,"base_link|tunnel_floor","wrist2_link|forearm_link"
"cartesian_z_m1_1mm",36,0.20000000000000001,0.016802104154433815,"base_link|tunnel_floor","forearm_link|wrist2_link"
"cartesian_z_m1_1mm",37,0.20000000000000001,0.016736740564324636,"base_link|tunnel_floor","forearm_link|wrist2_link"
"cartesian_z_m1_1mm",38,0.20000000000000001,0.016741384679342761,"base_link|tunnel_floor","forearm_link|wrist2_link"
"cartesian_z_m1_1mm",39,0.20000000000000001,0.016744983710687143,"base_link|tunnel_floor","forearm_link|wrist2_link"
"cartesian_z_m1_1mm",40,0.20000000000000001,0.016655822819875151,"base_link|tunnel_floor","forearm_link|wrist2_link"
"cartesian_z_m1_1mm",41,0.20000000000000001,0.016624449362114331,"base_link|tunnel_floor","forearm_link|wrist2_link"
"cartesian_z_m1_1mm",42,0.20000000000000001,0.016654760406672426,"base_link|tunnel_floor","forearm_link|wrist2_link"
"cartesian_z_m1_1mm",43,0.20000000000000001,0.016728220512400443,"base_link|tunnel_floor","forearm_link|wrist2_link"
"cartesian_z_m1_1mm",44,0.20000000000000001,0.016692570845076835,"base_link|tunnel_floor","forearm_link|wrist2_link"
"cartesian_z_m1_1mm",45,0.20000000000000001,0.016688336322915498,"base_link|tunnel_floor","forearm_link|wrist2_link"
"cartesian_z_m1_1mm",46,0.20000000000000001,0.016729758658611562,"base_link|tunnel_floor","forearm_link|wrist2_link"
"cartesian_z_m1_1mm",47,0.20000000000000001,0.016821977526119188,"base_link|tunnel_floor","forearm_link|wrist2_link"
"cartesian_z_m1_1mm",48,0.20000000000000001,0.016914727419778064,"base_link|tunnel_floor","forearm_link|wrist2_link"
"cartesian_z_m1_1mm",49,0.20000000000000001,0.016853650316077981,"base_link|tunnel_floor","forearm_link|wrist2_link"
"cartesian_z_m1_1mm",50,0.20000000000000001,0.016825178924680516,"base_link|tunnel_floor","forearm_link|wrist2_link"
"cartesian_z_m1_1mm",51,0.20000000000000001,0.016820010858679423,"base_link|tunnel_floor","forearm_link|wrist2_link"
"cartesian_z_m1_1mm",52,0.20000000000000001,0.016757798191391258,"base_link|tunnel_floor","forearm_link|wrist2_link"
"cartesian_z_m1_1mm",53,0.20000000000000001,0.01672864768301029,"base_link|tunnel_floor","forearm_link|wrist2_link"
"cartesian_z_m1_1mm",54,0.20000000000000001,0.016731852629969735,"base_link|tunnel_floor","forearm_link|wrist2_link"
"cartesian_z_m1_1mm",55,0.20000000000000001,0.016753155796493797,"base_link|tunnel_floor","forearm_link|wrist2_link"
"cartesian_z_m1_1mm",56,0.20000000000000001,0.016710165495850117,"base_link|tunnel_floor","wrist2_link|forearm_link"
"cartesian_z_m1_1mm",57,0.20000000000000001,0.01669453322950307,"base_link|tunnel_floor","wrist2_link|forearm_link"
"cartesian_z_m1_1mm",58,0.20000000000000001,0.016705030357946744,"base_link|tunnel_floor","wrist2_link|forearm_link"
"cartesian_z_m1_1mm",59,0.20000000000000001,0.01674017756836052,"base_link|tunnel_floor","wrist2_link|forearm_link"
"cartesian_z_m1_1mm",60,0.20000000000000001,0.016798160539894743,"base_link|tunnel_floor","wrist2_link|forearm_link"
"cartesian_z_m1_1mm",61,0.20000000000000001,0.016876744813682603,"base_link|tunnel_floor","wrist2_link|forearm_link"
"cartesian_z_m1_1mm",62,0.20000000000000001,0.016900083436976489,"base_link|tunnel_floor","wrist2_link|forearm_link"
"cartesian_z_m1_1mm",63,0.20000000000000001,0.016857885868118788,"base_link|tunnel_floor","wrist2_link|forearm_link"
"cartesian_z_m1_1mm",64,0.20000000000000001,0.016838065144014102,"base_link|tunnel_floor","wrist2_link|forearm_link"
"cartesian_z_m1_1mm",65,0.20000000000000001,0.016804917695322625,"base_link|tunnel_floor","wrist2_link|forearm_link"
"cartesian_z_m1_1mm",66,0.20000000000000001,0.016727311126802195,"base_link|tunnel_floor","wrist2_link|forearm_link"
"cartesian_z_m1_1mm",67,0.20000000000000001,0.016678923820320508,"base_link|tunnel_floor","wrist2_link|forearm_link"
"cartesian_z_m1_1mm",68,0.20000000000000001,0.016664950026099256,"base_link|tunnel_floor","wrist2_link|forearm_link"
"cartesian_z_m1_1mm",69,0.20000000000000001,0.016681045315396579,"base_link|tunnel_floor","wrist2_link|forearm_link"
"cartesian_z_m1_1mm",70,0.20000000000000001,0.016703265815950399,"base_link|tunnel_floor","wrist2_link|forearm_link"
"cartesian_z_m1_1mm",71,0.20000000000000001,0.016724249610086759,"base_link|tunnel_floor","wrist2_link|forearm_link"
"cartesian_z_m1_1mm",72,0.20000000000000001,0.016736436586691609,"base_link|tunnel_floor","wrist2_link|forearm_link"
"cartesian_z_m1_1mm",73,0.20000000000000001,0.016731389670089959,"base_link|tunnel_floor","wrist2_link|forearm_link"
"cartesian_z_m1_1mm",74,0.20000000000000001,0.016699995241202418,"base_link|tunnel_floor","wrist2_link|forearm_link"
"cartesian_z_m1_1mm",75,0.20000000000000001,0.016638626812132684,"base_link|tunnel_floor","wrist2_link|forearm_link"
"cartesian_z_m1_1mm",76,0.20000000000000001,0.016655033070665022,"base_link|tunnel_floor","wrist2_link|forearm_link"
"cartesian_z_m1_1mm",77,0.20000000000000001,0.01671463253566843,"base_link|tunnel_floor","wrist2_link|forearm_link"
"cartesian_z_m1_1mm",78,0.19633682549470555,0.016729712096830933,"upperarm_link|horseshoe_wall_30","wrist2_link|forearm_link"
"cartesian_z_m1_1mm",79,0.1744631686375808,0.016693013620670469,"upperarm_link|horseshoe_wall_30","wrist2_link|forearm_link"
"cartesian_z_m1_1mm",80,0.1538699696595551,0.016649172023150253,"upperarm_link|horseshoe_wall_29","wrist2_link|forearm_link"
"cartesian_z_m1_1mm",81,0.13512369822249379,0.016756660248612748,"upperarm_link|horseshoe_wall_29","wrist2_link|forearm_link"
"cartesian_z_m1_1mm",82,0.11850042273427325,0.016780949154521965,"upperarm_link|horseshoe_wall_28","wrist2_link|forearm_link"
"cartesian_z_m1_1mm",83,0.10454030621290926,0.01684030980422541,"upperarm_link|horseshoe_wall_26","wrist2_link|forearm_link"
"cartesian_z_m1_1mm",84,0.094175471221399382,0.016869560388577926,"upperarm_link|horseshoe_wall_26","wrist2_link|forearm_link"
"cartesian_z_m1_1mm",85,0.08835951930357322,0.016807203304506486,"upperarm_link|horseshoe_wall_25","wrist2_link|forearm_link"
"cartesian_z_m1_1mm",86,0.090185862229845093,0.016702952319678013,"upperarm_link|horseshoe_wall_25","wrist2_link|forearm_link"
"cartesian_z_m1_1mm",87,0.099471672570011188,0.016724267440256999,"upperarm_link|horseshoe_wall_24","wrist2_link|forearm_link"
"cartesian_z_m1_1mm",88,0.10662602603238507,0.016657275657289326,"upperarm_link|horseshoe_wall_24","wrist2_link|forearm_link"
"cartesian_z_m1_1mm",89,0.11503177063090946,0.016623167647129733,"upperarm_link|horseshoe_wall_25","wrist2_link|forearm_link"
"cartesian_z_m1_1mm",90,0.12469304301849848,0.016691388221954175,"upperarm_link|horseshoe_wall_25","wrist2_link|forearm_link"
"cartesian_z_m1_1mm",91,0.13044285315778537,0.016754439588281631,"forearm_link|horseshoe_wall_25","wrist2_link|forearm_link"
"cartesian_z_m1_1mm",92,0.13514047209921834,0.016729548997708881,"forearm_link|horseshoe_wall_25","wrist2_link|forearm_link"
"cartesian_z_m1_1mm",93,0.1404390694652638,0.016747313349900143,"forearm_link|horseshoe_wall_25","wrist2_link|forearm_link"
"cartesian_z_m1_1mm",94,0.14621806631407619,0.016807691039404851,"forearm_link|horseshoe_wall_25","wrist2_link|forearm_link"
"cartesian_z_m1_1mm",95,0.14309914608978611,0.016782570283811006,"forearm_link|horseshoe_wall_26","wrist2_link|forearm_link"
"cartesian_z_m1_1mm",96,0.14301062530664466,0.016792598400998206,"forearm_link|horseshoe_wall_28","wrist2_link|forearm_link"
"cartesian_z_m1_1mm",97,0.14418118820448925,0.016821769508187569,"forearm_link|horseshoe_wall_29","wrist2_link|forearm_link"
"cartesian_z_m1_1mm",98,0.1458663922627198,0.016854951969938421,"forearm_link|horseshoe_wall_30","wrist2_link|forearm_link"
"cartesian_z_m1_1mm",99,0.14777034173719819,0.016886580733783779,"forearm_link|horseshoe_wall_31","wrist2_link|forearm_link"
"cartesian_z_m1_1mm",100,0.1497295177213844,0.016884527276419713,"forearm_link|horseshoe_wall_31","wrist2_link|forearm_link"
"cartesian_z_m1_1mm",101,0.15183589788608728,0.016847763130717671,"forearm_link|horseshoe_wall_32","wrist2_link|forearm_link"
"cartesian_z_m1_1mm",102,0.15403297497238802,0.016814004975333786,"forearm_link|horseshoe_wall_32","wrist2_link|forearm_link"
"cartesian_z_m1_1mm",103,0.15624906595214069,0.016783476889779953,"forearm_link|horseshoe_wall_33","wrist2_link|forearm_link"
"cartesian_z_m1_1mm",104,0.1585392803300768,0.016756268821074734,"forearm_link|horseshoe_wall_34","wrist2_link|forearm_link"
"cartesian_z_m1_1mm",105,0.16082675918135661,0.016732422217534841,"forearm_link|horseshoe_wall_34","wrist2_link|forearm_link"
"cartesian_z_m1_1mm",106,0.16311652192115222,0.016711973922454694,"forearm_link|horseshoe_wall_35","wrist2_link|forearm_link"
"cartesian_z_m1_1mm",107,0.16544024822445824,0.016694980876911725,"forearm_link|horseshoe_wall_36","wrist2_link|forearm_link"
"cartesian_z_m1_1mm",108,0.16769990810703816,0.016681535138931836,"forearm_link|horseshoe_wall_36","wrist2_link|forearm_link"
"cartesian_z_m1_1mm",109,0.1699549372223155,0.016673909012051309,"forearm_link|horseshoe_wall_37","wrist2_link|forearm_link"
"cartesian_z_m1_1mm",110,0.17222121608899296,0.016677567808677407,"forearm_link|horseshoe_wall_38","wrist2_link|forearm_link"
"cartesian_z_m1_1mm",111,0.1743948386935594,0.016688536563035601,"forearm_link|horseshoe_wall_38","wrist2_link|forearm_link"
"cartesian_z_m1_1mm",112,0.1765798221808618,0.016713254294423059,"forearm_link|horseshoe_wall_39","wrist2_link|forearm_link"
"cartesian_z_m1_1mm",113,0.17877605372902822,0.016729175459692013,"forearm_link|horseshoe_wall_39","wrist2_link|forearm_link"
"cartesian_z_m1_1mm",114,0.18090986506369189,0.016697988527011414,"forearm_link|horseshoe_wall_40","wrist2_link|forearm_link"
"cartesian_z_m1_1mm",115,0.18306719435194693,0.016670927702236035,"forearm_link|horseshoe_wall_41","wrist2_link|forearm_link"
"cartesian_z_m1_1mm",116,0.18521686544151772,0.016647628544500012,"forearm_link|horseshoe_wall_41","wrist2_link|forearm_link"
"cartesian_z_m1_1mm",117,0.18731461647635109,0.016631786477687625,"forearm_link|horseshoe_wall_42","wrist2_link|forearm_link"
"cartesian_z_m1_1mm",118,0.18942949693544142,0.016627321629379563,"forearm_link|horseshoe_wall_43","wrist2_link|forearm_link"
"cartesian_z_m1_1mm",119,0.19152493324301861,0.016632308358417471,"forearm_link|horseshoe_wall_43","wrist2_link|forearm_link"
"cartesian_z_m1_1mm",120,0.19357212483070232,0.016641675270756738,"forearm_link|horseshoe_wall_44","wrist2_link|forearm_link"
"cartesian_z_m1_1mm",121,0.19563077453250471,0.016660305795196863,"forearm_link|horseshoe_wall_45","wrist2_link|forearm_link"
"cartesian_z_m1_1mm",122,0.19766331512979987,0.016688834006880333,"forearm_link|horseshoe_wall_45","wrist2_link|forearm_link"
"cartesian_z_m1_1mm",123,0.19964644288232969,0.016726197692449957,"forearm_link|horseshoe_wall_46","wrist2_link|forearm_link"
"cartesian_z_m1_1mm",124,0.20000000000000001,0.016766495818759376,"base_link|tunnel_floor","wrist2_link|forearm_link"
"cartesian_z_m1_1mm",125,0.20000000000000001,0.016761195293407992,"base_link|tunnel_floor","wrist2_link|forearm_link"
"cartesian_z_m1_1mm",126,0.20000000000000001,0.016752279296499379,"base_link|tunnel_floor","wrist2_link|forearm_link"
"cartesian_z_m1_1mm",127,0.20000000000000001,0.016740116381794731,"base_link|tunnel_floor","wrist2_link|forearm_link"
"cartesian_z_m1_1mm",128,0.20000000000000001,0.01673381529219187,"base_link|tunnel_floor","wrist2_link|forearm_link"
"cartesian_z_m1_1mm",129,0.20000000000000001,0.016736598010585156,"base_link|tunnel_floor","wrist2_link|forearm_link"
"cartesian_z_m1_1mm",130,0.20000000000000001,0.016743301933657452,"base_link|tunnel_floor","wrist2_link|forearm_link"
"cartesian_z_m1_1mm",131,0.20000000000000001,0.016756138891913158,"base_link|tunnel_floor","wrist2_link|forearm_link"
"cartesian_z_m1_1mm",132,0.20000000000000001,0.016776953303843052,"base_link|tunnel_floor","wrist2_link|forearm_link"
"cartesian_z_m1_1mm",133,0.20000000000000001,0.016805575814273235,"base_link|tunnel_floor","wrist2_link|forearm_link"
"cartesian_z_m1_1mm",134,0.20000000000000001,0.016836626572938447,"base_link|tunnel_floor","wrist2_link|forearm_link"
"cartesian_z_m1_1mm",135,0.20000000000000001,0.016865038158670551,"base_link|tunnel_floor","wrist2_link|forearm_link"
"cartesian_z_m1_1mm",136,0.20000000000000001,0.016890906526719502,"base_link|tunnel_floor","wrist2_link|forearm_link"
"cartesian_z_m1_1mm",137,0.20000000000000001,0.016902822011947975,"base_link|tunnel_floor","wrist2_link|forearm_link"
"cartesian_z_m1_1mm",138,0.20000000000000001,0.01686974484627728,"base_link|tunnel_floor","wrist2_link|forearm_link"
"cartesian_z_m1_1mm",139,0.20000000000000001,0.016838416348085201,"base_link|tunnel_floor","wrist2_link|forearm_link"
"cartesian_z_m1_1mm",140,0.20000000000000001,0.016808898077963437,"base_link|tunnel_floor","wrist2_link|forearm_link"
"cartesian_z_m1_1mm",141,0.20000000000000001,0.016781311652247957,"base_link|tunnel_floor","wrist2_link|forearm_link"
"cartesian_z_m1_1mm",142,0.20000000000000001,0.016757871437020969,"base_link|tunnel_floor","wrist2_link|forearm_link"
"cartesian_z_m1_1mm",143,0.20000000000000001,0.016740625688944973,"base_link|tunnel_floor","wrist2_link|forearm_link"
"cartesian_z_m1_1mm",144,0.20000000000000001,0.016728389634684464,"base_link|tunnel_floor","wrist2_link|forearm_link"
"cartesian_z_m1_1mm",145,0.20000000000000001,0.016720215798146771,"base_link|tunnel_floor","wrist2_link|forearm_link"
"cartesian_z_m1_1mm",146,0.20000000000000001,0.01671541067998562,"base_link|tunnel_floor","wrist2_link|forearm_link"
"cartesian_z_m1_1mm",147,0.20000000000000001,0.016713524902749605,"base_link|tunnel_floor","wrist2_link|forearm_link"
"cartesian_z_m1_1mm",148,0.20000000000000001,0.016714339669749848,"base_link|tunnel_floor","wrist2_link|forearm_link"
"cartesian_z_m1_1mm",149,0.20000000000000001,0.016717850847911719,"base_link|tunnel_floor","wrist2_link|forearm_link"
"cartesian_z_m1_1mm",150,0.20000000000000001,0.016734036262529509,"base_link|tunnel_floor","wrist2_link|forearm_link"
"cartesian_z_m1_1mm",151,0.20000000000000001,0.016784203175068076,"base_link|tunnel_floor","wrist2_link|forearm_link"
"cartesian_z_m1_1mm",152,0.20000000000000001,0.016894756310287716,"base_link|tunnel_floor","wrist2_link|forearm_link"
"cartesian_z_m1_1mm",153,0.20000000000000001,0.016769230272995997,"base_link|tunnel_floor","wrist2_link|forearm_link"
"cartesian_z_m1_1mm",154,0.20000000000000001,0.016762574301468457,"base_link|tunnel_floor","wrist2_link|forearm_link"
"cartesian_z_m1_1mm",155,0.20000000000000001,0.016638559253807521,"base_link|tunnel_floor","wrist2_link|forearm_link"
"cartesian_z_m1_1mm",156,0.20000000000000001,0.01668692538240794,"base_link|tunnel_floor","wrist2_link|forearm_link"
"cartesian_z_m1_1mm",157,0.20000000000000001,0.016823919950952577,"base_link|tunnel_floor","wrist2_link|forearm_link"
"cartesian_z_m1_1mm",158,0.20000000000000001,0.016761766176761908,"base_link|tunnel_floor","wrist2_link|forearm_link"
"cartesian_z_m1_1mm",159,0.20000000000000001,0.016652232350971755,"base_link|tunnel_floor","wrist2_link|forearm_link"
"cartesian_z_m1_1mm",160,0.20000000000000001,0.0166636220103633,"base_link|tunnel_floor","wrist2_link|forearm_link"
"cartesian_z_m1_1mm",161,0.20000000000000001,0.016753005372575066,"base_link|tunnel_floor","wrist2_link|forearm_link"
"cartesian_z_m1_1mm",162,0.20000000000000001,0.016766015286358987,"base_link|tunnel_floor","wrist2_link|forearm_link"
"cartesian_z_m1_1mm",163,0.20000000000000001,0.016867265040643981,"base_link|tunnel_floor","wrist2_link|forearm_link"
"cartesian_z_m1_1mm",164,0.20000000000000001,0.016721882392629218,"base_link|tunnel_floor","wrist2_link|forearm_link"
"cartesian_z_m1_1mm",165,0.20000000000000001,0.016680026885690598,"base_link|tunnel_floor","wrist2_link|forearm_link"
"cartesian_z_m1_1mm",166,0.20000000000000001,0.016666817686927259,"base_link|tunnel_floor","wrist2_link|forearm_link"
"cartesian_z_m1_1mm",167,0.20000000000000001,0.016648565591213974,"base_link|tunnel_floor","wrist2_link|forearm_link"
"cartesian_z_m1_1mm",168,0.20000000000000001,0.016752598443732173,"base_link|tunnel_floor","wrist2_link|forearm_link"
"cartesian_z_m1_1mm",169,0.20000000000000001,0.016765939288134999,"base_link|tunnel_floor","wrist2_link|forearm_link"
"cartesian_z_m1_1mm",170,0.20000000000000001,0.016889662831601829,"base_link|tunnel_floor","wrist2_link|forearm_link"
"cartesian_z_m1_1mm",171,0.20000000000000001,0.016737737381784114,"base_link|tunnel_floor","wrist2_link|forearm_link"
"cartesian_z_m1_1mm",172,0.20000000000000001,0.016673637718894015,"base_link|tunnel_floor","wrist2_link|forearm_link"
"cartesian_z_m1_1mm",173,0.20000000000000001,0.016688200404959313,"base_link|tunnel_floor","wrist2_link|forearm_link"
"cartesian_z_m1_1mm",174,0.20000000000000001,0.016630537059910508,"base_link|tunnel_floor","wrist2_link|forearm_link"
"cartesian_z_m1_1mm",175,0.20000000000000001,0.016752561865455085,"base_link|tunnel_floor","wrist2_link|forearm_link"
"cartesian_z_m1_1mm",176,0.20000000000000001,0.016732424116619873,"base_link|tunnel_floor","wrist2_link|forearm_link"
"cartesian_z_m1_1mm",177,0.20000000000000001,0.016801313134582687,"base_link|tunnel_floor","wrist2_link|forearm_link"
"cartesian_z_m1_1mm",178,0.20000000000000001,0.016852516184663182,"base_link|tunnel_floor","wrist2_link|forearm_link"
"cartesian_z_m1_1mm",179,0.20000000000000001,0.016739063775161805,"base_link|tunnel_floor","wrist2_link|forearm_link"
"cartesian_z_m1_1mm",180,0.20000000000000001,0.016631263282327145,"base_link|tunnel_floor","wrist2_link|forearm_link"
"cartesian_z_p1_1mm",0,0.20000000000000001,0.016836332585723032,"base_link|tunnel_floor","wrist2_link|forearm_link"
"cartesian_z_p1_1mm",1,0.20000000000000001,0.016845881801387887,"base_link|tunnel_floor","wrist2_link|forearm_link"
"cartesian_z_p1_1mm",2,0.20000000000000001,0.016654625670177142,"base_link|tunnel_floor","wrist2_link|forearm_link"
"cartesian_z_p1_1mm",3,0.20000000000000001,0.016755178830541798,"base_link|tunnel_floor","wrist2_link|forearm_link"
"cartesian_z_p1_1mm",4,0.20000000000000001,0.016858740081537614,"base_link|tunnel_floor","wrist2_link|forearm_link"
"cartesian_z_p1_1mm",5,0.20000000000000001,0.016677991262512657,"base_link|tunnel_floor","wrist2_link|forearm_link"
"cartesian_z_p1_1mm",6,0.20000000000000001,0.016730034696398634,"base_link|tunnel_floor","wrist2_link|forearm_link"
"cartesian_z_p1_1mm",7,0.20000000000000001,0.016785710597003147,"base_link|tunnel_floor","wrist2_link|forearm_link"
"cartesian_z_p1_1mm",8,0.20000000000000001,0.016673184123179505,"base_link|tunnel_floor","wrist2_link|forearm_link"
"cartesian_z_p1_1mm",9,0.20000000000000001,0.016745431932222724,"base_link|tunnel_floor","wrist2_link|forearm_link"
"cartesian_z_p1_1mm",10,0.20000000000000001,0.016798758979881374,"base_link|tunnel_floor","wrist2_link|forearm_link"
"cartesian_z_p1_1mm",11,0.20000000000000001,0.016749644254308117,"base_link|tunnel_floor","wrist2_link|forearm_link"
"cartesian_z_p1_1mm",12,0.20000000000000001,0.016762608407093142,"base_link|tunnel_floor","wrist2_link|forearm_link"
"cartesian_z_p1_1mm",13,0.20000000000000001,0.016749646766677118,"base_link|tunnel_floor","wrist2_link|forearm_link"
"cartesian_z_p1_1mm",14,0.20000000000000001,0.016745471711788872,"base_link|tunnel_floor","wrist2_link|forearm_link"
"cartesian_z_p1_1mm",15,0.20000000000000001,0.016861323567134708,"base_link|tunnel_floor","wrist2_link|forearm_link"
"cartesian_z_p1_1mm",16,0.20000000000000001,0.016742353213667318,"base_link|tunnel_floor","wrist2_link|forearm_link"
"cartesian_z_p1_1mm",17,0.20000000000000001,0.01664611503413679,"base_link|tunnel_floor","wrist2_link|forearm_link"
"cartesian_z_p1_1mm",18,0.20000000000000001,0.016668685932849436,"base_link|tunnel_floor","wrist2_link|forearm_link"
"cartesian_z_p1_1mm",19,0.20000000000000001,0.016794285527473148,"base_link|tunnel_floor","wrist2_link|forearm_link"
"cartesian_z_p1_1mm",20,0.20000000000000001,0.016825838692994088,"base_link|tunnel_floor","wrist2_link|forearm_link"
"cartesian_z_p1_1mm",21,0.20000000000000001,0.016735626990764703,"base_link|tunnel_floor","wrist2_link|forearm_link"
"cartesian_z_p1_1mm",22,0.20000000000000001,0.016761760865659239,"base_link|tunnel_floor","wrist2_link|forearm_link"
"cartesian_z_p1_1mm",23,0.20000000000000001,0.016740069734275539,"base_link|tunnel_floor","wrist2_link|forearm_link"
"cartesian_z_p1_1mm",24,0.20000000000000001,0.016864794686477367,"base_link|tunnel_floor","wrist2_link|forearm_link"
"cartesian_z_p1_1mm",25,0.20000000000000001,0.016677067926958521,"base_link|tunnel_floor","wrist2_link|forearm_link"
"cartesian_z_p1_1mm",26,0.20000000000000001,0.016651789180392347,"base_link|tunnel_floor","wrist2_link|forearm_link"
"cartesian_z_p1_1mm",27,0.20000000000000001,0.016749635730236988,"base_link|tunnel_floor","wrist2_link|forearm_link"
"cartesian_z_p1_1mm",28,0.20000000000000001,0.01688570496553678,"base_link|tunnel_floor","wrist2_link|forearm_link"
"cartesian_z_p1_1mm",29,0.20000000000000001,0.016782055644342948,"base_link|tunnel_floor","wrist2_link|forearm_link"
"cartesian_z_p1_1mm",30,0.20000000000000001,0.016761229755041188,"base_link|tunnel_floor","wrist2_link|forearm_link"
"cartesian_z_p1_1mm",31,0.20000000000000001,0.016760249565111456,"base_link|tunnel_floor","wrist2_link|forearm_link"
"cartesian_z_p1_1mm",32,0.20000000000000001,0.016772624291014091,"base_link|tunnel_floor","wrist2_link|forearm_link"
"cartesian_z_p1_1mm",33,0.20000000000000001,0.016800657647743779,"base_link|tunnel_floor","wrist2_link|forearm_link"
"cartesian_z_p1_1mm",34,0.20000000000000001,0.016849383429451345,"base_link|tunnel_floor","wrist2_link|forearm_link"
"cartesian_z_p1_1mm",35,0.20000000000000001,0.016903545695623672,"base_link|tunnel_floor","wrist2_link|forearm_link"
"cartesian_z_p1_1mm",36,0.20000000000000001,0.016825950406524227,"base_link|tunnel_floor","forearm_link|wrist2_link"
"cartesian_z_p1_1mm",37,0.20000000000000001,0.016744040056190186,"base_link|tunnel_floor","forearm_link|wrist2_link"
"cartesian_z_p1_1mm",38,0.20000000000000001,0.016733419666701901,"base_link|tunnel_floor","forearm_link|wrist2_link"
"cartesian_z_p1_1mm",39,0.20000000000000001,0.016759820239153424,"base_link|tunnel_floor","forearm_link|wrist2_link"
"cartesian_z_p1_1mm",40,0.20000000000000001,0.016673425608006342,"base_link|tunnel_floor","forearm_link|wrist2_link"
"cartesian_z_p1_1mm",41,0.20000000000000001,0.016625407660044712,"base_link|tunnel_floor","forearm_link|wrist2_link"
"cartesian_z_p1_1mm",42,0.20000000000000001,0.016642312909836116,"base_link|tunnel_floor","forearm_link|wrist2_link"
"cartesian_z_p1_1mm",43,0.20000000000000001,0.016724837772001618,"base_link|tunnel_floor","forearm_link|wrist2_link"
"cartesian_z_p1_1mm",44,0.20000000000000001,0.016698470118214678,"base_link|tunnel_floor","forearm_link|wrist2_link"
"cartesian_z_p1_1mm",45,0.20000000000000001,0.016687831518863751,"base_link|tunnel_floor","forearm_link|wrist2_link"
"cartesian_z_p1_1mm",46,0.20000000000000001,0.016718805755618633,"base_link|tunnel_floor","forearm_link|wrist2_link"
"cartesian_z_p1_1mm",47,0.20000000000000001,0.016798916294135994,"base_link|tunnel_floor","forearm_link|wrist2_link"
"cartesian_z_p1_1mm",48,0.20000000000000001,0.016923313010395302,"base_link|tunnel_floor","forearm_link|wrist2_link"
"cartesian_z_p1_1mm",49,0.20000000000000001,0.016862705727184849,"base_link|tunnel_floor","forearm_link|wrist2_link"
"cartesian_z_p1_1mm",50,0.20000000000000001,0.0168287737077009,"base_link|tunnel_floor","forearm_link|wrist2_link"
"cartesian_z_p1_1mm",51,0.20000000000000001,0.016828171157381975,"base_link|tunnel_floor","forearm_link|wrist2_link"
"cartesian_z_p1_1mm",52,0.20000000000000001,0.016764393496958102,"base_link|tunnel_floor","forearm_link|wrist2_link"
"cartesian_z_p1_1mm",53,0.20000000000000001,0.016729944511154757,"base_link|tunnel_floor","forearm_link|wrist2_link"
"cartesian_z_p1_1mm",54,0.20000000000000001,0.016728027359502899,"base_link|tunnel_floor","forearm_link|wrist2_link"
"cartesian_z_p1_1mm",55,0.20000000000000001,0.016757819542095501,"base_link|tunnel_floor","forearm_link|wrist2_link"
"cartesian_z_p1_1mm",56,0.20000000000000001,0.016712840926011933,"base_link|tunnel_floor","wrist2_link|forearm_link"
"cartesian_z_p1_1mm",57,0.20000000000000001,0.016692610411620679,"base_link|tunnel_floor","wrist2_link|forearm_link"
"cartesian_z_p1_1mm",58,0.20000000000000001,0.01669871370833502,"base_link|tunnel_floor","wrist2_link|forearm_link"
"cartesian_z_p1_1mm",59,0.20000000000000001,0.016729678563332975,"base_link|tunnel_floor","wrist2_link|forearm_link"
"cartesian_z_p1_1mm",60,0.20000000000000001,0.016783698699803725,"base_link|tunnel_floor","wrist2_link|forearm_link"
"cartesian_z_p1_1mm",61,0.20000000000000001,0.016858548701489211,"base_link|tunnel_floor","wrist2_link|forearm_link"
"cartesian_z_p1_1mm",62,0.20000000000000001,0.016910976727515223,"base_link|tunnel_floor","wrist2_link|forearm_link"
"cartesian_z_p1_1mm",63,0.20000000000000001,0.016864290065534054,"base_link|tunnel_floor","wrist2_link|forearm_link"
"cartesian_z_p1_1mm",64,0.20000000000000001,0.016840194505421905,"base_link|tunnel_floor","wrist2_link|forearm_link"
"cartesian_z_p1_1mm",65,0.20000000000000001,0.016814612513195642,"base_link|tunnel_floor","wrist2_link|forearm_link"
"cartesian_z_p1_1mm",66,0.20000000000000001,0.016736667127660278,"base_link|tunnel_floor","wrist2_link|forearm_link"
"cartesian_z_p1_1mm",67,0.20000000000000001,0.016688949894813822,"base_link|tunnel_floor","wrist2_link|forearm_link"
"cartesian_z_p1_1mm",68,0.20000000000000001,0.016676481278365383,"base_link|tunnel_floor","wrist2_link|forearm_link"
"cartesian_z_p1_1mm",69,0.20000000000000001,0.016689558847701656,"base_link|tunnel_floor","wrist2_link|forearm_link"
"cartesian_z_p1_1mm",70,0.20000000000000001,0.016708299625417668,"base_link|tunnel_floor","wrist2_link|forearm_link"
"cartesian_z_p1_1mm",71,0.20000000000000001,0.016726073249498808,"base_link|tunnel_floor","wrist2_link|forearm_link"
"cartesian_z_p1_1mm",72,0.20000000000000001,0.016735339102186952,"base_link|tunnel_floor","wrist2_link|forearm_link"
"cartesian_z_p1_1mm",73,0.20000000000000001,0.016727684210711861,"base_link|tunnel_floor","wrist2_link|forearm_link"
"cartesian_z_p1_1mm",74,0.20000000000000001,0.016694024690753439,"base_link|tunnel_floor","wrist2_link|forearm_link"
"cartesian_z_p1_1mm",75,0.20000000000000001,0.016633935493353864,"base_link|tunnel_floor","wrist2_link|forearm_link"
"cartesian_z_p1_1mm",76,0.20000000000000001,0.016657806474167584,"base_link|tunnel_floor","wrist2_link|forearm_link"
"cartesian_z_p1_1mm",77,0.20000000000000001,0.016715741383076563,"base_link|tunnel_floor","wrist2_link|forearm_link"
"cartesian_z_p1_1mm",78,0.19652403997994475,0.016729496010647264,"upperarm_link|horseshoe_wall_30","wrist2_link|forearm_link"
"cartesian_z_p1_1mm",79,0.17467356476561602,0.016691858272812519,"upperarm_link|horseshoe_wall_30","wrist2_link|forearm_link"
"cartesian_z_p1_1mm",80,0.15412649725150684,0.016653438455349143,"upperarm_link|horseshoe_wall_29","wrist2_link|forearm_link"
"cartesian_z_p1_1mm",81,0.13540098357238289,0.016755017662514374,"upperarm_link|horseshoe_wall_29","wrist2_link|forearm_link"
"cartesian_z_p1_1mm",82,0.11881526414946864,0.016782818347050289,"upperarm_link|horseshoe_wall_28","wrist2_link|forearm_link"
"cartesian_z_p1_1mm",83,0.10490967563711166,0.016842607200573637,"upperarm_link|horseshoe_wall_26","wrist2_link|forearm_link"
"cartesian_z_p1_1mm",84,0.094519425900198115,0.016872577375850573,"upperarm_link|horseshoe_wall_26","wrist2_link|forearm_link"
"cartesian_z_p1_1mm",85,0.088803437247072917,0.016803042335381595,"upperarm_link|horseshoe_wall_25","wrist2_link|forearm_link"
"cartesian_z_p1_1mm",86,0.090511636852546928,0.016701589578475649,"upperarm_link|horseshoe_wall_25","wrist2_link|forearm_link"
"cartesian_z_p1_1mm",87,0.099895721633465426,0.016728378271065381,"upperarm_link|horseshoe_wall_24","wrist2_link|forearm_link"
"cartesian_z_p1_1mm",88,0.1069989141840362,0.016653280734331467,"upperarm_link|horseshoe_wall_25","wrist2_link|forearm_link"
"cartesian_z_p1_1mm",89,0.1153718308748948,0.016624075307491291,"upperarm_link|horseshoe_wall_25","wrist2_link|forearm_link"
"cartesian_z_p1_1mm",90,0.12504155805678646,0.016696044911854099,"upperarm_link|horseshoe_wall_25","wrist2_link|forearm_link"
"cartesian_z_p1_1mm",91,0.13080670261220023,0.016752796316596937,"forearm_link|horseshoe_wall_25","wrist2_link|forearm_link"
"cartesian_z_p1_1mm",92,0.13551166649386054,0.016729053826290783,"forearm_link|horseshoe_wall_25","wrist2_link|forearm_link"
"cartesian_z_p1_1mm",93,0.14081658782215842,0.016750489395471586,"forearm_link|horseshoe_wall_25","wrist2_link|forearm_link"
"cartesian_z_p1_1mm",94,0.1466149720169985,0.016814010187851402,"forearm_link|horseshoe_wall_25","wrist2_link|forearm_link"
"cartesian_z_p1_1mm",95,0.14352446715252892,0.016788264197232759,"forearm_link|horseshoe_wall_26","wrist2_link|forearm_link"
"cartesian_z_p1_1mm",96,0.14344938775239149,0.016799642878865102,"forearm_link|horseshoe_wall_29","wrist2_link|forearm_link"
"cartesian_z_p1_1mm",97,0.14462304944406681,0.016829680552262957,"forearm_link|horseshoe_wall_29","wrist2_link|forearm_link"
"cartesian_z_p1_1mm",98,0.14629849180997842,0.016862472604238191,"forearm_link|horseshoe_wall_30","wrist2_link|forearm_link"
"cartesian_z_p1_1mm",99,0.14818683610897271,0.016893549528680184,"forearm_link|horseshoe_wall_31","wrist2_link|forearm_link"
"cartesian_z_p1_1mm",100,0.15015370599087324,0.016875347788346456,"forearm_link|horseshoe_wall_31","wrist2_link|forearm_link"
"cartesian_z_p1_1mm",101,0.1522447886451184,0.016839025785055008,"forearm_link|horseshoe_wall_32","wrist2_link|forearm_link"
"cartesian_z_p1_1mm",102,0.15444684127919173,0.01680579897791977,"forearm_link|horseshoe_wall_32","wrist2_link|forearm_link"
"cartesian_z_p1_1mm",103,0.15664536781249205,0.016775885039115406,"forearm_link|horseshoe_wall_33","wrist2_link|forearm_link"
"cartesian_z_p1_1mm",104,0.15891676382780415,0.016749371221722702,"forearm_link|horseshoe_wall_34","wrist2_link|forearm_link"
"cartesian_z_p1_1mm",105,0.16120631606504651,0.016726298530959898,"forearm_link|horseshoe_wall_34","wrist2_link|forearm_link"
"cartesian_z_p1_1mm",106,0.16347575640121123,0.016706704875413321,"forearm_link|horseshoe_wall_35","wrist2_link|forearm_link"
"cartesian_z_p1_1mm",107,0.16577842785654934,0.016690649352376935,"forearm_link|horseshoe_wall_36","wrist2_link|forearm_link"
"cartesian_z_p1_1mm",108,0.16803783454567389,0.016678226999782001,"forearm_link|horseshoe_wall_36","wrist2_link|forearm_link"
"cartesian_z_p1_1mm",109,0.17027166948790376,0.016674059038889119,"forearm_link|horseshoe_wall_37","wrist2_link|forearm_link"
"cartesian_z_p1_1mm",110,0.17251760664612625,0.016679767365213375,"forearm_link|horseshoe_wall_38","wrist2_link|forearm_link"
"cartesian_z_p1_1mm",111,0.17468903893153412,0.016694629139965032,"forearm_link|horseshoe_wall_38","wrist2_link|forearm_link"
"cartesian_z_p1_1mm",112,0.17685429638296393,0.016723309800686526,"forearm_link|horseshoe_wall_39","wrist2_link|forearm_link"
"cartesian_z_p1_1mm",113,0.17904649671971717,0.016718030505420159,"forearm_link|horseshoe_wall_39","wrist2_link|forearm_link"
"cartesian_z_p1_1mm",114,0.18116087273461662,0.016687766305035549,"forearm_link|horseshoe_wall_40","wrist2_link|forearm_link"
"cartesian_z_p1_1mm",115,0.18329945502077358,0.016661650801188935,"forearm_link|horseshoe_wall_41","wrist2_link|forearm_link"
"cartesian_z_p1_1mm",116,0.18544268481156065,0.016639906730762984,"forearm_link|horseshoe_wall_41","wrist2_link|forearm_link"
"cartesian_z_p1_1mm",117,0.18752198628466826,0.016628587377752586,"forearm_link|horseshoe_wall_42","wrist2_link|forearm_link"
"cartesian_z_p1_1mm",118,0.18961913377258496,0.016628756700903621,"forearm_link|horseshoe_wall_43","wrist2_link|forearm_link"
"cartesian_z_p1_1mm",119,0.19170573641537947,0.01663569475386471,"forearm_link|horseshoe_wall_43","wrist2_link|forearm_link"
"cartesian_z_p1_1mm",120,0.1937355602568569,0.016649060190571881,"forearm_link|horseshoe_wall_44","wrist2_link|forearm_link"
"cartesian_z_p1_1mm",121,0.19577761697191431,0.016672614183305196,"forearm_link|horseshoe_wall_45","wrist2_link|forearm_link"
"cartesian_z_p1_1mm",122,0.19779903205500254,0.016706199710027455,"forearm_link|horseshoe_wall_45","wrist2_link|forearm_link"
"cartesian_z_p1_1mm",123,0.1997660546176637,0.01674593171102497,"forearm_link|horseshoe_wall_46","wrist2_link|forearm_link"
"cartesian_z_p1_1mm",124,0.20000000000000001,0.016764303352022204,"base_link|tunnel_floor","wrist2_link|forearm_link"
"cartesian_z_p1_1mm",125,0.20000000000000001,0.016757194117939116,"base_link|tunnel_floor","wrist2_link|forearm_link"
"cartesian_z_p1_1mm",126,0.20000000000000001,0.016746389022801757,"base_link|tunnel_floor","wrist2_link|forearm_link"
"cartesian_z_p1_1mm",127,0.20000000000000001,0.016735555195493444,"base_link|tunnel_floor","wrist2_link|forearm_link"
"cartesian_z_p1_1mm",128,0.20000000000000001,0.016734416117540347,"base_link|tunnel_floor","wrist2_link|forearm_link"
"cartesian_z_p1_1mm",129,0.20000000000000001,0.016740169774852619,"base_link|tunnel_floor","wrist2_link|forearm_link"
"cartesian_z_p1_1mm",130,0.20000000000000001,0.016750032951833367,"base_link|tunnel_floor","wrist2_link|forearm_link"
"cartesian_z_p1_1mm",131,0.20000000000000001,0.016768084629883766,"base_link|tunnel_floor","wrist2_link|forearm_link"
"cartesian_z_p1_1mm",132,0.20000000000000001,0.016794186005033875,"base_link|tunnel_floor","wrist2_link|forearm_link"
"cartesian_z_p1_1mm",133,0.20000000000000001,0.016825921439414387,"base_link|tunnel_floor","wrist2_link|forearm_link"
"cartesian_z_p1_1mm",134,0.20000000000000001,0.016855478987095197,"base_link|tunnel_floor","wrist2_link|forearm_link"
"cartesian_z_p1_1mm",135,0.20000000000000001,0.016882330884754826,"base_link|tunnel_floor","wrist2_link|forearm_link"
"cartesian_z_p1_1mm",136,0.20000000000000001,0.01690656289700751,"base_link|tunnel_floor","wrist2_link|forearm_link"
"cartesian_z_p1_1mm",137,0.20000000000000001,0.016880948997918074,"base_link|tunnel_floor","wrist2_link|forearm_link"
"cartesian_z_p1_1mm",138,0.20000000000000001,0.016849194062412597,"base_link|tunnel_floor","wrist2_link|forearm_link"
"cartesian_z_p1_1mm",139,0.20000000000000001,0.016819276802748064,"base_link|tunnel_floor","wrist2_link|forearm_link"
"cartesian_z_p1_1mm",140,0.20000000000000001,0.016791268029865691,"base_link|tunnel_floor","wrist2_link|forearm_link"
"cartesian_z_p1_1mm",141,0.20000000000000001,0.016765298451336865,"base_link|tunnel_floor","wrist2_link|forearm_link"
"cartesian_z_p1_1mm",142,0.20000000000000001,0.016743422842628648,"base_link|tunnel_floor","wrist2_link|forearm_link"
"cartesian_z_p1_1mm",143,0.20000000000000001,0.016727454929303932,"base_link|tunnel_floor","wrist2_link|forearm_link"
"cartesian_z_p1_1mm",144,0.20000000000000001,0.016716200911604306,"base_link|tunnel_floor","wrist2_link|forearm_link"
"cartesian_z_p1_1mm",145,0.20000000000000001,0.016708706262145039,"base_link|tunnel_floor","wrist2_link|forearm_link"
"cartesian_z_p1_1mm",146,0.20000000000000001,0.016704270561508621,"base_link|tunnel_floor","wrist2_link|forearm_link"
"cartesian_z_p1_1mm",147,0.20000000000000001,0.016702437396993002,"base_link|tunnel_floor","wrist2_link|forearm_link"
"cartesian_z_p1_1mm",148,0.20000000000000001,0.016702980604356658,"base_link|tunnel_floor","wrist2_link|forearm_link"
"cartesian_z_p1_1mm",149,0.20000000000000001,0.0167058881671024,"base_link|tunnel_floor","wrist2_link|forearm_link"
"cartesian_z_p1_1mm",150,0.20000000000000001,0.016720034982221518,"base_link|tunnel_floor","wrist2_link|forearm_link"
"cartesian_z_p1_1mm",151,0.20000000000000001,0.016765178877235713,"base_link|tunnel_floor","wrist2_link|forearm_link"
"cartesian_z_p1_1mm",152,0.20000000000000001,0.016867289412232731,"base_link|tunnel_floor","wrist2_link|forearm_link"
"cartesian_z_p1_1mm",153,0.20000000000000001,0.016792679438796781,"base_link|tunnel_floor","wrist2_link|forearm_link"
"cartesian_z_p1_1mm",154,0.20000000000000001,0.016755888307212256,"base_link|tunnel_floor","wrist2_link|forearm_link"
"cartesian_z_p1_1mm",155,0.20000000000000001,0.016628987425037184,"base_link|tunnel_floor","wrist2_link|forearm_link"
"cartesian_z_p1_1mm",156,0.20000000000000001,0.016677224846495892,"base_link|tunnel_floor","wrist2_link|forearm_link"
"cartesian_z_p1_1mm",157,0.20000000000000001,0.01685810817910045,"base_link|tunnel_floor","wrist2_link|forearm_link"
"cartesian_z_p1_1mm",158,0.20000000000000001,0.016753043224847268,"base_link|tunnel_floor","wrist2_link|forearm_link"
"cartesian_z_p1_1mm",159,0.20000000000000001,0.01668060434764836,"base_link|tunnel_floor","wrist2_link|forearm_link"
"cartesian_z_p1_1mm",160,0.20000000000000001,0.016697698840650688,"base_link|tunnel_floor","wrist2_link|forearm_link"
"cartesian_z_p1_1mm",161,0.20000000000000001,0.016740283987661742,"base_link|tunnel_floor","wrist2_link|forearm_link"
"cartesian_z_p1_1mm",162,0.20000000000000001,0.016796689336014844,"base_link|tunnel_floor","wrist2_link|forearm_link"
"cartesian_z_p1_1mm",163,0.20000000000000001,0.016833196809895808,"base_link|tunnel_floor","wrist2_link|forearm_link"
"cartesian_z_p1_1mm",164,0.20000000000000001,0.016704612499346735,"base_link|tunnel_floor","wrist2_link|forearm_link"
"cartesian_z_p1_1mm",165,0.20000000000000001,0.016692126344364521,"base_link|tunnel_floor","wrist2_link|forearm_link"
"cartesian_z_p1_1mm",166,0.20000000000000001,0.016645601579373445,"base_link|tunnel_floor","wrist2_link|forearm_link"
"cartesian_z_p1_1mm",167,0.20000000000000001,0.016671388980336255,"base_link|tunnel_floor","wrist2_link|forearm_link"
"cartesian_z_p1_1mm",168,0.20000000000000001,0.016741230473196488,"base_link|tunnel_floor","wrist2_link|forearm_link"
"cartesian_z_p1_1mm",169,0.20000000000000001,0.01679266083959852,"base_link|tunnel_floor","wrist2_link|forearm_link"
"cartesian_z_p1_1mm",170,0.20000000000000001,0.01685771930724602,"base_link|tunnel_floor","wrist2_link|forearm_link"
"cartesian_z_p1_1mm",171,0.20000000000000001,0.016719950290634465,"base_link|tunnel_floor","wrist2_link|forearm_link"
"cartesian_z_p1_1mm",172,0.20000000000000001,0.016677377193773841,"base_link|tunnel_floor","wrist2_link|forearm_link"
"cartesian_z_p1_1mm",173,0.20000000000000001,0.016666577485252333,"base_link|tunnel_floor","wrist2_link|forearm_link"
"cartesian_z_p1_1mm",174,0.20000000000000001,0.016638166162782398,"base_link|tunnel_floor","wrist2_link|forearm_link"
"cartesian_z_p1_1mm",175,0.20000000000000001,0.016779103610283296,"base_link|tunnel_floor","wrist2_link|forearm_link"
"cartesian_z_p1_1mm",176,0.20000000000000001,0.016735906402961086,"base_link|tunnel_floor","wrist2_link|forearm_link"
"cartesian_z_p1_1mm",177,0.20000000000000001,0.016816350987220771,"base_link|tunnel_floor","wrist2_link|forearm_link"
"cartesian_z_p1_1mm",178,0.20000000000000001,0.016850196548761135,"base_link|tunnel_floor","wrist2_link|forearm_link"
"cartesian_z_p1_1mm",179,0.20000000000000001,0.016714678467705531,"base_link|tunnel_floor","wrist2_link|forearm_link"
"cartesian_z_p1_1mm",180,0.20000000000000001,0.016625515813286303,"base_link|tunnel_floor","wrist2_link|forearm_link"
"cartesian_x_m1_2mm",0,0.20000000000000001,0.016836332585723032,"base_link|tunnel_floor","wrist2_link|forearm_link"
"cartesian_x_m1_2mm",1,0.20000000000000001,0.016845881801387887,"base_link|tunnel_floor","wrist2_link|forearm_link"
"cartesian_x_m1_2mm",2,0.20000000000000001,0.016654625670177142,"base_link|tunnel_floor","wrist2_link|forearm_link"
"cartesian_x_m1_2mm",3,0.20000000000000001,0.016755178830541798,"base_link|tunnel_floor","wrist2_link|forearm_link"
"cartesian_x_m1_2mm",4,0.20000000000000001,0.016858740081537614,"base_link|tunnel_floor","wrist2_link|forearm_link"
"cartesian_x_m1_2mm",5,0.20000000000000001,0.016677991262512657,"base_link|tunnel_floor","wrist2_link|forearm_link"
"cartesian_x_m1_2mm",6,0.20000000000000001,0.016730034696398634,"base_link|tunnel_floor","wrist2_link|forearm_link"
"cartesian_x_m1_2mm",7,0.20000000000000001,0.016785710597003147,"base_link|tunnel_floor","wrist2_link|forearm_link"
"cartesian_x_m1_2mm",8,0.20000000000000001,0.016673184123179505,"base_link|tunnel_floor","wrist2_link|forearm_link"
"cartesian_x_m1_2mm",9,0.20000000000000001,0.016745431932222724,"base_link|tunnel_floor","wrist2_link|forearm_link"
"cartesian_x_m1_2mm",10,0.20000000000000001,0.016798758979881374,"base_link|tunnel_floor","wrist2_link|forearm_link"
"cartesian_x_m1_2mm",11,0.20000000000000001,0.016749644254308117,"base_link|tunnel_floor","wrist2_link|forearm_link"
"cartesian_x_m1_2mm",12,0.20000000000000001,0.016762608407093142,"base_link|tunnel_floor","wrist2_link|forearm_link"
"cartesian_x_m1_2mm",13,0.20000000000000001,0.016749646766677118,"base_link|tunnel_floor","wrist2_link|forearm_link"
"cartesian_x_m1_2mm",14,0.20000000000000001,0.016745471711788872,"base_link|tunnel_floor","wrist2_link|forearm_link"
"cartesian_x_m1_2mm",15,0.20000000000000001,0.016861323567134708,"base_link|tunnel_floor","wrist2_link|forearm_link"
"cartesian_x_m1_2mm",16,0.20000000000000001,0.016728433227166901,"base_link|tunnel_floor","wrist2_link|forearm_link"
"cartesian_x_m1_2mm",17,0.20000000000000001,0.016664069299234037,"base_link|tunnel_floor","wrist2_link|forearm_link"
"cartesian_x_m1_2mm",18,0.20000000000000001,0.016673066836163927,"base_link|tunnel_floor","wrist2_link|forearm_link"
"cartesian_x_m1_2mm",19,0.20000000000000001,0.016805169365115353,"base_link|tunnel_floor","wrist2_link|forearm_link"
"cartesian_x_m1_2mm",20,0.20000000000000001,0.016798809253798681,"base_link|tunnel_floor","wrist2_link|forearm_link"
"cartesian_x_m1_2mm",21,0.20000000000000001,0.016755001532162944,"base_link|tunnel_floor","wrist2_link|forearm_link"
"cartesian_x_m1_2mm",22,0.20000000000000001,0.01675981980595339,"base_link|tunnel_floor","wrist2_link|forearm_link"
"cartesian_x_m1_2mm",23,0.20000000000000001,0.016759821450909384,"base_link|tunnel_floor","wrist2_link|forearm_link"
"cartesian_x_m1_2mm",24,0.20000000000000001,0.016841068138253507,"base_link|tunnel_floor","wrist2_link|forearm_link"
"cartesian_x_m1_2mm",25,0.20000000000000001,0.016688956741291897,"base_link|tunnel_floor","wrist2_link|forearm_link"
"cartesian_x_m1_2mm",26,0.20000000000000001,0.016647261319545269,"base_link|tunnel_floor","wrist2_link|forearm_link"
"cartesian_x_m1_2mm",27,0.20000000000000001,0.016747077371085675,"base_link|tunnel_floor","wrist2_link|forearm_link"
"cartesian_x_m1_2mm",28,0.20000000000000001,0.016887705823989345,"base_link|tunnel_floor","wrist2_link|forearm_link"
"cartesian_x_m1_2mm",29,0.20000000000000001,0.016787130476166846,"base_link|tunnel_floor","wrist2_link|forearm_link"
"cartesian_x_m1_2mm",30,0.20000000000000001,0.016767413371568854,"base_link|tunnel_floor","wrist2_link|forearm_link"
"cartesian_x_m1_2mm",31,0.20000000000000001,0.016766940341707618,"base_link|tunnel_floor","wrist2_link|forearm_link"
"cartesian_x_m1_2mm",32,0.20000000000000001,0.016779520304699078,"base_link|tunnel_floor","wrist2_link|forearm_link"
"cartesian_x_m1_2mm",33,0.20000000000000001,0.016807626918423087,"base_link|tunnel_floor","wrist2_link|forearm_link"
"cartesian_x_m1_2mm",34,0.20000000000000001,0.016856518301548336,"base_link|tunnel_floor","wrist2_link|forearm_link"
"cartesian_x_m1_2mm",35,0.20000000000000001,0.016887707143092477,"base_link|tunnel_floor","wrist2_link|forearm_link"
"cartesian_x_m1_2mm",36,0.20000000000000001,0.016800168171638517,"base_link|tunnel_floor","forearm_link|wrist2_link"
"cartesian_x_m1_2mm",37,0.20000000000000001,0.0167380185408035,"base_link|tunnel_floor","forearm_link|wrist2_link"
"cartesian_x_m1_2mm",38,0.20000000000000001,0.016748972007709403,"base_link|tunnel_floor","forearm_link|wrist2_link"
"cartesian_x_m1_2mm",39,0.20000000000000001,0.016738470310770377,"base_link|tunnel_floor","forearm_link|wrist2_link"
"cartesian_x_m1_2mm",40,0.20000000000000001,0.01664622624845729,"base_link|tunnel_floor","forearm_link|wrist2_link"
"cartesian_x_m1_2mm",41,0.20000000000000001,0.016622393177706592,"base_link|tunnel_floor","forearm_link|wrist2_link"
"cartesian_x_m1_2mm",42,0.20000000000000001,0.016665826337000512,"base_link|tunnel_floor","forearm_link|wrist2_link"
"cartesian_x_m1_2mm",43,0.20000000000000001,0.016721580353003453,"base_link|tunnel_floor","forearm_link|wrist2_link"
"cartesian_x_m1_2mm",44,0.20000000000000001,0.016683396361388492,"base_link|tunnel_floor","forearm_link|wrist2_link"
"cartesian_x_m1_2mm",45,0.20000000000000001,0.016685100685354413,"base_link|tunnel_floor","forearm_link|wrist2_link"
"cartesian_x_m1_2mm",46,0.20000000000000001,0.016737348458076274,"base_link|tunnel_floor","forearm_link|wrist2_link"
"cartesian_x_m1_2mm",47,0.20000000000000001,0.016838601242961871,"base_link|tunnel_floor","forearm_link|wrist2_link"
"cartesian_x_m1_2mm",48,0.20000000000000001,0.016908271319413144,"base_link|tunnel_floor","forearm_link|wrist2_link"
"cartesian_x_m1_2mm",49,0.20000000000000001,0.016846234489084361,"base_link|tunnel_floor","forearm_link|wrist2_link"
"cartesian_x_m1_2mm",50,0.20000000000000001,0.016818148898975076,"base_link|tunnel_floor","forearm_link|wrist2_link"
"cartesian_x_m1_2mm",51,0.20000000000000001,0.016818438112244035,"base_link|tunnel_floor","forearm_link|wrist2_link"
"cartesian_x_m1_2mm",52,0.20000000000000001,0.016757404172249777,"base_link|tunnel_floor","forearm_link|wrist2_link"
"cartesian_x_m1_2mm",53,0.20000000000000001,0.016730655965211883,"base_link|tunnel_floor","forearm_link|wrist2_link"
"cartesian_x_m1_2mm",54,0.20000000000000001,0.016737441822990595,"base_link|tunnel_floor","forearm_link|wrist2_link"
"cartesian_x_m1_2mm",55,0.20000000000000001,0.016751910603457265,"base_link|tunnel_floor","forearm_link|wrist2_link"
"cartesian_x_m1_2mm",56,0.20000000000000001,0.016713271894822281,"base_link|tunnel_floor","wrist2_link|forearm_link"
"cartesian_x_m1_2mm",57,0.20000000000000001,0.016702820080770578,"base_link|tunnel_floor","wrist2_link|forearm_link"
"cartesian_x_m1_2mm",58,0.20000000000000001,0.01671923416747427,"base_link|tunnel_floor","wrist2_link|forearm_link"
"cartesian_x_m1_2mm",59,0.20000000000000001,0.016760921379985364,"base_link|tunnel_floor","wrist2_link|forearm_link"
"cartesian_x_m1_2mm",60,0.20000000000000001,0.016825929905389177,"base_link|tunnel_floor","wrist2_link|forearm_link"
"cartesian_x_m1_2mm",61,0.20000000000000001,0.016911861471818404,"base_link|tunnel_floor","wrist2_link|forearm_link"
"cartesian_x_m1_2mm",62,0.20000000000000001,0.016880438875660608,"base_link|tunnel_floor","wrist2_link|forearm_link"
"cartesian_x_m1_2mm",63,0.20000000000000001,0.016846276282168095,"base_link|tunnel_floor","wrist2_link|forearm_link"
"cartesian_x_m1_2mm",64,0.20000000000000001,0.016834766643236892,"base_link|tunnel_floor","wrist2_link|forearm_link"
"cartesian_x_m1_2mm",65,0.20000000000000001,0.016793766963662551,"base_link|tunnel_floor","wrist2_link|forearm_link"
"cartesian_x_m1_2mm",66,0.20000000000000001,0.016715511949419774,"base_link|tunnel_floor","wrist2_link|forearm_link"
"cartesian_x_m1_2mm",67,0.20000000000000001,0.016663519677058425,"base_link|tunnel_floor","wrist2_link|forearm_link"
"cartesian_x_m1_2mm",68,0.20000000000000001,0.016645596412517269,"base_link|tunnel_floor","wrist2_link|forearm_link"
"cartesian_x_m1_2mm",69,0.20000000000000001,0.016665406237809082,"base_link|tunnel_floor","wrist2_link|forearm_link"
"cartesian_x_m1_2mm",70,0.20000000000000001,0.01669540471914489,"base_link|tunnel_floor","wrist2_link|forearm_link"
"cartesian_x_m1_2mm",71,0.20000000000000001,0.016722810074165758,"base_link|tunnel_floor","wrist2_link|forearm_link"
"cartesian_x_m1_2mm",72,0.20000000000000001,0.016739683870105652,"base_link|tunnel_floor","wrist2_link|forearm_link"
"cartesian_x_m1_2mm",73,0.20000000000000001,0.016737193995601845,"base_link|tunnel_floor","wrist2_link|forearm_link"
"cartesian_x_m1_2mm",74,0.20000000000000001,0.016705850666460308,"base_link|tunnel_floor","wrist2_link|forearm_link"
"cartesian_x_m1_2mm",75,0.20000000000000001,0.016642274080057227,"base_link|tunnel_floor","wrist2_link|forearm_link"
"cartesian_x_m1_2mm",76,0.20000000000000001,0.016661228623500206,"base_link|tunnel_floor","wrist2_link|forearm_link"
"cartesian_x_m1_2mm",77,0.20000000000000001,0.016718625940290808,"base_link|tunnel_floor","wrist2_link|forearm_link"
"cartesian_x_m1_2mm",78,0.18698364610613893,0.016728513734380165,"upperarm_link|horseshoe_wall_30","wrist2_link|forearm_link"
"cartesian_x_m1_2mm",79,0.16561241478745795,0.016683923565569921,"upperarm_link|horseshoe_wall_29","wrist2_link|forearm_link"
"cartesian_x_m1_2mm",80,0.14570029738557355,0.016653047012563534,"upperarm_link|horseshoe_wall_29","wrist2_link|forearm_link"
"cartesian_x_m1_2mm",81,0.12773262826487497,0.016754797555003944,"upperarm_link|horseshoe_wall_29","wrist2_link|forearm_link"
"cartesian_x_m1_2mm",82,0.11235679607236222,0.016792974217704652,"upperarm_link|horseshoe_wall_28","wrist2_link|forearm_link"
"cartesian_x_m1_2mm",83,0.099792293882476846,0.016844842458617417,"upperarm_link|horseshoe_wall_26","wrist2_link|forearm_link"
"cartesian_x_m1_2mm",84,0.091245037495424786,0.016868687355888978,"upperarm_link|horseshoe_wall_26","wrist2_link|forearm_link"
"cartesian_x_m1_2mm",85,0.087717663202396573,0.016786070110987615,"upperarm_link|horseshoe_wall_25","wrist2_link|forearm_link"
"cartesian_x_m1_2mm",86,0.095699550841292017,0.016679775006225923,"upperarm_link|horseshoe_wall_24","wrist2_link|forearm_link"
"cartesian_x_m1_2mm",87,0.1021267943375852,0.016729622053100666,"upperarm_link|horseshoe_wall_24","wrist2_link|forearm_link"
"cartesian_x_m1_2mm",88,0.10980606021014459,0.016650897703284213,"upperarm_link|horseshoe_wall_25","wrist2_link|forearm_link"
"cartesian_x_m1_2mm",89,0.11868794609328702,0.016624357362019136,"upperarm_link|horseshoe_wall_25","wrist2_link|forearm_link"
"cartesian_x_m1_2mm",90,0.12797065801059351,0.016694063647197267,"forearm_link|horseshoe_wall_25","wrist2_link|forearm_link"
"cartesian_x_m1_2mm",91,0.13228327339808635,0.016753911399918324,"forearm_link|horseshoe_wall_25","wrist2_link|forearm_link"
"cartesian_x_m1_2mm",92,0.13716970918691238,0.016729903411596005,"forearm_link|horseshoe_wall_25","wrist2_link|forearm_link"
"cartesian_x_m1_2mm",93,0.14265212792287388,0.016745858880315607,"forearm_link|horseshoe_wall_25","wrist2_link|forearm_link"
"cartesian_x_m1_2mm",94,0.14577785975813032,0.016775483073667722,"forearm_link|horseshoe_wall_25","wrist2_link|forearm_link"
"cartesian_x_m1_2mm",95,0.14274356816072262,0.016757394335145472,"forearm_link|horseshoe_wall_26","wrist2_link|forearm_link"
"cartesian_x_m1_2mm",96,0.1433865588311268,0.016769918509296464,"forearm_link|horseshoe_wall_29","wrist2_link|forearm_link"
"cartesian_x_m1_2mm",97,0.14485884154505257,0.016797400067658501,"forearm_link|horseshoe_wall_29","wrist2_link|forearm_link"
"cartesian_x_m1_2mm",98,0.1466440632320791,0.016834239978870517,"forearm_link|horseshoe_wall_30","wrist2_link|forearm_link"
"cartesian_x_m1_2mm",99,0.14854252049741995,0.016868990959116589,"forearm_link|horseshoe_wall_31","wrist2_link|forearm_link"
"cartesian_x_m1_2mm",100,0.15059531853599062,0.016900276289710418,"forearm_link|horseshoe_wall_31","wrist2_link|forearm_link"
"cartesian_x_m1_2mm",101,0.15271518595882508,0.016866715913426859,"forearm_link|horseshoe_wall_32","wrist2_link|forearm_link"
"cartesian_x_m1_2mm",102,0.1549415224931153,0.01683049504698806,"forearm_link|horseshoe_wall_33","wrist2_link|forearm_link"
"cartesian_x_m1_2mm",103,0.15719090988324894,0.016797702419184501,"forearm_link|horseshoe_wall_33","wrist2_link|forearm_link"
"cartesian_x_m1_2mm",104,0.1594677892976149,0.01676838043696359,"forearm_link|horseshoe_wall_34","wrist2_link|forearm_link"
"cartesian_x_m1_2mm",105,0.16179960514863792,0.01674254000475596,"forearm_link|horseshoe_wall_35","wrist2_link|forearm_link"
"cartesian_x_m1_2mm",106,0.16407746794405725,0.016720196725307748,"forearm_link|horseshoe_wall_35","wrist2_link|forearm_link"
"cartesian_x_m1_2mm",107,0.16637293581125312,0.016701391929642727,"forearm_link|horseshoe_wall_36","wrist2_link|forearm_link"
"cartesian_x_m1_2mm",108,0.16868172044177471,0.016686205761564543,"forearm_link|horseshoe_wall_36","wrist2_link|forearm_link"
"cartesian_x_m1_2mm",109,0.17090432349136603,0.016675245755098225,"forearm_link|horseshoe_wall_37","wrist2_link|forearm_link"
"cartesian_x_m1_2mm",110,0.1731377974677222,0.016675380323827219,"forearm_link|horseshoe_wall_38","wrist2_link|forearm_link"
"cartesian_x_m1_2mm",111,0.17535683038874939,0.016683255677664863,"forearm_link|horseshoe_wall_38","wrist2_link|forearm_link"
"cartesian_x_m1_2mm",112,0.17750813042171024,0.016703454490556328,"forearm_link|horseshoe_wall_39","wrist2_link|forearm_link"
"cartesian_x_m1_2mm",113,0.17968673955951731,0.016734192987518007,"forearm_link|horseshoe_wall_40","wrist2_link|forearm_link"
"cartesian_x_m1_2mm",114,0.18184857895672429,0.016708006523526782,"forearm_link|horseshoe_wall_40","wrist2_link|forearm_link"
"cartesian_x_m1_2mm",115,0.18397274439240804,0.016679522300810126,"forearm_link|horseshoe_wall_41","wrist2_link|forearm_link"
"cartesian_x_m1_2mm",116,0.1861176334959127,0.016654895138349942,"forearm_link|horseshoe_wall_42","wrist2_link|forearm_link"
"cartesian_x_m1_2mm",117,0.1882296079626391,0.016635615621320831,"forearm_link|horseshoe_wall_42","wrist2_link|forearm_link"
"cartesian_x_m1_2mm",118,0.19031146129529589,0.016627470160777241,"forearm_link|horseshoe_wall_43","wrist2_link|forearm_link"
"cartesian_x_m1_2mm",119,0.19240791410172159,0.016630082540607858,"forearm_link|horseshoe_wall_44","wrist2_link|forearm_link"
"cartesian_x_m1_2mm",120,0.19446196262819451,0.016637722475478931,"forearm_link|horseshoe_wall_44","wrist2_link|forearm_link"
"cartesian_x_m1_2mm",121,0.19648731800589478,0.016653398582047427,"forearm_link|horseshoe_wall_45","wrist2_link|forearm_link"
"cartesian_x_m1_2mm",122,0.198521786675705,0.016679217098864465,"forearm_link|horseshoe_wall_46","wrist2_link|forearm_link"
"cartesian_x_m1_2mm",123,0.20000000000000001,0.016714913964314307,"base_link|tunnel_floor","wrist2_link|forearm_link"
"cartesian_x_m1_2mm",124,0.20000000000000001,0.0167554025222122,"base_link|tunnel_floor","wrist2_link|forearm_link"
"cartesian_x_m1_2mm",125,0.20000000000000001,0.016762827739973184,"base_link|tunnel_floor","wrist2_link|forearm_link"
"cartesian_x_m1_2mm",126,0.20000000000000001,0.016754726070630287,"base_link|tunnel_floor","wrist2_link|forearm_link"
"cartesian_x_m1_2mm",127,0.20000000000000001,0.016743021136855777,"base_link|tunnel_floor","wrist2_link|forearm_link"
"cartesian_x_m1_2mm",128,0.20000000000000001,0.016734349344361573,"base_link|tunnel_floor","wrist2_link|forearm_link"
"cartesian_x_m1_2mm",129,0.20000000000000001,0.016735298533178095,"base_link|tunnel_floor","wrist2_link|forearm_link"
"cartesian_x_m1_2mm",130,0.20000000000000001,0.016741418515917927,"base_link|tunnel_floor","wrist2_link|forearm_link"
"cartesian_x_m1_2mm",131,0.20000000000000001,0.016752565317614276,"base_link|tunnel_floor","wrist2_link|forearm_link"
"cartesian_x_m1_2mm",132,0.20000000000000001,0.016771914029731758,"base_link|tunnel_floor","wrist2_link|forearm_link"
"cartesian_x_m1_2mm",133,0.20000000000000001,0.016799290673707504,"base_link|tunnel_floor","wrist2_link|forearm_link"
"cartesian_x_m1_2mm",134,0.20000000000000001,0.016831067863126801,"base_link|tunnel_floor","wrist2_link|forearm_link"
"cartesian_x_m1_2mm",135,0.20000000000000001,0.016860323197236488,"base_link|tunnel_floor","wrist2_link|forearm_link"
"cartesian_x_m1_2mm",136,0.20000000000000001,0.016886972560587615,"base_link|tunnel_floor","wrist2_link|forearm_link"
"cartesian_x_m1_2mm",137,0.20000000000000001,0.016907922830229228,"base_link|tunnel_floor","wrist2_link|forearm_link"
"cartesian_x_m1_2mm",138,0.20000000000000001,0.016874076769581872,"base_link|tunnel_floor","wrist2_link|forearm_link"
"cartesian_x_m1_2mm",139,0.20000000000000001,0.016842030362366336,"base_link|tunnel_floor","wrist2_link|forearm_link"
"cartesian_x_m1_2mm",140,0.20000000000000001,0.016811846498701752,"base_link|tunnel_floor","wrist2_link|forearm_link"
"cartesian_x_m1_2mm",141,0.20000000000000001,0.0167836487610343,"base_link|tunnel_floor","wrist2_link|forearm_link"
"cartesian_x_m1_2mm",142,0.20000000000000001,0.016759674665813691,"base_link|tunnel_floor","wrist2_link|forearm_link"
"cartesian_x_m1_2mm",143,0.20000000000000001,0.016741991560422206,"base_link|tunnel_floor","wrist2_link|forearm_link"
"cartesian_x_m1_2mm",144,0.20000000000000001,0.016729397478234438,"base_link|tunnel_floor","wrist2_link|forearm_link"
"cartesian_x_m1_2mm",145,0.20000000000000001,0.016720927294007717,"base_link|tunnel_floor","wrist2_link|forearm_link"
"cartesian_x_m1_2mm",146,0.20000000000000001,0.016715869626584459,"base_link|tunnel_floor","wrist2_link|forearm_link"
"cartesian_x_m1_2mm",147,0.20000000000000001,0.016713756927980872,"base_link|tunnel_floor","wrist2_link|forearm_link"
"cartesian_x_m1_2mm",148,0.20000000000000001,0.016714351835180937,"base_link|tunnel_floor","wrist2_link|forearm_link"
"cartesian_x_m1_2mm",149,0.20000000000000001,0.016717631101426305,"base_link|tunnel_floor","wrist2_link|forearm_link"
"cartesian_x_m1_2mm",150,0.20000000000000001,0.016733520562925871,"base_link|tunnel_floor","wrist2_link|forearm_link"
"cartesian_x_m1_2mm",151,0.20000000000000001,0.016783151534854851,"base_link|tunnel_floor","wrist2_link|forearm_link"
"cartesian_x_m1_2mm",152,0.20000000000000001,0.016892659280283735,"base_link|tunnel_floor","wrist2_link|forearm_link"
"cartesian_x_m1_2mm",153,0.20000000000000001,0.016771430808974881,"base_link|tunnel_floor","wrist2_link|forearm_link"
"cartesian_x_m1_2mm",154,0.20000000000000001,0.016761698584989642,"base_link|tunnel_floor","wrist2_link|forearm_link"
"cartesian_x_m1_2mm",155,0.20000000000000001,0.016636093792166358,"base_link|tunnel_floor","wrist2_link|forearm_link"
"cartesian_x_m1_2mm",156,0.20000000000000001,0.016684373351549372,"base_link|tunnel_floor","wrist2_link|forearm_link"
"cartesian_x_m1_2mm",157,0.20000000000000001,0.016834241131871611,"base_link|tunnel_floor","wrist2_link|forearm_link"
"cartesian_x_m1_2mm",158,0.20000000000000001,0.016759129506973568,"base_link|tunnel_floor","wrist2_link|forearm_link"
"cartesian_x_m1_2mm",159,0.20000000000000001,0.01666166292838012,"base_link|tunnel_floor","wrist2_link|forearm_link"
"cartesian_x_m1_2mm",160,0.20000000000000001,0.016676064891998958,"base_link|tunnel_floor","wrist2_link|forearm_link"
"cartesian_x_m1_2mm",161,0.20000000000000001,0.01674799899649811,"base_link|tunnel_floor","wrist2_link|forearm_link"
"cartesian_x_m1_2mm",162,0.20000000000000001,0.016777674652518816,"base_link|tunnel_floor","wrist2_link|forearm_link"
"cartesian_x_m1_2mm",163,0.20000000000000001,0.016852290990349721,"base_link|tunnel_floor","wrist2_link|forearm_link"
"cartesian_x_m1_2mm",164,0.20000000000000001,0.016713899108866285,"base_link|tunnel_floor","wrist2_link|forearm_link"
"cartesian_x_m1_2mm",165,0.20000000000000001,0.016684195867248012,"base_link|tunnel_floor","wrist2_link|forearm_link"
"cartesian_x_m1_2mm",166,0.20000000000000001,0.016656694465376896,"base_link|tunnel_floor","wrist2_link|forearm_link"
"cartesian_x_m1_2mm",167,0.20000000000000001,0.016657982362464702,"base_link|tunnel_floor","wrist2_link|forearm_link"
"cartesian_x_m1_2mm",168,0.20000000000000001,0.016747478859233611,"base_link|tunnel_floor","wrist2_link|forearm_link"
"cartesian_x_m1_2mm",169,0.20000000000000001,0.016777844349279328,"base_link|tunnel_floor","wrist2_link|forearm_link"
"cartesian_x_m1_2mm",170,0.20000000000000001,0.016873616180614674,"base_link|tunnel_floor","wrist2_link|forearm_link"
"cartesian_x_m1_2mm",171,0.20000000000000001,0.016728401111337929,"base_link|tunnel_floor","wrist2_link|forearm_link"
"cartesian_x_m1_2mm",172,0.20000000000000001,0.016675265393416301,"base_link|tunnel_floor","wrist2_link|forearm_link"
"cartesian_x_m1_2mm",173,0.20000000000000001,0.016676343773829039,"base_link|tunnel_floor","wrist2_link|forearm_link"
"cartesian_x_m1_2mm",174,0.20000000000000001,0.016633806901496878,"base_link|tunnel_floor","wrist2_link|forearm_link"
"cartesian_x_m1_2mm",175,0.20000000000000001,0.0167677695128431,"base_link|tunnel_floor","wrist2_link|forearm_link"
"cartesian_x_m1_2mm",176,0.20000000000000001,0.016734169599143776,"base_link|tunnel_floor","wrist2_link|forearm_link"
"cartesian_x_m1_2mm",177,0.20000000000000001,0.016810453289117372,"base_link|tunnel_floor","wrist2_link|forearm_link"
"cartesian_x_m1_2mm",178,0.20000000000000001,0.016852654326960637,"base_link|tunnel_floor","wrist2_link|forearm_link"
"cartesian_x_m1_2mm",179,0.20000000000000001,0.016723769742080289,"base_link|tunnel_floor","wrist2_link|forearm_link"
"cartesian_x_m1_2mm",180,0.20000000000000001,0.016626830913785345,"base_link|tunnel_floor","wrist2_link|forearm_link"
"cartesian_x_p1_2mm",0,0.20000000000000001,0.016836332585723032,"base_link|tunnel_floor","wrist2_link|forearm_link"
"cartesian_x_p1_2mm",1,0.20000000000000001,0.016845881801387887,"base_link|tunnel_floor","wrist2_link|forearm_link"
"cartesian_x_p1_2mm",2,0.20000000000000001,0.016654625670177142,"base_link|tunnel_floor","wrist2_link|forearm_link"
"cartesian_x_p1_2mm",3,0.20000000000000001,0.016755178830541798,"base_link|tunnel_floor","wrist2_link|forearm_link"
"cartesian_x_p1_2mm",4,0.20000000000000001,0.016858740081537614,"base_link|tunnel_floor","wrist2_link|forearm_link"
"cartesian_x_p1_2mm",5,0.20000000000000001,0.016677991262512657,"base_link|tunnel_floor","wrist2_link|forearm_link"
"cartesian_x_p1_2mm",6,0.20000000000000001,0.016730034696398634,"base_link|tunnel_floor","wrist2_link|forearm_link"
"cartesian_x_p1_2mm",7,0.20000000000000001,0.016785710597003147,"base_link|tunnel_floor","wrist2_link|forearm_link"
"cartesian_x_p1_2mm",8,0.20000000000000001,0.016673184123179505,"base_link|tunnel_floor","wrist2_link|forearm_link"
"cartesian_x_p1_2mm",9,0.20000000000000001,0.016745431932222724,"base_link|tunnel_floor","wrist2_link|forearm_link"
"cartesian_x_p1_2mm",10,0.20000000000000001,0.016798758979881374,"base_link|tunnel_floor","wrist2_link|forearm_link"
"cartesian_x_p1_2mm",11,0.20000000000000001,0.016749644254308117,"base_link|tunnel_floor","wrist2_link|forearm_link"
"cartesian_x_p1_2mm",12,0.20000000000000001,0.016762608407093142,"base_link|tunnel_floor","wrist2_link|forearm_link"
"cartesian_x_p1_2mm",13,0.20000000000000001,0.016749646766677118,"base_link|tunnel_floor","wrist2_link|forearm_link"
"cartesian_x_p1_2mm",14,0.20000000000000001,0.016745471711788872,"base_link|tunnel_floor","wrist2_link|forearm_link"
"cartesian_x_p1_2mm",15,0.20000000000000001,0.016861323567134708,"base_link|tunnel_floor","wrist2_link|forearm_link"
"cartesian_x_p1_2mm",16,0.20000000000000001,0.016729348461079343,"base_link|tunnel_floor","wrist2_link|forearm_link"
"cartesian_x_p1_2mm",17,0.20000000000000001,0.016655772327602399,"base_link|tunnel_floor","wrist2_link|forearm_link"
"cartesian_x_p1_2mm",18,0.20000000000000001,0.016670197338349832,"base_link|tunnel_floor","wrist2_link|forearm_link"
"cartesian_x_p1_2mm",19,0.20000000000000001,0.016813173031973355,"base_link|tunnel_floor","wrist2_link|forearm_link"
"cartesian_x_p1_2mm",20,0.20000000000000001,0.016815961156960657,"base_link|tunnel_floor","wrist2_link|forearm_link"
"cartesian_x_p1_2mm",21,0.20000000000000001,0.016732444217396284,"base_link|tunnel_floor","wrist2_link|forearm_link"
"cartesian_x_p1_2mm",22,0.20000000000000001,0.016758292171587759,"base_link|tunnel_floor","wrist2_link|forearm_link"
"cartesian_x_p1_2mm",23,0.20000000000000001,0.016736255095978116,"base_link|tunnel_floor","wrist2_link|forearm_link"
"cartesian_x_p1_2mm",24,0.20000000000000001,0.016858730282192539,"base_link|tunnel_floor","wrist2_link|forearm_link"
"cartesian_x_p1_2mm",25,0.20000000000000001,0.016673155301075843,"base_link|tunnel_floor","wrist2_link|forearm_link"
"cartesian_x_p1_2mm",26,0.20000000000000001,0.016643773197601793,"base_link|tunnel_floor","wrist2_link|forearm_link"
"cartesian_x_p1_2mm",27,0.20000000000000001,0.016742330813401055,"base_link|tunnel_floor","wrist2_link|forearm_link"
"cartesian_x_p1_2mm",28,0.20000000000000001,0.016911959601086417,"base_link|tunnel_floor","wrist2_link|forearm_link"
"cartesian_x_p1_2mm",29,0.20000000000000001,0.016797144355215596,"base_link|tunnel_floor","wrist2_link|forearm_link"
"cartesian_x_p1_2mm",30,0.20000000000000001,0.016772898876348231,"base_link|tunnel_floor","wrist2_link|forearm_link"
"cartesian_x_p1_2mm",31,0.20000000000000001,0.016770828019796725,"base_link|tunnel_floor","wrist2_link|forearm_link"
"cartesian_x_p1_2mm",32,0.20000000000000001,0.016783560925601539,"base_link|tunnel_floor","wrist2_link|forearm_link"
"cartesian_x_p1_2mm",33,0.20000000000000001,0.016813193979939647,"base_link|tunnel_floor","wrist2_link|forearm_link"
"cartesian_x_p1_2mm",34,0.20000000000000001,0.016864513663067827,"base_link|tunnel_floor","wrist2_link|forearm_link"
"cartesian_x_p1_2mm",35,0.20000000000000001,0.016903710494664752,"base_link|tunnel_floor","wrist2_link|forearm_link"
"cartesian_x_p1_2mm",36,0.20000000000000001,0.016827253822124695,"base_link|tunnel_floor","forearm_link|wrist2_link"
"cartesian_x_p1_2mm",37,0.20000000000000001,0.016745620444826241,"base_link|tunnel_floor","forearm_link|wrist2_link"
"cartesian_x_p1_2mm",38,0.20000000000000001,0.016730965083449324,"base_link|tunnel_floor","forearm_link|wrist2_link"
"cartesian_x_p1_2mm",39,0.20000000000000001,0.016759586141427404,"base_link|tunnel_floor","forearm_link|wrist2_link"
"cartesian_x_p1_2mm",40,0.20000000000000001,0.016684663397803522,"base_link|tunnel_floor","forearm_link|wrist2_link"
"cartesian_x_p1_2mm",41,0.20000000000000001,0.016632362888555952,"base_link|tunnel_floor","forearm_link|wrist2_link"
"cartesian_x_p1_2mm",42,0.20000000000000001,0.016642107471375154,"base_link|tunnel_floor","forearm_link|wrist2_link"
"cartesian_x_p1_2mm",43,0.20000000000000001,0.016710630279364775,"base_link|tunnel_floor","forearm_link|wrist2_link"
"cartesian_x_p1_2mm",44,0.20000000000000001,0.016705838763275031,"base_link|tunnel_floor","forearm_link|wrist2_link"
"cartesian_x_p1_2mm",45,0.20000000000000001,0.016696854060559728,"base_link|tunnel_floor","forearm_link|wrist2_link"
"cartesian_x_p1_2mm",46,0.20000000000000001,0.016719918390637488,"base_link|tunnel_floor","forearm_link|wrist2_link"
"cartesian_x_p1_2mm",47,0.20000000000000001,0.016788002204219894,"base_link|tunnel_floor","forearm_link|wrist2_link"
"cartesian_x_p1_2mm",48,0.20000000000000001,0.016904627091275527,"base_link|tunnel_floor","forearm_link|wrist2_link"
"cartesian_x_p1_2mm",49,0.20000000000000001,0.016867075212077438,"base_link|tunnel_floor","forearm_link|wrist2_link"
"cartesian_x_p1_2mm",50,0.20000000000000001,0.016833266242494382,"base_link|tunnel_floor","forearm_link|wrist2_link"
"cartesian_x_p1_2mm",51,0.20000000000000001,0.016830446047262592,"base_link|tunnel_floor","forearm_link|wrist2_link"
"cartesian_x_p1_2mm",52,0.20000000000000001,0.01676214721219044,"base_link|tunnel_floor","forearm_link|wrist2_link"
"cartesian_x_p1_2mm",53,0.20000000000000001,0.016725911186320452,"base_link|tunnel_floor","forearm_link|wrist2_link"
"cartesian_x_p1_2mm",54,0.20000000000000001,0.016721076997961451,"base_link|tunnel_floor","forearm_link|wrist2_link"
"cartesian_x_p1_2mm",55,0.20000000000000001,0.016746860742740344,"base_link|tunnel_floor","forearm_link|wrist2_link"
"cartesian_x_p1_2mm",56,0.20000000000000001,0.016711371959625236,"base_link|tunnel_floor","forearm_link|wrist2_link"
"cartesian_x_p1_2mm",57,0.20000000000000001,0.01668509741064339,"base_link|tunnel_floor","wrist2_link|forearm_link"
"cartesian_x_p1_2mm",58,0.20000000000000001,0.016685931221922475,"base_link|tunnel_floor","wrist2_link|forearm_link"
"cartesian_x_p1_2mm",59,0.20000000000000001,0.016710994830077725,"base_link|tunnel_floor","wrist2_link|forearm_link"
"cartesian_x_p1_2mm",60,0.20000000000000001,0.016758606766351974,"base_link|tunnel_floor","wrist2_link|forearm_link"
"cartesian_x_p1_2mm",61,0.20000000000000001,0.016826691716589345,"base_link|tunnel_floor","wrist2_link|forearm_link"
"cartesian_x_p1_2mm",62,0.20000000000000001,0.016912700625420708,"base_link|tunnel_floor","wrist2_link|forearm_link"
"cartesian_x_p1_2mm",63,0.20000000000000001,0.016876300790259962,"base_link|tunnel_floor","wrist2_link|forearm_link"
"cartesian_x_p1_2mm",64,0.20000000000000001,0.016844563007488909,"base_link|tunnel_floor","wrist2_link|forearm_link"
"cartesian_x_p1_2mm",65,0.20000000000000001,0.016831395625802915,"base_link|tunnel_floor","wrist2_link|forearm_link"
"cartesian_x_p1_2mm",66,0.20000000000000001,0.016758992940721588,"base_link|tunnel_floor","wrist2_link|forearm_link"
"cartesian_x_p1_2mm",67,0.20000000000000001,0.016713925937474384,"base_link|tunnel_floor","wrist2_link|forearm_link"
"cartesian_x_p1_2mm",68,0.20000000000000001,0.016702386246263756,"base_link|tunnel_floor","wrist2_link|forearm_link"
"cartesian_x_p1_2mm",69,0.20000000000000001,0.016707063084307736,"base_link|tunnel_floor","wrist2_link|forearm_link"
"cartesian_x_p1_2mm",70,0.20000000000000001,0.016718273462535731,"base_link|tunnel_floor","wrist2_link|forearm_link"
"cartesian_x_p1_2mm",71,0.20000000000000001,0.016729722017382303,"base_link|tunnel_floor","wrist2_link|forearm_link"
"cartesian_x_p1_2mm",72,0.20000000000000001,0.016734225151185379,"base_link|tunnel_floor","wrist2_link|forearm_link"
"cartesian_x_p1_2mm",73,0.20000000000000001,0.016723746708375665,"base_link|tunnel_floor","wrist2_link|forearm_link"
"cartesian_x_p1_2mm",74,0.20000000000000001,0.016689568002035526,"base_link|tunnel_floor","wrist2_link|forearm_link"
"cartesian_x_p1_2mm",75,0.20000000000000001,0.016631379975250857,"base_link|tunnel_floor","wrist2_link|forearm_link"
"cartesian_x_p1_2mm",76,0.20000000000000001,0.016653441954978167,"base_link|tunnel_floor","wrist2_link|forearm_link"
"cartesian_x_p1_2mm",77,0.20000000000000001,0.016712782359401299,"base_link|tunnel_floor","wrist2_link|forearm_link"
"cartesian_x_p1_2mm",78,0.20000000000000001,0.016730781650482019,"base_link|tunnel_floor","wrist2_link|forearm_link"
"cartesian_x_p1_2mm",79,0.18373790698407869,0.016700009300300148,"upperarm_link|horseshoe_wall_30","wrist2_link|forearm_link"
"cartesian_x_p1_2mm",80,0.16260963700456388,0.016652882306068022,"upperarm_link|horseshoe_wall_29","wrist2_link|forearm_link"
"cartesian_x_p1_2mm",81,0.14305295499830248,0.016757298378275162,"upperarm_link|horseshoe_wall_29","wrist2_link|forearm_link"
"cartesian_x_p1_2mm",82,0.12545236074020127,0.01677015850986948,"upperarm_link|horseshoe_wall_29","wrist2_link|forearm_link"
"cartesian_x_p1_2mm",83,0.110359789440537,0.016836749802468201,"upperarm_link|horseshoe_wall_28","wrist2_link|forearm_link"
"cartesian_x_p1_2mm",84,0.098293411567142566,0.01687182620251208,"upperarm_link|horseshoe_wall_26","wrist2_link|forearm_link"
"cartesian_x_p1_2mm",85,0.09050082527320806,0.016820746973477085,"upperarm_link|horseshoe_wall_26","wrist2_link|forearm_link"
"cartesian_x_p1_2mm",86,0.088348157236530583,0.016722828645724375,"upperarm_link|horseshoe_wall_25","wrist2_link|forearm_link"
"cartesian_x_p1_2mm",87,0.09743136150168244,0.016722567511342545,"upperarm_link|horseshoe_wall_24","wrist2_link|forearm_link"
"cartesian_x_p1_2mm",88,0.10406505080090071,0.016660785293850726,"upperarm_link|horseshoe_wall_25","wrist2_link|forearm_link"
"cartesian_x_p1_2mm",89,0.11191517376574071,0.016622957076065658,"upperarm_link|horseshoe_wall_25","wrist2_link|forearm_link"
"cartesian_x_p1_2mm",90,0.12107794008538848,0.016692848330171942,"upperarm_link|horseshoe_wall_25","wrist2_link|forearm_link"
"cartesian_x_p1_2mm",91,0.12914950446927237,0.016753444293982008,"forearm_link|horseshoe_wall_25","wrist2_link|forearm_link"
"cartesian_x_p1_2mm",92,0.13365762403925846,0.016728715119429839,"forearm_link|horseshoe_wall_25","wrist2_link|forearm_link"
"cartesian_x_p1_2mm",93,0.13863180691469229,0.016752870627829767,"forearm_link|horseshoe_wall_25","wrist2_link|forearm_link"
"cartesian_x_p1_2mm",94,0.14416265270178436,0.016820222493057403,"forearm_link|horseshoe_wall_25","wrist2_link|forearm_link"
"cartesian_x_p1_2mm",95,0.14511512998105527,0.016838715332740086,"forearm_link|horseshoe_wall_26","wrist2_link|forearm_link"
"cartesian_x_p1_2mm",96,0.14319729858049615,0.016829428192602556,"forearm_link|horseshoe_wall_28","wrist2_link|forearm_link"
"cartesian_x_p1_2mm",97,0.14406790642770395,0.016853760223457966,"forearm_link|horseshoe_wall_29","wrist2_link|forearm_link"
"cartesian_x_p1_2mm",98,0.14559784438144441,0.016882044810878464,"forearm_link|horseshoe_wall_30","wrist2_link|forearm_link"
"cartesian_x_p1_2mm",99,0.14742204778969339,0.016890629863244872,"forearm_link|horseshoe_wall_30","wrist2_link|forearm_link"
"cartesian_x_p1_2mm",100,0.14931915506779916,0.016854942217146895,"forearm_link|horseshoe_wall_31","wrist2_link|forearm_link"
"cartesian_x_p1_2mm",101,0.15139112909827318,0.016821368822478911,"forearm_link|horseshoe_wall_32","wrist2_link|forearm_link"
"cartesian_x_p1_2mm",102,0.15352194529203764,0.016790586839230275,"forearm_link|horseshoe_wall_32","wrist2_link|forearm_link"
"cartesian_x_p1_2mm",103,0.15572393154203398,0.016762911734359755,"forearm_link|horseshoe_wall_33","wrist2_link|forearm_link"
"cartesian_x_p1_2mm",104,0.15799940747819782,0.016738483695110287,"forearm_link|horseshoe_wall_33","wrist2_link|forearm_link"
"cartesian_x_p1_2mm",105,0.16024118282742625,0.016717376445174764,"forearm_link|horseshoe_wall_34","wrist2_link|forearm_link"
"cartesian_x_p1_2mm",106,0.16253236260571652,0.016699650097182439,"forearm_link|horseshoe_wall_35","wrist2_link|forearm_link"
"cartesian_x_p1_2mm",107,0.1648249409429578,0.016685379802024412,"forearm_link|horseshoe_wall_35","wrist2_link|forearm_link"
"cartesian_x_p1_2mm",108,0.16707267067497947,0.016675223003273551,"forearm_link|horseshoe_wall_36","wrist2_link|forearm_link"
"cartesian_x_p1_2mm",109,0.1693386676567728,0.016675756824911975,"forearm_link|horseshoe_wall_37","wrist2_link|forearm_link"
"cartesian_x_p1_2mm",110,0.17156044308652951,0.016683476686623691,"forearm_link|horseshoe_wall_37","wrist2_link|forearm_link"
"cartesian_x_p1_2mm",111,0.17374294797146417,0.016703050696481186,"forearm_link|horseshoe_wall_38","wrist2_link|forearm_link"
"cartesian_x_p1_2mm",112,0.17594175889706495,0.016734476777767487,"forearm_link|horseshoe_wall_39","wrist2_link|forearm_link"
"cartesian_x_p1_2mm",113,0.17808985444013914,0.016707298655407481,"forearm_link|horseshoe_wall_39","wrist2_link|forearm_link"
"cartesian_x_p1_2mm",114,0.18023761339829039,0.016678544134236403,"forearm_link|horseshoe_wall_40","wrist2_link|forearm_link"
"cartesian_x_p1_2mm",115,0.18240930104228342,0.016653834815285807,"forearm_link|horseshoe_wall_41","wrist2_link|forearm_link"
"cartesian_x_p1_2mm",116,0.18450972585387629,0.016634906836149821,"forearm_link|horseshoe_wall_41","wrist2_link|forearm_link"
"cartesian_x_p1_2mm",117,0.18662215263281809,0.016627512356572734,"forearm_link|horseshoe_wall_42","wrist2_link|forearm_link"
"cartesian_x_p1_2mm",118,0.18874911047783219,0.016630879773593951,"forearm_link|horseshoe_wall_42","wrist2_link|forearm_link"
"cartesian_x_p1_2mm",119,0.1907975715433653,0.016639052957690068,"forearm_link|horseshoe_wall_43","wrist2_link|forearm_link"
"cartesian_x_p1_2mm",120,0.19286065604328287,0.016655567341924117,"forearm_link|horseshoe_wall_44","wrist2_link|forearm_link"
"cartesian_x_p1_2mm",121,0.1949263583646737,0.016682013026210724,"forearm_link|horseshoe_wall_44","wrist2_link|forearm_link"
"cartesian_x_p1_2mm",122,0.19691775924602847,0.016717893958855055,"forearm_link|horseshoe_wall_45","wrist2_link|forearm_link"
"cartesian_x_p1_2mm",123,0.19891855219442539,0.01675799322711936,"forearm_link|horseshoe_wall_46","wrist2_link|forearm_link"
"cartesian_x_p1_2mm",124,0.20000000000000001,0.016762807202972678,"base_link|tunnel_floor","wrist2_link|forearm_link"
"cartesian_x_p1_2mm",125,0.20000000000000001,0.016754834259047481,"base_link|tunnel_floor","wrist2_link|forearm_link"
"cartesian_x_p1_2mm",126,0.20000000000000001,0.01674323066687235,"base_link|tunnel_floor","wrist2_link|forearm_link"
"cartesian_x_p1_2mm",127,0.20000000000000001,0.016734449200487739,"base_link|tunnel_floor","wrist2_link|forearm_link"
"cartesian_x_p1_2mm",128,0.20000000000000001,0.016735617505037412,"base_link|tunnel_floor","wrist2_link|forearm_link"
"cartesian_x_p1_2mm",129,0.20000000000000001,0.01674198719683306,"base_link|tunnel_floor","wrist2_link|forearm_link"
"cartesian_x_p1_2mm",130,0.20000000000000001,0.016753548121205337,"base_link|tunnel_floor","wrist2_link|forearm_link"
"cartesian_x_p1_2mm",131,0.20000000000000001,0.016773247206020837,"base_link|tunnel_floor","wrist2_link|forearm_link"
"cartesian_x_p1_2mm",132,0.20000000000000001,0.01680076639013129,"base_link|tunnel_floor","wrist2_link|forearm_link"
"cartesian_x_p1_2mm",133,0.20000000000000001,0.016832110786938238,"base_link|tunnel_floor","wrist2_link|forearm_link"
"cartesian_x_p1_2mm",134,0.20000000000000001,0.016860777879693083,"base_link|tunnel_floor","wrist2_link|forearm_link"
"cartesian_x_p1_2mm",135,0.20000000000000001,0.016886802587142397,"base_link|tunnel_floor","wrist2_link|forearm_link"
"cartesian_x_p1_2mm",136,0.20000000000000001,0.016908735749814833,"base_link|tunnel_floor","wrist2_link|forearm_link"
"cartesian_x_p1_2mm",137,0.20000000000000001,0.016875960204794462,"base_link|tunnel_floor","wrist2_link|forearm_link"
"cartesian_x_p1_2mm",138,0.20000000000000001,0.01684496089385365,"base_link|tunnel_floor","wrist2_link|forearm_link"
"cartesian_x_p1_2mm",139,0.20000000000000001,0.016815749257971066,"base_link|tunnel_floor","wrist2_link|forearm_link"
"cartesian_x_p1_2mm",140,0.20000000000000001,0.016788394870077109,"base_link|tunnel_floor","wrist2_link|forearm_link"
"cartesian_x_p1_2mm",141,0.20000000000000001,0.016763026559853803,"base_link|tunnel_floor","wrist2_link|forearm_link"
"cartesian_x_p1_2mm",142,0.20000000000000001,0.016741674347752387,"base_link|tunnel_floor","wrist2_link|forearm_link"
"cartesian_x_p1_2mm",143,0.20000000000000001,0.01672613047776278,"base_link|tunnel_floor","wrist2_link|forearm_link"
"cartesian_x_p1_2mm",144,0.20000000000000001,0.016715218176622804,"base_link|tunnel_floor","wrist2_link|forearm_link"
"cartesian_x_p1_2mm",145,0.20000000000000001,0.01670800040013504,"base_link|tunnel_floor","wrist2_link|forearm_link"
"cartesian_x_p1_2mm",146,0.20000000000000001,0.016703794428913982,"base_link|tunnel_floor","wrist2_link|forearm_link"
"cartesian_x_p1_2mm",147,0.20000000000000001,0.01670216182397679,"base_link|tunnel_floor","wrist2_link|forearm_link"
"cartesian_x_p1_2mm",148,0.20000000000000001,0.016702894777466604,"base_link|tunnel_floor","wrist2_link|forearm_link"
"cartesian_x_p1_2mm",149,0.20000000000000001,0.016706000166635454,"base_link|tunnel_floor","wrist2_link|forearm_link"
"cartesian_x_p1_2mm",150,0.20000000000000001,0.016720393054689572,"base_link|tunnel_floor","wrist2_link|forearm_link"
"cartesian_x_p1_2mm",151,0.20000000000000001,0.016765989356886203,"base_link|tunnel_floor","wrist2_link|forearm_link"
"cartesian_x_p1_2mm",152,0.20000000000000001,0.016869020443111393,"base_link|tunnel_floor","wrist2_link|forearm_link"
"cartesian_x_p1_2mm",153,0.20000000000000001,0.01679006632140715,"base_link|tunnel_floor","wrist2_link|forearm_link"
"cartesian_x_p1_2mm",154,0.20000000000000001,0.016757009545603711,"base_link|tunnel_floor","wrist2_link|forearm_link"
"cartesian_x_p1_2mm",155,0.20000000000000001,0.016630126201813724,"base_link|tunnel_floor","wrist2_link|forearm_link"
"cartesian_x_p1_2mm",156,0.20000000000000001,0.016679208181144638,"base_link|tunnel_floor","wrist2_link|forearm_link"
"cartesian_x_p1_2mm",157,0.20000000000000001,0.016848854953593059,"base_link|tunnel_floor","wrist2_link|forearm_link"
"cartesian_x_p1_2mm",158,0.20000000000000001,0.016756524234265661,"base_link|tunnel_floor","wrist2_link|forearm_link"
"cartesian_x_p1_2mm",159,0.20000000000000001,0.016668464928992602,"base_link|tunnel_floor","wrist2_link|forearm_link"
"cartesian_x_p1_2mm",160,0.20000000000000001,0.016682512374823339,"base_link|tunnel_floor","wrist2_link|forearm_link"
"cartesian_x_p1_2mm",161,0.20000000000000001,0.01674601859989687,"base_link|tunnel_floor","wrist2_link|forearm_link"
"cartesian_x_p1_2mm",162,0.20000000000000001,0.016782466379005028,"base_link|tunnel_floor","wrist2_link|forearm_link"
"cartesian_x_p1_2mm",163,0.20000000000000001,0.01684718207768646,"base_link|tunnel_floor","wrist2_link|forearm_link"
"cartesian_x_p1_2mm",164,0.20000000000000001,0.01671174465034438,"base_link|tunnel_floor","wrist2_link|forearm_link"
"cartesian_x_p1_2mm",165,0.20000000000000001,0.016685635589511978,"base_link|tunnel_floor","wrist2_link|forearm_link"
"cartesian_x_p1_2mm",166,0.20000000000000001,0.01665494712519848,"base_link|tunnel_floor","wrist2_link|forearm_link"
"cartesian_x_p1_2mm",167,0.20000000000000001,0.016659722318861005,"base_link|tunnel_floor","wrist2_link|forearm_link"
"cartesian_x_p1_2mm",168,0.20000000000000001,0.016747046331503972,"base_link|tunnel_floor","wrist2_link|forearm_link"
"cartesian_x_p1_2mm",169,0.20000000000000001,0.016778720657557516,"base_link|tunnel_floor","wrist2_link|forearm_link"
"cartesian_x_p1_2mm",170,0.20000000000000001,0.01687299012177389,"base_link|tunnel_floor","wrist2_link|forearm_link"
"cartesian_x_p1_2mm",171,0.20000000000000001,0.016728608002528511,"base_link|tunnel_floor","wrist2_link|forearm_link"
"cartesian_x_p1_2mm",172,0.20000000000000001,0.016675209543411028,"base_link|tunnel_floor","wrist2_link|forearm_link"
"cartesian_x_p1_2mm",173,0.20000000000000001,0.01667783872623246,"base_link|tunnel_floor","wrist2_link|forearm_link"
"cartesian_x_p1_2mm",174,0.20000000000000001,0.016633228082358845,"base_link|tunnel_floor","wrist2_link|forearm_link"
"cartesian_x_p1_2mm",175,0.20000000000000001,0.016764615434317509,"base_link|tunnel_floor","wrist2_link|forearm_link"
"cartesian_x_p1_2mm",176,0.20000000000000001,0.016733717798200255,"base_link|tunnel_floor","wrist2_link|forearm_link"
"cartesian_x_p1_2mm",177,0.20000000000000001,0.016807853972326672,"base_link|tunnel_floor","wrist2_link|forearm_link"
"cartesian_x_p1_2mm",178,0.20000000000000001,0.016852741496250552,"base_link|tunnel_floor","wrist2_link|forearm_link"
"cartesian_x_p1_2mm",179,0.20000000000000001,0.016729481726879949,"base_link|tunnel_floor","wrist2_link|forearm_link"
"cartesian_x_p1_2mm",180,0.20000000000000001,0.016628407609600427,"base_link|tunnel_floor","wrist2_link|forearm_link"
"cartesian_z_m1_2mm",0,0.20000000000000001,0.016836332585723032,"base_link|tunnel_floor","wrist2_link|forearm_link"
"cartesian_z_m1_2mm",1,0.20000000000000001,0.016845881801387887,"base_link|tunnel_floor","wrist2_link|forearm_link"
"cartesian_z_m1_2mm",2,0.20000000000000001,0.016654625670177142,"base_link|tunnel_floor","wrist2_link|forearm_link"
"cartesian_z_m1_2mm",3,0.20000000000000001,0.016755178830541798,"base_link|tunnel_floor","wrist2_link|forearm_link"
"cartesian_z_m1_2mm",4,0.20000000000000001,0.016858740081537614,"base_link|tunnel_floor","wrist2_link|forearm_link"
"cartesian_z_m1_2mm",5,0.20000000000000001,0.016677991262512657,"base_link|tunnel_floor","wrist2_link|forearm_link"
"cartesian_z_m1_2mm",6,0.20000000000000001,0.016730034696398634,"base_link|tunnel_floor","wrist2_link|forearm_link"
"cartesian_z_m1_2mm",7,0.20000000000000001,0.016785710597003147,"base_link|tunnel_floor","wrist2_link|forearm_link"
"cartesian_z_m1_2mm",8,0.20000000000000001,0.016673184123179505,"base_link|tunnel_floor","wrist2_link|forearm_link"
"cartesian_z_m1_2mm",9,0.20000000000000001,0.016745431932222724,"base_link|tunnel_floor","wrist2_link|forearm_link"
"cartesian_z_m1_2mm",10,0.20000000000000001,0.016798758979881374,"base_link|tunnel_floor","wrist2_link|forearm_link"
"cartesian_z_m1_2mm",11,0.20000000000000001,0.016749644254308117,"base_link|tunnel_floor","wrist2_link|forearm_link"
"cartesian_z_m1_2mm",12,0.20000000000000001,0.016762608407093142,"base_link|tunnel_floor","wrist2_link|forearm_link"
"cartesian_z_m1_2mm",13,0.20000000000000001,0.016749646766677118,"base_link|tunnel_floor","wrist2_link|forearm_link"
"cartesian_z_m1_2mm",14,0.20000000000000001,0.016745471711788872,"base_link|tunnel_floor","wrist2_link|forearm_link"
"cartesian_z_m1_2mm",15,0.20000000000000001,0.016861323567134708,"base_link|tunnel_floor","wrist2_link|forearm_link"
"cartesian_z_m1_2mm",16,0.20000000000000001,0.016703310040608238,"base_link|tunnel_floor","wrist2_link|forearm_link"
"cartesian_z_m1_2mm",17,0.20000000000000001,0.01668887422668067,"base_link|tunnel_floor","wrist2_link|forearm_link"
"cartesian_z_m1_2mm",18,0.20000000000000001,0.016678729467343875,"base_link|tunnel_floor","wrist2_link|forearm_link"
"cartesian_z_m1_2mm",19,0.20000000000000001,0.016842433093975442,"base_link|tunnel_floor","wrist2_link|forearm_link"
"cartesian_z_m1_2mm",20,0.20000000000000001,0.016772816072542288,"base_link|tunnel_floor","wrist2_link|forearm_link"
"cartesian_z_m1_2mm",21,0.20000000000000001,0.016753621356318065,"base_link|tunnel_floor","wrist2_link|forearm_link"
"cartesian_z_m1_2mm",22,0.20000000000000001,0.016726140516944602,"base_link|tunnel_floor","wrist2_link|forearm_link"
"cartesian_z_m1_2mm",23,0.20000000000000001,0.016757081073195738,"base_link|tunnel_floor","wrist2_link|forearm_link"
"cartesian_z_m1_2mm",24,0.20000000000000001,0.016813368114222293,"base_link|tunnel_floor","wrist2_link|forearm_link"
"cartesian_z_m1_2mm",25,0.20000000000000001,0.016690913458629358,"base_link|tunnel_floor","wrist2_link|forearm_link"
"cartesian_z_m1_2mm",26,0.20000000000000001,0.016632834371690414,"base_link|tunnel_floor","wrist2_link|forearm_link"
"cartesian_z_m1_2mm",27,0.20000000000000001,0.016735332579172955,"base_link|tunnel_floor","wrist2_link|forearm_link"
"cartesian_z_m1_2mm",28,0.20000000000000001,0.01689908837113414,"base_link|tunnel_floor","wrist2_link|forearm_link"
"cartesian_z_m1_2mm",29,0.20000000000000001,0.016814007299625299,"base_link|tunnel_floor","wrist2_link|forearm_link"
"cartesian_z_m1_2mm",30,0.20000000000000001,0.016789670690350228,"base_link|tunnel_floor","wrist2_link|forearm_link"
"cartesian_z_m1_2mm",31,0.20000000000000001,0.016787854129983123,"base_link|tunnel_floor","wrist2_link|forearm_link"
"cartesian_z_m1_2mm",32,0.20000000000000001,0.016801153928134509,"base_link|tunnel_floor","wrist2_link|forearm_link"
"cartesian_z_m1_2mm",33,0.20000000000000001,0.016831795420463543,"base_link|tunnel_floor","wrist2_link|forearm_link"
"cartesian_z_m1_2mm",34,0.20000000000000001,0.016884750258801123,"base_link|tunnel_floor","wrist2_link|forearm_link"
"cartesian_z_m1_2mm",35,0.20000000000000001,0.016875708127930034,"base_link|tunnel_floor","wrist2_link|forearm_link"
"cartesian_z_m1_2mm",36,0.20000000000000001,0.01679053841035049,"base_link|tunnel_floor","wrist2_link|forearm_link"
"cartesian_z_m1_2mm",37,0.20000000000000001,0.016733744330567964,"base_link|tunnel_floor","forearm_link|wrist2_link"
"cartesian_z_m1_2mm",38,0.20000000000000001,0.016745257704128852,"base_link|tunnel_floor","forearm_link|wrist2_link"
"cartesian_z_m1_2mm",39,0.20000000000000001,0.016733435896690681,"base_link|tunnel_floor","forearm_link|wrist2_link"
"cartesian_z_m1_2mm",40,0.20000000000000001,0.016648187447788454,"base_link|tunnel_floor","forearm_link|wrist2_link"
"cartesian_z_m1_2mm",41,0.20000000000000001,0.016624680641949635,"base_link|tunnel_floor","forearm_link|wrist2_link"
"cartesian_z_m1_2mm",42,0.20000000000000001,0.016662484229847591,"base_link|tunnel_floor","forearm_link|wrist2_link"
"cartesian_z_m1_2mm",43,0.20000000000000001,0.016722738675995177,"base_link|tunnel_floor","forearm_link|wrist2_link"
"cartesian_z_m1_2mm",44,0.20000000000000001,0.016689998354088326,"base_link|tunnel_floor","forearm_link|wrist2_link"
"cartesian_z_m1_2mm",45,0.20000000000000001,0.016689828516520924,"base_link|tunnel_floor","forearm_link|wrist2_link"
"cartesian_z_m1_2mm",46,0.20000000000000001,0.016736474993666983,"base_link|tunnel_floor","forearm_link|wrist2_link"
"cartesian_z_m1_2mm",47,0.20000000000000001,0.016833932878401937,"base_link|tunnel_floor","forearm_link|wrist2_link"
"cartesian_z_m1_2mm",48,0.20000000000000001,0.016907698971365719,"base_link|tunnel_floor","forearm_link|wrist2_link"
"cartesian_z_m1_2mm",49,0.20000000000000001,0.016849404185915882,"base_link|tunnel_floor","forearm_link|wrist2_link"
"cartesian_z_m1_2mm",50,0.20000000000000001,0.016823664049994764,"base_link|tunnel_floor","forearm_link|wrist2_link"
"cartesian_z_m1_2mm",51,0.20000000000000001,0.016814232511716556,"base_link|tunnel_floor","forearm_link|wrist2_link"
"cartesian_z_m1_2mm",52,0.20000000000000001,0.016754753982297779,"base_link|tunnel_floor","forearm_link|wrist2_link"
"cartesian_z_m1_2mm",53,0.20000000000000001,0.016728252719757135,"base_link|tunnel_floor","forearm_link|wrist2_link"
"cartesian_z_m1_2mm",54,0.20000000000000001,0.016734017934053359,"base_link|tunnel_floor","forearm_link|wrist2_link"
"cartesian_z_m1_2mm",55,0.20000000000000001,0.016749674227291855,"base_link|tunnel_floor","forearm_link|wrist2_link"
"cartesian_z_m1_2mm",56,0.20000000000000001,0.016709080598268554,"base_link|tunnel_floor","wrist2_link|forearm_link"
"cartesian_z_m1_2mm",57,0.20000000000000001,0.016695745004363757,"base_link|tunnel_floor","wrist2_link|forearm_link"
"cartesian_z_m1_2mm",58,0.20000000000000001,0.016708435775813012,"base_link|tunnel_floor","wrist2_link|forearm_link"
"cartesian_z_m1_2mm",59,0.20000000000000001,0.016745670095032826,"base_link|tunnel_floor","wrist2_link|forearm_link"
"cartesian_z_m1_2mm",60,0.20000000000000001,0.01680562964727416,"base_link|tunnel_floor","wrist2_link|forearm_link"
"cartesian_z_m1_2mm",61,0.20000000000000001,0.016886075484156261,"base_link|tunnel_floor","wrist2_link|forearm_link"
"cartesian_z_m1_2mm",62,0.20000000000000001,0.016894804205845659,"base_link|tunnel_floor","wrist2_link|forearm_link"
"cartesian_z_m1_2mm",63,0.20000000000000001,0.016854849458887735,"base_link|tunnel_floor","wrist2_link|forearm_link"
"cartesian_z_m1_2mm",64,0.20000000000000001,0.016837163510599776,"base_link|tunnel_floor","wrist2_link|forearm_link"
"cartesian_z_m1_2mm",65,0.20000000000000001,0.016800681223864439,"base_link|tunnel_floor","wrist2_link|forearm_link"
"cartesian_z_m1_2mm",66,0.20000000000000001,0.016723218336772781,"base_link|tunnel_floor","wrist2_link|forearm_link"
"cartesian_z_m1_2mm",67,0.20000000000000001,0.016674468614599355,"base_link|tunnel_floor","wrist2_link|forearm_link"
"cartesian_z_m1_2mm",68,0.20000000000000001,0.016659713131730921,"base_link|tunnel_floor","wrist2_link|forearm_link"
"cartesian_z_m1_2mm",69,0.20000000000000001,0.016676911379127607,"base_link|tunnel_floor","wrist2_link|forearm_link"
"cartesian_z_m1_2mm",70,0.20000000000000001,0.016700866653904186,"base_link|tunnel_floor","wrist2_link|forearm_link"
"cartesian_z_m1_2mm",71,0.20000000000000001,0.016723449744471378,"base_link|tunnel_floor","wrist2_link|forearm_link"
"cartesian_z_m1_2mm",72,0.20000000000000001,0.016737090898074163,"base_link|tunnel_floor","wrist2_link|forearm_link"
"cartesian_z_m1_2mm",73,0.20000000000000001,0.016733341111732022,"base_link|tunnel_floor","wrist2_link|forearm_link"
"cartesian_z_m1_2mm",74,0.20000000000000001,0.016703072050370815,"base_link|tunnel_floor","wrist2_link|forearm_link"
"cartesian_z_m1_2mm",75,0.20000000000000001,0.016641317089971675,"base_link|tunnel_floor","wrist2_link|forearm_link"
"cartesian_z_m1_2mm",76,0.20000000000000001,0.016653728510046446,"base_link|tunnel_floor","wrist2_link|forearm_link"
"cartesian_z_m1_2mm",77,0.20000000000000001,0.016714152429968647,"base_link|tunnel_floor","wrist2_link|forearm_link"
"cartesian_z_m1_2mm",78,0.19624391518695383,0.016729887202982078,"upperarm_link|horseshoe_wall_30","wrist2_link|forearm_link"
"cartesian_z_m1_2mm",79,0.1743587824416383,0.016693651917170704,"upperarm_link|horseshoe_wall_30","wrist2_link|forearm_link"
"cartesian_z_m1_2mm",80,0.15374262711632192,0.016647273129964568,"upperarm_link|horseshoe_wall_29","wrist2_link|forearm_link"
"cartesian_z_m1_2mm",81,0.13498611116148734,0.016757407748539604,"upperarm_link|horseshoe_wall_29","wrist2_link|forearm_link"
"cartesian_z_m1_2mm",82,0.11834418660861303,0.016780066323105091,"upperarm_link|horseshoe_wall_28","wrist2_link|forearm_link"
"cartesian_z_m1_2mm",83,0.10436552588177223,0.016839209393258336,"upperarm_link|horseshoe_wall_26","wrist2_link|forearm_link"
"cartesian_z_m1_2mm",84,0.094005012954215539,0.016868098864278029,"upperarm_link|horseshoe_wall_26","wrist2_link|forearm_link"
"cartesian_z_m1_2mm",85,0.088150578684101422,0.016809304769872791,"upperarm_link|horseshoe_wall_25","wrist2_link|forearm_link"
"cartesian_z_m1_2mm",86,0.090024977398209194,0.016703656942666862,"upperarm_link|horseshoe_wall_25","wrist2_link|forearm_link"
"cartesian_z_m1_2mm",87,0.099273411211443022,0.016722258179150108,"upperarm_link|horseshoe_wall_24","wrist2_link|forearm_link"
"cartesian_z_m1_2mm",88,0.10640549961947177,0.016659348684097224,"upperarm_link|horseshoe_wall_24","wrist2_link|forearm_link"
"cartesian_z_m1_2mm",89,0.11486390336044383,0.016622816573935936,"upperarm_link|horseshoe_wall_25","wrist2_link|forearm_link"
"cartesian_z_m1_2mm",90,0.12452093578819391,0.016689106140977711,"upperarm_link|horseshoe_wall_25","wrist2_link|forearm_link"
"cartesian_z_m1_2mm",91,0.13026282972599701,0.016755218279157526,"forearm_link|horseshoe_wall_25","wrist2_link|forearm_link"
"cartesian_z_m1_2mm",92,0.13495676723656325,0.016729821869904377,"forearm_link|horseshoe_wall_25","wrist2_link|forearm_link"
"cartesian_z_m1_2mm",93,0.14025362683809936,0.016745847580970391,"forearm_link|horseshoe_wall_25","wrist2_link|forearm_link"
"cartesian_z_m1_2mm",94,0.14602666920343138,0.016804641394577952,"forearm_link|horseshoe_wall_25","wrist2_link|forearm_link"
"cartesian_z_m1_2mm",95,0.14288817871590226,0.016779883522766399,"forearm_link|horseshoe_wall_26","wrist2_link|forearm_link"
"cartesian_z_m1_2mm",96,0.14279015750216115,0.016789262095206783,"forearm_link|horseshoe_wall_28","wrist2_link|forearm_link"
"cartesian_z_m1_2mm",97,0.14396181103095668,0.016817765146069294,"forearm_link|horseshoe_wall_29","wrist2_link|forearm_link"
"cartesian_z_m1_2mm",98,0.14565186633924937,0.016851131591071759,"forearm_link|horseshoe_wall_30","wrist2_link|forearm_link"
"cartesian_z_m1_2mm",99,0.14755727773926075,0.016883025380430714,"forearm_link|horseshoe_wall_30","wrist2_link|forearm_link"
"cartesian_z_m1_2mm",100,0.14951888747976971,0.016889177508456123,"forearm_link|horseshoe_wall_31","wrist2_link|forearm_link"
"cartesian_z_m1_2mm",101,0.15163290373896735,0.016852201470972099,"forearm_link|horseshoe_wall_32","wrist2_link|forearm_link"
"cartesian_z_m1_2mm",102,0.15382747398261287,0.016818186670997982,"forearm_link|horseshoe_wall_32","wrist2_link|forearm_link"
"cartesian_z_m1_2mm",103,0.15605234141159033,0.016787360407268855,"forearm_link|horseshoe_wall_33","wrist2_link|forearm_link"
"cartesian_z_m1_2mm",104,0.1583519594536705,0.016759813980314703,"forearm_link|horseshoe_wall_34","wrist2_link|forearm_link"
"cartesian_z_m1_2mm",105,0.16063840020544035,0.016735589060571696,"forearm_link|horseshoe_wall_34","wrist2_link|forearm_link"
"cartesian_z_m1_2mm",106,0.16293832171428438,0.016714721954910985,"forearm_link|horseshoe_wall_35","wrist2_link|forearm_link"
"cartesian_z_m1_2mm",107,0.1652725707911446,0.016697268519043774,"forearm_link|horseshoe_wall_36","wrist2_link|forearm_link"
"cartesian_z_m1_2mm",108,0.16753237115799352,0.016683319310850441,"forearm_link|horseshoe_wall_36","wrist2_link|forearm_link"
"cartesian_z_m1_2mm",109,0.16979799335423029,0.016674294204562012,"forearm_link|horseshoe_wall_37","wrist2_link|forearm_link"
"cartesian_z_m1_2mm",110,0.17206935452207084,0.016676610872545707,"forearm_link|horseshoe_wall_37","wrist2_link|forearm_link"
"cartesian_z_m1_2mm",111,0.17424918207974258,0.016685998219341035,"forearm_link|horseshoe_wall_38","wrist2_link|forearm_link"
"cartesian_z_m1_2mm",112,0.17644402302775369,0.016708422098586823,"forearm_link|horseshoe_wall_39","wrist2_link|forearm_link"
"cartesian_z_m1_2mm",113,0.17864230813527851,0.01673490279683653,"forearm_link|horseshoe_wall_39","wrist2_link|forearm_link"
"cartesian_z_m1_2mm",114,0.1807858330174143,0.01670326260408965,"forearm_link|horseshoe_wall_40","wrist2_link|forearm_link"
"cartesian_z_m1_2mm",115,0.18295253006448692,0.016675737240575299,"forearm_link|horseshoe_wall_41","wrist2_link|forearm_link"
"cartesian_z_m1_2mm",116,0.18510547440175304,0.016651961232657719,"forearm_link|horseshoe_wall_41","wrist2_link|forearm_link"
"cartesian_z_m1_2mm",117,0.18721244660357805,0.016634109756885101,"forearm_link|horseshoe_wall_42","wrist2_link|forearm_link"
"cartesian_z_m1_2mm",118,0.18933618856232809,0.016627355503484792,"forearm_link|horseshoe_wall_43","wrist2_link|forearm_link"
"cartesian_z_m1_2mm",119,0.19143610975969899,0.016630806525509117,"forearm_link|horseshoe_wall_43","wrist2_link|forearm_link"
"cartesian_z_m1_2mm",120,0.19349198273258869,0.016638789925187698,"forearm_link|horseshoe_wall_44","wrist2_link|forearm_link"
"cartesian_z_m1_2mm",121,0.19555892513837922,0.016654982291676185,"forearm_link|horseshoe_wall_45","wrist2_link|forearm_link"
"cartesian_z_m1_2mm",122,0.19759711231202148,0.016681002585617818,"forearm_link|horseshoe_wall_45","wrist2_link|forearm_link"
"cartesian_z_m1_2mm",123,0.19958829136322995,0.016716534348558302,"forearm_link|horseshoe_wall_46","wrist2_link|forearm_link"
"cartesian_z_m1_2mm",124,0.20000000000000001,0.016756542355498828,"base_link|tunnel_floor","wrist2_link|forearm_link"
"cartesian_z_m1_2mm",125,0.20000000000000001,0.01676286641044639,"base_link|tunnel_floor","wrist2_link|forearm_link"
"cartesian_z_m1_2mm",126,0.20000000000000001,0.01675488639924334,"base_link|tunnel_floor","wrist2_link|forearm_link"
"cartesian_z_m1_2mm",127,0.20000000000000001,0.016743410094333291,"base_link|tunnel_floor","wrist2_link|forearm_link"
"cartesian_z_m1_2mm",128,0.20000000000000001,0.016734580617034488,"base_link|tunnel_floor","wrist2_link|forearm_link"
"cartesian_z_m1_2mm",129,0.20000000000000001,0.016735090609853693,"base_link|tunnel_floor","wrist2_link|forearm_link"
"cartesian_z_m1_2mm",130,0.20000000000000001,0.016741014298983156,"base_link|tunnel_floor","wrist2_link|forearm_link"
"cartesian_z_m1_2mm",131,0.20000000000000001,0.016751316841579166,"base_link|tunnel_floor","wrist2_link|forearm_link"
"cartesian_z_m1_2mm",132,0.20000000000000001,0.016769510753740668,"base_link|tunnel_floor","wrist2_link|forearm_link"
"cartesian_z_m1_2mm",133,0.20000000000000001,0.016795466212421062,"base_link|tunnel_floor","wrist2_link|forearm_link"
"cartesian_z_m1_2mm",134,0.20000000000000001,0.016826726757384607,"base_link|tunnel_floor","wrist2_link|forearm_link"
"cartesian_z_m1_2mm",135,0.20000000000000001,0.016855905653241649,"base_link|tunnel_floor","wrist2_link|forearm_link"
"cartesian_z_m1_2mm",136,0.20000000000000001,0.016882579860730676,"base_link|tunnel_floor","wrist2_link|forearm_link"
"cartesian_z_m1_2mm",137,0.20000000000000001,0.016906786394267726,"base_link|tunnel_floor","wrist2_link|forearm_link"
"cartesian_z_m1_2mm",138,0.20000000000000001,0.01688046088255293,"base_link|tunnel_floor","wrist2_link|forearm_link"
"cartesian_z_m1_2mm",139,0.20000000000000001,0.016848436585022341,"base_link|tunnel_floor","wrist2_link|forearm_link"
"cartesian_z_m1_2mm",140,0.20000000000000001,0.016818173201828799,"base_link|tunnel_floor","wrist2_link|forearm_link"
"cartesian_z_m1_2mm",141,0.20000000000000001,0.01678978777485942,"base_link|tunnel_floor","wrist2_link|forearm_link"
"cartesian_z_m1_2mm",142,0.20000000000000001,0.016765575032662631,"base_link|tunnel_floor","wrist2_link|forearm_link"
"cartesian_z_m1_2mm",143,0.20000000000000001,0.016747701357741413,"base_link|tunnel_floor","wrist2_link|forearm_link"
"cartesian_z_m1_2mm",144,0.20000000000000001,0.016734986576956611,"base_link|tunnel_floor","wrist2_link|forearm_link"
"cartesian_z_m1_2mm",145,0.20000000000000001,0.0167264868272551,"base_link|tunnel_floor","wrist2_link|forearm_link"
"cartesian_z_m1_2mm",146,0.20000000000000001,0.016721512162965971,"base_link|tunnel_floor","wrist2_link|forearm_link"
"cartesian_z_m1_2mm",147,0.20000000000000001,0.016719616823602044,"base_link|tunnel_floor","wrist2_link|forearm_link"
"cartesian_z_m1_2mm",148,0.20000000000000001,0.01672058580045965,"base_link|tunnel_floor","wrist2_link|forearm_link"
"cartesian_z_m1_2mm",149,0.20000000000000001,0.016724419010104553,"base_link|tunnel_floor","wrist2_link|forearm_link"
"cartesian_z_m1_2mm",150,0.20000000000000001,0.016741650367764687,"base_link|tunnel_floor","wrist2_link|forearm_link"
"cartesian_z_m1_2mm",151,0.20000000000000001,0.01679436883158469,"base_link|tunnel_floor","wrist2_link|forearm_link"
"cartesian_z_m1_2mm",152,0.20000000000000001,0.016909199652891262,"base_link|tunnel_floor","wrist2_link|forearm_link"
"cartesian_z_m1_2mm",153,0.20000000000000001,0.016759955571579506,"base_link|tunnel_floor","wrist2_link|forearm_link"
"cartesian_z_m1_2mm",154,0.20000000000000001,0.016764970120674672,"base_link|tunnel_floor","wrist2_link|forearm_link"
"cartesian_z_m1_2mm",155,0.20000000000000001,0.016646526662135293,"base_link|tunnel_floor","wrist2_link|forearm_link"
"cartesian_z_m1_2mm",156,0.20000000000000001,0.016692817931536832,"base_link|tunnel_floor","wrist2_link|forearm_link"
"cartesian_z_m1_2mm",157,0.20000000000000001,0.016805366590039381,"base_link|tunnel_floor","wrist2_link|forearm_link"
"cartesian_z_m1_2mm",158,0.20000000000000001,0.016764614531221324,"base_link|tunnel_floor","wrist2_link|forearm_link"
"cartesian_z_m1_2mm",159,0.20000000000000001,0.016642670311689169,"base_link|tunnel_floor","wrist2_link|forearm_link"
"cartesian_z_m1_2mm",160,0.20000000000000001,0.016651202800715352,"base_link|tunnel_floor","wrist2_link|forearm_link"
"cartesian_z_m1_2mm",161,0.20000000000000001,0.016757927301427545,"base_link|tunnel_floor","wrist2_link|forearm_link"
"cartesian_z_m1_2mm",162,0.20000000000000001,0.016754916280372366,"base_link|tunnel_floor","wrist2_link|forearm_link"
"cartesian_z_m1_2mm",163,0.20000000000000001,0.016885517417076886,"base_link|tunnel_floor","wrist2_link|forearm_link"
"cartesian_z_m1_2mm",164,0.20000000000000001,0.016731676288735453,"base_link|tunnel_floor","wrist2_link|forearm_link"
"cartesian_z_m1_2mm",165,0.20000000000000001,0.016677020134053141,"base_link|tunnel_floor","wrist2_link|forearm_link"
"cartesian_z_m1_2mm",166,0.20000000000000001,0.016678411241333985,"base_link|tunnel_floor","wrist2_link|forearm_link"
"cartesian_z_m1_2mm",167,0.20000000000000001,0.01664074208875262,"base_link|tunnel_floor","wrist2_link|forearm_link"
"cartesian_z_m1_2mm",168,0.20000000000000001,0.016757118861495803,"base_link|tunnel_floor","wrist2_link|forearm_link"
"cartesian_z_m1_2mm",169,0.20000000000000001,0.016755846855906264,"base_link|tunnel_floor","wrist2_link|forearm_link"
"cartesian_z_m1_2mm",170,0.20000000000000001,0.016906567239222497,"base_link|tunnel_floor","wrist2_link|forearm_link"
"cartesian_z_m1_2mm",171,0.20000000000000001,0.016747526214778419,"base_link|tunnel_floor","wrist2_link|forearm_link"
"cartesian_z_m1_2mm",172,0.20000000000000001,0.016672829117765006,"base_link|tunnel_floor","wrist2_link|forearm_link"
"cartesian_z_m1_2mm",173,0.20000000000000001,0.016699767046898101,"base_link|tunnel_floor","wrist2_link|forearm_link"
"cartesian_z_m1_2mm",174,0.20000000000000001,0.016628228505746648,"base_link|tunnel_floor","wrist2_link|forearm_link"
"cartesian_z_m1_2mm",175,0.20000000000000001,0.016738359119713872,"base_link|tunnel_floor","wrist2_link|forearm_link"
"cartesian_z_m1_2mm",176,0.20000000000000001,0.016732176322969475,"base_link|tunnel_floor","wrist2_link|forearm_link"
"cartesian_z_m1_2mm",177,0.20000000000000001,0.016792885519453876,"base_link|tunnel_floor","wrist2_link|forearm_link"
"cartesian_z_m1_2mm",178,0.20000000000000001,0.01685173292303168,"base_link|tunnel_floor","wrist2_link|forearm_link"
"cartesian_z_m1_2mm",179,0.20000000000000001,0.016751892791739467,"base_link|tunnel_floor","wrist2_link|forearm_link"
"cartesian_z_m1_2mm",180,0.20000000000000001,0.016636599125749798,"base_link|tunnel_floor","wrist2_link|forearm_link"
"cartesian_z_p1_2mm",0,0.20000000000000001,0.016836332585723032,"base_link|tunnel_floor","wrist2_link|forearm_link"
"cartesian_z_p1_2mm",1,0.20000000000000001,0.016845881801387887,"base_link|tunnel_floor","wrist2_link|forearm_link"
"cartesian_z_p1_2mm",2,0.20000000000000001,0.016654625670177142,"base_link|tunnel_floor","wrist2_link|forearm_link"
"cartesian_z_p1_2mm",3,0.20000000000000001,0.016755178830541798,"base_link|tunnel_floor","wrist2_link|forearm_link"
"cartesian_z_p1_2mm",4,0.20000000000000001,0.016858740081537614,"base_link|tunnel_floor","wrist2_link|forearm_link"
"cartesian_z_p1_2mm",5,0.20000000000000001,0.016677991262512657,"base_link|tunnel_floor","wrist2_link|forearm_link"
"cartesian_z_p1_2mm",6,0.20000000000000001,0.016730034696398634,"base_link|tunnel_floor","wrist2_link|forearm_link"
"cartesian_z_p1_2mm",7,0.20000000000000001,0.016785710597003147,"base_link|tunnel_floor","wrist2_link|forearm_link"
"cartesian_z_p1_2mm",8,0.20000000000000001,0.016673184123179505,"base_link|tunnel_floor","wrist2_link|forearm_link"
"cartesian_z_p1_2mm",9,0.20000000000000001,0.016745431932222724,"base_link|tunnel_floor","wrist2_link|forearm_link"
"cartesian_z_p1_2mm",10,0.20000000000000001,0.016798758979881374,"base_link|tunnel_floor","wrist2_link|forearm_link"
"cartesian_z_p1_2mm",11,0.20000000000000001,0.016749644254308117,"base_link|tunnel_floor","wrist2_link|forearm_link"
"cartesian_z_p1_2mm",12,0.20000000000000001,0.016762608407093142,"base_link|tunnel_floor","wrist2_link|forearm_link"
"cartesian_z_p1_2mm",13,0.20000000000000001,0.016749646766677118,"base_link|tunnel_floor","wrist2_link|forearm_link"
"cartesian_z_p1_2mm",14,0.20000000000000001,0.016745471711788872,"base_link|tunnel_floor","wrist2_link|forearm_link"
"cartesian_z_p1_2mm",15,0.20000000000000001,0.016861323567134708,"base_link|tunnel_floor","wrist2_link|forearm_link"
"cartesian_z_p1_2mm",16,0.20000000000000001,0.016756546614758543,"base_link|tunnel_floor","wrist2_link|forearm_link"
"cartesian_z_p1_2mm",17,0.20000000000000001,0.016636843986087998,"base_link|tunnel_floor","wrist2_link|forearm_link"
"cartesian_z_p1_2mm",18,0.20000000000000001,0.016670324894709015,"base_link|tunnel_floor","wrist2_link|forearm_link"
"cartesian_z_p1_2mm",19,0.20000000000000001,0.016779843877797691,"base_link|tunnel_floor","wrist2_link|forearm_link"
"cartesian_z_p1_2mm",20,0.20000000000000001,0.016843698839476208,"base_link|tunnel_floor","wrist2_link|forearm_link"
"cartesian_z_p1_2mm",21,0.20000000000000001,0.016732467512682505,"base_link|tunnel_floor","wrist2_link|forearm_link"
"cartesian_z_p1_2mm",22,0.20000000000000001,0.016758404545799563,"base_link|tunnel_floor","wrist2_link|forearm_link"
"cartesian_z_p1_2mm",23,0.20000000000000001,0.016734846265921758,"base_link|tunnel_floor","wrist2_link|forearm_link"
"cartesian_z_p1_2mm",24,0.20000000000000001,0.016880028094379784,"base_link|tunnel_floor","wrist2_link|forearm_link"
"cartesian_z_p1_2mm",25,0.20000000000000001,0.016674292661813295,"base_link|tunnel_floor","wrist2_link|forearm_link"
"cartesian_z_p1_2mm",26,0.20000000000000001,0.01666076695478572,"base_link|tunnel_floor","wrist2_link|forearm_link"
"cartesian_z_p1_2mm",27,0.20000000000000001,0.016756081198858672,"base_link|tunnel_floor","wrist2_link|forearm_link"
"cartesian_z_p1_2mm",28,0.20000000000000001,0.016871871836151263,"base_link|tunnel_floor","wrist2_link|forearm_link"
"cartesian_z_p1_2mm",29,0.20000000000000001,0.016772297997327115,"base_link|tunnel_floor","wrist2_link|forearm_link"
"cartesian_z_p1_2mm",30,0.20000000000000001,0.016752595583104091,"base_link|tunnel_floor","wrist2_link|forearm_link"
"cartesian_z_p1_2mm",31,0.20000000000000001,0.016751857327067798,"base_link|tunnel_floor","wrist2_link|forearm_link"
"cartesian_z_p1_2mm",32,0.20000000000000001,0.016763893357051123,"base_link|tunnel_floor","wrist2_link|forearm_link"
"cartesian_z_p1_2mm",33,0.20000000000000001,0.016791032980121474,"base_link|tunnel_floor","wrist2_link|forearm_link"
"cartesian_z_p1_2mm",34,0.20000000000000001,0.016838330270624712,"base_link|tunnel_floor","wrist2_link|forearm_link"
"cartesian_z_p1_2mm",35,0.20000000000000001,0.016911970900596325,"base_link|tunnel_floor","wrist2_link|forearm_link"
"cartesian_z_p1_2mm",36,0.20000000000000001,0.016837213657535141,"base_link|tunnel_floor","forearm_link|wrist2_link"
"cartesian_z_p1_2mm",37,0.20000000000000001,0.016749148790647279,"base_link|tunnel_floor","forearm_link|wrist2_link"
"cartesian_z_p1_2mm",38,0.20000000000000001,0.016730764977180602,"base_link|tunnel_floor","forearm_link|wrist2_link"
"cartesian_z_p1_2mm",39,0.20000000000000001,0.016758096599529666,"base_link|tunnel_floor","forearm_link|wrist2_link"
"cartesian_z_p1_2mm",40,0.20000000000000001,0.016682658995411499,"base_link|tunnel_floor","forearm_link|wrist2_link"
"cartesian_z_p1_2mm",41,0.20000000000000001,0.016627307199084927,"base_link|tunnel_floor","forearm_link|wrist2_link"
"cartesian_z_p1_2mm",42,0.20000000000000001,0.016637575660503754,"base_link|tunnel_floor","forearm_link|wrist2_link"
"cartesian_z_p1_2mm",43,0.20000000000000001,0.016712659739882639,"base_link|tunnel_floor","forearm_link|wrist2_link"
"cartesian_z_p1_2mm",44,0.20000000000000001,0.0167017927410637,"base_link|tunnel_floor","forearm_link|wrist2_link"
"cartesian_z_p1_2mm",45,0.20000000000000001,0.016688321710280087,"base_link|tunnel_floor","forearm_link|wrist2_link"
"cartesian_z_p1_2mm",46,0.20000000000000001,0.0167142599870405,"base_link|tunnel_floor","forearm_link|wrist2_link"
"cartesian_z_p1_2mm",47,0.20000000000000001,0.016788251439753543,"base_link|tunnel_floor","forearm_link|wrist2_link"
"cartesian_z_p1_2mm",48,0.20000000000000001,0.016909637144114597,"base_link|tunnel_floor","forearm_link|wrist2_link"
"cartesian_z_p1_2mm",49,0.20000000000000001,0.016867512230191346,"base_link|tunnel_floor","forearm_link|wrist2_link"
"cartesian_z_p1_2mm",50,0.20000000000000001,0.016830850837317238,"base_link|tunnel_floor","forearm_link|wrist2_link"
"cartesian_z_p1_2mm",51,0.20000000000000001,0.01682757196948392,"base_link|tunnel_floor","forearm_link|wrist2_link"
"cartesian_z_p1_2mm",52,0.20000000000000001,0.016767942384290569,"base_link|tunnel_floor","forearm_link|wrist2_link"
"cartesian_z_p1_2mm",53,0.20000000000000001,0.016730844165845377,"base_link|tunnel_floor","forearm_link|wrist2_link"
"cartesian_z_p1_2mm",54,0.20000000000000001,0.01672636519190673,"base_link|tunnel_floor","forearm_link|wrist2_link"
"cartesian_z_p1_2mm",55,0.20000000000000001,0.016753684127542422,"base_link|tunnel_floor","forearm_link|wrist2_link"
"cartesian_z_p1_2mm",56,0.20000000000000001,0.016714429472455532,"base_link|tunnel_floor","wrist2_link|forearm_link"
"cartesian_z_p1_2mm",57,0.20000000000000001,0.016691897446814426,"base_link|tunnel_floor","wrist2_link|forearm_link"
"cartesian_z_p1_2mm",58,0.20000000000000001,0.016695800625691763,"base_link|tunnel_floor","wrist2_link|forearm_link"
"cartesian_z_p1_2mm",59,0.20000000000000001,0.016724670311489932,"base_link|tunnel_floor","wrist2_link|forearm_link"
"cartesian_z_p1_2mm",60,0.20000000000000001,0.016776704277553452,"base_link|tunnel_floor","wrist2_link|forearm_link"
"cartesian_z_p1_2mm",61,0.20000000000000001,0.016849681660758266,"base_link|tunnel_floor","wrist2_link|forearm_link"
"cartesian_z_p1_2mm",62,0.20000000000000001,0.016916589806039727,"base_link|tunnel_floor","wrist2_link|forearm_link"
"cartesian_z_p1_2mm",63,0.20000000000000001,0.016867656920814673,"base_link|tunnel_floor","wrist2_link|forearm_link"
"cartesian_z_p1_2mm",64,0.20000000000000001,0.016841421357301101,"base_link|tunnel_floor","wrist2_link|forearm_link"
"cartesian_z_p1_2mm",65,0.20000000000000001,0.016820067161980815,"base_link|tunnel_floor","wrist2_link|forearm_link"
"cartesian_z_p1_2mm",66,0.20000000000000001,0.016741927103357132,"base_link|tunnel_floor","wrist2_link|forearm_link"
"cartesian_z_p1_2mm",67,0.20000000000000001,0.016694517931875749,"base_link|tunnel_floor","wrist2_link|forearm_link"
"cartesian_z_p1_2mm",68,0.20000000000000001,0.016682715860314206,"base_link|tunnel_floor","wrist2_link|forearm_link"
"cartesian_z_p1_2mm",69,0.20000000000000001,0.016693938093640944,"base_link|tunnel_floor","wrist2_link|forearm_link"
"cartesian_z_p1_2mm",70,0.20000000000000001,0.016710934007315333,"base_link|tunnel_floor","wrist2_link|forearm_link"
"cartesian_z_p1_2mm",71,0.20000000000000001,0.01672709684765154,"base_link|tunnel_floor","wrist2_link|forearm_link"
"cartesian_z_p1_2mm",72,0.20000000000000001,0.016734895848529833,"base_link|tunnel_floor","wrist2_link|forearm_link"
"cartesian_z_p1_2mm",73,0.20000000000000001,0.016725930212811452,"base_link|tunnel_floor","wrist2_link|forearm_link"
"cartesian_z_p1_2mm",74,0.20000000000000001,0.016691131075013955,"base_link|tunnel_floor","wrist2_link|forearm_link"
"cartesian_z_p1_2mm",75,0.20000000000000001,0.016631935373441289,"base_link|tunnel_floor","wrist2_link|forearm_link"
"cartesian_z_p1_2mm",76,0.20000000000000001,0.01665927552948929,"base_link|tunnel_floor","wrist2_link|forearm_link"
"cartesian_z_p1_2mm",77,0.20000000000000001,0.016716370427397639,"base_link|tunnel_floor","wrist2_link|forearm_link"
"cartesian_z_p1_2mm",78,0.19661834492977939,0.016729455420620657,"upperarm_link|horseshoe_wall_30","wrist2_link|forearm_link"
"cartesian_z_p1_2mm",79,0.17477957518294088,0.016691341696161478,"upperarm_link|horseshoe_wall_30","wrist2_link|forearm_link"
"cartesian_z_p1_2mm",80,0.15425568255966965,0.016655807788030295,"upperarm_link|horseshoe_wall_29","wrist2_link|forearm_link"
"cartesian_z_p1_2mm",81,0.13554068152701204,0.016754121882832467,"upperarm_link|horseshoe_wall_29","wrist2_link|forearm_link"
"cartesian_z_p1_2mm",82,0.11897386855221864,0.016783805233258144,"upperarm_link|horseshoe_wall_28","wrist2_link|forearm_link"
"cartesian_z_p1_2mm",83,0.10509136377897252,0.016843804730203964,"upperarm_link|horseshoe_wall_28","wrist2_link|forearm_link"
"cartesian_z_p1_2mm",84,0.094692919225203967,0.016874133389905007,"upperarm_link|horseshoe_wall_26","wrist2_link|forearm_link"
"cartesian_z_p1_2mm",85,0.089038224884937317,0.016800983632397837,"upperarm_link|horseshoe_wall_25","wrist2_link|forearm_link"
"cartesian_z_p1_2mm",86,0.090676519364007571,0.016700932201253283,"upperarm_link|horseshoe_wall_25","wrist2_link|forearm_link"
"cartesian_z_p1_2mm",87,0.10012132162825499,0.016730480360207443,"upperarm_link|horseshoe_wall_24","wrist2_link|forearm_link"
"cartesian_z_p1_2mm",88,0.10716639810094244,0.016651361459891038,"upperarm_link|horseshoe_wall_25","wrist2_link|forearm_link"
"cartesian_z_p1_2mm",89,0.11554401616176233,0.016624634313001905,"upperarm_link|horseshoe_wall_25","wrist2_link|forearm_link"
"cartesian_z_p1_2mm",90,0.12521796117139419,0.016698419984774455,"upperarm_link|horseshoe_wall_25","wrist2_link|forearm_link"
"cartesian_z_p1_2mm",91,0.13099052279174503,0.016751930959297105,"forearm_link|horseshoe_wall_25","wrist2_link|forearm_link"
"cartesian_z_p1_2mm",92,0.1356991515249325,0.016728837351421274,"forearm_link|horseshoe_wall_25","wrist2_link|forearm_link"
"cartesian_z_p1_2mm",93,0.14101217544349307,0.016752201946157525,"forearm_link|horseshoe_wall_25","wrist2_link|forearm_link"
"cartesian_z_p1_2mm",94,0.14682040854321091,0.016817179401121596,"forearm_link|horseshoe_wall_25","wrist2_link|forearm_link"
"cartesian_z_p1_2mm",95,0.14373920219728364,0.016791273521488511,"forearm_link|horseshoe_wall_26","wrist2_link|forearm_link"
"cartesian_z_p1_2mm",96,0.14366514814986214,0.0168033531028191,"forearm_link|horseshoe_wall_29","wrist2_link|forearm_link"
"cartesian_z_p1_2mm",97,0.14484553458722377,0.016833586332829692,"forearm_link|horseshoe_wall_29","wrist2_link|forearm_link"
"cartesian_z_p1_2mm",98,0.14651606715965323,0.016866172020057305,"forearm_link|horseshoe_wall_30","wrist2_link|forearm_link"
"cartesian_z_p1_2mm",99,0.14839658367381178,0.016896962196008208,"forearm_link|horseshoe_wall_31","wrist2_link|forearm_link"
"cartesian_z_p1_2mm",100,0.15036726687937338,0.016870819112847504,"forearm_link|horseshoe_wall_31","wrist2_link|forearm_link"
"cartesian_z_p1_2mm",101,0.15245068843338844,0.016834727296490354,"forearm_link|horseshoe_wall_32","wrist2_link|forearm_link"
"cartesian_z_p1_2mm",102,0.15465137666565365,0.016801775127891855,"forearm_link|horseshoe_wall_33","wrist2_link|forearm_link"
"cartesian_z_p1_2mm",103,0.15684494880665151,0.016772177091063975,"forearm_link|horseshoe_wall_33","wrist2_link|forearm_link"
"cartesian_z_p1_2mm",104,0.15910693022730377,0.016746019098694536,"forearm_link|horseshoe_wall_34","wrist2_link|forearm_link"
"cartesian_z_p1_2mm",105,0.16139751778864606,0.016723341935116952,"forearm_link|horseshoe_wall_34","wrist2_link|forearm_link"
"cartesian_z_p1_2mm",106,0.16365679447774331,0.016704184037923012,"forearm_link|horseshoe_wall_35","wrist2_link|forearm_link"
"cartesian_z_p1_2mm",107,0.16594893382333395,0.016688605575429109,"forearm_link|horseshoe_wall_36","wrist2_link|forearm_link"
"cartesian_z_p1_2mm",108,0.16820822756910736,0.016676776283187464,"forearm_link|horseshoe_wall_36","wrist2_link|forearm_link"
"cartesian_z_p1_2mm",109,0.17043146129861059,0.016674589753752102,"forearm_link|horseshoe_wall_37","wrist2_link|forearm_link"
"cartesian_z_p1_2mm",110,0.17266722118310629,0.016681076462885858,"forearm_link|horseshoe_wall_38","wrist2_link|forearm_link"
"cartesian_z_p1_2mm",111,0.17483758535365554,0.016698182191072858,"forearm_link|horseshoe_wall_38","wrist2_link|forearm_link"
"cartesian_z_p1_2mm",112,0.176992974011485,0.016728494187615531,"forearm_link|horseshoe_wall_39","wrist2_link|forearm_link"
"cartesian_z_p1_2mm",113,0.17917632947994527,0.016712612472457495,"forearm_link|horseshoe_wall_40","wrist2_link|forearm_link"
"cartesian_z_p1_2mm",114,0.18128784996224018,0.016682817675385059,"forearm_link|horseshoe_wall_40","wrist2_link|forearm_link"
"cartesian_z_p1_2mm",115,0.18341705265579197,0.016657182883706517,"forearm_link|horseshoe_wall_41","wrist2_link|forearm_link"
"cartesian_z_p1_2mm",116,0.18555711346903161,0.016636735994445165,"forearm_link|horseshoe_wall_41","wrist2_link|forearm_link"
"cartesian_z_p1_2mm",117,0.18762718609031523,0.016627708674658393,"forearm_link|horseshoe_wall_42","wrist2_link|forearm_link"
"cartesian_z_p1_2mm",118,0.18971546161638247,0.016630027208872258,"forearm_link|horseshoe_wall_43","wrist2_link|forearm_link"
"cartesian_z_p1_2mm",119,0.19179771428459996,0.016637766959541583,"forearm_link|horseshoe_wall_43","wrist2_link|forearm_link"
"cartesian_z_p1_2mm",120,0.1938188511654815,0.016653554733052717,"forearm_link|horseshoe_wall_44","wrist2_link|forearm_link"
"cartesian_z_p1_2mm",121,0.19585260696560935,0.016679593146161853,"forearm_link|horseshoe_wall_45","wrist2_link|forearm_link"
"cartesian_z_p1_2mm",122,0.19786854164472251,0.016715479391098152,"forearm_link|horseshoe_wall_45","wrist2_link|forearm_link"
"cartesian_z_p1_2mm",123,0.19982750958030412,0.016756001002880203,"forearm_link|horseshoe_wall_46","wrist2_link|forearm_link"
"cartesian_z_p1_2mm",124,0.20000000000000001,0.016762888703478269,"base_link|tunnel_floor","wrist2_link|forearm_link"
"cartesian_z_p1_2mm",125,0.20000000000000001,0.016754866384679479,"base_link|tunnel_floor","wrist2_link|forearm_link"
"cartesian_z_p1_2mm",126,0.20000000000000001,0.016743108357397899,"base_link|tunnel_floor","wrist2_link|forearm_link"
"cartesian_z_p1_2mm",127,0.20000000000000001,0.016734304826090219,"base_link|tunnel_floor","wrist2_link|forearm_link"
"cartesian_z_p1_2mm",128,0.20000000000000001,0.016735715029473814,"base_link|tunnel_floor","wrist2_link|forearm_link"
"cartesian_z_p1_2mm",129,0.20000000000000001,0.016742238488462277,"base_link|tunnel_floor","wrist2_link|forearm_link"
"cartesian_z_p1_2mm",130,0.20000000000000001,0.016754514390711833,"base_link|tunnel_floor","wrist2_link|forearm_link"
"cartesian_z_p1_2mm",131,0.20000000000000001,0.016775197150960965,"base_link|tunnel_floor","wrist2_link|forearm_link"
"cartesian_z_p1_2mm",132,0.20000000000000001,0.016803963765925096,"base_link|tunnel_floor","wrist2_link|forearm_link"
"cartesian_z_p1_2mm",133,0.20000000000000001,0.016835636804926866,"base_link|tunnel_floor","wrist2_link|forearm_link"
"cartesian_z_p1_2mm",134,0.20000000000000001,0.01686443526464498,"base_link|tunnel_floor","wrist2_link|forearm_link"
"cartesian_z_p1_2mm",135,0.20000000000000001,0.016890494997944382,"base_link|tunnel_floor","wrist2_link|forearm_link"
"cartesian_z_p1_2mm",136,0.20000000000000001,0.016903388760912099,"base_link|tunnel_floor","wrist2_link|forearm_link"
"cartesian_z_p1_2mm",137,0.20000000000000001,0.016870439395841725,"base_link|tunnel_floor","wrist2_link|forearm_link"
"cartesian_z_p1_2mm",138,0.20000000000000001,0.016839355426108586,"base_link|tunnel_floor","wrist2_link|forearm_link"
"cartesian_z_p1_2mm",139,0.20000000000000001,0.016810153482981489,"base_link|tunnel_floor","wrist2_link|forearm_link"
"cartesian_z_p1_2mm",140,0.20000000000000001,0.016782908974174761,"base_link|tunnel_floor","wrist2_link|forearm_link"
"cartesian_z_p1_2mm",141,0.20000000000000001,0.016757757124411202,"base_link|tunnel_floor","wrist2_link|forearm_link"
"cartesian_z_p1_2mm",142,0.20000000000000001,0.016736673472472548,"base_link|tunnel_floor","wrist2_link|forearm_link"
"cartesian_z_p1_2mm",143,0.20000000000000001,0.016721355326376936,"base_link|tunnel_floor","wrist2_link|forearm_link"
"cartesian_z_p1_2mm",144,0.20000000000000001,0.016710604459855862,"base_link|tunnel_floor","wrist2_link|forearm_link"
"cartesian_z_p1_2mm",145,0.20000000000000001,0.016703462907158146,"base_link|tunnel_floor","wrist2_link|forearm_link"
"cartesian_z_p1_2mm",146,0.20000000000000001,0.016699226882443369,"base_link|tunnel_floor","wrist2_link|forearm_link"
"cartesian_z_p1_2mm",147,0.20000000000000001,0.016697436554813944,"base_link|tunnel_floor","wrist2_link|forearm_link"
"cartesian_z_p1_2mm",148,0.20000000000000001,0.016697862180714732,"base_link|tunnel_floor","wrist2_link|forearm_link"
"cartesian_z_p1_2mm",149,0.20000000000000001,0.016700487910341545,"base_link|tunnel_floor","wrist2_link|forearm_link"
"cartesian_z_p1_2mm",150,0.20000000000000001,0.016713641743325319,"base_link|tunnel_floor","wrist2_link|forearm_link"
"cartesian_z_p1_2mm",151,0.20000000000000001,0.016756313687387184,"base_link|tunnel_floor","wrist2_link|forearm_link"
"cartesian_z_p1_2mm",152,0.20000000000000001,0.016854258646823564,"base_link|tunnel_floor","wrist2_link|forearm_link"
"cartesian_z_p1_2mm",153,0.20000000000000001,0.016806805697020553,"base_link|tunnel_floor","wrist2_link|forearm_link"
"cartesian_z_p1_2mm",154,0.20000000000000001,0.016751610215220761,"base_link|tunnel_floor","wrist2_link|forearm_link"
"cartesian_z_p1_2mm",155,0.20000000000000001,0.016627347354762508,"base_link|tunnel_floor","wrist2_link|forearm_link"
"cartesian_z_p1_2mm",156,0.20000000000000001,0.016674441318535491,"base_link|tunnel_floor","wrist2_link|forearm_link"
"cartesian_z_p1_2mm",157,0.20000000000000001,0.016873753757137868,"base_link|tunnel_floor","wrist2_link|forearm_link"
"cartesian_z_p1_2mm",158,0.20000000000000001,0.016747186861235844,"base_link|tunnel_floor","wrist2_link|forearm_link"
"cartesian_z_p1_2mm",159,0.20000000000000001,0.016699348947214379,"base_link|tunnel_floor","wrist2_link|forearm_link"
"cartesian_z_p1_2mm",160,0.20000000000000001,0.01671884010589993,"base_link|tunnel_floor","wrist2_link|forearm_link"
"cartesian_z_p1_2mm",161,0.20000000000000001,0.016735514624902907,"base_link|tunnel_floor","wrist2_link|forearm_link"
"cartesian_z_p1_2mm",162,0.20000000000000001,0.01681572204472161,"base_link|tunnel_floor","wrist2_link|forearm_link"
"cartesian_z_p1_2mm",163,0.20000000000000001,0.016817373277006931,"base_link|tunnel_floor","wrist2_link|forearm_link"
"cartesian_z_p1_2mm",164,0.20000000000000001,0.016697129098430095,"base_link|tunnel_floor","wrist2_link|forearm_link"
"cartesian_z_p1_2mm",165,0.20000000000000001,0.016701781805659441,"base_link|tunnel_floor","wrist2_link|forearm_link"
"cartesian_z_p1_2mm",166,0.20000000000000001,0.01663720745328132,"base_link|tunnel_floor","wrist2_link|forearm_link"
"cartesian_z_p1_2mm",167,0.20000000000000001,0.016686352967088976,"base_link|tunnel_floor","wrist2_link|forearm_link"
"cartesian_z_p1_2mm",168,0.20000000000000001,0.016736314199108072,"base_link|tunnel_floor","wrist2_link|forearm_link"
"cartesian_z_p1_2mm",169,0.20000000000000001,0.016809128780461004,"base_link|tunnel_floor","wrist2_link|forearm_link"
"cartesian_z_p1_2mm",170,0.20000000000000001,0.016842676521584662,"base_link|tunnel_floor","wrist2_link|forearm_link"
"cartesian_z_p1_2mm",171,0.20000000000000001,0.016711948525531237,"base_link|tunnel_floor","wrist2_link|forearm_link"
"cartesian_z_p1_2mm",172,0.20000000000000001,0.016680678633161312,"base_link|tunnel_floor","wrist2_link|forearm_link"
"cartesian_z_p1_2mm",173,0.20000000000000001,0.016656519444059877,"base_link|tunnel_floor","wrist2_link|forearm_link"
"cartesian_z_p1_2mm",174,0.20000000000000001,0.01664473457752496,"base_link|tunnel_floor","wrist2_link|forearm_link"
"cartesian_z_p1_2mm",175,0.20000000000000001,0.01677679978709163,"base_link|tunnel_floor","wrist2_link|forearm_link"
"cartesian_z_p1_2mm",176,0.20000000000000001,0.016738433348145176,"base_link|tunnel_floor","wrist2_link|forearm_link"
"cartesian_z_p1_2mm",177,0.20000000000000001,0.016822963052143734,"base_link|tunnel_floor","wrist2_link|forearm_link"
"cartesian_z_p1_2mm",178,0.20000000000000001,0.016841966904341994,"base_link|tunnel_floor","wrist2_link|forearm_link"
"cartesian_z_p1_2mm",179,0.20000000000000001,0.016703121908677673,"base_link|tunnel_floor","wrist2_link|forearm_link"
"cartesian_z_p1_2mm",180,0.20000000000000001,0.016625100313352244,"base_link|tunnel_floor","wrist2_link|forearm_link"
"cartesian_x_m1_5mm",0,0.20000000000000001,0.016836332585723032,"base_link|tunnel_floor","wrist2_link|forearm_link"
"cartesian_x_m1_5mm",1,0.20000000000000001,0.016845881801387887,"base_link|tunnel_floor","wrist2_link|forearm_link"
"cartesian_x_m1_5mm",2,0.20000000000000001,0.016654625670177142,"base_link|tunnel_floor","wrist2_link|forearm_link"
"cartesian_x_m1_5mm",3,0.20000000000000001,0.016755178830541798,"base_link|tunnel_floor","wrist2_link|forearm_link"
"cartesian_x_m1_5mm",4,0.20000000000000001,0.016858740081537614,"base_link|tunnel_floor","wrist2_link|forearm_link"
"cartesian_x_m1_5mm",5,0.20000000000000001,0.016677991262512657,"base_link|tunnel_floor","wrist2_link|forearm_link"
"cartesian_x_m1_5mm",6,0.20000000000000001,0.016730034696398634,"base_link|tunnel_floor","wrist2_link|forearm_link"
"cartesian_x_m1_5mm",7,0.20000000000000001,0.016785710597003147,"base_link|tunnel_floor","wrist2_link|forearm_link"
"cartesian_x_m1_5mm",8,0.20000000000000001,0.016673184123179505,"base_link|tunnel_floor","wrist2_link|forearm_link"
"cartesian_x_m1_5mm",9,0.20000000000000001,0.016745431932222724,"base_link|tunnel_floor","wrist2_link|forearm_link"
"cartesian_x_m1_5mm",10,0.20000000000000001,0.016798758979881374,"base_link|tunnel_floor","wrist2_link|forearm_link"
"cartesian_x_m1_5mm",11,0.20000000000000001,0.016749644254308117,"base_link|tunnel_floor","wrist2_link|forearm_link"
"cartesian_x_m1_5mm",12,0.20000000000000001,0.016762608407093142,"base_link|tunnel_floor","wrist2_link|forearm_link"
"cartesian_x_m1_5mm",13,0.20000000000000001,0.016749646766677118,"base_link|tunnel_floor","wrist2_link|forearm_link"
"cartesian_x_m1_5mm",14,0.20000000000000001,0.016745471711788872,"base_link|tunnel_floor","wrist2_link|forearm_link"
"cartesian_x_m1_5mm",15,0.20000000000000001,0.016861323567134708,"base_link|tunnel_floor","wrist2_link|forearm_link"
"cartesian_x_m1_5mm",16,0.20000000000000001,0.016728816184046379,"base_link|tunnel_floor","wrist2_link|forearm_link"
"cartesian_x_m1_5mm",17,0.20000000000000001,0.016675530260292566,"base_link|tunnel_floor","wrist2_link|forearm_link"
"cartesian_x_m1_5mm",18,0.20000000000000001,0.016684265855129003,"base_link|tunnel_floor","wrist2_link|forearm_link"
"cartesian_x_m1_5mm",19,0.20000000000000001,0.016797345266651706,"base_link|tunnel_floor","wrist2_link|forearm_link"
"cartesian_x_m1_5mm",20,0.20000000000000001,0.016798232907264274,"base_link|tunnel_floor","wrist2_link|forearm_link"
"cartesian_x_m1_5mm",21,0.20000000000000001,0.016777158651612504,"base_link|tunnel_floor","wrist2_link|forearm_link"
"cartesian_x_m1_5mm",22,0.20000000000000001,0.016744456453803409,"base_link|tunnel_floor","wrist2_link|forearm_link"
"cartesian_x_m1_5mm",23,0.20000000000000001,0.016783153732733383,"base_link|tunnel_floor","wrist2_link|forearm_link"
"cartesian_x_m1_5mm",24,0.20000000000000001,0.01683509380725165,"base_link|tunnel_floor","wrist2_link|forearm_link"
"cartesian_x_m1_5mm",25,0.20000000000000001,0.016700220565156458,"base_link|tunnel_floor","wrist2_link|forearm_link"
"cartesian_x_m1_5mm",26,0.20000000000000001,0.016660133968401037,"base_link|tunnel_floor","wrist2_link|forearm_link"
"cartesian_x_m1_5mm",27,0.20000000000000001,0.016761750755824627,"base_link|tunnel_floor","wrist2_link|forearm_link"
"cartesian_x_m1_5mm",28,0.20000000000000001,0.016868530384941731,"base_link|tunnel_floor","wrist2_link|forearm_link"
"cartesian_x_m1_5mm",29,0.20000000000000001,0.016778985513642583,"base_link|tunnel_floor","wrist2_link|forearm_link"
"cartesian_x_m1_5mm",30,0.20000000000000001,0.016762597128613114,"base_link|tunnel_floor","wrist2_link|forearm_link"
"cartesian_x_m1_5mm",31,0.20000000000000001,0.016763132889495224,"base_link|tunnel_floor","wrist2_link|forearm_link"
"cartesian_x_m1_5mm",32,0.20000000000000001,0.016775355052739086,"base_link|tunnel_floor","wrist2_link|forearm_link"
"cartesian_x_m1_5mm",33,0.20000000000000001,0.016802060842831843,"base_link|tunnel_floor","wrist2_link|forearm_link"
"cartesian_x_m1_5mm",34,0.20000000000000001,0.016848913152064372,"base_link|tunnel_floor","wrist2_link|forearm_link"
"cartesian_x_m1_5mm",35,0.20000000000000001,0.016881119462880536,"base_link|tunnel_floor","wrist2_link|forearm_link"
"cartesian_x_m1_5mm",36,0.20000000000000001,0.016791848505714316,"base_link|tunnel_floor","forearm_link|wrist2_link"
"cartesian_x_m1_5mm",37,0.20000000000000001,0.016747611266996854,"base_link|tunnel_floor","forearm_link|wrist2_link"
"cartesian_x_m1_5mm",38,0.20000000000000001,0.016770299038213421,"base_link|tunnel_floor","forearm_link|wrist2_link"
"cartesian_x_m1_5mm",39,0.20000000000000001,0.016705872954344381,"base_link|tunnel_floor","forearm_link|wrist2_link"
"cartesian_x_m1_5mm",40,0.20000000000000001,0.01663552083332134,"base_link|tunnel_floor","forearm_link|wrist2_link"
"cartesian_x_m1_5mm",41,0.20000000000000001,0.016636932730194516,"base_link|tunnel_floor","forearm_link|wrist2_link"
"cartesian_x_m1_5mm",42,0.20000000000000001,0.016703266926383201,"base_link|tunnel_floor","forearm_link|wrist2_link"
"cartesian_x_m1_5mm",43,0.20000000000000001,0.016699412139480833,"base_link|tunnel_floor","forearm_link|wrist2_link"
"cartesian_x_m1_5mm",44,0.20000000000000001,0.016670500082238433,"base_link|tunnel_floor","forearm_link|wrist2_link"
"cartesian_x_m1_5mm",45,0.20000000000000001,0.016696454027844164,"base_link|tunnel_floor","forearm_link|wrist2_link"
"cartesian_x_m1_5mm",46,0.20000000000000001,0.016773268334539539,"base_link|tunnel_floor","forearm_link|wrist2_link"
"cartesian_x_m1_5mm",47,0.20000000000000001,0.016882474848967838,"base_link|tunnel_floor","forearm_link|wrist2_link"
"cartesian_x_m1_5mm",48,0.20000000000000001,0.01688131747132789,"base_link|tunnel_floor","forearm_link|wrist2_link"
"cartesian_x_m1_5mm",49,0.20000000000000001,0.016822957276983561,"base_link|tunnel_floor","forearm_link|wrist2_link"
"cartesian_x_m1_5mm",50,0.20000000000000001,0.016800641118446126,"base_link|tunnel_floor","forearm_link|wrist2_link"
"cartesian_x_m1_5mm",51,0.20000000000000001,0.016801341093263082,"base_link|tunnel_floor","forearm_link|wrist2_link"
"cartesian_x_m1_5mm",52,0.20000000000000001,0.016747367250808214,"base_link|tunnel_floor","forearm_link|wrist2_link"
"cartesian_x_m1_5mm",53,0.20000000000000001,0.016729493594794528,"base_link|tunnel_floor","forearm_link|wrist2_link"
"cartesian_x_m1_5mm",54,0.20000000000000001,0.016746878605074709,"base_link|tunnel_floor","forearm_link|wrist2_link"
"cartesian_x_m1_5mm",55,0.20000000000000001,0.016744366984822581,"base_link|tunnel_floor","wrist2_link|forearm_link"
"cartesian_x_m1_5mm",56,0.20000000000000001,0.016717146248036305,"base_link|tunnel_floor","wrist2_link|forearm_link"
"cartesian_x_m1_5mm",57,0.20000000000000001,0.016719220613380333,"base_link|tunnel_floor","wrist2_link|forearm_link"
"cartesian_x_m1_5mm",58,0.20000000000000001,0.016749104221860437,"base_link|tunnel_floor","wrist2_link|forearm_link"
"cartesian_x_m1_5mm",59,0.20000000000000001,0.016805004944229426,"base_link|tunnel_floor","wrist2_link|forearm_link"
"cartesian_x_m1_5mm",60,0.20000000000000001,0.016884732845658404,"base_link|tunnel_floor","wrist2_link|forearm_link"
"cartesian_x_m1_5mm",61,0.20000000000000001,0.016887197716642263,"base_link|tunnel_floor","wrist2_link|forearm_link"
"cartesian_x_m1_5mm",62,0.20000000000000001,0.016843293088175237,"base_link|tunnel_floor","wrist2_link|forearm_link"
"cartesian_x_m1_5mm",63,0.20000000000000001,0.016825971138275005,"base_link|tunnel_floor","wrist2_link|forearm_link"
"cartesian_x_m1_5mm",64,0.20000000000000001,0.016831419730031792,"base_link|tunnel_floor","wrist2_link|forearm_link"
"cartesian_x_m1_5mm",65,0.20000000000000001,0.016773182770678186,"base_link|tunnel_floor","wrist2_link|forearm_link"
"cartesian_x_m1_5mm",66,0.20000000000000001,0.016708231019420629,"base_link|tunnel_floor","wrist2_link|forearm_link"
"cartesian_x_m1_5mm",67,0.20000000000000001,0.016652946383862437,"base_link|tunnel_floor","wrist2_link|forearm_link"
"cartesian_x_m1_5mm",68,0.20000000000000001,0.016625855839211393,"base_link|tunnel_floor","wrist2_link|forearm_link"
"cartesian_x_m1_5mm",69,0.20000000000000001,0.016640477929315032,"base_link|tunnel_floor","wrist2_link|forearm_link"
"cartesian_x_m1_5mm",70,0.20000000000000001,0.016684824260807061,"base_link|tunnel_floor","wrist2_link|forearm_link"
"cartesian_x_m1_5mm",71,0.20000000000000001,0.016724319795814416,"base_link|tunnel_floor","wrist2_link|forearm_link"
"cartesian_x_m1_5mm",72,0.20000000000000001,0.016750111199647841,"base_link|tunnel_floor","wrist2_link|forearm_link"
"cartesian_x_m1_5mm",73,0.20000000000000001,0.016752722904980366,"base_link|tunnel_floor","wrist2_link|forearm_link"
"cartesian_x_m1_5mm",74,0.20000000000000001,0.016722062412472035,"base_link|tunnel_floor","wrist2_link|forearm_link"
"cartesian_x_m1_5mm",75,0.20000000000000001,0.016653995182999693,"base_link|tunnel_floor","wrist2_link|forearm_link"
"cartesian_x_m1_5mm",76,0.20000000000000001,0.016672109067181126,"base_link|tunnel_floor","wrist2_link|forearm_link"
"cartesian_x_m1_5mm",77,0.19494619041442671,0.016725720790334912,"upperarm_link|horseshoe_wall_30","wrist2_link|forearm_link"
"cartesian_x_m1_5mm",78,0.17317165050040723,0.016726811584053296,"upperarm_link|horseshoe_wall_30","wrist2_link|forearm_link"
"cartesian_x_m1_5mm",79,0.15262195880928334,0.016668970409268305,"upperarm_link|horseshoe_wall_29","wrist2_link|forearm_link"
"cartesian_x_m1_5mm",80,0.13392794346717388,0.016664445047222649,"upperarm_link|horseshoe_wall_29","wrist2_link|forearm_link"
"cartesian_x_m1_5mm",81,0.11742134123137757,0.016754056058171946,"upperarm_link|horseshoe_wall_28","wrist2_link|forearm_link"
"cartesian_x_m1_5mm",82,0.10378098913928779,0.01680805151032462,"upperarm_link|horseshoe_wall_26","wrist2_link|forearm_link"
"cartesian_x_m1_5mm",83,0.093687390602963772,0.016847391912109419,"upperarm_link|horseshoe_wall_26","wrist2_link|forearm_link"
"cartesian_x_m1_5mm",84,0.087968243921850361,0.016869281990754326,"upperarm_link|horseshoe_wall_25","wrist2_link|forearm_link"
"cartesian_x_m1_5mm",85,0.089953148685563061,0.016745798782869168,"upperarm_link|horseshoe_wall_25","wrist2_link|forearm_link"
"cartesian_x_m1_5mm",86,0.099105543099465579,0.016676150856090203,"upperarm_link|horseshoe_wall_24","wrist2_link|forearm_link"
"cartesian_x_m1_5mm",87,0.1061845884039344,0.016733986849949877,"upperarm_link|horseshoe_wall_24","wrist2_link|forearm_link"
"cartesian_x_m1_5mm",88,0.11464832304131407,0.016646207451627638,"upperarm_link|horseshoe_wall_24","wrist2_link|forearm_link"
"cartesian_x_m1_5mm",89,0.12428848019391765,0.016625516519018096,"upperarm_link|horseshoe_wall_25","wrist2_link|forearm_link"
"cartesian_x_m1_5mm",90,0.13010658747972872,0.016693695970081083,"forearm_link|horseshoe_wall_25","wrist2_link|forearm_link"
"cartesian_x_m1_5mm",91,0.13482064582510148,0.016754536826889675,"forearm_link|horseshoe_wall_25","wrist2_link|forearm_link"
"cartesian_x_m1_5mm",92,0.1401539121886845,0.016730623374836367,"forearm_link|horseshoe_wall_25","wrist2_link|forearm_link"
"cartesian_x_m1_5mm",93,0.14598290596884222,0.016743943198259056,"forearm_link|horseshoe_wall_25","wrist2_link|forearm_link"
"cartesian_x_m1_5mm",94,0.14272277190164623,0.016737414654238881,"forearm_link|horseshoe_wall_26","wrist2_link|forearm_link"
"cartesian_x_m1_5mm",95,0.14267780989520185,0.016738914717267371,"forearm_link|horseshoe_wall_28","wrist2_link|forearm_link"
"cartesian_x_m1_5mm",96,0.14388144085130664,0.016745909556590777,"forearm_link|horseshoe_wall_29","wrist2_link|forearm_link"
"cartesian_x_m1_5mm",97,0.14558426488247778,0.016763964377704485,"forearm_link|horseshoe_wall_30","wrist2_link|forearm_link"
"cartesian_x_m1_5mm",98,0.14748719012717548,0.01679496245103284,"forearm_link|horseshoe_wall_30","wrist2_link|forearm_link"
"cartesian_x_m1_5mm",99,0.14945577372737204,0.016834540196622037,"forearm_link|horseshoe_wall_31","wrist2_link|forearm_link"
"cartesian_x_m1_5mm",100,0.15157723420789573,0.016870730314707722,"forearm_link|horseshoe_wall_32","wrist2_link|forearm_link"
"cartesian_x_m1_5mm",101,0.15377474118036805,0.016902539653880094,"forearm_link|horseshoe_wall_32","wrist2_link|forearm_link"
"cartesian_x_m1_5mm",102,0.15600961963654542,0.016863858908824327,"forearm_link|horseshoe_wall_33","wrist2_link|forearm_link"
"cartesian_x_m1_5mm",103,0.15832097122257585,0.016827179714606063,"forearm_link|horseshoe_wall_34","wrist2_link|forearm_link"
"cartesian_x_m1_5mm",104,0.1606149219020179,0.016794132182553021,"forearm_link|horseshoe_wall_34","wrist2_link|forearm_link"
"cartesian_x_m1_5mm",105,0.16292968297230517,0.016764685393136382,"forearm_link|horseshoe_wall_35","wrist2_link|forearm_link"
"cartesian_x_m1_5mm",106,0.16527995628610165,0.016738824045954198,"forearm_link|horseshoe_wall_36","wrist2_link|forearm_link"
"cartesian_x_m1_5mm",107,0.16755245008343567,0.01671656531684558,"forearm_link|horseshoe_wall_36","wrist2_link|forearm_link"
"cartesian_x_m1_5mm",108,0.16983610097073651,0.016697969687674053,"forearm_link|horseshoe_wall_37","wrist2_link|forearm_link"
"cartesian_x_m1_5mm",109,0.17212377308271989,0.016683148217486277,"forearm_link|horseshoe_wall_37","wrist2_link|forearm_link"
"cartesian_x_m1_5mm",110,0.17432293195157197,0.016673891678582589,"forearm_link|horseshoe_wall_38","wrist2_link|forearm_link"
"cartesian_x_m1_5mm",111,0.17653011750164546,0.01667673630393646,"forearm_link|horseshoe_wall_39","wrist2_link|forearm_link"
"cartesian_x_m1_5mm",112,0.17872660066266113,0.01668725249668342,"forearm_link|horseshoe_wall_39","wrist2_link|forearm_link"
"cartesian_x_m1_5mm",113,0.18086933848432926,0.016710804652917004,"forearm_link|horseshoe_wall_40","wrist2_link|forearm_link"
"cartesian_x_m1_5mm",114,0.18303648714702625,0.016732435540394167,"forearm_link|horseshoe_wall_41","wrist2_link|forearm_link"
"cartesian_x_m1_5mm",115,0.1851880965948316,0.016701089096386075,"forearm_link|horseshoe_wall_41","wrist2_link|forearm_link"
"cartesian_x_m1_5mm",116,0.18729703511472323,0.016673725030152176,"forearm_link|horseshoe_wall_42","wrist2_link|forearm_link"
"cartesian_x_m1_5mm",117,0.18942357935826071,0.016650007891311099,"forearm_link|horseshoe_wall_43","wrist2_link|forearm_link"
"cartesian_x_m1_5mm",118,0.19152299058796776,0.016632879928488453,"forearm_link|horseshoe_wall_43","wrist2_link|forearm_link"
"cartesian_x_m1_5mm",119,0.19358272072354357,0.016627045704327069,"forearm_link|horseshoe_wall_44","wrist2_link|forearm_link"
"cartesian_x_m1_5mm",120,0.1956540362297596,0.016631177486884616,"forearm_link|horseshoe_wall_45","wrist2_link|forearm_link"
"cartesian_x_m1_5mm",121,0.19769252283110642,0.016639833030918594,"forearm_link|horseshoe_wall_45","wrist2_link|forearm_link"
"cartesian_x_m1_5mm",122,0.19968877017155043,0.01665771438594808,"forearm_link|horseshoe_wall_46","wrist2_link|forearm_link"
"cartesian_x_m1_5mm",123,0.20000000000000001,0.016685962784949094,"base_link|tunnel_floor","wrist2_link|forearm_link"
"cartesian_x_m1_5mm",124,0.20000000000000001,0.016723754749892211,"base_link|tunnel_floor","wrist2_link|forearm_link"
"cartesian_x_m1_5mm",125,0.20000000000000001,0.016765497420816938,"base_link|tunnel_floor","wrist2_link|forearm_link"
"cartesian_x_m1_5mm",126,0.20000000000000001,0.016760929517577374,"base_link|tunnel_floor","wrist2_link|forearm_link"
"cartesian_x_m1_5mm",127,0.20000000000000001,0.01675179547658219,"base_link|tunnel_floor","wrist2_link|forearm_link"
"cartesian_x_m1_5mm",128,0.20000000000000001,0.01673973880997473,"base_link|tunnel_floor","wrist2_link|forearm_link"
"cartesian_x_m1_5mm",129,0.20000000000000001,0.016733618089169719,"base_link|tunnel_floor","wrist2_link|forearm_link"
"cartesian_x_m1_5mm",130,0.20000000000000001,0.016736434778962313,"base_link|tunnel_floor","wrist2_link|forearm_link"
"cartesian_x_m1_5mm",131,0.20000000000000001,0.016743112184580376,"base_link|tunnel_floor","wrist2_link|forearm_link"
"cartesian_x_m1_5mm",132,0.20000000000000001,0.016756249438545073,"base_link|tunnel_floor","wrist2_link|forearm_link"
"cartesian_x_m1_5mm",133,0.20000000000000001,0.016777673260601398,"base_link|tunnel_floor","wrist2_link|forearm_link"
"cartesian_x_m1_5mm",134,0.20000000000000001,0.016807324787042763,"base_link|tunnel_floor","wrist2_link|forearm_link"
"cartesian_x_m1_5mm",135,0.20000000000000001,0.016839024614970718,"base_link|tunnel_floor","wrist2_link|forearm_link"
"cartesian_x_m1_5mm",136,0.20000000000000001,0.016868080945134735,"base_link|tunnel_floor","wrist2_link|forearm_link"
"cartesian_x_m1_5mm",137,0.20000000000000001,0.016894533884850817,"base_link|tunnel_floor","wrist2_link|forearm_link"
"cartesian_x_m1_5mm",138,0.20000000000000001,0.016896899783578855,"base_link|tunnel_floor","wrist2_link|forearm_link"
"cartesian_x_m1_5mm",139,0.20000000000000001,0.016862712277901485,"base_link|tunnel_floor","wrist2_link|forearm_link"
"cartesian_x_m1_5mm",140,0.20000000000000001,0.016830393810276345,"base_link|tunnel_floor","wrist2_link|forearm_link"
"cartesian_x_m1_5mm",141,0.20000000000000001,0.016800064207798549,"base_link|tunnel_floor","wrist2_link|forearm_link"
"cartesian_x_m1_5mm",142,0.20000000000000001,0.016774113363382186,"base_link|tunnel_floor","wrist2_link|forearm_link"
"cartesian_x_m1_5mm",143,0.20000000000000001,0.016754810152788253,"base_link|tunnel_floor","wrist2_link|forearm_link"
"cartesian_x_m1_5mm",144,0.20000000000000001,0.016740933439198306,"base_link|tunnel_floor","wrist2_link|forearm_link"
"cartesian_x_m1_5mm",145,0.20000000000000001,0.016731496766420727,"base_link|tunnel_floor","wrist2_link|forearm_link"
"cartesian_x_m1_5mm",146,0.20000000000000001,0.016725766958350159,"base_link|tunnel_floor","wrist2_link|forearm_link"
"cartesian_x_m1_5mm",147,0.20000000000000001,0.016723254309532427,"base_link|tunnel_floor","wrist2_link|forearm_link"
"cartesian_x_m1_5mm",148,0.20000000000000001,0.016723698941561702,"base_link|tunnel_floor","wrist2_link|forearm_link"
"cartesian_x_m1_5mm",149,0.20000000000000001,0.016727054648835442,"base_link|tunnel_floor","wrist2_link|forearm_link"
"cartesian_x_m1_5mm",150,0.20000000000000001,0.016743982375883069,"base_link|tunnel_floor","wrist2_link|forearm_link"
"cartesian_x_m1_5mm",151,0.20000000000000001,0.016796490426776521,"base_link|tunnel_floor","wrist2_link|forearm_link"
"cartesian_x_m1_5mm",152,0.20000000000000001,0.016909446715062039,"base_link|tunnel_floor","wrist2_link|forearm_link"
"cartesian_x_m1_5mm",153,0.20000000000000001,0.016760491995173616,"base_link|tunnel_floor","wrist2_link|forearm_link"
"cartesian_x_m1_5mm",154,0.20000000000000001,0.016764261361546347,"base_link|tunnel_floor","wrist2_link|forearm_link"
"cartesian_x_m1_5mm",155,0.20000000000000001,0.016642487009097453,"base_link|tunnel_floor","wrist2_link|forearm_link"
"cartesian_x_m1_5mm",156,0.20000000000000001,0.016688578498368394,"base_link|tunnel_floor","wrist2_link|forearm_link"
"cartesian_x_m1_5mm",157,0.20000000000000001,0.016823563801722331,"base_link|tunnel_floor","wrist2_link|forearm_link"
"cartesian_x_m1_5mm",158,0.20000000000000001,0.016760698155240984,"base_link|tunnel_floor","wrist2_link|forearm_link"
"cartesian_x_m1_5mm",159,0.20000000000000001,0.016657420364848789,"base_link|tunnel_floor","wrist2_link|forearm_link"
"cartesian_x_m1_5mm",160,0.20000000000000001,0.016672002126330264,"base_link|tunnel_floor","wrist2_link|forearm_link"
"cartesian_x_m1_5mm",161,0.20000000000000001,0.016749231769620211,"base_link|tunnel_floor","wrist2_link|forearm_link"
"cartesian_x_m1_5mm",162,0.20000000000000001,0.016774682752351621,"base_link|tunnel_floor","wrist2_link|forearm_link"
"cartesian_x_m1_5mm",163,0.20000000000000001,0.01685565256420184,"base_link|tunnel_floor","wrist2_link|forearm_link"
"cartesian_x_m1_5mm",164,0.20000000000000001,0.016715299019412412,"base_link|tunnel_floor","wrist2_link|forearm_link"
"cartesian_x_m1_5mm",165,0.20000000000000001,0.016683342866020388,"base_link|tunnel_floor","wrist2_link|forearm_link"
"cartesian_x_m1_5mm",166,0.20000000000000001,0.016657736201586299,"base_link|tunnel_floor","wrist2_link|forearm_link"
"cartesian_x_m1_5mm",167,0.20000000000000001,0.016657005590619965,"base_link|tunnel_floor","wrist2_link|forearm_link"
"cartesian_x_m1_5mm",168,0.20000000000000001,0.016747657794974526,"base_link|tunnel_floor","wrist2_link|forearm_link"
"cartesian_x_m1_5mm",169,0.20000000000000001,0.016777529397653864,"base_link|tunnel_floor","wrist2_link|forearm_link"
"cartesian_x_m1_5mm",170,0.20000000000000001,0.01687368340217309,"base_link|tunnel_floor","wrist2_link|forearm_link"
"cartesian_x_m1_5mm",171,0.20000000000000001,0.016728031657769021,"base_link|tunnel_floor","wrist2_link|forearm_link"
"cartesian_x_m1_5mm",172,0.20000000000000001,0.016675354017115368,"base_link|tunnel_floor","wrist2_link|forearm_link"
"cartesian_x_m1_5mm",173,0.20000000000000001,0.016674984358255717,"base_link|tunnel_floor","wrist2_link|forearm_link"
"cartesian_x_m1_5mm",174,0.20000000000000001,0.016634382410044366,"base_link|tunnel_floor","wrist2_link|forearm_link"
"cartesian_x_m1_5mm",175,0.20000000000000001,0.016770386054578246,"base_link|tunnel_floor","wrist2_link|forearm_link"
"cartesian_x_m1_5mm",176,0.20000000000000001,0.016734566287814844,"base_link|tunnel_floor","wrist2_link|forearm_link"
"cartesian_x_m1_5mm",177,0.20000000000000001,0.01681249501835505,"base_link|tunnel_floor","wrist2_link|forearm_link"
"cartesian_x_m1_5mm",178,0.20000000000000001,0.016852515307556791,"base_link|tunnel_floor","wrist2_link|forearm_link"
"cartesian_x_m1_5mm",179,0.20000000000000001,0.01671931803927151,"base_link|tunnel_floor","wrist2_link|forearm_link"
"cartesian_x_m1_5mm",180,0.20000000000000001,0.016625930095521376,"base_link|tunnel_floor","wrist2_link|forearm_link"
"cartesian_x_p1_5mm",0,0.20000000000000001,0.016836332585723032,"base_link|tunnel_floor","wrist2_link|forearm_link"
"cartesian_x_p1_5mm",1,0.20000000000000001,0.016845881801387887,"base_link|tunnel_floor","wrist2_link|forearm_link"
"cartesian_x_p1_5mm",2,0.20000000000000001,0.016654625670177142,"base_link|tunnel_floor","wrist2_link|forearm_link"
"cartesian_x_p1_5mm",3,0.20000000000000001,0.016755178830541798,"base_link|tunnel_floor","wrist2_link|forearm_link"
"cartesian_x_p1_5mm",4,0.20000000000000001,0.016858740081537614,"base_link|tunnel_floor","wrist2_link|forearm_link"
"cartesian_x_p1_5mm",5,0.20000000000000001,0.016677991262512657,"base_link|tunnel_floor","wrist2_link|forearm_link"
"cartesian_x_p1_5mm",6,0.20000000000000001,0.016730034696398634,"base_link|tunnel_floor","wrist2_link|forearm_link"
"cartesian_x_p1_5mm",7,0.20000000000000001,0.016785710597003147,"base_link|tunnel_floor","wrist2_link|forearm_link"
"cartesian_x_p1_5mm",8,0.20000000000000001,0.016673184123179505,"base_link|tunnel_floor","wrist2_link|forearm_link"
"cartesian_x_p1_5mm",9,0.20000000000000001,0.016745431932222724,"base_link|tunnel_floor","wrist2_link|forearm_link"
"cartesian_x_p1_5mm",10,0.20000000000000001,0.016798758979881374,"base_link|tunnel_floor","wrist2_link|forearm_link"
"cartesian_x_p1_5mm",11,0.20000000000000001,0.016749644254308117,"base_link|tunnel_floor","wrist2_link|forearm_link"
"cartesian_x_p1_5mm",12,0.20000000000000001,0.016762608407093142,"base_link|tunnel_floor","wrist2_link|forearm_link"
"cartesian_x_p1_5mm",13,0.20000000000000001,0.016749646766677118,"base_link|tunnel_floor","wrist2_link|forearm_link"
"cartesian_x_p1_5mm",14,0.20000000000000001,0.016745471711788872,"base_link|tunnel_floor","wrist2_link|forearm_link"
"cartesian_x_p1_5mm",15,0.20000000000000001,0.016861323567134708,"base_link|tunnel_floor","wrist2_link|forearm_link"
"cartesian_x_p1_5mm",16,0.20000000000000001,0.01673052150478899,"base_link|tunnel_floor","wrist2_link|forearm_link"
"cartesian_x_p1_5mm",17,0.20000000000000001,0.016659872342276637,"base_link|tunnel_floor","wrist2_link|forearm_link"
"cartesian_x_p1_5mm",18,0.20000000000000001,0.016675299995610699,"base_link|tunnel_floor","wrist2_link|forearm_link"
"cartesian_x_p1_5mm",19,0.20000000000000001,0.016817267218757911,"base_link|tunnel_floor","wrist2_link|forearm_link"
"cartesian_x_p1_5mm",20,0.20000000000000001,0.016827785182243669,"base_link|tunnel_floor","wrist2_link|forearm_link"
"cartesian_x_p1_5mm",21,0.20000000000000001,0.01673046825571204,"base_link|tunnel_floor","wrist2_link|forearm_link"
"cartesian_x_p1_5mm",22,0.20000000000000001,0.016754020886280203,"base_link|tunnel_floor","wrist2_link|forearm_link"
"cartesian_x_p1_5mm",23,0.20000000000000001,0.016730943151323719,"base_link|tunnel_floor","wrist2_link|forearm_link"
"cartesian_x_p1_5mm",24,0.20000000000000001,0.016871027079289586,"base_link|tunnel_floor","wrist2_link|forearm_link"
"cartesian_x_p1_5mm",25,0.20000000000000001,0.016669516409602732,"base_link|tunnel_floor","wrist2_link|forearm_link"
"cartesian_x_p1_5mm",26,0.20000000000000001,0.016652078822726357,"base_link|tunnel_floor","wrist2_link|forearm_link"
"cartesian_x_p1_5mm",27,0.20000000000000001,0.016747401526017253,"base_link|tunnel_floor","wrist2_link|forearm_link"
"cartesian_x_p1_5mm",28,0.20000000000000001,0.01692915285898167,"base_link|tunnel_floor","wrist2_link|forearm_link"
"cartesian_x_p1_5mm",29,0.20000000000000001,0.01680402830135886,"base_link|tunnel_floor","wrist2_link|forearm_link"
"cartesian_x_p1_5mm",30,0.20000000000000001,0.01677636031889293,"base_link|tunnel_floor","wrist2_link|forearm_link"
"cartesian_x_p1_5mm",31,0.20000000000000001,0.016772947251438634,"base_link|tunnel_floor","wrist2_link|forearm_link"
"cartesian_x_p1_5mm",32,0.20000000000000001,0.016785595631401844,"base_link|tunnel_floor","wrist2_link|forearm_link"
"cartesian_x_p1_5mm",33,0.20000000000000001,0.016816153939749886,"base_link|tunnel_floor","wrist2_link|forearm_link"
"cartesian_x_p1_5mm",34,0.20000000000000001,0.01686909892344993,"base_link|tunnel_floor","wrist2_link|forearm_link"
"cartesian_x_p1_5mm",35,0.20000000000000001,0.016920925320049431,"base_link|tunnel_floor","wrist2_link|forearm_link"
"cartesian_x_p1_5mm",36,0.20000000000000001,0.016842985952793925,"base_link|tunnel_floor","wrist2_link|forearm_link"
"cartesian_x_p1_5mm",37,0.20000000000000001,0.016766390973884753,"base_link|tunnel_floor","forearm_link|wrist2_link"
"cartesian_x_p1_5mm",38,0.20000000000000001,0.016733643706298092,"base_link|tunnel_floor","forearm_link|wrist2_link"
"cartesian_x_p1_5mm",39,0.20000000000000001,0.016759893526107336,"base_link|tunnel_floor","forearm_link|wrist2_link"
"cartesian_x_p1_5mm",40,0.20000000000000001,0.016709373081170983,"base_link|tunnel_floor","forearm_link|wrist2_link"
"cartesian_x_p1_5mm",41,0.20000000000000001,0.016659105511773818,"base_link|tunnel_floor","forearm_link|wrist2_link"
"cartesian_x_p1_5mm",42,0.20000000000000001,0.016645537779002881,"base_link|tunnel_floor","forearm_link|wrist2_link"
"cartesian_x_p1_5mm",43,0.20000000000000001,0.016690786193483763,"base_link|tunnel_floor","forearm_link|wrist2_link"
"cartesian_x_p1_5mm",44,0.20000000000000001,0.016718672524477542,"base_link|tunnel_floor","forearm_link|wrist2_link"
"cartesian_x_p1_5mm",45,0.20000000000000001,0.016708499987630892,"base_link|tunnel_floor","forearm_link|wrist2_link"
"cartesian_x_p1_5mm",46,0.20000000000000001,0.016726609909937507,"base_link|tunnel_floor","forearm_link|wrist2_link"
"cartesian_x_p1_5mm",47,0.20000000000000001,0.016774895657128606,"base_link|tunnel_floor","forearm_link|wrist2_link"
"cartesian_x_p1_5mm",48,0.20000000000000001,0.016865321462059969,"base_link|tunnel_floor","forearm_link|wrist2_link"
"cartesian_x_p1_5mm",49,0.20000000000000001,0.016875387513279192,"base_link|tunnel_floor","forearm_link|wrist2_link"
"cartesian_x_p1_5mm",50,0.20000000000000001,0.016838501855143923,"base_link|tunnel_floor","forearm_link|wrist2_link"
"cartesian_x_p1_5mm",51,0.20000000000000001,0.016831679016715055,"base_link|tunnel_floor","forearm_link|wrist2_link"
"cartesian_x_p1_5mm",52,0.20000000000000001,0.016759276015201469,"base_link|tunnel_floor","forearm_link|wrist2_link"
"cartesian_x_p1_5mm",53,0.20000000000000001,0.016717411107414475,"base_link|tunnel_floor","forearm_link|wrist2_link"
"cartesian_x_p1_5mm",54,0.20000000000000001,0.016705474290868137,"base_link|tunnel_floor","forearm_link|wrist2_link"
"cartesian_x_p1_5mm",55,0.20000000000000001,0.016722729320032031,"base_link|tunnel_floor","forearm_link|wrist2_link"
"cartesian_x_p1_5mm",56,0.20000000000000001,0.016734907466787866,"base_link|tunnel_floor","forearm_link|wrist2_link"
"cartesian_x_p1_5mm",57,0.20000000000000001,0.016686822684152204,"base_link|tunnel_floor","wrist2_link|forearm_link"
"cartesian_x_p1_5mm",58,0.20000000000000001,0.016669454840112608,"base_link|tunnel_floor","wrist2_link|forearm_link"
"cartesian_x_p1_5mm",59,0.20000000000000001,0.016679965499107784,"base_link|tunnel_floor","wrist2_link|forearm_link"
"cartesian_x_p1_5mm",60,0.20000000000000001,0.01671493314157221,"base_link|tunnel_floor","wrist2_link|forearm_link"
"cartesian_x_p1_5mm",61,0.20000000000000001,0.016770972081050547,"base_link|tunnel_floor","wrist2_link|forearm_link"
"cartesian_x_p1_5mm",62,0.20000000000000001,0.0168448994247213,"base_link|tunnel_floor","wrist2_link|forearm_link"
"cartesian_x_p1_5mm",63,0.20000000000000001,0.01689941645886283,"base_link|tunnel_floor","wrist2_link|forearm_link"
"cartesian_x_p1_5mm",64,0.20000000000000001,0.016854213141697306,"base_link|tunnel_floor","wrist2_link|forearm_link"
"cartesian_x_p1_5mm",65,0.20000000000000001,0.016827424352414706,"base_link|tunnel_floor","wrist2_link|forearm_link"
"cartesian_x_p1_5mm",66,0.20000000000000001,0.016814723078393164,"base_link|tunnel_floor","wrist2_link|forearm_link"
"cartesian_x_p1_5mm",67,0.20000000000000001,0.01677548596026136,"base_link|tunnel_floor","wrist2_link|forearm_link"
"cartesian_x_p1_5mm",68,0.20000000000000001,0.016752574082589036,"base_link|tunnel_floor","wrist2_link|forearm_link"
"cartesian_x_p1_5mm",69,0.20000000000000001,0.016742571494223413,"base_link|tunnel_floor","wrist2_link|forearm_link"
"cartesian_x_p1_5mm",70,0.20000000000000001,0.016740402524321098,"base_link|tunnel_floor","wrist2_link|forearm_link"
"cartesian_x_p1_5mm",71,0.20000000000000001,0.016740224443174939,"base_link|tunnel_floor","wrist2_link|forearm_link"
"cartesian_x_p1_5mm",72,0.20000000000000001,0.016735365190745855,"base_link|tunnel_floor","wrist2_link|forearm_link"
"cartesian_x_p1_5mm",73,0.20000000000000001,0.01671833754454748,"base_link|tunnel_floor","wrist2_link|forearm_link"
"cartesian_x_p1_5mm",74,0.20000000000000001,0.016680969638188371,"base_link|tunnel_floor","wrist2_link|forearm_link"
"cartesian_x_p1_5mm",75,0.20000000000000001,0.016626834733272765,"base_link|tunnel_floor","wrist2_link|forearm_link"
"cartesian_x_p1_5mm",76,0.20000000000000001,0.016652683923959775,"base_link|tunnel_floor","wrist2_link|forearm_link"
"cartesian_x_p1_5mm",77,0.20000000000000001,0.016711288449806287,"base_link|tunnel_floor","wrist2_link|forearm_link"
"cartesian_x_p1_5mm",78,0.20000000000000001,0.016733074648299279,"base_link|tunnel_floor","wrist2_link|forearm_link"
"cartesian_x_p1_5mm",79,0.19785231697608666,0.016710138537868322,"upperarm_link|horseshoe_wall_30","wrist2_link|forearm_link"
"cartesian_x_p1_5mm",80,0.17595759051843268,0.016657944894936536,"upperarm_link|horseshoe_wall_30","wrist2_link|forearm_link"
"cartesian_x_p1_5mm",81,0.15541520305480602,0.016759895928046602,"upperarm_link|horseshoe_wall_29","wrist2_link|forearm_link"
"cartesian_x_p1_5mm",82,0.13658379427729156,0.016751957220286905,"upperarm_link|horseshoe_wall_29","wrist2_link|forearm_link"
"cartesian_x_p1_5mm",83,0.1196662684413258,0.016828221143065418,"upperarm_link|horseshoe_wall_29","wrist2_link|forearm_link"
"cartesian_x_p1_5mm",84,0.1054972650515229,0.016871294478034368,"upperarm_link|horseshoe_wall_28","wrist2_link|forearm_link"
"cartesian_x_p1_5mm",85,0.094909776392731002,0.016840567436018462,"upperarm_link|horseshoe_wall_26","wrist2_link|forearm_link"
"cartesian_x_p1_5mm",86,0.089176584782892476,0.01674711846899881,"upperarm_link|horseshoe_wall_26","wrist2_link|forearm_link"
"cartesian_x_p1_5mm",87,0.090837920578009115,0.016685511385853325,"upperarm_link|horseshoe_wall_25","wrist2_link|forearm_link"
"cartesian_x_p1_5mm",88,0.10029891977464162,0.016669970825712005,"upperarm_link|horseshoe_wall_25","wrist2_link|forearm_link"
"cartesian_x_p1_5mm",89,0.10736768590030989,0.016622595023869074,"upperarm_link|horseshoe_wall_25","wrist2_link|forearm_link"
"cartesian_x_p1_5mm",90,0.11576322517563208,0.016690627352784815,"upperarm_link|horseshoe_wall_25","wrist2_link|forearm_link"
"cartesian_x_p1_5mm",91,0.12543274726387157,0.016753307447290543,"upperarm_link|horseshoe_wall_25","wrist2_link|forearm_link"
"cartesian_x_p1_5mm",92,0.13112752702063485,0.016728548084094044,"forearm_link|horseshoe_wall_25","wrist2_link|forearm_link"
"cartesian_x_p1_5mm",93,0.1358037715891767,0.016760103367507283,"forearm_link|horseshoe_wall_25","wrist2_link|forearm_link"
"cartesian_x_p1_5mm",94,0.14107260130979374,0.016833596933071553,"forearm_link|horseshoe_wall_25","wrist2_link|forearm_link"
"cartesian_x_p1_5mm",95,0.14680919103437698,0.016894146788493485,"forearm_link|horseshoe_wall_25","wrist2_link|forearm_link"
"cartesian_x_p1_5mm",96,0.14394456587095814,0.016883440049590959,"forearm_link|horseshoe_wall_26","wrist2_link|forearm_link"
"cartesian_x_p1_5mm",97,0.14373230848821167,0.016892963462243549,"forearm_link|horseshoe_wall_29","wrist2_link|forearm_link"
"cartesian_x_p1_5mm",98,0.14491774464889148,0.016882315764006634,"forearm_link|horseshoe_wall_29","wrist2_link|forearm_link"
"cartesian_x_p1_5mm",99,0.14657555017942997,0.016851276827622507,"forearm_link|horseshoe_wall_30","wrist2_link|forearm_link"
"cartesian_x_p1_5mm",100,0.14845270935718471,0.01682008596072463,"forearm_link|horseshoe_wall_31","wrist2_link|forearm_link"
"cartesian_x_p1_5mm",101,0.15041834561438872,0.016790955907362484,"forearm_link|horseshoe_wall_31","wrist2_link|forearm_link"
"cartesian_x_p1_5mm",102,0.15249185120055672,0.016764216714467251,"forearm_link|horseshoe_wall_32","wrist2_link|forearm_link"
"cartesian_x_p1_5mm",103,0.15468139551358973,0.016740322183172923,"forearm_link|horseshoe_wall_33","wrist2_link|forearm_link"
"cartesian_x_p1_5mm",104,0.15686745154331661,0.016719500996858018,"forearm_link|horseshoe_wall_33","wrist2_link|forearm_link"
"cartesian_x_p1_5mm",105,0.15911549338046377,0.016701880044133574,"forearm_link|horseshoe_wall_34","wrist2_link|forearm_link"
"cartesian_x_p1_5mm",106,0.16139510902063384,0.016687555277966216,"forearm_link|horseshoe_wall_34","wrist2_link|forearm_link"
"cartesian_x_p1_5mm",107,0.16363774530755767,0.016676723716849473,"forearm_link|horseshoe_wall_35","wrist2_link|forearm_link"
"cartesian_x_p1_5mm",108,0.16591246278034133,0.016675024669056779,"forearm_link|horseshoe_wall_36","wrist2_link|forearm_link"
"cartesian_x_p1_5mm",109,0.16815573577772244,0.016681444245912593,"forearm_link|horseshoe_wall_36","wrist2_link|forearm_link"
"cartesian_x_p1_5mm",110,0.17036005145802838,0.016697197656781061,"forearm_link|horseshoe_wall_37","wrist2_link|forearm_link"
"cartesian_x_p1_5mm",111,0.17257705775598425,0.016726175363158874,"forearm_link|horseshoe_wall_38","wrist2_link|forearm_link"
"cartesian_x_p1_5mm",112,0.17473375534186808,0.016714793786017819,"forearm_link|horseshoe_wall_38","wrist2_link|forearm_link"
"cartesian_x_p1_5mm",113,0.17688966300943429,0.016684680451507939,"forearm_link|horseshoe_wall_39","wrist2_link|forearm_link"
"cartesian_x_p1_5mm",114,0.17907275235464074,0.016658863657908647,"forearm_link|horseshoe_wall_40","wrist2_link|forearm_link"
"cartesian_x_p1_5mm",115,0.18118353172792315,0.016637946461185014,"forearm_link|horseshoe_wall_40","wrist2_link|forearm_link"
"cartesian_x_p1_5mm",116,0.18331100751190937,0.016628200717839763,"forearm_link|horseshoe_wall_41","wrist2_link|forearm_link"
"cartesian_x_p1_5mm",117,0.18544998358320275,0.016629961233572479,"forearm_link|horseshoe_wall_41","wrist2_link|forearm_link"
"cartesian_x_p1_5mm",118,0.18751714846203715,0.016637555163710929,"forearm_link|horseshoe_wall_42","wrist2_link|forearm_link"
"cartesian_x_p1_5mm",119,0.18960192118300698,0.01665239728964656,"forearm_link|horseshoe_wall_43","wrist2_link|forearm_link"
"cartesian_x_p1_5mm",120,0.19168232315188111,0.016677156300966757,"forearm_link|horseshoe_wall_43","wrist2_link|forearm_link"
"cartesian_x_p1_5mm",121,0.19369919718749501,0.016711496481722467,"forearm_link|horseshoe_wall_44","wrist2_link|forearm_link"
"cartesian_x_p1_5mm",122,0.19572838811582122,0.016750915925752268,"forearm_link|horseshoe_wall_45","wrist2_link|forearm_link"
"cartesian_x_p1_5mm",123,0.19774173317854796,0.016764082313192184,"forearm_link|horseshoe_wall_45","wrist2_link|forearm_link"
"cartesian_x_p1_5mm",124,0.19969571338771488,0.016756926128644035,"forearm_link|horseshoe_wall_46","wrist2_link|forearm_link"
"cartesian_x_p1_5mm",125,0.20000000000000001,0.016746316633149638,"base_link|tunnel_floor","wrist2_link|forearm_link"
"cartesian_x_p1_5mm",126,0.20000000000000001,0.01673572377503774,"base_link|tunnel_floor","wrist2_link|forearm_link"
"cartesian_x_p1_5mm",127,0.20000000000000001,0.016734691652551262,"base_link|tunnel_floor","wrist2_link|forearm_link"
"cartesian_x_p1_5mm",128,0.20000000000000001,0.016740683923811474,"base_link|tunnel_floor","wrist2_link|forearm_link"
"cartesian_x_p1_5mm",129,0.20000000000000001,0.016750799914160515,"base_link|tunnel_floor","wrist2_link|forearm_link"
"cartesian_x_p1_5mm",130,0.20000000000000001,0.016769017134688501,"base_link|tunnel_floor","wrist2_link|forearm_link"
"cartesian_x_p1_5mm",131,0.20000000000000001,0.016795048283069977,"base_link|tunnel_floor","wrist2_link|forearm_link"
"cartesian_x_p1_5mm",132,0.20000000000000001,0.016826326685055688,"base_link|tunnel_floor","wrist2_link|forearm_link"
"cartesian_x_p1_5mm",133,0.20000000000000001,0.016855283637076626,"base_link|tunnel_floor","wrist2_link|forearm_link"
"cartesian_x_p1_5mm",134,0.20000000000000001,0.016881505297028143,"base_link|tunnel_floor","wrist2_link|forearm_link"
"cartesian_x_p1_5mm",135,0.20000000000000001,0.016905128898503981,"base_link|tunnel_floor","wrist2_link|forearm_link"
"cartesian_x_p1_5mm",136,0.20000000000000001,0.016883719589898507,"base_link|tunnel_floor","wrist2_link|forearm_link"
"cartesian_x_p1_5mm",137,0.20000000000000001,0.016853074446304961,"base_link|tunnel_floor","wrist2_link|forearm_link"
"cartesian_x_p1_5mm",138,0.20000000000000001,0.016824192615945064,"base_link|tunnel_floor","wrist2_link|forearm_link"
"cartesian_x_p1_5mm",139,0.20000000000000001,0.016797091774061832,"base_link|tunnel_floor","wrist2_link|forearm_link"
"cartesian_x_p1_5mm",140,0.20000000000000001,0.016771846696752534,"base_link|tunnel_floor","wrist2_link|forearm_link"
"cartesian_x_p1_5mm",141,0.20000000000000001,0.016748590331799762,"base_link|tunnel_floor","wrist2_link|forearm_link"
"cartesian_x_p1_5mm",142,0.20000000000000001,0.016729193870677537,"base_link|tunnel_floor","wrist2_link|forearm_link"
"cartesian_x_p1_5mm",143,0.20000000000000001,0.016715238469185465,"base_link|tunnel_floor","wrist2_link|forearm_link"
"cartesian_x_p1_5mm",144,0.20000000000000001,0.016705565952629897,"base_link|tunnel_floor","wrist2_link|forearm_link"
"cartesian_x_p1_5mm",145,0.20000000000000001,0.016699260042148233,"base_link|tunnel_floor","wrist2_link|forearm_link"
"cartesian_x_p1_5mm",146,0.20000000000000001,0.016695659186574188,"base_link|tunnel_floor","wrist2_link|forearm_link"
"cartesian_x_p1_5mm",147,0.20000000000000001,0.01669434641879234,"base_link|tunnel_floor","wrist2_link|forearm_link"
"cartesian_x_p1_5mm",148,0.20000000000000001,0.016695135709003574,"base_link|tunnel_floor","wrist2_link|forearm_link"
"cartesian_x_p1_5mm",149,0.20000000000000001,0.016698056116764153,"base_link|tunnel_floor","wrist2_link|forearm_link"
"cartesian_x_p1_5mm",150,0.20000000000000001,0.016711241625774888,"base_link|tunnel_floor","wrist2_link|forearm_link"
"cartesian_x_p1_5mm",151,0.20000000000000001,0.016753661703689044,"base_link|tunnel_floor","wrist2_link|forearm_link"
"cartesian_x_p1_5mm",152,0.20000000000000001,0.016851604441449831,"base_link|tunnel_floor","wrist2_link|forearm_link"
"cartesian_x_p1_5mm",153,0.20000000000000001,0.016807339402554543,"base_link|tunnel_floor","wrist2_link|forearm_link"
"cartesian_x_p1_5mm",154,0.20000000000000001,0.016752439559854278,"base_link|tunnel_floor","wrist2_link|forearm_link"
"cartesian_x_p1_5mm",155,0.20000000000000001,0.016627849456010983,"base_link|tunnel_floor","wrist2_link|forearm_link"
"cartesian_x_p1_5mm",156,0.20000000000000001,0.016675983574959519,"base_link|tunnel_floor","wrist2_link|forearm_link"
"cartesian_x_p1_5mm",157,0.20000000000000001,0.016860043166033643,"base_link|tunnel_floor","wrist2_link|forearm_link"
"cartesian_x_p1_5mm",158,0.20000000000000001,0.016754121444348642,"base_link|tunnel_floor","wrist2_link|forearm_link"
"cartesian_x_p1_5mm",159,0.20000000000000001,0.01667456535525412,"base_link|tunnel_floor","wrist2_link|forearm_link"
"cartesian_x_p1_5mm",160,0.20000000000000001,0.016688232668186559,"base_link|tunnel_floor","wrist2_link|forearm_link"
"cartesian_x_p1_5mm",161,0.20000000000000001,0.016744247363437284,"base_link|tunnel_floor","wrist2_link|forearm_link"
"cartesian_x_p1_5mm",162,0.20000000000000001,0.016786743967328391,"base_link|tunnel_floor","wrist2_link|forearm_link"
"cartesian_x_p1_5mm",163,0.20000000000000001,0.016842880888381682,"base_link|tunnel_floor","wrist2_link|forearm_link"
"cartesian_x_p1_5mm",164,0.20000000000000001,0.016709920730713271,"base_link|tunnel_floor","wrist2_link|forearm_link"
"cartesian_x_p1_5mm",165,0.20000000000000001,0.016686983960483067,"base_link|tunnel_floor","wrist2_link|forearm_link"
"cartesian_x_p1_5mm",166,0.20000000000000001,0.016653369568216475,"base_link|tunnel_floor","wrist2_link|forearm_link"
"cartesian_x_p1_5mm",167,0.20000000000000001,0.016661387573826774,"base_link|tunnel_floor","wrist2_link|forearm_link"
"cartesian_x_p1_5mm",168,0.20000000000000001,0.016746567172076839,"base_link|tunnel_floor","wrist2_link|forearm_link"
"cartesian_x_p1_5mm",169,0.20000000000000001,0.01677973823208927,"base_link|tunnel_floor","wrist2_link|forearm_link"
"cartesian_x_p1_5mm",170,0.20000000000000001,0.016872107979679547,"base_link|tunnel_floor","wrist2_link|forearm_link"
"cartesian_x_p1_5mm",171,0.20000000000000001,0.016728542805365492,"base_link|tunnel_floor","wrist2_link|forearm_link"
"cartesian_x_p1_5mm",172,0.20000000000000001,0.016675214418549775,"base_link|tunnel_floor","wrist2_link|forearm_link"
"cartesian_x_p1_5mm",173,0.20000000000000001,0.016678712620067124,"base_link|tunnel_floor","wrist2_link|forearm_link"
"cartesian_x_p1_5mm",174,0.20000000000000001,0.016632917863634491,"base_link|tunnel_floor","wrist2_link|forearm_link"
"cartesian_x_p1_5mm",175,0.20000000000000001,0.016762516509751087,"base_link|tunnel_floor","wrist2_link|forearm_link"
"cartesian_x_p1_5mm",176,0.20000000000000001,0.016733431624974187,"base_link|tunnel_floor","wrist2_link|forearm_link"
"cartesian_x_p1_5mm",177,0.20000000000000001,0.016806011305242109,"base_link|tunnel_floor","wrist2_link|forearm_link"
"cartesian_x_p1_5mm",178,0.20000000000000001,0.016852744881956701,"base_link|tunnel_floor","wrist2_link|forearm_link"
"cartesian_x_p1_5mm",179,0.20000000000000001,0.016733583677353503,"base_link|tunnel_floor","wrist2_link|forearm_link"
"cartesian_x_p1_5mm",180,0.20000000000000001,0.016629832185914625,"base_link|tunnel_floor","wrist2_link|forearm_link"
"cartesian_z_m1_5mm",0,0.20000000000000001,0.016836332585723032,"base_link|tunnel_floor","wrist2_link|forearm_link"
"cartesian_z_m1_5mm",1,0.20000000000000001,0.016845881801387887,"base_link|tunnel_floor","wrist2_link|forearm_link"
"cartesian_z_m1_5mm",2,0.20000000000000001,0.016654625670177142,"base_link|tunnel_floor","wrist2_link|forearm_link"
"cartesian_z_m1_5mm",3,0.20000000000000001,0.016755178830541798,"base_link|tunnel_floor","wrist2_link|forearm_link"
"cartesian_z_m1_5mm",4,0.20000000000000001,0.016858740081537614,"base_link|tunnel_floor","wrist2_link|forearm_link"
"cartesian_z_m1_5mm",5,0.20000000000000001,0.016677991262512657,"base_link|tunnel_floor","wrist2_link|forearm_link"
"cartesian_z_m1_5mm",6,0.20000000000000001,0.016730034696398634,"base_link|tunnel_floor","wrist2_link|forearm_link"
"cartesian_z_m1_5mm",7,0.20000000000000001,0.016785710597003147,"base_link|tunnel_floor","wrist2_link|forearm_link"
"cartesian_z_m1_5mm",8,0.20000000000000001,0.016673184123179505,"base_link|tunnel_floor","wrist2_link|forearm_link"
"cartesian_z_m1_5mm",9,0.20000000000000001,0.016745431932222724,"base_link|tunnel_floor","wrist2_link|forearm_link"
"cartesian_z_m1_5mm",10,0.20000000000000001,0.016798758979881374,"base_link|tunnel_floor","wrist2_link|forearm_link"
"cartesian_z_m1_5mm",11,0.20000000000000001,0.016749644254308117,"base_link|tunnel_floor","wrist2_link|forearm_link"
"cartesian_z_m1_5mm",12,0.20000000000000001,0.016762608407093142,"base_link|tunnel_floor","wrist2_link|forearm_link"
"cartesian_z_m1_5mm",13,0.20000000000000001,0.016749646766677118,"base_link|tunnel_floor","wrist2_link|forearm_link"
"cartesian_z_m1_5mm",14,0.20000000000000001,0.016745471711788872,"base_link|tunnel_floor","wrist2_link|forearm_link"
"cartesian_z_m1_5mm",15,0.20000000000000001,0.016861323567134708,"base_link|tunnel_floor","wrist2_link|forearm_link"
"cartesian_z_m1_5mm",16,0.20000000000000001,0.016669657401846123,"base_link|tunnel_floor","wrist2_link|forearm_link"
"cartesian_z_m1_5mm",17,0.20000000000000001,0.016733357247157878,"base_link|tunnel_floor","wrist2_link|forearm_link"
"cartesian_z_m1_5mm",18,0.20000000000000001,0.016704904968132782,"base_link|tunnel_floor","wrist2_link|forearm_link"
"cartesian_z_m1_5mm",19,0.20000000000000001,0.016897889801466576,"base_link|tunnel_floor","wrist2_link|forearm_link"
"cartesian_z_m1_5mm",20,0.20000000000000001,0.016742665828162619,"base_link|tunnel_floor","wrist2_link|forearm_link"
"cartesian_z_m1_5mm",21,0.20000000000000001,0.016763877886975708,"base_link|tunnel_floor","wrist2_link|forearm_link"
"cartesian_z_m1_5mm",22,0.20000000000000001,0.016668892399908347,"base_link|tunnel_floor","wrist2_link|forearm_link"
"cartesian_z_m1_5mm",23,0.20000000000000001,0.016756976028752917,"base_link|tunnel_floor","wrist2_link|forearm_link"
"cartesian_z_m1_5mm",24,0.20000000000000001,0.01676622436770173,"base_link|tunnel_floor","wrist2_link|forearm_link"
"cartesian_z_m1_5mm",25,0.20000000000000001,0.016710881244360765,"base_link|tunnel_floor","wrist2_link|forearm_link"
"cartesian_z_m1_5mm",26,0.20000000000000001,0.016628567069984154,"base_link|tunnel_floor","wrist2_link|forearm_link"
"cartesian_z_m1_5mm",27,0.20000000000000001,0.016735599178663192,"base_link|tunnel_floor","wrist2_link|forearm_link"
"cartesian_z_m1_5mm",28,0.20000000000000001,0.016864927971154742,"base_link|tunnel_floor","wrist2_link|forearm_link"
"cartesian_z_m1_5mm",29,0.20000000000000001,0.016850049100616944,"base_link|tunnel_floor","wrist2_link|forearm_link"
"cartesian_z_m1_5mm",30,0.20000000000000001,0.016821987195401927,"base_link|tunnel_floor","wrist2_link|forearm_link"
"cartesian_z_m1_5mm",31,0.20000000000000001,0.016819165081532309,"base_link|tunnel_floor","wrist2_link|forearm_link"
"cartesian_z_m1_5mm",32,0.20000000000000001,0.016833250625160872,"base_link|tunnel_floor","wrist2_link|forearm_link"
"cartesian_z_m1_5mm",33,0.20000000000000001,0.016866388390784661,"base_link|tunnel_floor","wrist2_link|forearm_link"
"cartesian_z_m1_5mm",34,0.20000000000000001,0.016904276489219588,"base_link|tunnel_floor","wrist2_link|forearm_link"
"cartesian_z_m1_5mm",35,0.20000000000000001,0.016843963372284197,"base_link|tunnel_floor","wrist2_link|forearm_link"
"cartesian_z_m1_5mm",36,0.20000000000000001,0.016762313055848774,"base_link|tunnel_floor","wrist2_link|forearm_link"
"cartesian_z_m1_5mm",37,0.20000000000000001,0.016729513533373659,"base_link|tunnel_floor","forearm_link|wrist2_link"
"cartesian_z_m1_5mm",38,0.20000000000000001,0.016754658646267531,"base_link|tunnel_floor","forearm_link|wrist2_link"
"cartesian_z_m1_5mm",39,0.20000000000000001,0.016700224395021258,"base_link|tunnel_floor","forearm_link|wrist2_link"
"cartesian_z_m1_5mm",40,0.20000000000000001,0.016631487283408724,"base_link|tunnel_floor","forearm_link|wrist2_link"
"cartesian_z_m1_5mm",41,0.20000000000000001,0.016629092533076237,"base_link|tunnel_floor","forearm_link|wrist2_link"
"cartesian_z_m1_5mm",42,0.20000000000000001,0.016691735691064469,"base_link|tunnel_floor","forearm_link|wrist2_link"
"cartesian_z_m1_5mm",43,0.20000000000000001,0.016707823458317787,"base_link|tunnel_floor","forearm_link|wrist2_link"
"cartesian_z_m1_5mm",44,0.20000000000000001,0.016683815087461598,"base_link|tunnel_floor","forearm_link|wrist2_link"
"cartesian_z_m1_5mm",45,0.20000000000000001,0.016698634336728899,"base_link|tunnel_floor","forearm_link|wrist2_link"
"cartesian_z_m1_5mm",46,0.20000000000000001,0.016761649243894641,"base_link|tunnel_floor","forearm_link|wrist2_link"
"cartesian_z_m1_5mm",47,0.20000000000000001,0.016871424774516683,"base_link|tunnel_floor","forearm_link|wrist2_link"
"cartesian_z_m1_5mm",48,0.20000000000000001,0.016887751289542213,"base_link|tunnel_floor","forearm_link|wrist2_link"
"cartesian_z_m1_5mm",49,0.20000000000000001,0.016837809306806992,"base_link|tunnel_floor","forearm_link|wrist2_link"
"cartesian_z_m1_5mm",50,0.20000000000000001,0.016820266700612374,"base_link|tunnel_floor","forearm_link|wrist2_link"
"cartesian_z_m1_5mm",51,0.20000000000000001,0.016797921941044468,"base_link|tunnel_floor","forearm_link|wrist2_link"
"cartesian_z_m1_5mm",52,0.20000000000000001,0.016746648840400453,"base_link|tunnel_floor","forearm_link|wrist2_link"
"cartesian_z_m1_5mm",53,0.20000000000000001,0.016728095344271894,"base_link|tunnel_floor","forearm_link|wrist2_link"
"cartesian_z_m1_5mm",54,0.20000000000000001,0.016741538170678767,"base_link|tunnel_floor","forearm_link|wrist2_link"
"cartesian_z_m1_5mm",55,0.20000000000000001,0.016740259867750424,"base_link|tunnel_floor","forearm_link|wrist2_link"
"cartesian_z_m1_5mm",56,0.20000000000000001,0.016706849465615261,"base_link|tunnel_floor","wrist2_link|forearm_link"
"cartesian_z_m1_5mm",57,0.20000000000000001,0.016700393684153856,"base_link|tunnel_floor","wrist2_link|forearm_link"
"cartesian_z_m1_5mm",58,0.20000000000000001,0.016719651854695136,"base_link|tunnel_floor","wrist2_link|forearm_link"
"cartesian_z_m1_5mm",59,0.20000000000000001,0.016763130746410709,"base_link|tunnel_floor","wrist2_link|forearm_link"
"cartesian_z_m1_5mm",60,0.20000000000000001,0.016829000175267655,"base_link|tunnel_floor","wrist2_link|forearm_link"
"cartesian_z_m1_5mm",61,0.20000000000000001,0.016915007851288612,"base_link|tunnel_floor","wrist2_link|forearm_link"
"cartesian_z_m1_5mm",62,0.20000000000000001,0.016879642284067822,"base_link|tunnel_floor","wrist2_link|forearm_link"
"cartesian_z_m1_5mm",63,0.20000000000000001,0.016846408803491489,"base_link|tunnel_floor","wrist2_link|forearm_link"
"cartesian_z_m1_5mm",64,0.20000000000000001,0.016835116259818986,"base_link|tunnel_floor","wrist2_link|forearm_link"
"cartesian_z_m1_5mm",65,0.20000000000000001,0.016789612111496852,"base_link|tunnel_floor","wrist2_link|forearm_link"
"cartesian_z_m1_5mm",66,0.20000000000000001,0.016713300248559274,"base_link|tunnel_floor","wrist2_link|forearm_link"
"cartesian_z_m1_5mm",67,0.20000000000000001,0.016663351324731714,"base_link|tunnel_floor","wrist2_link|forearm_link"
"cartesian_z_m1_5mm",68,0.20000000000000001,0.016646132170551199,"base_link|tunnel_floor","wrist2_link|forearm_link"
"cartesian_z_m1_5mm",69,0.20000000000000001,0.016665003094640394,"base_link|tunnel_floor","wrist2_link|forearm_link"
"cartesian_z_m1_5mm",70,0.20000000000000001,0.016694141821381372,"base_link|tunnel_floor","wrist2_link|forearm_link"
"cartesian_z_m1_5mm",71,0.20000000000000001,0.016721499093337866,"base_link|tunnel_floor","wrist2_link|forearm_link"
"cartesian_z_m1_5mm",72,0.20000000000000001,0.016739476653465719,"base_link|tunnel_floor","wrist2_link|forearm_link"
"cartesian_z_m1_5mm",73,0.20000000000000001,0.016739590213301309,"base_link|tunnel_floor","wrist2_link|forearm_link"
"cartesian_z_m1_5mm",74,0.20000000000000001,0.016712667894929579,"base_link|tunnel_floor","wrist2_link|forearm_link"
"cartesian_z_m1_5mm",75,0.20000000000000001,0.016650760726520834,"base_link|tunnel_floor","wrist2_link|forearm_link"
"cartesian_z_m1_5mm",76,0.20000000000000001,0.016650372639891331,"base_link|tunnel_floor","wrist2_link|forearm_link"
"cartesian_z_m1_5mm",77,0.20000000000000001,0.016713007567457167,"base_link|tunnel_floor","wrist2_link|forearm_link"
"cartesian_z_m1_5mm",78,0.1959679675573707,0.016730678424636294,"upperarm_link|horseshoe_wall_30","wrist2_link|forearm_link"
"cartesian_z_m1_5mm",79,0.17403248480475536,0.016695806433899649,"upperarm_link|horseshoe_wall_29","wrist2_link|forearm_link"
"cartesian_z_m1_5mm",80,0.1533642833019748,0.016642502792302921,"upperarm_link|horseshoe_wall_29","wrist2_link|forearm_link"
"cartesian_z_m1_5mm",81,0.13457757493734404,0.016759359273917643,"upperarm_link|horseshoe_wall_29","wrist2_link|forearm_link"
"cartesian_z_m1_5mm",82,0.11788022251303544,0.016777621713957608,"upperarm_link|horseshoe_wall_28","wrist2_link|forearm_link"
"cartesian_z_m1_5mm",83,0.10387308853394361,0.0168360980249402,"upperarm_link|horseshoe_wall_26","wrist2_link|forearm_link"
"cartesian_z_m1_5mm",84,0.09349973400760038,0.016863898850789056,"upperarm_link|horseshoe_wall_26","wrist2_link|forearm_link"
"cartesian_z_m1_5mm",85,0.087576945044741561,0.01681568824537533,"upperarm_link|horseshoe_wall_25","wrist2_link|forearm_link"
"cartesian_z_m1_5mm",86,0.089531496627258372,0.016705859354696748,"upperarm_link|horseshoe_wall_24","wrist2_link|forearm_link"
"cartesian_z_m1_5mm",87,0.098734781520561102,0.016716411905663583,"upperarm_link|horseshoe_wall_24","wrist2_link|forearm_link"
"cartesian_z_m1_5mm",88,0.10579589396074743,0.016665808008822176,"upperarm_link|horseshoe_wall_24","wrist2_link|forearm_link"
"cartesian_z_m1_5mm",89,0.11424221889646065,0.016622159823094635,"upperarm_link|horseshoe_wall_24","wrist2_link|forearm_link"
"cartesian_z_m1_5mm",90,0.12401327106750713,0.01668244232873739,"upperarm_link|horseshoe_wall_25","wrist2_link|forearm_link"
"cartesian_z_m1_5mm",91,0.1297303889257457,0.016757387309762978,"forearm_link|horseshoe_wall_25","wrist2_link|forearm_link"
"cartesian_z_m1_5mm",92,0.1344132530466052,0.016730737782498329,"forearm_link|horseshoe_wall_25","wrist2_link|forearm_link"
"cartesian_z_m1_5mm",93,0.13970479755861306,0.016741925516417885,"forearm_link|horseshoe_wall_25","wrist2_link|forearm_link"
"cartesian_z_m1_5mm",94,0.14547229273253387,0.016796026585905798,"forearm_link|horseshoe_wall_25","wrist2_link|forearm_link"
"cartesian_z_m1_5mm",95,0.14226205860532218,0.016772450886579849,"forearm_link|horseshoe_wall_26","wrist2_link|forearm_link"
"cartesian_z_m1_5mm",96,0.14213515384154912,0.016779984472016295,"forearm_link|horseshoe_wall_28","wrist2_link|forearm_link"
"cartesian_z_m1_5mm",97,0.1433098874696532,0.016805582776150737,"forearm_link|horseshoe_wall_29","wrist2_link|forearm_link"
"cartesian_z_m1_5mm",98,0.14501437415365398,0.016839435277438804,"forearm_link|horseshoe_wall_30","wrist2_link|forearm_link"
"cartesian_z_m1_5mm",99,0.14691111009724744,0.016872080169429399,"forearm_link|horseshoe_wall_30","wrist2_link|forearm_link"
"cartesian_z_m1_5mm",100,0.1488928355395891,0.016901704539448423,"forearm_link|horseshoe_wall_31","wrist2_link|forearm_link"
"cartesian_z_m1_5mm",101,0.1510297074969088,0.016865792051862886,"forearm_link|horseshoe_wall_32","wrist2_link|forearm_link"
"cartesian_z_m1_5mm",102,0.15321667882131834,0.016831043835282423,"forearm_link|horseshoe_wall_32","wrist2_link|forearm_link"
"cartesian_z_m1_5mm",103,0.15546785156044507,0.016799359026163335,"forearm_link|horseshoe_wall_33","wrist2_link|forearm_link"
"cartesian_z_m1_5mm",104,0.15779426120544868,0.016770833011498818,"forearm_link|horseshoe_wall_33","wrist2_link|forearm_link"
"cartesian_z_m1_5mm",105,0.16007897848993169,0.016745508129761402,"forearm_link|horseshoe_wall_34","wrist2_link|forearm_link"
"cartesian_z_m1_5mm",106,0.16240936665643979,0.016723419062574615,"forearm_link|horseshoe_wall_35","wrist2_link|forearm_link"
"cartesian_z_m1_5mm",107,0.16475276630304395,0.016704618379432237,"forearm_link|horseshoe_wall_35","wrist2_link|forearm_link"
"cartesian_z_m1_5mm",108,0.16703544449138108,0.016689192095753161,"forearm_link|horseshoe_wall_36","wrist2_link|forearm_link"
"cartesian_z_m1_5mm",109,0.16933283066001462,0.016677292157383929,"forearm_link|horseshoe_wall_37","wrist2_link|forearm_link"
"cartesian_z_m1_5mm",110,0.17160432577750537,0.016674318915288356,"forearm_link|horseshoe_wall_37","wrist2_link|forearm_link"
"cartesian_z_m1_5mm",111,0.17381796991151366,0.016680421924463732,"forearm_link|horseshoe_wall_38","wrist2_link|forearm_link"
"cartesian_z_m1_5mm",112,0.17604236237044801,0.016695977587483861,"forearm_link|horseshoe_wall_39","wrist2_link|forearm_link"
"cartesian_z_m1_5mm",113,0.17824519463269833,0.016723439668102417,"forearm_link|horseshoe_wall_39","wrist2_link|forearm_link"
"cartesian_z_m1_5mm",114,0.1804196150724714,0.016719739751188577,"forearm_link|horseshoe_wall_40","wrist2_link|forearm_link"
"cartesian_z_m1_5mm",115,0.18261439459318007,0.01669085369144533,"forearm_link|horseshoe_wall_41","wrist2_link|forearm_link"
"cartesian_z_m1_5mm",116,0.18477453930935409,0.016665680135181563,"forearm_link|horseshoe_wall_41","wrist2_link|forearm_link"
"cartesian_z_m1_5mm",117,0.18691199884596776,0.016643991523565497,"forearm_link|horseshoe_wall_42","wrist2_link|forearm_link"
"cartesian_z_m1_5mm",118,0.1890623083965163,0.016630484554761946,"forearm_link|horseshoe_wall_43","wrist2_link|forearm_link"
"cartesian_z_m1_5mm",119,0.19116986210621595,0.01662748462131157,"forearm_link|horseshoe_wall_43","wrist2_link|forearm_link"
"cartesian_z_m1_5mm",120,0.19325787475812203,0.016632846961703127,"forearm_link|horseshoe_wall_44","wrist2_link|forearm_link"
"cartesian_z_m1_5mm",121,0.19534968402970876,0.016642369821754214,"forearm_link|horseshoe_wall_45","wrist2_link|forearm_link"
"cartesian_z_m1_5mm",122,0.19739459094728165,0.016660957648726341,"forearm_link|horseshoe_wall_45","wrist2_link|forearm_link"
"cartesian_z_m1_5mm",123,0.1994204875345639,0.016689133167495776,"forearm_link|horseshoe_wall_46","wrist2_link|forearm_link"
"cartesian_z_m1_5mm",124,0.20000000000000001,0.016725987612791923,"base_link|tunnel_floor","wrist2_link|forearm_link"
"cartesian_z_m1_5mm",125,0.20000000000000001,0.016766369960883577,"base_link|tunnel_floor","wrist2_link|forearm_link"
"cartesian_z_m1_5mm",126,0.20000000000000001,0.016761340240264749,"base_link|tunnel_floor","wrist2_link|forearm_link"
"cartesian_z_m1_5mm",127,0.20000000000000001,0.016752716795269611,"base_link|tunnel_floor","wrist2_link|forearm_link"
"cartesian_z_m1_5mm",128,0.20000000000000001,0.01674118807352171,"base_link|tunnel_floor","wrist2_link|forearm_link"
"cartesian_z_m1_5mm",129,0.20000000000000001,0.016734115051811063,"base_link|tunnel_floor","wrist2_link|forearm_link"
"cartesian_z_m1_5mm",130,0.20000000000000001,0.016735598433549017,"base_link|tunnel_floor","wrist2_link|forearm_link"
"cartesian_z_m1_5mm",131,0.20000000000000001,0.016741511554922341,"base_link|tunnel_floor","wrist2_link|forearm_link"
"cartesian_z_m1_5mm",132,0.20000000000000001,0.016751952048834465,"base_link|tunnel_floor","wrist2_link|forearm_link"
"cartesian_z_m1_5mm",133,0.20000000000000001,0.016769996291294519,"base_link|tunnel_floor","wrist2_link|forearm_link"
"cartesian_z_m1_5mm",134,0.20000000000000001,0.016795617808540171,"base_link|tunnel_floor","wrist2_link|forearm_link"
"cartesian_z_m1_5mm",135,0.20000000000000001,0.016826539878604822,"base_link|tunnel_floor","wrist2_link|forearm_link"
"cartesian_z_m1_5mm",136,0.20000000000000001,0.016855580934702689,"base_link|tunnel_floor","wrist2_link|forearm_link"
"cartesian_z_m1_5mm",137,0.20000000000000001,0.016882286694154695,"base_link|tunnel_floor","wrist2_link|forearm_link"
"cartesian_z_m1_5mm",138,0.20000000000000001,0.016906645324439685,"base_link|tunnel_floor","wrist2_link|forearm_link"
"cartesian_z_m1_5mm",139,0.20000000000000001,0.016880323758803391,"base_link|tunnel_floor","wrist2_link|forearm_link"
"cartesian_z_m1_5mm",140,0.20000000000000001,0.016847864306917322,"base_link|tunnel_floor","wrist2_link|forearm_link"
"cartesian_z_m1_5mm",141,0.20000000000000001,0.016817120275012136,"base_link|tunnel_floor","wrist2_link|forearm_link"
"cartesian_z_m1_5mm",142,0.20000000000000001,0.016790629799841909,"base_link|tunnel_floor","wrist2_link|forearm_link"
"cartesian_z_m1_5mm",143,0.20000000000000001,0.016770917157651388,"base_link|tunnel_floor","wrist2_link|forearm_link"
"cartesian_z_m1_5mm",144,0.20000000000000001,0.016756816325399253,"base_link|tunnel_floor","wrist2_link|forearm_link"
"cartesian_z_m1_5mm",145,0.20000000000000001,0.016747394629208524,"base_link|tunnel_floor","wrist2_link|forearm_link"
"cartesian_z_m1_5mm",146,0.20000000000000001,0.016741973158888725,"base_link|tunnel_floor","wrist2_link|forearm_link"
"cartesian_z_m1_5mm",147,0.20000000000000001,0.016740117401316562,"base_link|tunnel_floor","wrist2_link|forearm_link"
"cartesian_z_m1_5mm",148,0.20000000000000001,0.016741624126624208,"base_link|tunnel_floor","wrist2_link|forearm_link"
"cartesian_z_m1_5mm",149,0.20000000000000001,0.01674650582861572,"base_link|tunnel_floor","wrist2_link|forearm_link"
"cartesian_z_m1_5mm",150,0.20000000000000001,0.016766983554297805,"base_link|tunnel_floor","wrist2_link|forearm_link"
"cartesian_z_m1_5mm",151,0.20000000000000001,0.016827519770217642,"base_link|tunnel_floor","wrist2_link|forearm_link"
"cartesian_z_m1_5mm",152,0.20000000000000001,0.016878521819816913,"base_link|tunnel_floor","wrist2_link|forearm_link"
"cartesian_z_m1_5mm",153,0.20000000000000001,0.016742143467679001,"base_link|tunnel_floor","wrist2_link|forearm_link"
"cartesian_z_m1_5mm",154,0.20000000000000001,0.016728642508500261,"base_link|tunnel_floor","wrist2_link|forearm_link"
"cartesian_z_m1_5mm",155,0.20000000000000001,0.016676422416148435,"base_link|tunnel_floor","wrist2_link|forearm_link"
"cartesian_z_m1_5mm",156,0.20000000000000001,0.016714679281595281,"base_link|tunnel_floor","wrist2_link|forearm_link"
"cartesian_z_m1_5mm",157,0.20000000000000001,0.016760540727083578,"base_link|tunnel_floor","wrist2_link|forearm_link"
"cartesian_z_m1_5mm",158,0.20000000000000001,0.016706465459803872,"base_link|tunnel_floor","wrist2_link|forearm_link"
"cartesian_z_m1_5mm",159,0.20000000000000001,0.016628619241190787,"base_link|tunnel_floor","wrist2_link|forearm_link"
"cartesian_z_m1_5mm",160,0.20000000000000001,0.016631633379788912,"base_link|tunnel_floor","wrist2_link|forearm_link"
"cartesian_z_m1_5mm",161,0.20000000000000001,0.016748956184111714,"base_link|tunnel_floor","wrist2_link|forearm_link"
"cartesian_z_m1_5mm",162,0.20000000000000001,0.016737532566047025,"base_link|tunnel_floor","wrist2_link|forearm_link"
"cartesian_z_m1_5mm",163,0.20000000000000001,0.016872340292366061,"base_link|tunnel_floor","wrist2_link|forearm_link"
"cartesian_z_m1_5mm",164,0.20000000000000001,0.016765737053018412,"base_link|tunnel_floor","wrist2_link|forearm_link"
"cartesian_z_m1_5mm",165,0.20000000000000001,0.016674776999573183,"base_link|tunnel_floor","wrist2_link|forearm_link"
"cartesian_z_m1_5mm",166,0.20000000000000001,0.016717100510358473,"base_link|tunnel_floor","wrist2_link|forearm_link"
"cartesian_z_m1_5mm",167,0.20000000000000001,0.016628829348845381,"base_link|tunnel_floor","wrist2_link|forearm_link"
"cartesian_z_m1_5mm",168,0.20000000000000001,0.016765915620560738,"base_link|tunnel_floor","wrist2_link|forearm_link"
"cartesian_z_m1_5mm",169,0.20000000000000001,0.016738628621978675,"base_link|tunnel_floor","wrist2_link|forearm_link"
"cartesian_z_m1_5mm",170,0.20000000000000001,0.016876782634148723,"base_link|tunnel_floor","wrist2_link|forearm_link"
"cartesian_z_m1_5mm",171,0.20000000000000001,0.016780494097882324,"base_link|tunnel_floor","wrist2_link|forearm_link"
"cartesian_z_m1_5mm",172,0.20000000000000001,0.016681211222634537,"base_link|tunnel_floor","wrist2_link|forearm_link"
"cartesian_z_m1_5mm",173,0.20000000000000001,0.016719413182181141,"base_link|tunnel_floor","wrist2_link|forearm_link"
"cartesian_z_m1_5mm",174,0.20000000000000001,0.016627386968655684,"base_link|tunnel_floor","wrist2_link|forearm_link"
"cartesian_z_m1_5mm",175,0.20000000000000001,0.016692262109238222,"base_link|tunnel_floor","wrist2_link|forearm_link"
"cartesian_z_m1_5mm",176,0.20000000000000001,0.016742132699362016,"base_link|tunnel_floor","wrist2_link|forearm_link"
"cartesian_z_m1_5mm",177,0.20000000000000001,0.016764025990944429,"base_link|tunnel_floor","wrist2_link|forearm_link"
"cartesian_z_m1_5mm",178,0.20000000000000001,0.016842585450273669,"base_link|tunnel_floor","wrist2_link|forearm_link"
"cartesian_z_m1_5mm",179,0.20000000000000001,0.01679292661600432,"base_link|tunnel_floor","wrist2_link|forearm_link"
"cartesian_z_m1_5mm",180,0.20000000000000001,0.016661677952237556,"base_link|tunnel_floor","wrist2_link|forearm_link"
"cartesian_z_p1_5mm",0,0.20000000000000001,0.016836332585723032,"base_link|tunnel_floor","wrist2_link|forearm_link"
"cartesian_z_p1_5mm",1,0.20000000000000001,0.016845881801387887,"base_link|tunnel_floor","wrist2_link|forearm_link"
"cartesian_z_p1_5mm",2,0.20000000000000001,0.016654625670177142,"base_link|tunnel_floor","wrist2_link|forearm_link"
"cartesian_z_p1_5mm",3,0.20000000000000001,0.016755178830541798,"base_link|tunnel_floor","wrist2_link|forearm_link"
"cartesian_z_p1_5mm",4,0.20000000000000001,0.016858740081537614,"base_link|tunnel_floor","wrist2_link|forearm_link"
"cartesian_z_p1_5mm",5,0.20000000000000001,0.016677991262512657,"base_link|tunnel_floor","wrist2_link|forearm_link"
"cartesian_z_p1_5mm",6,0.20000000000000001,0.016730034696398634,"base_link|tunnel_floor","wrist2_link|forearm_link"
"cartesian_z_p1_5mm",7,0.20000000000000001,0.016785710597003147,"base_link|tunnel_floor","wrist2_link|forearm_link"
"cartesian_z_p1_5mm",8,0.20000000000000001,0.016673184123179505,"base_link|tunnel_floor","wrist2_link|forearm_link"
"cartesian_z_p1_5mm",9,0.20000000000000001,0.016745431932222724,"base_link|tunnel_floor","wrist2_link|forearm_link"
"cartesian_z_p1_5mm",10,0.20000000000000001,0.016798758979881374,"base_link|tunnel_floor","wrist2_link|forearm_link"
"cartesian_z_p1_5mm",11,0.20000000000000001,0.016749644254308117,"base_link|tunnel_floor","wrist2_link|forearm_link"
"cartesian_z_p1_5mm",12,0.20000000000000001,0.016762608407093142,"base_link|tunnel_floor","wrist2_link|forearm_link"
"cartesian_z_p1_5mm",13,0.20000000000000001,0.016749646766677118,"base_link|tunnel_floor","wrist2_link|forearm_link"
"cartesian_z_p1_5mm",14,0.20000000000000001,0.016745471711788872,"base_link|tunnel_floor","wrist2_link|forearm_link"
"cartesian_z_p1_5mm",15,0.20000000000000001,0.016861323567134708,"base_link|tunnel_floor","wrist2_link|forearm_link"
"cartesian_z_p1_5mm",16,0.20000000000000001,0.016755981089669993,"base_link|tunnel_floor","wrist2_link|forearm_link"
"cartesian_z_p1_5mm",17,0.20000000000000001,0.016624381804541784,"base_link|tunnel_floor","wrist2_link|forearm_link"
"cartesian_z_p1_5mm",18,0.20000000000000001,0.016683743159991837,"base_link|tunnel_floor","wrist2_link|forearm_link"
"cartesian_z_p1_5mm",19,0.20000000000000001,0.016741289308972691,"base_link|tunnel_floor","wrist2_link|forearm_link"
"cartesian_z_p1_5mm",20,0.20000000000000001,0.016891236786682327,"base_link|tunnel_floor","wrist2_link|forearm_link"
"cartesian_z_p1_5mm",21,0.20000000000000001,0.016740314703873237,"base_link|tunnel_floor","wrist2_link|forearm_link"
"cartesian_z_p1_5mm",22,0.20000000000000001,0.016742319300574782,"base_link|tunnel_floor","wrist2_link|forearm_link"
"cartesian_z_p1_5mm",23,0.20000000000000001,0.016736124644575388,"base_link|tunnel_floor","wrist2_link|forearm_link"
"cartesian_z_p1_5mm",24,0.20000000000000001,0.016881428481444753,"base_link|tunnel_floor","wrist2_link|forearm_link"
"cartesian_z_p1_5mm",25,0.20000000000000001,0.01667882961650597,"base_link|tunnel_floor","wrist2_link|forearm_link"
"cartesian_z_p1_5mm",26,0.20000000000000001,0.016699301999732741,"base_link|tunnel_floor","wrist2_link|forearm_link"
"cartesian_z_p1_5mm",27,0.20000000000000001,0.016785305222233461,"base_link|tunnel_floor","wrist2_link|forearm_link"
"cartesian_z_p1_5mm",28,0.20000000000000001,0.01683323693960722,"base_link|tunnel_floor","wrist2_link|forearm_link"
"cartesian_z_p1_5mm",29,0.20000000000000001,0.016745656801649619,"base_link|tunnel_floor","wrist2_link|forearm_link"
"cartesian_z_p1_5mm",30,0.20000000000000001,0.016729187272523892,"base_link|tunnel_floor","wrist2_link|forearm_link"
"cartesian_z_p1_5mm",31,0.20000000000000001,0.016729066467751578,"base_link|tunnel_floor","wrist2_link|forearm_link"
"cartesian_z_p1_5mm",32,0.20000000000000001,0.016739997260705873,"base_link|tunnel_floor","wrist2_link|forearm_link"
"cartesian_z_p1_5mm",33,0.20000000000000001,0.016764384125512136,"base_link|tunnel_floor","wrist2_link|forearm_link"
"cartesian_z_p1_5mm",34,0.20000000000000001,0.01680734067152238,"base_link|tunnel_floor","wrist2_link|forearm_link"
"cartesian_z_p1_5mm",35,0.20000000000000001,0.016876716169583274,"base_link|tunnel_floor","wrist2_link|forearm_link"
"cartesian_z_p1_5mm",36,0.20000000000000001,0.016868523595407425,"base_link|tunnel_floor","forearm_link|wrist2_link"
"cartesian_z_p1_5mm",37,0.20000000000000001,0.016770892865528061,"base_link|tunnel_floor","forearm_link|wrist2_link"
"cartesian_z_p1_5mm",38,0.20000000000000001,0.016729198278655363,"base_link|tunnel_floor","forearm_link|wrist2_link"
"cartesian_z_p1_5mm",39,0.20000000000000001,0.01675080543990309,"base_link|tunnel_floor","forearm_link|wrist2_link"
"cartesian_z_p1_5mm",40,0.20000000000000001,0.016711742688095679,"base_link|tunnel_floor","forearm_link|wrist2_link"
"cartesian_z_p1_5mm",41,0.20000000000000001,0.016638937643917304,"base_link|tunnel_floor","forearm_link|wrist2_link"
"cartesian_z_p1_5mm",42,0.20000000000000001,0.016629221707621794,"base_link|tunnel_floor","forearm_link|wrist2_link"
"cartesian_z_p1_5mm",43,0.20000000000000001,0.016680458279356099,"base_link|tunnel_floor","forearm_link|wrist2_link"
"cartesian_z_p1_5mm",44,0.20000000000000001,0.016713228247868289,"base_link|tunnel_floor","forearm_link|wrist2_link"
"cartesian_z_p1_5mm",45,0.20000000000000001,0.016691261247333535,"base_link|tunnel_floor","forearm_link|wrist2_link"
"cartesian_z_p1_5mm",46,0.20000000000000001,0.01670261251253944,"base_link|tunnel_floor","forearm_link|wrist2_link"
"cartesian_z_p1_5mm",47,0.20000000000000001,0.016760999519271333,"base_link|tunnel_floor","forearm_link|wrist2_link"
"cartesian_z_p1_5mm",48,0.20000000000000001,0.016870156713043951,"base_link|tunnel_floor","forearm_link|wrist2_link"
"cartesian_z_p1_5mm",49,0.20000000000000001,0.016883030785221766,"base_link|tunnel_floor","forearm_link|wrist2_link"
"cartesian_z_p1_5mm",50,0.20000000000000001,0.016838185023451781,"base_link|tunnel_floor","forearm_link|wrist2_link"
"cartesian_z_p1_5mm",51,0.20000000000000001,0.016826878763916066,"base_link|tunnel_floor","forearm_link|wrist2_link"
"cartesian_z_p1_5mm",52,0.20000000000000001,0.016779581169642024,"base_link|tunnel_floor","forearm_link|wrist2_link"
"cartesian_z_p1_5mm",53,0.20000000000000001,0.016734535265645754,"base_link|tunnel_floor","forearm_link|wrist2_link"
"cartesian_z_p1_5mm",54,0.20000000000000001,0.016722367779230453,"base_link|tunnel_floor","forearm_link|wrist2_link"
"cartesian_z_p1_5mm",55,0.20000000000000001,0.016742260767495947,"base_link|tunnel_floor","forearm_link|wrist2_link"
"cartesian_z_p1_5mm",56,0.20000000000000001,0.016720638887738719,"base_link|tunnel_floor","wrist2_link|forearm_link"
"cartesian_z_p1_5mm",57,0.20000000000000001,0.016690741147101229,"base_link|tunnel_floor","wrist2_link|forearm_link"
"cartesian_z_p1_5mm",58,0.20000000000000001,0.016688031577223875,"base_link|tunnel_floor","wrist2_link|forearm_link"
"cartesian_z_p1_5mm",59,0.20000000000000001,0.01671060024057814,"base_link|tunnel_floor","wrist2_link|forearm_link"
"cartesian_z_p1_5mm",60,0.20000000000000001,0.016756657173637703,"base_link|tunnel_floor","wrist2_link|forearm_link"
"cartesian_z_p1_5mm",61,0.20000000000000001,0.016823995300255103,"base_link|tunnel_floor","wrist2_link|forearm_link"
"cartesian_z_p1_5mm",62,0.20000000000000001,0.016909908980914986,"base_link|tunnel_floor","wrist2_link|forearm_link"
"cartesian_z_p1_5mm",63,0.20000000000000001,0.016878411125448668,"base_link|tunnel_floor","wrist2_link|forearm_link"
"cartesian_z_p1_5mm",64,0.20000000000000001,0.016845745538105385,"base_link|tunnel_floor","wrist2_link|forearm_link"
"cartesian_z_p1_5mm",65,0.20000000000000001,0.016832177467547654,"base_link|tunnel_floor","wrist2_link|forearm_link"
"cartesian_z_p1_5mm",66,0.20000000000000001,0.01676001554806834,"base_link|tunnel_floor","wrist2_link|forearm_link"
"cartesian_z_p1_5mm",67,0.20000000000000001,0.016713425060769619,"base_link|tunnel_floor","wrist2_link|forearm_link"
"cartesian_z_p1_5mm",68,0.20000000000000001,0.01670197080837748,"base_link|tunnel_floor","wrist2_link|forearm_link"
"cartesian_z_p1_5mm",69,0.20000000000000001,0.016707563751428265,"base_link|tunnel_floor","wrist2_link|forearm_link"
"cartesian_z_p1_5mm",70,0.20000000000000001,0.016719305556003684,"base_link|tunnel_floor","wrist2_link|forearm_link"
"cartesian_z_p1_5mm",71,0.20000000000000001,0.016730613775804978,"base_link|tunnel_floor","wrist2_link|forearm_link"
"cartesian_z_p1_5mm",72,0.20000000000000001,0.016733987619041803,"base_link|tunnel_floor","wrist2_link|forearm_link"
"cartesian_z_p1_5mm",73,0.20000000000000001,0.016721063312406831,"base_link|tunnel_floor","wrist2_link|forearm_link"
"cartesian_z_p1_5mm",74,0.20000000000000001,0.016682817653258186,"base_link|tunnel_floor","wrist2_link|forearm_link"
"cartesian_z_p1_5mm",75,0.20000000000000001,0.016627231265135666,"base_link|tunnel_floor","wrist2_link|forearm_link"
"cartesian_z_p1_5mm",76,0.20000000000000001,0.016664013391800646,"base_link|tunnel_floor","wrist2_link|forearm_link"
"cartesian_z_p1_5mm",77,0.20000000000000001,0.016718557857550973,"base_link|tunnel_floor","wrist2_link|forearm_link"
"cartesian_z_p1_5mm",78,0.19690405542806735,0.016729605794836996,"upperarm_link|horseshoe_wall_30","wrist2_link|forearm_link"
"cartesian_z_p1_5mm",79,0.17510085903042377,0.016690039189898576,"upperarm_link|horseshoe_wall_30","wrist2_link|forearm_link"
"cartesian_z_p1_5mm",80,0.15464692644311537,0.016663870827401842,"upperarm_link|horseshoe_wall_29","wrist2_link|forearm_link"
"cartesian_z_p1_5mm",81,0.13596399499008316,0.016751132472070239,"upperarm_link|horseshoe_wall_29","wrist2_link|forearm_link"
"cartesian_z_p1_5mm",82,0.1194341237451341,0.016786978179551677,"upperarm_link|horseshoe_wall_29","wrist2_link|forearm_link"
"cartesian_z_p1_5mm",83,0.10559779318011504,0.016847595892504532,"upperarm_link|horseshoe_wall_28","wrist2_link|forearm_link"
"cartesian_z_p1_5mm",84,0.095219912093209153,0.016878994809362526,"upperarm_link|horseshoe_wall_26","wrist2_link|forearm_link"
"cartesian_z_p1_5mm",85,0.089587728059394509,0.016794899416314065,"upperarm_link|horseshoe_wall_26","wrist2_link|forearm_link"
"cartesian_z_p1_5mm",86,0.09117910567033588,0.016699060468907945,"upperarm_link|horseshoe_wall_25","wrist2_link|forearm_link"
"cartesian_z_p1_5mm",87,0.10062407527492247,0.016736976447909856,"upperarm_link|horseshoe_wall_25","wrist2_link|forearm_link"
"cartesian_z_p1_5mm",88,0.10767744128138843,0.016645932279451423,"upperarm_link|horseshoe_wall_25","wrist2_link|forearm_link"
"cartesian_z_p1_5mm",89,0.11606915061879676,0.016626746493285865,"upperarm_link|horseshoe_wall_25","wrist2_link|forearm_link"
"cartesian_z_p1_5mm",90,0.12576541889731285,0.016705734806708884,"upperarm_link|horseshoe_wall_25","wrist2_link|forearm_link"
"cartesian_z_p1_5mm",91,0.1315532434156419,0.01674915531095927,"forearm_link|horseshoe_wall_25","wrist2_link|forearm_link"
"cartesian_z_p1_5mm",92,0.13627747220410827,0.016728600809471788,"forearm_link|horseshoe_wall_25","wrist2_link|forearm_link"
"cartesian_z_p1_5mm",93,0.14162784007566856,0.016757851359996634,"forearm_link|horseshoe_wall_25","wrist2_link|forearm_link"
"cartesian_z_p1_5mm",94,0.14746422202780932,0.01682662479513606,"forearm_link|horseshoe_wall_25","wrist2_link|forearm_link"
"cartesian_z_p1_5mm",95,0.14440733502622444,0.016800963890482766,"forearm_link|horseshoe_wall_26","wrist2_link|forearm_link"
"cartesian_z_p1_5mm",96,0.1443189083250748,0.016815030496101901,"forearm_link|horseshoe_wall_29","wrist2_link|forearm_link"
"cartesian_z_p1_5mm",97,0.14551921519946673,0.016845099335283369,"forearm_link|horseshoe_wall_29","wrist2_link|forearm_link"
"cartesian_z_p1_5mm",98,0.14717490640075365,0.01687702165542761,"forearm_link|horseshoe_wall_30","wrist2_link|forearm_link"
"cartesian_z_p1_5mm",99,0.14903184193120009,0.016895654004780592,"forearm_link|horseshoe_wall_31","wrist2_link|forearm_link"
"cartesian_z_p1_5mm",100,0.15101383409822969,0.01685748082854081,"forearm_link|horseshoe_wall_31","wrist2_link|forearm_link"
"cartesian_z_p1_5mm",101,0.15307422481967675,0.016822115661395257,"forearm_link|horseshoe_wall_32","wrist2_link|forearm_link"
"cartesian_z_p1_5mm",102,0.15524952935567637,0.016790022883442848,"forearm_link|horseshoe_wall_33","wrist2_link|forearm_link"
"cartesian_z_p1_5mm",103,0.15744943435227379,0.016761407475902504,"forearm_link|horseshoe_wall_33","wrist2_link|forearm_link"
"cartesian_z_p1_5mm",104,0.15968315094569288,0.016736351356762616,"forearm_link|horseshoe_wall_34","wrist2_link|forearm_link"
"cartesian_z_p1_5mm",105,0.16197565548306106,0.016714894650879678,"forearm_link|horseshoe_wall_35","wrist2_link|forearm_link"
"cartesian_z_p1_5mm",106,0.16420561512670676,0.016697077369080937,"forearm_link|horseshoe_wall_35","wrist2_link|forearm_link"
"cartesian_z_p1_5mm",107,0.16646613919960335,0.016682962865388788,"forearm_link|horseshoe_wall_36","wrist2_link|forearm_link"
"cartesian_z_p1_5mm",108,0.16872514736263605,0.016674156953007141,"forearm_link|horseshoe_wall_36","wrist2_link|forearm_link"
"cartesian_z_p1_5mm",109,0.17091656025209154,0.016676932906835314,"forearm_link|horseshoe_wall_37","wrist2_link|forearm_link"
"cartesian_z_p1_5mm",110,0.17312176183725358,0.016686918570578038,"forearm_link|horseshoe_wall_38","wrist2_link|forearm_link"
"cartesian_z_p1_5mm",111,0.17528902705666752,0.016710861166051541,"forearm_link|horseshoe_wall_38","wrist2_link|forearm_link"
"cartesian_z_p1_5mm",112,0.17741478496554725,0.016729932940642626,"forearm_link|horseshoe_wall_39","wrist2_link|forearm_link"
"cartesian_z_p1_5mm",113,0.17956953385678484,0.016696973782705841,"forearm_link|horseshoe_wall_40","wrist2_link|forearm_link"
"cartesian_z_p1_5mm",114,0.18167468547453108,0.01666861894317866,"forearm_link|horseshoe_wall_40","wrist2_link|forearm_link"
"cartesian_z_p1_5mm",115,0.18377572299539485,0.01664451899784794,"forearm_link|horseshoe_wall_41","wrist2_link|forearm_link"
"cartesian_z_p1_5mm",116,0.18589933254883215,0.016629979306402316,"forearm_link|horseshoe_wall_42","wrist2_link|forearm_link"
"cartesian_z_p1_5mm",117,0.18794884526633118,0.016627938378583857,"forearm_link|horseshoe_wall_42","wrist2_link|forearm_link"
"cartesian_z_p1_5mm",118,0.19001048015054831,0.01663456987794297,"forearm_link|horseshoe_wall_43","wrist2_link|forearm_link"
"cartesian_z_p1_5mm",119,0.19207994330389477,0.016647067479818006,"forearm_link|horseshoe_wall_43","wrist2_link|forearm_link"
"cartesian_z_p1_5mm",120,0.19407500346320181,0.016670216231109897,"forearm_link|horseshoe_wall_44","wrist2_link|forearm_link"
"cartesian_z_p1_5mm",121,0.19608383515305736,0.01670379334797285,"forearm_link|horseshoe_wall_45","wrist2_link|forearm_link"
"cartesian_z_p1_5mm",122,0.19808364944586462,0.016744102435528339,"forearm_link|horseshoe_wall_45","wrist2_link|forearm_link"
"cartesian_z_p1_5mm",123,0.20000000000000001,0.016764467884118724,"base_link|tunnel_floor","wrist2_link|forearm_link"
"cartesian_z_p1_5mm",124,0.20000000000000001,0.01675738372942576,"base_link|tunnel_floor","wrist2_link|forearm_link"
"cartesian_z_p1_5mm",125,0.20000000000000001,0.016746588279572878,"base_link|tunnel_floor","wrist2_link|forearm_link"
"cartesian_z_p1_5mm",126,0.20000000000000001,0.01673552786296395,"base_link|tunnel_floor","wrist2_link|forearm_link"
"cartesian_z_p1_5mm",127,0.20000000000000001,0.016734631236008143,"base_link|tunnel_floor","wrist2_link|forearm_link"
"cartesian_z_p1_5mm",128,0.20000000000000001,0.016740893652424798,"base_link|tunnel_floor","wrist2_link|forearm_link"
"cartesian_z_p1_5mm",129,0.20000000000000001,0.016752175796172226,"base_link|tunnel_floor","wrist2_link|forearm_link"
"cartesian_z_p1_5mm",130,0.20000000000000001,0.016772361912513831,"base_link|tunnel_floor","wrist2_link|forearm_link"
"cartesian_z_p1_5mm",131,0.20000000000000001,0.016801025735058133,"base_link|tunnel_floor","wrist2_link|forearm_link"
"cartesian_z_p1_5mm",132,0.20000000000000001,0.016833533567244457,"base_link|tunnel_floor","wrist2_link|forearm_link"
"cartesian_z_p1_5mm",133,0.20000000000000001,0.016862973623088893,"base_link|tunnel_floor","wrist2_link|forearm_link"
"cartesian_z_p1_5mm",134,0.20000000000000001,0.016889446134736971,"base_link|tunnel_floor","wrist2_link|forearm_link"
"cartesian_z_p1_5mm",135,0.20000000000000001,0.016904640511513188,"base_link|tunnel_floor","wrist2_link|forearm_link"
"cartesian_z_p1_5mm",136,0.20000000000000001,0.016871612643504258,"base_link|tunnel_floor","wrist2_link|forearm_link"
"cartesian_z_p1_5mm",137,0.20000000000000001,0.016840596131978403,"base_link|tunnel_floor","wrist2_link|forearm_link"
"cartesian_z_p1_5mm",138,0.20000000000000001,0.016811563723534238,"base_link|tunnel_floor","wrist2_link|forearm_link"
"cartesian_z_p1_5mm",139,0.20000000000000001,0.016784545792176767,"base_link|tunnel_floor","wrist2_link|forearm_link"
"cartesian_z_p1_5mm",140,0.20000000000000001,0.016759631424675108,"base_link|tunnel_floor","wrist2_link|forearm_link"
"cartesian_z_p1_5mm",141,0.20000000000000001,0.016736969285432089,"base_link|tunnel_floor","wrist2_link|forearm_link"
"cartesian_z_p1_5mm",142,0.20000000000000001,0.016718299387392825,"base_link|tunnel_floor","wrist2_link|forearm_link"
"cartesian_z_p1_5mm",143,0.20000000000000001,0.016704973105575973,"base_link|tunnel_floor","wrist2_link|forearm_link"
"cartesian_z_p1_5mm",144,0.20000000000000001,0.01669577927916439,"base_link|tunnel_floor","wrist2_link|forearm_link"
"cartesian_z_p1_5mm",145,0.20000000000000001,0.016689749975558839,"base_link|tunnel_floor","wrist2_link|forearm_link"
"cartesian_z_p1_5mm",146,0.20000000000000001,0.016686171683695267,"base_link|tunnel_floor","wrist2_link|forearm_link"
"cartesian_z_p1_5mm",147,0.20000000000000001,0.016684574716038056,"base_link|tunnel_floor","wrist2_link|forearm_link"
"cartesian_z_p1_5mm",148,0.20000000000000001,0.016684719010053702,"base_link|tunnel_floor","wrist2_link|forearm_link"
"cartesian_z_p1_5mm",149,0.20000000000000001,0.01668657765198293,"base_link|tunnel_floor","wrist2_link|forearm_link"
"cartesian_z_p1_5mm",150,0.20000000000000001,0.016696855867555989,"base_link|tunnel_floor","wrist2_link|forearm_link"
"cartesian_z_p1_5mm",151,0.20000000000000001,0.016732267303215,"base_link|tunnel_floor","wrist2_link|forearm_link"
"cartesian_z_p1_5mm",152,0.20000000000000001,0.016817934489629038,"base_link|tunnel_floor","wrist2_link|forearm_link"
"cartesian_z_p1_5mm",153,0.20000000000000001,0.016848207084162611,"base_link|tunnel_floor","wrist2_link|forearm_link"
"cartesian_z_p1_5mm",154,0.20000000000000001,0.016736973725413197,"base_link|tunnel_floor","wrist2_link|forearm_link"
"cartesian_z_p1_5mm",155,0.20000000000000001,0.016633003660674311,"base_link|tunnel_floor","wrist2_link|forearm_link"
"cartesian_z_p1_5mm",156,0.20000000000000001,0.016677588081890408,"base_link|tunnel_floor","wrist2_link|forearm_link"
"cartesian_z_p1_5mm",157,0.20000000000000001,0.016885357329401489,"base_link|tunnel_floor","wrist2_link|forearm_link"
"cartesian_z_p1_5mm",158,0.20000000000000001,0.01673375192100944,"base_link|tunnel_floor","wrist2_link|forearm_link"
"cartesian_z_p1_5mm",159,0.20000000000000001,0.01676516544200797,"base_link|tunnel_floor","wrist2_link|forearm_link"
"cartesian_z_p1_5mm",160,0.20000000000000001,0.01676300348073699,"base_link|tunnel_floor","wrist2_link|forearm_link"
"cartesian_z_p1_5mm",161,0.20000000000000001,0.016737911885528933,"base_link|tunnel_floor","wrist2_link|forearm_link"
"cartesian_z_p1_5mm",162,0.20000000000000001,0.016868118650264448,"base_link|tunnel_floor","wrist2_link|forearm_link"
"cartesian_z_p1_5mm",163,0.20000000000000001,0.016774697777316546,"base_link|tunnel_floor","wrist2_link|forearm_link"
"cartesian_z_p1_5mm",164,0.20000000000000001,0.01667923958115659,"base_link|tunnel_floor","wrist2_link|forearm_link"
"cartesian_z_p1_5mm",165,0.20000000000000001,0.016733922249168275,"base_link|tunnel_floor","wrist2_link|forearm_link"
"cartesian_z_p1_5mm",166,0.20000000000000001,0.016626940598951173,"base_link|tunnel_floor","wrist2_link|forearm_link"
"cartesian_z_p1_5mm",167,0.20000000000000001,0.016741582241117266,"base_link|tunnel_floor","wrist2_link|forearm_link"
"cartesian_z_p1_5mm",168,0.20000000000000001,0.016735063691089583,"base_link|tunnel_floor","wrist2_link|forearm_link"
"cartesian_z_p1_5mm",169,0.20000000000000001,0.016856035987109535,"base_link|tunnel_floor","wrist2_link|forearm_link"
"cartesian_z_p1_5mm",170,0.20000000000000001,0.016801241242989491,"base_link|tunnel_floor","wrist2_link|forearm_link"
"cartesian_z_p1_5mm",171,0.20000000000000001,0.016691488535072015,"base_link|tunnel_floor","wrist2_link|forearm_link"
"cartesian_z_p1_5mm",172,0.20000000000000001,0.016701818822574665,"base_link|tunnel_floor","wrist2_link|forearm_link"
"cartesian_z_p1_5mm",173,0.20000000000000001,0.016632815059233981,"base_link|tunnel_floor","wrist2_link|forearm_link"
"cartesian_z_p1_5mm",174,0.20000000000000001,0.016675715056238924,"base_link|tunnel_floor","wrist2_link|forearm_link"
"cartesian_z_p1_5mm",175,0.20000000000000001,0.016749389284035864,"base_link|tunnel_floor","wrist2_link|forearm_link"
"cartesian_z_p1_5mm",176,0.20000000000000001,0.016755831285932939,"base_link|tunnel_floor","wrist2_link|forearm_link"
"cartesian_z_p1_5mm",177,0.20000000000000001,0.016839184344915121,"base_link|tunnel_floor","wrist2_link|forearm_link"
"cartesian_z_p1_5mm",178,0.20000000000000001,0.016804972898112908,"base_link|tunnel_floor","wrist2_link|forearm_link"
"cartesian_z_p1_5mm",179,0.20000000000000001,0.016670994723800989,"base_link|tunnel_floor","wrist2_link|forearm_link"
"cartesian_z_p1_5mm",180,0.20000000000000001,0.01662941682055458,"base_link|tunnel_floor","wrist2_link|forearm_link"
"normal_y_m1_0.5deg",0,0.20000000000000001,0.016836332585723032,"base_link|tunnel_floor","wrist2_link|forearm_link"
"normal_y_m1_0.5deg",1,0.20000000000000001,0.016845881801387887,"base_link|tunnel_floor","wrist2_link|forearm_link"
"normal_y_m1_0.5deg",2,0.20000000000000001,0.016654625670177142,"base_link|tunnel_floor","wrist2_link|forearm_link"
"normal_y_m1_0.5deg",3,0.20000000000000001,0.016755178830541798,"base_link|tunnel_floor","wrist2_link|forearm_link"
"normal_y_m1_0.5deg",4,0.20000000000000001,0.016858740081537614,"base_link|tunnel_floor","wrist2_link|forearm_link"
"normal_y_m1_0.5deg",5,0.20000000000000001,0.016677991262512657,"base_link|tunnel_floor","wrist2_link|forearm_link"
"normal_y_m1_0.5deg",6,0.20000000000000001,0.016730034696398634,"base_link|tunnel_floor","wrist2_link|forearm_link"
"normal_y_m1_0.5deg",7,0.20000000000000001,0.016785710597003147,"base_link|tunnel_floor","wrist2_link|forearm_link"
"normal_y_m1_0.5deg",8,0.20000000000000001,0.016673184123179505,"base_link|tunnel_floor","wrist2_link|forearm_link"
"normal_y_m1_0.5deg",9,0.20000000000000001,0.016745431932222724,"base_link|tunnel_floor","wrist2_link|forearm_link"
"normal_y_m1_0.5deg",10,0.20000000000000001,0.016798758979881374,"base_link|tunnel_floor","wrist2_link|forearm_link"
"normal_y_m1_0.5deg",11,0.20000000000000001,0.016749644254308117,"base_link|tunnel_floor","wrist2_link|forearm_link"
"normal_y_m1_0.5deg",12,0.20000000000000001,0.016762608407093142,"base_link|tunnel_floor","wrist2_link|forearm_link"
"normal_y_m1_0.5deg",13,0.20000000000000001,0.016749646766677118,"base_link|tunnel_floor","wrist2_link|forearm_link"
"normal_y_m1_0.5deg",14,0.20000000000000001,0.016745471711788872,"base_link|tunnel_floor","wrist2_link|forearm_link"
"normal_y_m1_0.5deg",15,0.20000000000000001,0.016861323567134708,"base_link|tunnel_floor","wrist2_link|forearm_link"
"normal_y_m1_0.5deg",16,0.20000000000000001,0.016674580350519368,"base_link|tunnel_floor","wrist2_link|forearm_link"
"normal_y_m1_0.5deg",17,0.20000000000000001,0.016729597392336683,"base_link|tunnel_floor","wrist2_link|forearm_link"
"normal_y_m1_0.5deg",18,0.20000000000000001,0.016698957893124453,"base_link|tunnel_floor","wrist2_link|forearm_link"
"normal_y_m1_0.5deg",19,0.20000000000000001,0.016882453820041748,"base_link|tunnel_floor","wrist2_link|forearm_link"
"normal_y_m1_0.5deg",20,0.20000000000000001,0.016747596389377867,"base_link|tunnel_floor","wrist2_link|forearm_link"
"normal_y_m1_0.5deg",21,0.20000000000000001,0.016762615013075292,"base_link|tunnel_floor","wrist2_link|forearm_link"
"normal_y_m1_0.5deg",22,0.20000000000000001,0.016680517952451599,"base_link|tunnel_floor","wrist2_link|forearm_link"
"normal_y_m1_0.5deg",23,0.20000000000000001,0.016763790985064208,"base_link|tunnel_floor","wrist2_link|forearm_link"
"normal_y_m1_0.5deg",24,0.20000000000000001,0.016774429274539461,"base_link|tunnel_floor","wrist2_link|forearm_link"
"normal_y_m1_0.5deg",25,0.20000000000000001,0.016707000456899282,"base_link|tunnel_floor","wrist2_link|forearm_link"
"normal_y_m1_0.5deg",26,0.20000000000000001,0.01662817673655172,"base_link|tunnel_floor","wrist2_link|forearm_link"
"normal_y_m1_0.5deg",27,0.20000000000000001,0.01673538938235947,"base_link|tunnel_floor","wrist2_link|forearm_link"
"normal_y_m1_0.5deg",28,0.20000000000000001,0.016864942939421219,"base_link|tunnel_floor","wrist2_link|forearm_link"
"normal_y_m1_0.5deg",29,0.20000000000000001,0.016851443351260008,"base_link|tunnel_floor","wrist2_link|forearm_link"
"normal_y_m1_0.5deg",30,0.20000000000000001,0.016824568237372352,"base_link|tunnel_floor","wrist2_link|forearm_link"
"normal_y_m1_0.5deg",31,0.20000000000000001,0.016822869664076125,"base_link|tunnel_floor","wrist2_link|forearm_link"
"normal_y_m1_0.5deg",32,0.20000000000000001,0.016838255428154685,"base_link|tunnel_floor","wrist2_link|forearm_link"
"normal_y_m1_0.5deg",33,0.20000000000000001,0.016873082594735155,"base_link|tunnel_floor","wrist2_link|forearm_link"
"normal_y_m1_0.5deg",34,0.20000000000000001,0.016900542239055311,"base_link|tunnel_floor","wrist2_link|forearm_link"
"normal_y_m1_0.5deg",35,0.20000000000000001,0.016839886153345061,"base_link|tunnel_floor","wrist2_link|forearm_link"
"normal_y_m1_0.5deg",36,0.20000000000000001,0.016759438376499701,"base_link|tunnel_floor","forearm_link|wrist2_link"
"normal_y_m1_0.5deg",37,0.20000000000000001,0.016728780133960813,"base_link|tunnel_floor","forearm_link|wrist2_link"
"normal_y_m1_0.5deg",38,0.20000000000000001,0.016754226372113268,"base_link|tunnel_floor","forearm_link|wrist2_link"
"normal_y_m1_0.5deg",39,0.20000000000000001,0.016700081418472373,"base_link|tunnel_floor","forearm_link|wrist2_link"
"normal_y_m1_0.5deg",40,0.20000000000000001,0.016633475539385892,"base_link|tunnel_floor","forearm_link|wrist2_link"
"normal_y_m1_0.5deg",41,0.20000000000000001,0.016630737769072153,"base_link|tunnel_floor","forearm_link|wrist2_link"
"normal_y_m1_0.5deg",42,0.20000000000000001,0.016688382732893504,"base_link|tunnel_floor","forearm_link|wrist2_link"
"normal_y_m1_0.5deg",43,0.20000000000000001,0.016710525999385058,"base_link|tunnel_floor","forearm_link|wrist2_link"
"normal_y_m1_0.5deg",44,0.20000000000000001,0.016690238852338526,"base_link|tunnel_floor","forearm_link|wrist2_link"
"normal_y_m1_0.5deg",45,0.20000000000000001,0.016702521313024507,"base_link|tunnel_floor","forearm_link|wrist2_link"
"normal_y_m1_0.5deg",46,0.20000000000000001,0.016759673016651148,"base_link|tunnel_floor","forearm_link|wrist2_link"
"normal_y_m1_0.5deg",47,0.20000000000000001,0.016864884081383855,"base_link|tunnel_floor","forearm_link|wrist2_link"
"normal_y_m1_0.5deg",48,0.20000000000000001,0.016887885210309737,"base_link|tunnel_floor","forearm_link|wrist2_link"
"normal_y_m1_0.5deg",49,0.20000000000000001,0.016841262371599625,"base_link|tunnel_floor","forearm_link|wrist2_link"
"normal_y_m1_0.5deg",50,0.20000000000000001,0.016826105708370606,"base_link|tunnel_floor","forearm_link|wrist2_link"
"normal_y_m1_0.5deg",51,0.20000000000000001,0.016791233912357279,"base_link|tunnel_floor","forearm_link|wrist2_link"
"normal_y_m1_0.5deg",52,0.20000000000000001,0.016741173292306337,"base_link|tunnel_floor","forearm_link|wrist2_link"
"normal_y_m1_0.5deg",53,0.20000000000000001,0.016722585715056967,"base_link|tunnel_floor","forearm_link|wrist2_link"
"normal_y_m1_0.5deg",54,0.20000000000000001,0.016734633333180381,"base_link|tunnel_floor","forearm_link|wrist2_link"
"normal_y_m1_0.5deg",55,0.20000000000000001,0.016734678601314307,"base_link|tunnel_floor","forearm_link|wrist2_link"
"normal_y_m1_0.5deg",56,0.20000000000000001,0.016697076883847316,"base_link|tunnel_floor","wrist2_link|forearm_link"
"normal_y_m1_0.5deg",57,0.20000000000000001,0.016686294466562106,"base_link|tunnel_floor","wrist2_link|forearm_link"
"normal_y_m1_0.5deg",58,0.20000000000000001,0.016699843625241215,"base_link|tunnel_floor","wrist2_link|forearm_link"
"normal_y_m1_0.5deg",59,0.20000000000000001,0.016736216340180233,"base_link|tunnel_floor","wrist2_link|forearm_link"
"normal_y_m1_0.5deg",60,0.20000000000000001,0.016793593732534345,"base_link|tunnel_floor","wrist2_link|forearm_link"
"normal_y_m1_0.5deg",61,0.20000000000000001,0.016869765892258356,"base_link|tunnel_floor","wrist2_link|forearm_link"
"normal_y_m1_0.5deg",62,0.20000000000000001,0.016901670614131711,"base_link|tunnel_floor","wrist2_link|forearm_link"
"normal_y_m1_0.5deg",63,0.20000000000000001,0.016859412726748485,"base_link|tunnel_floor","wrist2_link|forearm_link"
"normal_y_m1_0.5deg",64,0.20000000000000001,0.016837344630594369,"base_link|tunnel_floor","wrist2_link|forearm_link"
"normal_y_m1_0.5deg",65,0.20000000000000001,0.016799337440818247,"base_link|tunnel_floor","wrist2_link|forearm_link"
"normal_y_m1_0.5deg",66,0.20000000000000001,0.016734343226313234,"base_link|tunnel_floor","wrist2_link|forearm_link"
"normal_y_m1_0.5deg",67,0.20000000000000001,0.016701622911436908,"base_link|tunnel_floor","wrist2_link|forearm_link"
"normal_y_m1_0.5deg",68,0.20000000000000001,0.016699813252706603,"base_link|tunnel_floor","wrist2_link|forearm_link"
"normal_y_m1_0.5deg",69,0.20000000000000001,0.016708876001767899,"base_link|tunnel_floor","wrist2_link|forearm_link"
"normal_y_m1_0.5deg",70,0.20000000000000001,0.016721806034938523,"base_link|tunnel_floor","wrist2_link|forearm_link"
"normal_y_m1_0.5deg",71,0.20000000000000001,0.016732227660545395,"base_link|tunnel_floor","wrist2_link|forearm_link"
"normal_y_m1_0.5deg",72,0.20000000000000001,0.016732917913695494,"base_link|tunnel_floor","wrist2_link|forearm_link"
"normal_y_m1_0.5deg",73,0.20000000000000001,0.016715870595781255,"base_link|tunnel_floor","wrist2_link|forearm_link"
"normal_y_m1_0.5deg",74,0.20000000000000001,0.016672503902134123,"base_link|tunnel_floor","wrist2_link|forearm_link"
"normal_y_m1_0.5deg",75,0.20000000000000001,0.016624743542608816,"base_link|tunnel_floor","wrist2_link|forearm_link"
"normal_y_m1_0.5deg",76,0.20000000000000001,0.01667486460258601,"base_link|tunnel_floor","wrist2_link|forearm_link"
"normal_y_m1_0.5deg",77,0.20000000000000001,0.016722709513459343,"base_link|tunnel_floor","wrist2_link|forearm_link"
"normal_y_m1_0.5deg",78,0.20000000000000001,0.016727437636537511,"base_link|tunnel_floor","wrist2_link|forearm_link"
"normal_y_m1_0.5deg",79,0.18028661072379171,0.016682538245415716,"upperarm_link|horseshoe_wall_30","wrist2_link|forearm_link"
"normal_y_m1_0.5deg",80,0.15940688981442849,0.016670796030844707,"upperarm_link|horseshoe_wall_29","wrist2_link|forearm_link"
"normal_y_m1_0.5deg",81,0.14018746503762294,0.01674885518091208,"upperarm_link|horseshoe_wall_29","wrist2_link|forearm_link"
"normal_y_m1_0.5deg",82,0.12298734816872153,0.016791437186948609,"upperarm_link|horseshoe_wall_29","wrist2_link|forearm_link"
"normal_y_m1_0.5deg",83,0.10837384487385858,0.016848925883666033,"upperarm_link|horseshoe_wall_28","wrist2_link|forearm_link"
"normal_y_m1_0.5deg",84,0.096902698741989604,0.016879035808727089,"upperarm_link|horseshoe_wall_26","wrist2_link|forearm_link"
"normal_y_m1_0.5deg",85,0.089850271240636104,0.01679486806257794,"upperarm_link|horseshoe_wall_26","wrist2_link|forearm_link"
"normal_y_m1_0.5deg",86,0.088830383516747144,0.016704539960451435,"upperarm_link|horseshoe_wall_25","wrist2_link|forearm_link"
"normal_y_m1_0.5deg",87,0.098338255485577675,0.016738075852255899,"upperarm_link|horseshoe_wall_24","wrist2_link|forearm_link"
"normal_y_m1_0.5deg",88,0.10512446162899199,0.016635053532969329,"upperarm_link|horseshoe_wall_25","wrist2_link|forearm_link"
"normal_y_m1_0.5deg",89,0.11316769725758917,0.016634688220934293,"upperarm_link|horseshoe_wall_25","wrist2_link|forearm_link"
"normal_y_m1_0.5deg",90,0.12251948856834172,0.01672485707190062,"upperarm_link|horseshoe_wall_25","wrist2_link|forearm_link"
"normal_y_m1_0.5deg",91,0.12981065482350321,0.016741337811009074,"forearm_link|horseshoe_wall_25","wrist2_link|forearm_link"
"normal_y_m1_0.5deg",92,0.134401546945389,0.016731039795650906,"forearm_link|horseshoe_wall_25","wrist2_link|forearm_link"
"normal_y_m1_0.5deg",93,0.13954175322391643,0.01677545769835536,"forearm_link|horseshoe_wall_25","wrist2_link|forearm_link"
"normal_y_m1_0.5deg",94,0.1451567639595919,0.016849243483695198,"forearm_link|horseshoe_wall_25","wrist2_link|forearm_link"
"normal_y_m1_0.5deg",95,0.14448185405973493,0.016850170258857121,"forearm_link|horseshoe_wall_26","wrist2_link|forearm_link"
"normal_y_m1_0.5deg",96,0.1434673361580697,0.016851552726768925,"forearm_link|horseshoe_wall_28","wrist2_link|forearm_link"
"normal_y_m1_0.5deg",97,0.14446887852533219,0.01687569194178333,"forearm_link|horseshoe_wall_29","wrist2_link|forearm_link"
"normal_y_m1_0.5deg",98,0.14607123843797434,0.016900024292067311,"forearm_link|horseshoe_wall_30","wrist2_link|forearm_link"
"normal_y_m1_0.5deg",99,0.14795426620865867,0.016864142278621371,"forearm_link|horseshoe_wall_30","wrist2_link|forearm_link"
"normal_y_m1_0.5deg",100,0.14988084060815623,0.016830295184743042,"forearm_link|horseshoe_wall_31","wrist2_link|forearm_link"
"normal_y_m1_0.5deg",101,0.15197088936451805,0.016798826187554607,"forearm_link|horseshoe_wall_32","wrist2_link|forearm_link"
"normal_y_m1_0.5deg",102,0.15415451680200518,0.0167702999378633,"forearm_link|horseshoe_wall_32","wrist2_link|forearm_link"
"normal_y_m1_0.5deg",103,0.15636442406931877,0.01674497686307147,"forearm_link|horseshoe_wall_33","wrist2_link|forearm_link"
"normal_y_m1_0.5deg",104,0.15865062252736065,0.016722972747861508,"forearm_link|horseshoe_wall_34","wrist2_link|forearm_link"
"normal_y_m1_0.5deg",105,0.16093266988520982,0.016704351416296372,"forearm_link|horseshoe_wall_34","wrist2_link|forearm_link"
"normal_y_m1_0.5deg",106,0.16322094309437171,0.016689170792230035,"forearm_link|horseshoe_wall_35","wrist2_link|forearm_link"
"normal_y_m1_0.5deg",107,0.16554390596149984,0.016677519369659759,"forearm_link|horseshoe_wall_36","wrist2_link|forearm_link"
"normal_y_m1_0.5deg",108,0.16780083321769007,0.016674437922279121,"forearm_link|horseshoe_wall_36","wrist2_link|forearm_link"
"normal_y_m1_0.5deg",109,0.17005611373321203,0.016680390628950204,"forearm_link|horseshoe_wall_37","wrist2_link|forearm_link"
"normal_y_m1_0.5deg",110,0.17232290551106724,0.016695215156341862,"forearm_link|horseshoe_wall_38","wrist2_link|forearm_link"
"normal_y_m1_0.5deg",111,0.17449534586038187,0.016723732063350934,"forearm_link|horseshoe_wall_38","wrist2_link|forearm_link"
"normal_y_m1_0.5deg",112,0.17668127038462486,0.016716806848910592,"forearm_link|horseshoe_wall_39","wrist2_link|forearm_link"
"normal_y_m1_0.5deg",113,0.178876335994199,0.016686040907003374,"forearm_link|horseshoe_wall_39","wrist2_link|forearm_link"
"normal_y_m1_0.5deg",114,0.18101037707990136,0.016659663738476965,"forearm_link|horseshoe_wall_40","wrist2_link|forearm_link"
"normal_y_m1_0.5deg",115,0.18316756887269764,0.016638218634719183,"forearm_link|horseshoe_wall_41","wrist2_link|forearm_link"
"normal_y_m1_0.5deg",116,0.18531528902645772,0.01662810515706763,"forearm_link|horseshoe_wall_41","wrist2_link|forearm_link"
"normal_y_m1_0.5deg",117,0.18741236959685717,0.016629754593773659,"forearm_link|horseshoe_wall_42","wrist2_link|forearm_link"
"normal_y_m1_0.5deg",118,0.18952635897949224,0.016637345183091998,"forearm_link|horseshoe_wall_43","wrist2_link|forearm_link"
"normal_y_m1_0.5deg",119,0.19161918542554227,0.016652501516787481,"forearm_link|horseshoe_wall_43","wrist2_link|forearm_link"
"normal_y_m1_0.5deg",120,0.19366517832798985,0.016677820120996084,"forearm_link|horseshoe_wall_44","wrist2_link|forearm_link"
"normal_y_m1_0.5deg",121,0.19572254856358065,0.01671289713130172,"forearm_link|horseshoe_wall_45","wrist2_link|forearm_link"
"normal_y_m1_0.5deg",122,0.19775205137153437,0.016752827892572358,"forearm_link|horseshoe_wall_45","wrist2_link|forearm_link"
"normal_y_m1_0.5deg",123,0.19973382330950423,0.016763557452900018,"forearm_link|horseshoe_wall_46","wrist2_link|forearm_link"
"normal_y_m1_0.5deg",124,0.20000000000000001,0.016756057766014257,"base_link|tunnel_floor","wrist2_link|forearm_link"
"normal_y_m1_0.5deg",125,0.20000000000000001,0.016745017083195739,"base_link|tunnel_floor","wrist2_link|forearm_link"
"normal_y_m1_0.5deg",126,0.20000000000000001,0.016735008234481638,"base_link|tunnel_floor","wrist2_link|forearm_link"
"normal_y_m1_0.5deg",127,0.20000000000000001,0.01673508607622096,"base_link|tunnel_floor","wrist2_link|forearm_link"
"normal_y_m1_0.5deg",128,0.20000000000000001,0.016741440316720844,"base_link|tunnel_floor","wrist2_link|forearm_link"
"normal_y_m1_0.5deg",129,0.20000000000000001,0.016752822055418771,"base_link|tunnel_floor","wrist2_link|forearm_link"
"normal_y_m1_0.5deg",130,0.20000000000000001,0.016772667646067253,"base_link|tunnel_floor","wrist2_link|forearm_link"
"normal_y_m1_0.5deg",131,0.20000000000000001,0.016800528000219455,"base_link|tunnel_floor","wrist2_link|forearm_link"
"normal_y_m1_0.5deg",132,0.20000000000000001,0.016832218199629545,"base_link|tunnel_floor","wrist2_link|forearm_link"
"normal_y_m1_0.5deg",133,0.20000000000000001,0.016861023186331172,"base_link|tunnel_floor","wrist2_link|forearm_link"
"normal_y_m1_0.5deg",134,0.20000000000000001,0.016887015446128952,"base_link|tunnel_floor","wrist2_link|forearm_link"
"normal_y_m1_0.5deg",135,0.20000000000000001,0.016908732241333772,"base_link|tunnel_floor","wrist2_link|forearm_link"
"normal_y_m1_0.5deg",136,0.20000000000000001,0.016876302608570582,"base_link|tunnel_floor","wrist2_link|forearm_link"
"normal_y_m1_0.5deg",137,0.20000000000000001,0.016845746835965281,"base_link|tunnel_floor","wrist2_link|forearm_link"
"normal_y_m1_0.5deg",138,0.20000000000000001,0.016817031883716527,"base_link|tunnel_floor","wrist2_link|forearm_link"
"normal_y_m1_0.5deg",139,0.20000000000000001,0.016790181082727833,"base_link|tunnel_floor","wrist2_link|forearm_link"
"normal_y_m1_0.5deg",140,0.20000000000000001,0.0167652753131355,"base_link|tunnel_floor","wrist2_link|forearm_link"
"normal_y_m1_0.5deg",141,0.20000000000000001,0.01674245398153365,"base_link|tunnel_floor","wrist2_link|forearm_link"
"normal_y_m1_0.5deg",142,0.20000000000000001,0.016723523402903853,"base_link|tunnel_floor","wrist2_link|forearm_link"
"normal_y_m1_0.5deg",143,0.20000000000000001,0.016709957203795492,"base_link|tunnel_floor","wrist2_link|forearm_link"
"normal_y_m1_0.5deg",144,0.20000000000000001,0.016700578761131502,"base_link|tunnel_floor","wrist2_link|forearm_link"
"normal_y_m1_0.5deg",145,0.20000000000000001,0.016694454352860866,"base_link|tunnel_floor","wrist2_link|forearm_link"
"normal_y_m1_0.5deg",146,0.20000000000000001,0.016690905061437899,"base_link|tunnel_floor","wrist2_link|forearm_link"
"normal_y_m1_0.5deg",147,0.20000000000000001,0.016689496261501294,"base_link|tunnel_floor","wrist2_link|forearm_link"
"normal_y_m1_0.5deg",148,0.20000000000000001,0.016690023525570849,"base_link|tunnel_floor","wrist2_link|forearm_link"
"normal_y_m1_0.5deg",149,0.20000000000000001,0.016692496253339715,"base_link|tunnel_floor","wrist2_link|forearm_link"
"normal_y_m1_0.5deg",150,0.20000000000000001,0.016704437118669931,"base_link|tunnel_floor","wrist2_link|forearm_link"
"normal_y_m1_0.5deg",151,0.20000000000000001,0.016743869943210071,"base_link|tunnel_floor","wrist2_link|forearm_link"
"normal_y_m1_0.5deg",152,0.20000000000000001,0.016836600294268082,"base_link|tunnel_floor","wrist2_link|forearm_link"
"normal_y_m1_0.5deg",153,0.20000000000000001,0.016825902070004173,"base_link|tunnel_floor","wrist2_link|forearm_link"
"normal_y_m1_0.5deg",154,0.20000000000000001,0.016745384200839552,"base_link|tunnel_floor","wrist2_link|forearm_link"
"normal_y_m1_0.5deg",155,0.20000000000000001,0.016628055429611058,"base_link|tunnel_floor","wrist2_link|forearm_link"
"normal_y_m1_0.5deg",156,0.20000000000000001,0.016673921556447667,"base_link|tunnel_floor","wrist2_link|forearm_link"
"normal_y_m1_0.5deg",157,0.20000000000000001,0.016888824797956691,"base_link|tunnel_floor","wrist2_link|forearm_link"
"normal_y_m1_0.5deg",158,0.20000000000000001,0.016740569294723853,"base_link|tunnel_floor","wrist2_link|forearm_link"
"normal_y_m1_0.5deg",159,0.20000000000000001,0.01671984533051003,"base_link|tunnel_floor","wrist2_link|forearm_link"
"normal_y_m1_0.5deg",160,0.20000000000000001,0.016739932134054183,"base_link|tunnel_floor","wrist2_link|forearm_link"
"normal_y_m1_0.5deg",161,0.20000000000000001,0.01673371065871122,"base_link|tunnel_floor","wrist2_link|forearm_link"
"normal_y_m1_0.5deg",162,0.20000000000000001,0.016833239015532044,"base_link|tunnel_floor","wrist2_link|forearm_link"
"normal_y_m1_0.5deg",163,0.20000000000000001,0.016803260408703821,"base_link|tunnel_floor","wrist2_link|forearm_link"
"normal_y_m1_0.5deg",164,0.20000000000000001,0.016690824317492751,"base_link|tunnel_floor","wrist2_link|forearm_link"
"normal_y_m1_0.5deg",165,0.20000000000000001,0.016712776933490634,"base_link|tunnel_floor","wrist2_link|forearm_link"
"normal_y_m1_0.5deg",166,0.20000000000000001,0.016631668956292121,"base_link|tunnel_floor","wrist2_link|forearm_link"
"normal_y_m1_0.5deg",167,0.20000000000000001,0.016701948604985715,"base_link|tunnel_floor","wrist2_link|forearm_link"
"normal_y_m1_0.5deg",168,0.20000000000000001,0.01673380448678927,"base_link|tunnel_floor","wrist2_link|forearm_link"
"normal_y_m1_0.5deg",169,0.20000000000000001,0.016823714922435007,"base_link|tunnel_floor","wrist2_link|forearm_link"
"normal_y_m1_0.5deg",170,0.20000000000000001,0.01683010539955411,"base_link|tunnel_floor","wrist2_link|forearm_link"
"normal_y_m1_0.5deg",171,0.20000000000000001,0.016705497020718912,"base_link|tunnel_floor","wrist2_link|forearm_link"
"normal_y_m1_0.5deg",172,0.20000000000000001,0.016684952797125202,"base_link|tunnel_floor","wrist2_link|forearm_link"
"normal_y_m1_0.5deg",173,0.20000000000000001,0.016648350115723271,"base_link|tunnel_floor","wrist2_link|forearm_link"
"normal_y_m1_0.5deg",174,0.20000000000000001,0.016651591277294479,"base_link|tunnel_floor","wrist2_link|forearm_link"
"normal_y_m1_0.5deg",175,0.20000000000000001,0.016768816389601267,"base_link|tunnel_floor","wrist2_link|forearm_link"
"normal_y_m1_0.5deg",176,0.20000000000000001,0.016741488557398793,"base_link|tunnel_floor","wrist2_link|forearm_link"
"normal_y_m1_0.5deg",177,0.20000000000000001,0.016827700491722986,"base_link|tunnel_floor","wrist2_link|forearm_link"
"normal_y_m1_0.5deg",178,0.20000000000000001,0.016833767005481948,"base_link|tunnel_floor","wrist2_link|forearm_link"
"normal_y_m1_0.5deg",179,0.20000000000000001,0.016694648563691267,"base_link|tunnel_floor","wrist2_link|forearm_link"
"normal_y_m1_0.5deg",180,0.20000000000000001,0.01662573216093919,"base_link|tunnel_floor","wrist2_link|forearm_link"
"normal_y_p1_0.5deg",0,0.20000000000000001,0.016836332585723032,"base_link|tunnel_floor","wrist2_link|forearm_link"
"normal_y_p1_0.5deg",1,0.20000000000000001,0.016845881801387887,"base_link|tunnel_floor","wrist2_link|forearm_link"
"normal_y_p1_0.5deg",2,0.20000000000000001,0.016654625670177142,"base_link|tunnel_floor","wrist2_link|forearm_link"
"normal_y_p1_0.5deg",3,0.20000000000000001,0.016755178830541798,"base_link|tunnel_floor","wrist2_link|forearm_link"
"normal_y_p1_0.5deg",4,0.20000000000000001,0.016858740081537614,"base_link|tunnel_floor","wrist2_link|forearm_link"
"normal_y_p1_0.5deg",5,0.20000000000000001,0.016677991262512657,"base_link|tunnel_floor","wrist2_link|forearm_link"
"normal_y_p1_0.5deg",6,0.20000000000000001,0.016730034696398634,"base_link|tunnel_floor","wrist2_link|forearm_link"
"normal_y_p1_0.5deg",7,0.20000000000000001,0.016785710597003147,"base_link|tunnel_floor","wrist2_link|forearm_link"
"normal_y_p1_0.5deg",8,0.20000000000000001,0.016673184123179505,"base_link|tunnel_floor","wrist2_link|forearm_link"
"normal_y_p1_0.5deg",9,0.20000000000000001,0.016745431932222724,"base_link|tunnel_floor","wrist2_link|forearm_link"
"normal_y_p1_0.5deg",10,0.20000000000000001,0.016798758979881374,"base_link|tunnel_floor","wrist2_link|forearm_link"
"normal_y_p1_0.5deg",11,0.20000000000000001,0.016749644254308117,"base_link|tunnel_floor","wrist2_link|forearm_link"
"normal_y_p1_0.5deg",12,0.20000000000000001,0.016762608407093142,"base_link|tunnel_floor","wrist2_link|forearm_link"
"normal_y_p1_0.5deg",13,0.20000000000000001,0.016749646766677118,"base_link|tunnel_floor","wrist2_link|forearm_link"
"normal_y_p1_0.5deg",14,0.20000000000000001,0.016745471711788872,"base_link|tunnel_floor","wrist2_link|forearm_link"
"normal_y_p1_0.5deg",15,0.20000000000000001,0.016861323567134708,"base_link|tunnel_floor","wrist2_link|forearm_link"
"normal_y_p1_0.5deg",16,0.20000000000000001,0.016763718065525252,"base_link|tunnel_floor","wrist2_link|forearm_link"
"normal_y_p1_0.5deg",17,0.20000000000000001,0.016626633838502977,"base_link|tunnel_floor","wrist2_link|forearm_link"
"normal_y_p1_0.5deg",18,0.20000000000000001,0.016679628431066421,"base_link|tunnel_floor","wrist2_link|forearm_link"
"normal_y_p1_0.5deg",19,0.20000000000000001,0.016749795299830436,"base_link|tunnel_floor","wrist2_link|forearm_link"
"normal_y_p1_0.5deg",20,0.20000000000000001,0.016881841495339511,"base_link|tunnel_floor","wrist2_link|forearm_link"
"normal_y_p1_0.5deg",21,0.20000000000000001,0.016736229189216283,"base_link|tunnel_floor","wrist2_link|forearm_link"
"normal_y_p1_0.5deg",22,0.20000000000000001,0.016746790364124849,"base_link|tunnel_floor","wrist2_link|forearm_link"
"normal_y_p1_0.5deg",23,0.20000000000000001,0.01673374074303129,"base_link|tunnel_floor","wrist2_link|forearm_link"
"normal_y_p1_0.5deg",24,0.20000000000000001,0.016891756104956388,"base_link|tunnel_floor","wrist2_link|forearm_link"
"normal_y_p1_0.5deg",25,0.20000000000000001,0.016676936384066875,"base_link|tunnel_floor","wrist2_link|forearm_link"
"normal_y_p1_0.5deg",26,0.20000000000000001,0.01669526865657318,"base_link|tunnel_floor","wrist2_link|forearm_link"
"normal_y_p1_0.5deg",27,0.20000000000000001,0.016784235794650854,"base_link|tunnel_floor","wrist2_link|forearm_link"
"normal_y_p1_0.5deg",28,0.20000000000000001,0.016832926712595526,"base_link|tunnel_floor","wrist2_link|forearm_link"
"normal_y_p1_0.5deg",29,0.20000000000000001,0.01674422707605646,"base_link|tunnel_floor","wrist2_link|forearm_link"
"normal_y_p1_0.5deg",30,0.20000000000000001,0.016727215587190845,"base_link|tunnel_floor","wrist2_link|forearm_link"
"normal_y_p1_0.5deg",31,0.20000000000000001,0.01672655346978634,"base_link|tunnel_floor","wrist2_link|forearm_link"
"normal_y_p1_0.5deg",32,0.20000000000000001,0.016736701705084074,"base_link|tunnel_floor","wrist2_link|forearm_link"
"normal_y_p1_0.5deg",33,0.20000000000000001,0.016759836243101907,"base_link|tunnel_floor","wrist2_link|forearm_link"
"normal_y_p1_0.5deg",34,0.20000000000000001,0.016800887079868584,"base_link|tunnel_floor","wrist2_link|forearm_link"
"normal_y_p1_0.5deg",35,0.20000000000000001,0.016867590071663042,"base_link|tunnel_floor","wrist2_link|forearm_link"
"normal_y_p1_0.5deg",36,0.20000000000000001,0.016873046082534007,"base_link|tunnel_floor","forearm_link|wrist2_link"
"normal_y_p1_0.5deg",37,0.20000000000000001,0.016774287646061009,"base_link|tunnel_floor","forearm_link|wrist2_link"
"normal_y_p1_0.5deg",38,0.20000000000000001,0.016729986577117734,"base_link|tunnel_floor","forearm_link|wrist2_link"
"normal_y_p1_0.5deg",39,0.20000000000000001,0.016751269201179225,"base_link|tunnel_floor","forearm_link|wrist2_link"
"normal_y_p1_0.5deg",40,0.20000000000000001,0.01671248802460434,"base_link|tunnel_floor","forearm_link|wrist2_link"
"normal_y_p1_0.5deg",41,0.20000000000000001,0.016636244136067516,"base_link|tunnel_floor","forearm_link|wrist2_link"
"normal_y_p1_0.5deg",42,0.20000000000000001,0.016626837692773386,"base_link|tunnel_floor","forearm_link|wrist2_link"
"normal_y_p1_0.5deg",43,0.20000000000000001,0.016683447715290848,"base_link|tunnel_floor","forearm_link|wrist2_link"
"normal_y_p1_0.5deg",44,0.20000000000000001,0.016710512126305914,"base_link|tunnel_floor","forearm_link|wrist2_link"
"normal_y_p1_0.5deg",45,0.20000000000000001,0.016684618833865662,"base_link|tunnel_floor","forearm_link|wrist2_link"
"normal_y_p1_0.5deg",46,0.20000000000000001,0.016698532135466307,"base_link|tunnel_floor","forearm_link|wrist2_link"
"normal_y_p1_0.5deg",47,0.20000000000000001,0.0167633744275895,"base_link|tunnel_floor","forearm_link|wrist2_link"
"normal_y_p1_0.5deg",48,0.20000000000000001,0.016877765106896314,"base_link|tunnel_floor","forearm_link|wrist2_link"
"normal_y_p1_0.5deg",49,0.20000000000000001,0.016882297025407143,"base_link|tunnel_floor","forearm_link|wrist2_link"
"normal_y_p1_0.5deg",50,0.20000000000000001,0.016834183112994044,"base_link|tunnel_floor","forearm_link|wrist2_link"
"normal_y_p1_0.5deg",51,0.20000000000000001,0.016820722645629654,"base_link|tunnel_floor","forearm_link|wrist2_link"
"normal_y_p1_0.5deg",52,0.20000000000000001,0.016785834643345335,"base_link|tunnel_floor","forearm_link|wrist2_link"
"normal_y_p1_0.5deg",53,0.20000000000000001,0.016739960062316171,"base_link|tunnel_floor","forearm_link|wrist2_link"
"normal_y_p1_0.5deg",54,0.20000000000000001,0.01672837842472303,"base_link|tunnel_floor","forearm_link|wrist2_link"
"normal_y_p1_0.5deg",55,0.20000000000000001,0.016750401572189086,"base_link|tunnel_floor","forearm_link|wrist2_link"
"normal_y_p1_0.5deg",56,0.20000000000000001,0.016727507885411757,"base_link|tunnel_floor","wrist2_link|forearm_link"
"normal_y_p1_0.5deg",57,0.20000000000000001,0.016701906339508601,"base_link|tunnel_floor","wrist2_link|forearm_link"
"normal_y_p1_0.5deg",58,0.20000000000000001,0.016704538585949724,"base_link|tunnel_floor","wrist2_link|forearm_link"
"normal_y_p1_0.5deg",59,0.20000000000000001,0.016733969155116813,"base_link|tunnel_floor","wrist2_link|forearm_link"
"normal_y_p1_0.5deg",60,0.20000000000000001,0.016788401560003944,"base_link|tunnel_floor","wrist2_link|forearm_link"
"normal_y_p1_0.5deg",61,0.20000000000000001,0.016865587978434023,"base_link|tunnel_floor","wrist2_link|forearm_link"
"normal_y_p1_0.5deg",62,0.20000000000000001,0.016906633565310643,"base_link|tunnel_floor","wrist2_link|forearm_link"
"normal_y_p1_0.5deg",63,0.20000000000000001,0.016859829506901687,"base_link|tunnel_floor","wrist2_link|forearm_link"
"normal_y_p1_0.5deg",64,0.20000000000000001,0.016837938732841087,"base_link|tunnel_floor","wrist2_link|forearm_link"
"normal_y_p1_0.5deg",65,0.20000000000000001,0.016828133514776512,"base_link|tunnel_floor","wrist2_link|forearm_link"
"normal_y_p1_0.5deg",66,0.20000000000000001,0.016741707501462935,"base_link|tunnel_floor","wrist2_link|forearm_link"
"normal_y_p1_0.5deg",67,0.20000000000000001,0.016679295590083056,"base_link|tunnel_floor","wrist2_link|forearm_link"
"normal_y_p1_0.5deg",68,0.20000000000000001,0.016649053765973348,"base_link|tunnel_floor","wrist2_link|forearm_link"
"normal_y_p1_0.5deg",69,0.20000000000000001,0.016657513043829321,"base_link|tunnel_floor","wrist2_link|forearm_link"
"normal_y_p1_0.5deg",70,0.20000000000000001,0.016685984127582133,"base_link|tunnel_floor","wrist2_link|forearm_link"
"normal_y_p1_0.5deg",71,0.20000000000000001,0.016714824814734335,"base_link|tunnel_floor","wrist2_link|forearm_link"
"normal_y_p1_0.5deg",72,0.20000000000000001,0.01673613724552496,"base_link|tunnel_floor","wrist2_link|forearm_link"
"normal_y_p1_0.5deg",73,0.20000000000000001,0.016741052634909197,"base_link|tunnel_floor","wrist2_link|forearm_link"
"normal_y_p1_0.5deg",74,0.20000000000000001,0.016719925582633736,"base_link|tunnel_floor","wrist2_link|forearm_link"
"normal_y_p1_0.5deg",75,0.20000000000000001,0.016662746347129474,"base_link|tunnel_floor","wrist2_link|forearm_link"
"normal_y_p1_0.5deg",76,0.20000000000000001,0.016640893710860083,"base_link|tunnel_floor","wrist2_link|forearm_link"
"normal_y_p1_0.5deg",77,0.20000000000000001,0.016706844432911854,"base_link|tunnel_floor","wrist2_link|forearm_link"
"normal_y_p1_0.5deg",78,0.19056626552515307,0.016731162085596257,"upperarm_link|horseshoe_wall_30","wrist2_link|forearm_link"
"normal_y_p1_0.5deg",79,0.16895531713333997,0.016701781899120981,"upperarm_link|horseshoe_wall_30","wrist2_link|forearm_link"
"normal_y_p1_0.5deg",80,0.14872710216619348,0.016641686548882359,"upperarm_link|horseshoe_wall_29","wrist2_link|forearm_link"
"normal_y_p1_0.5deg",81,0.13037481512151505,0.01675309016144208,"upperarm_link|horseshoe_wall_29","wrist2_link|forearm_link"
"normal_y_p1_0.5deg",82,0.1145414710681722,0.016773531580236246,"upperarm_link|horseshoe_wall_28","wrist2_link|forearm_link"
"normal_y_p1_0.5deg",83,0.10142234824061239,0.016834407270761024,"upperarm_link|horseshoe_wall_26","wrist2_link|forearm_link"
"normal_y_p1_0.5deg",84,0.092184727786349438,0.016862558885431655,"upperarm_link|horseshoe_wall_26","wrist2_link|forearm_link"
"normal_y_p1_0.5deg",85,0.087757264167616242,0.016815164948059812,"upperarm_link|horseshoe_wall_25","wrist2_link|forearm_link"
"normal_y_p1_0.5deg",86,0.094247410116200511,0.016690859099079025,"upperarm_link|horseshoe_wall_24","wrist2_link|forearm_link"
"normal_y_p1_0.5deg",87,0.10111454396566133,0.016701127688193179,"upperarm_link|horseshoe_wall_24","wrist2_link|forearm_link"
"normal_y_p1_0.5deg",88,0.10860128350926365,0.016683797923878887,"upperarm_link|horseshoe_wall_24","wrist2_link|forearm_link"
"normal_y_p1_0.5deg",89,0.11732401086155482,0.016623169965851139,"upperarm_link|horseshoe_wall_25","wrist2_link|forearm_link"
"normal_y_p1_0.5deg",90,0.1273004760519944,0.01666556265369197,"upperarm_link|horseshoe_wall_25","wrist2_link|forearm_link"
"normal_y_p1_0.5deg",91,0.13152208275301705,0.016756878592902348,"forearm_link|horseshoe_wall_25","wrist2_link|forearm_link"
"normal_y_p1_0.5deg",92,0.13633108215480946,0.016733955494121801,"forearm_link|horseshoe_wall_25","wrist2_link|forearm_link"
"normal_y_p1_0.5deg",93,0.14173816848872431,0.016734939710557787,"forearm_link|horseshoe_wall_25","wrist2_link|forearm_link"
"normal_y_p1_0.5deg",94,0.14727646293417151,0.016773383117086507,"forearm_link|horseshoe_wall_25","wrist2_link|forearm_link"
"normal_y_p1_0.5deg",95,0.14259381401066407,0.016747958818411131,"forearm_link|horseshoe_wall_26","wrist2_link|forearm_link"
"normal_y_p1_0.5deg",96,0.14305477461485366,0.016755230036065129,"forearm_link|horseshoe_wall_29","wrist2_link|forearm_link"
"normal_y_p1_0.5deg",97,0.14440495669531717,0.016775132904018428,"forearm_link|horseshoe_wall_29","wrist2_link|forearm_link"
"normal_y_p1_0.5deg",98,0.14611893925700012,0.016807414061502747,"forearm_link|horseshoe_wall_30","wrist2_link|forearm_link"
"normal_y_p1_0.5deg",99,0.14802187692762483,0.016844720703775358,"forearm_link|horseshoe_wall_31","wrist2_link|forearm_link"
"normal_y_p1_0.5deg",100,0.15001803900547334,0.016878651774284183,"forearm_link|horseshoe_wall_31","wrist2_link|forearm_link"
"normal_y_p1_0.5deg",101,0.15212312255279653,0.016894657707065153,"forearm_link|horseshoe_wall_32","wrist2_link|forearm_link"
"normal_y_p1_0.5deg",102,0.15433774301752134,0.016856109730182998,"forearm_link|horseshoe_wall_32","wrist2_link|forearm_link"
"normal_y_p1_0.5deg",103,0.15654154058562725,0.016820913281096386,"forearm_link|horseshoe_wall_33","wrist2_link|forearm_link"
"normal_y_p1_0.5deg",104,0.15881624150335949,0.016789126636225081,"forearm_link|horseshoe_wall_34","wrist2_link|forearm_link"
"normal_y_p1_0.5deg",105,0.16111125386578096,0.01676076612631856,"forearm_link|horseshoe_wall_34","wrist2_link|forearm_link"
"normal_y_p1_0.5deg",106,0.16338166789098621,0.016735846883902152,"forearm_link|horseshoe_wall_35","wrist2_link|forearm_link"
"normal_y_p1_0.5deg",107,0.16568460132906448,0.016714406250480433,"forearm_link|horseshoe_wall_36","wrist2_link|forearm_link"
"normal_y_p1_0.5deg",108,0.16794696316353624,0.016696518233908067,"forearm_link|horseshoe_wall_36","wrist2_link|forearm_link"
"normal_y_p1_0.5deg",109,0.170180090382682,0.016682302926746124,"forearm_link|horseshoe_wall_37","wrist2_link|forearm_link"
"normal_y_p1_0.5deg",110,0.17242507825440098,0.01667385258869716,"forearm_link|horseshoe_wall_38","wrist2_link|forearm_link"
"normal_y_p1_0.5deg",111,0.17459796502630812,0.016677236151145615,"forearm_link|horseshoe_wall_38","wrist2_link|forearm_link"
"normal_y_p1_0.5deg",112,0.17676187043639646,0.016688151002963576,"forearm_link|horseshoe_wall_39","wrist2_link|forearm_link"
"normal_y_p1_0.5deg",113,0.17895384951733234,0.016711919859083858,"forearm_link|horseshoe_wall_40","wrist2_link|forearm_link"
"normal_y_p1_0.5deg",114,0.18106928753151194,0.016731540353670717,"forearm_link|horseshoe_wall_40","wrist2_link|forearm_link"
"normal_y_p1_0.5deg",115,0.18320763738365975,0.016700714019459082,"forearm_link|horseshoe_wall_41","wrist2_link|forearm_link"
"normal_y_p1_0.5deg",116,0.18535312333248999,0.016673789866952487,"forearm_link|horseshoe_wall_41","wrist2_link|forearm_link"
"normal_y_p1_0.5deg",117,0.18743274149310091,0.016650436557426027,"forearm_link|horseshoe_wall_42","wrist2_link|forearm_link"
"normal_y_p1_0.5deg",118,0.18953043425843799,0.016633317184359783,"forearm_link|horseshoe_wall_43","wrist2_link|forearm_link"
"normal_y_p1_0.5deg",119,0.19161995552564309,0.016627192869727435,"forearm_link|horseshoe_wall_43","wrist2_link|forearm_link"
"normal_y_p1_0.5deg",120,0.19365064027249235,0.016631001297785851,"forearm_link|horseshoe_wall_44","wrist2_link|forearm_link"
"normal_y_p1_0.5deg",121,0.19569364284849894,0.01663924484273711,"forearm_link|horseshoe_wall_45","wrist2_link|forearm_link"
"normal_y_p1_0.5deg",122,0.19771839868873037,0.016656154672375877,"forearm_link|horseshoe_wall_45","wrist2_link|forearm_link"
"normal_y_p1_0.5deg",123,0.19968644556039852,0.016683170999531788,"forearm_link|horseshoe_wall_46","wrist2_link|forearm_link"
"normal_y_p1_0.5deg",124,0.20000000000000001,0.016719861201604489,"base_link|tunnel_floor","wrist2_link|forearm_link"
"normal_y_p1_0.5deg",125,0.20000000000000001,0.016760883130002621,"base_link|tunnel_floor","wrist2_link|forearm_link"
"normal_y_p1_0.5deg",126,0.20000000000000001,0.016761949107536773,"base_link|tunnel_floor","wrist2_link|forearm_link"
"normal_y_p1_0.5deg",127,0.20000000000000001,0.016753419213806429,"base_link|tunnel_floor","wrist2_link|forearm_link"
"normal_y_p1_0.5deg",128,0.20000000000000001,0.016741743832614616,"base_link|tunnel_floor","wrist2_link|forearm_link"
"normal_y_p1_0.5deg",129,0.20000000000000001,0.016734129374836294,"base_link|tunnel_floor","wrist2_link|forearm_link"
"normal_y_p1_0.5deg",130,0.20000000000000001,0.016735544966425053,"base_link|tunnel_floor","wrist2_link|forearm_link"
"normal_y_p1_0.5deg",131,0.20000000000000001,0.016741625297870842,"base_link|tunnel_floor","wrist2_link|forearm_link"
"normal_y_p1_0.5deg",132,0.20000000000000001,0.016752719655630691,"base_link|tunnel_floor","wrist2_link|forearm_link"
"normal_y_p1_0.5deg",133,0.20000000000000001,0.016771873319837267,"base_link|tunnel_floor","wrist2_link|forearm_link"
"normal_y_p1_0.5deg",134,0.20000000000000001,0.016799049527531251,"base_link|tunnel_floor","wrist2_link|forearm_link"
"normal_y_p1_0.5deg",135,0.20000000000000001,0.016830838260868553,"base_link|tunnel_floor","wrist2_link|forearm_link"
"normal_y_p1_0.5deg",136,0.20000000000000001,0.016860277548928541,"base_link|tunnel_floor","wrist2_link|forearm_link"
"normal_y_p1_0.5deg",137,0.20000000000000001,0.016887214441728058,"base_link|tunnel_floor","wrist2_link|forearm_link"
"normal_y_p1_0.5deg",138,0.20000000000000001,0.01690693225486067,"base_link|tunnel_floor","wrist2_link|forearm_link"
"normal_y_p1_0.5deg",139,0.20000000000000001,0.016872490657549984,"base_link|tunnel_floor","wrist2_link|forearm_link"
"normal_y_p1_0.5deg",140,0.20000000000000001,0.016839820991984392,"base_link|tunnel_floor","wrist2_link|forearm_link"
"normal_y_p1_0.5deg",141,0.20000000000000001,0.016809036014289944,"base_link|tunnel_floor","wrist2_link|forearm_link"
"normal_y_p1_0.5deg",142,0.20000000000000001,0.016782601011431933,"base_link|tunnel_floor","wrist2_link|forearm_link"
"normal_y_p1_0.5deg",143,0.20000000000000001,0.016762907933331305,"base_link|tunnel_floor","wrist2_link|forearm_link"
"normal_y_p1_0.5deg",144,0.20000000000000001,0.016748754905657325,"base_link|tunnel_floor","wrist2_link|forearm_link"
"normal_y_p1_0.5deg",145,0.20000000000000001,0.016739173690462069,"base_link|tunnel_floor","wrist2_link|forearm_link"
"normal_y_p1_0.5deg",146,0.20000000000000001,0.016733449333740404,"base_link|tunnel_floor","wrist2_link|forearm_link"
"normal_y_p1_0.5deg",147,0.20000000000000001,0.016731110726249308,"base_link|tunnel_floor","wrist2_link|forearm_link"
"normal_y_p1_0.5deg",148,0.20000000000000001,0.016731917403201117,"base_link|tunnel_floor","wrist2_link|forearm_link"
"normal_y_p1_0.5deg",149,0.20000000000000001,0.016735843902198504,"base_link|tunnel_floor","wrist2_link|forearm_link"
"normal_y_p1_0.5deg",150,0.20000000000000001,0.016754236791971921,"base_link|tunnel_floor","wrist2_link|forearm_link"
"normal_y_p1_0.5deg",151,0.20000000000000001,0.016810160945357425,"base_link|tunnel_floor","wrist2_link|forearm_link"
"normal_y_p1_0.5deg",152,0.20000000000000001,0.016896027302720478,"base_link|tunnel_floor","wrist2_link|forearm_link"
"normal_y_p1_0.5deg",153,0.20000000000000001,0.016750265832356948,"base_link|tunnel_floor","wrist2_link|forearm_link"
"normal_y_p1_0.5deg",154,0.20000000000000001,0.016759960588615203,"base_link|tunnel_floor","wrist2_link|forearm_link"
"normal_y_p1_0.5deg",155,0.20000000000000001,0.016657431936449862,"base_link|tunnel_floor","wrist2_link|forearm_link"
"normal_y_p1_0.5deg",156,0.20000000000000001,0.016699953164982972,"base_link|tunnel_floor","wrist2_link|forearm_link"
"normal_y_p1_0.5deg",157,0.20000000000000001,0.016787481658729422,"base_link|tunnel_floor","wrist2_link|forearm_link"
"normal_y_p1_0.5deg",158,0.20000000000000001,0.01675049081776836,"base_link|tunnel_floor","wrist2_link|forearm_link"
"normal_y_p1_0.5deg",159,0.20000000000000001,0.016636405292875567,"base_link|tunnel_floor","wrist2_link|forearm_link"
"normal_y_p1_0.5deg",160,0.20000000000000001,0.016642247968377124,"base_link|tunnel_floor","wrist2_link|forearm_link"
"normal_y_p1_0.5deg",161,0.20000000000000001,0.016761659789704862,"base_link|tunnel_floor","wrist2_link|forearm_link"
"normal_y_p1_0.5deg",162,0.20000000000000001,0.016747061412971113,"base_link|tunnel_floor","wrist2_link|forearm_link"
"normal_y_p1_0.5deg",163,0.20000000000000001,0.0169026531934055,"base_link|tunnel_floor","wrist2_link|forearm_link"
"normal_y_p1_0.5deg",164,0.20000000000000001,0.016741496142391846,"base_link|tunnel_floor","wrist2_link|forearm_link"
"normal_y_p1_0.5deg",165,0.20000000000000001,0.016674917743462653,"base_link|tunnel_floor","wrist2_link|forearm_link"
"normal_y_p1_0.5deg",166,0.20000000000000001,0.016689631213855173,"base_link|tunnel_floor","wrist2_link|forearm_link"
"normal_y_p1_0.5deg",167,0.20000000000000001,0.016635767820409732,"base_link|tunnel_floor","wrist2_link|forearm_link"
"normal_y_p1_0.5deg",168,0.20000000000000001,0.016760546582263804,"base_link|tunnel_floor","wrist2_link|forearm_link"
"normal_y_p1_0.5deg",169,0.20000000000000001,0.016748758527516248,"base_link|tunnel_floor","wrist2_link|forearm_link"
"normal_y_p1_0.5deg",170,0.20000000000000001,0.016903339283045452,"base_link|tunnel_floor","wrist2_link|forearm_link"
"normal_y_p1_0.5deg",171,0.20000000000000001,0.016756460550215201,"base_link|tunnel_floor","wrist2_link|forearm_link"
"normal_y_p1_0.5deg",172,0.20000000000000001,0.016673589625813674,"base_link|tunnel_floor","wrist2_link|forearm_link"
"normal_y_p1_0.5deg",173,0.20000000000000001,0.016709955924662338,"base_link|tunnel_floor","wrist2_link|forearm_link"
"normal_y_p1_0.5deg",174,0.20000000000000001,0.016626694201668405,"base_link|tunnel_floor","wrist2_link|forearm_link"
"normal_y_p1_0.5deg",175,0.20000000000000001,0.016726235553081469,"base_link|tunnel_floor","wrist2_link|forearm_link"
"normal_y_p1_0.5deg",176,0.20000000000000001,0.016733320365080344,"base_link|tunnel_floor","wrist2_link|forearm_link"
"normal_y_p1_0.5deg",177,0.20000000000000001,0.016785805197834399,"base_link|tunnel_floor","wrist2_link|forearm_link"
"normal_y_p1_0.5deg",178,0.20000000000000001,0.016850005720885436,"base_link|tunnel_floor","wrist2_link|forearm_link"
"normal_y_p1_0.5deg",179,0.20000000000000001,0.016761884346436415,"base_link|tunnel_floor","wrist2_link|forearm_link"
"normal_y_p1_0.5deg",180,0.20000000000000001,0.016641718181621412,"base_link|tunnel_floor","wrist2_link|forearm_link"
"normal_y_m1_1deg",0,0.20000000000000001,0.016836332585723032,"base_link|tunnel_floor","wrist2_link|forearm_link"
"normal_y_m1_1deg",1,0.20000000000000001,0.016845881801387887,"base_link|tunnel_floor","wrist2_link|forearm_link"
"normal_y_m1_1deg",2,0.20000000000000001,0.016654625670177142,"base_link|tunnel_floor","wrist2_link|forearm_link"
"normal_y_m1_1deg",3,0.20000000000000001,0.016755178830541798,"base_link|tunnel_floor","wrist2_link|forearm_link"
"normal_y_m1_1deg",4,0.20000000000000001,0.016858740081537614,"base_link|tunnel_floor","wrist2_link|forearm_link"
"normal_y_m1_1deg",5,0.20000000000000001,0.016677991262512657,"base_link|tunnel_floor","wrist2_link|forearm_link"
"normal_y_m1_1deg",6,0.20000000000000001,0.016730034696398634,"base_link|tunnel_floor","wrist2_link|forearm_link"
"normal_y_m1_1deg",7,0.20000000000000001,0.016785710597003147,"base_link|tunnel_floor","wrist2_link|forearm_link"
"normal_y_m1_1deg",8,0.20000000000000001,0.016673184123179505,"base_link|tunnel_floor","wrist2_link|forearm_link"
"normal_y_m1_1deg",9,0.20000000000000001,0.016745431932222724,"base_link|tunnel_floor","wrist2_link|forearm_link"
"normal_y_m1_1deg",10,0.20000000000000001,0.016798758979881374,"base_link|tunnel_floor","wrist2_link|forearm_link"
"normal_y_m1_1deg",11,0.20000000000000001,0.016749644254308117,"base_link|tunnel_floor","wrist2_link|forearm_link"
"normal_y_m1_1deg",12,0.20000000000000001,0.016762608407093142,"base_link|tunnel_floor","wrist2_link|forearm_link"
"normal_y_m1_1deg",13,0.20000000000000001,0.016749646766677118,"base_link|tunnel_floor","wrist2_link|forearm_link"
"normal_y_m1_1deg",14,0.20000000000000001,0.016745471711788872,"base_link|tunnel_floor","wrist2_link|forearm_link"
"normal_y_m1_1deg",15,0.20000000000000001,0.016861323567134708,"base_link|tunnel_floor","wrist2_link|forearm_link"
"normal_y_m1_1deg",16,0.20000000000000001,0.016631071253573753,"base_link|tunnel_floor","wrist2_link|forearm_link"
"normal_y_m1_1deg",17,0.20000000000000001,0.016695828336122407,"base_link|tunnel_floor","wrist2_link|forearm_link"
"normal_y_m1_1deg",18,0.20000000000000001,0.016744867910736875,"base_link|tunnel_floor","wrist2_link|forearm_link"
"normal_y_m1_1deg",19,0.20000000000000001,0.016864280610527652,"base_link|tunnel_floor","wrist2_link|forearm_link"
"normal_y_m1_1deg",20,0.20000000000000001,0.016732919685633774,"base_link|tunnel_floor","wrist2_link|forearm_link"
"normal_y_m1_1deg",21,0.20000000000000001,0.016692631865363124,"base_link|tunnel_floor","wrist2_link|forearm_link"
"normal_y_m1_1deg",22,0.20000000000000001,0.016633690189461574,"base_link|tunnel_floor","wrist2_link|forearm_link"
"normal_y_m1_1deg",23,0.20000000000000001,0.016683352440932043,"base_link|tunnel_floor","wrist2_link|forearm_link"
"normal_y_m1_1deg",24,0.20000000000000001,0.016736817807253539,"base_link|tunnel_floor","wrist2_link|forearm_link"
"normal_y_m1_1deg",25,0.20000000000000001,0.016746802435854247,"base_link|tunnel_floor","wrist2_link|forearm_link"
"normal_y_m1_1deg",26,0.20000000000000001,0.016654051484482863,"base_link|tunnel_floor","wrist2_link|forearm_link"
"normal_y_m1_1deg",27,0.20000000000000001,0.016757081882652416,"base_link|tunnel_floor","wrist2_link|forearm_link"
"normal_y_m1_1deg",28,0.20000000000000001,0.016797367518771131,"base_link|tunnel_floor","wrist2_link|forearm_link"
"normal_y_m1_1deg",29,0.20000000000000001,0.016905190860763517,"base_link|tunnel_floor","wrist2_link|forearm_link"
"normal_y_m1_1deg",30,0.20000000000000001,0.016890261536363409,"base_link|tunnel_floor","wrist2_link|forearm_link"
"normal_y_m1_1deg",31,0.20000000000000001,0.016888194597539999,"base_link|tunnel_floor","wrist2_link|forearm_link"
"normal_y_m1_1deg",32,0.20000000000000001,0.016906370714455627,"base_link|tunnel_floor","wrist2_link|forearm_link"
"normal_y_m1_1deg",33,0.20000000000000001,0.016891650267891158,"base_link|tunnel_floor","wrist2_link|forearm_link"
"normal_y_m1_1deg",34,0.20000000000000001,0.016846550531718199,"base_link|tunnel_floor","wrist2_link|forearm_link"
"normal_y_m1_1deg",35,0.20000000000000001,0.016778107220993661,"base_link|tunnel_floor","wrist2_link|forearm_link"
"normal_y_m1_1deg",36,0.20000000000000001,0.016733876730893819,"base_link|tunnel_floor","wrist2_link|forearm_link"
"normal_y_m1_1deg",37,0.20000000000000001,0.016742664322522881,"base_link|tunnel_floor","forearm_link|wrist2_link"
"normal_y_m1_1deg",38,0.20000000000000001,0.016738651226152281,"base_link|tunnel_floor","forearm_link|wrist2_link"
"normal_y_m1_1deg",39,0.20000000000000001,0.016655864388555479,"base_link|tunnel_floor","forearm_link|wrist2_link"
"normal_y_m1_1deg",40,0.20000000000000001,0.016625796018781253,"base_link|tunnel_floor","forearm_link|wrist2_link"
"normal_y_m1_1deg",41,0.20000000000000001,0.016655300649325463,"base_link|tunnel_floor","forearm_link|wrist2_link"
"normal_y_m1_1deg",42,0.20000000000000001,0.016729346061736924,"base_link|tunnel_floor","forearm_link|wrist2_link"
"normal_y_m1_1deg",43,0.20000000000000001,0.016697476147241694,"base_link|tunnel_floor","forearm_link|wrist2_link"
"normal_y_m1_1deg",44,0.20000000000000001,0.016694824475436444,"base_link|tunnel_floor","forearm_link|wrist2_link"
"normal_y_m1_1deg",45,0.20000000000000001,0.016729058878133085,"base_link|tunnel_floor","forearm_link|wrist2_link"
"normal_y_m1_1deg",46,0.20000000000000001,0.016805847199014904,"base_link|tunnel_floor","forearm_link|wrist2_link"
"normal_y_m1_1deg",47,0.20000000000000001,0.016922023594440994,"base_link|tunnel_floor","forearm_link|wrist2_link"
"normal_y_m1_1deg",48,0.20000000000000001,0.016861875681761021,"base_link|tunnel_floor","forearm_link|wrist2_link"
"normal_y_m1_1deg",49,0.20000000000000001,0.016831669134852022,"base_link|tunnel_floor","forearm_link|wrist2_link"
"normal_y_m1_1deg",50,0.20000000000000001,0.016828190589475482,"base_link|tunnel_floor","forearm_link|wrist2_link"
"normal_y_m1_1deg",51,0.20000000000000001,0.016762273737685809,"base_link|tunnel_floor","forearm_link|wrist2_link"
"normal_y_m1_1deg",52,0.20000000000000001,0.016726249589879102,"base_link|tunnel_floor","forearm_link|wrist2_link"
"normal_y_m1_1deg",53,0.20000000000000001,0.016720049082387931,"base_link|tunnel_floor","forearm_link|wrist2_link"
"normal_y_m1_1deg",54,0.20000000000000001,0.016742716033851086,"base_link|tunnel_floor","forearm_link|wrist2_link"
"normal_y_m1_1deg",55,0.20000000000000001,0.016716022898917916,"base_link|tunnel_floor","forearm_link|wrist2_link"
"normal_y_m1_1deg",56,0.20000000000000001,0.016684696548413151,"base_link|tunnel_floor","wrist2_link|forearm_link"
"normal_y_m1_1deg",57,0.20000000000000001,0.016680408682794346,"base_link|tunnel_floor","wrist2_link|forearm_link"
"normal_y_m1_1deg",58,0.20000000000000001,0.016698803603652519,"base_link|tunnel_floor","wrist2_link|forearm_link"
"normal_y_m1_1deg",59,0.20000000000000001,0.016738192204198712,"base_link|tunnel_floor","wrist2_link|forearm_link"
"normal_y_m1_1deg",60,0.20000000000000001,0.016796751858641979,"base_link|tunnel_floor","wrist2_link|forearm_link"
"normal_y_m1_1deg",61,0.20000000000000001,0.016872294831145662,"base_link|tunnel_floor","wrist2_link|forearm_link"
"normal_y_m1_1deg",62,0.20000000000000001,0.016895424406594656,"base_link|tunnel_floor","wrist2_link|forearm_link"
"normal_y_m1_1deg",63,0.20000000000000001,0.016855165145150734,"base_link|tunnel_floor","wrist2_link|forearm_link"
"normal_y_m1_1deg",64,0.20000000000000001,0.016832927518798606,"base_link|tunnel_floor","wrist2_link|forearm_link"
"normal_y_m1_1deg",65,0.20000000000000001,0.016799687678754831,"base_link|tunnel_floor","wrist2_link|forearm_link"
"normal_y_m1_1deg",66,0.20000000000000001,0.016748468977838153,"base_link|tunnel_floor","wrist2_link|forearm_link"
"normal_y_m1_1deg",67,0.20000000000000001,0.016729099955675165,"base_link|tunnel_floor","wrist2_link|forearm_link"
"normal_y_m1_1deg",68,0.20000000000000001,0.016724895581562281,"base_link|tunnel_floor","wrist2_link|forearm_link"
"normal_y_m1_1deg",69,0.20000000000000001,0.016728374752955404,"base_link|tunnel_floor","wrist2_link|forearm_link"
"normal_y_m1_1deg",70,0.20000000000000001,0.016734145555537202,"base_link|tunnel_floor","wrist2_link|forearm_link"
"normal_y_m1_1deg",71,0.20000000000000001,0.016736065277834992,"base_link|tunnel_floor","wrist2_link|forearm_link"
"normal_y_m1_1deg",72,0.20000000000000001,0.01672722016540662,"base_link|tunnel_floor","wrist2_link|forearm_link"
"normal_y_m1_1deg",73,0.20000000000000001,0.016700000079305742,"base_link|tunnel_floor","wrist2_link|forearm_link"
"normal_y_m1_1deg",74,0.20000000000000001,0.016646319951857353,"base_link|tunnel_floor","wrist2_link|forearm_link"
"normal_y_m1_1deg",75,0.20000000000000001,0.016627954262361938,"base_link|tunnel_floor","wrist2_link|forearm_link"
"normal_y_m1_1deg",76,0.20000000000000001,0.016691873267974416,"base_link|tunnel_floor","wrist2_link|forearm_link"
"normal_y_m1_1deg",77,0.20000000000000001,0.016729107426080581,"base_link|tunnel_floor","wrist2_link|forearm_link"
"normal_y_m1_1deg",78,0.20000000000000001,0.016724352581227016,"base_link|tunnel_floor","wrist2_link|forearm_link"
"normal_y_m1_1deg",79,0.18610277522395929,0.016671786690602586,"upperarm_link|horseshoe_wall_30","wrist2_link|forearm_link"
"normal_y_m1_1deg",80,0.16493652400974865,0.016700905547518911,"upperarm_link|horseshoe_wall_30","wrist2_link|forearm_link"
"normal_y_m1_1deg",81,0.14527778998227067,0.016739540911089361,"upperarm_link|horseshoe_wall_29","wrist2_link|forearm_link"
"normal_y_m1_1deg",82,0.12749504372674614,0.016801825405030495,"upperarm_link|horseshoe_wall_29","wrist2_link|forearm_link"
"normal_y_m1_1deg",83,0.11214615793093848,0.016856849573698127,"upperarm_link|horseshoe_wall_28","wrist2_link|forearm_link"
"normal_y_m1_1deg",84,0.099708632078068071,0.016880291370030043,"upperarm_link|horseshoe_wall_26","wrist2_link|forearm_link"
"normal_y_m1_1deg",85,0.091384284524867063,0.016784681625869546,"upperarm_link|horseshoe_wall_26","wrist2_link|forearm_link"
"normal_y_m1_1deg",86,0.088460556550144828,0.016703645125924604,"upperarm_link|horseshoe_wall_25","wrist2_link|forearm_link"
"normal_y_m1_1deg",87,0.097059539344410597,0.016709730331055921,"upperarm_link|horseshoe_wall_24","wrist2_link|forearm_link"
"normal_y_m1_1deg",88,0.10350675482536613,0.016625119422987118,"upperarm_link|horseshoe_wall_25","wrist2_link|forearm_link"
"normal_y_m1_1deg",89,0.11122463425393433,0.016656650315848127,"upperarm_link|horseshoe_wall_25","wrist2_link|forearm_link"
"normal_y_m1_1deg",90,0.12026044322104817,0.016758913583051569,"upperarm_link|horseshoe_wall_25","wrist2_link|forearm_link"
"normal_y_m1_1deg",91,0.12908222639519012,0.016732416262677827,"forearm_link|horseshoe_wall_25","wrist2_link|forearm_link"
"normal_y_m1_1deg",92,0.13350918677962947,0.016744978741914746,"forearm_link|horseshoe_wall_25","wrist2_link|forearm_link"
"normal_y_m1_1deg",93,0.13843657734004561,0.016811006806333358,"forearm_link|horseshoe_wall_25","wrist2_link|forearm_link"
"normal_y_m1_1deg",94,0.14397200274105773,0.016883290729667304,"forearm_link|horseshoe_wall_25","wrist2_link|forearm_link"
"normal_y_m1_1deg",95,0.14597357901015381,0.016879650048008194,"forearm_link|horseshoe_wall_26","wrist2_link|forearm_link"
"normal_y_m1_1deg",96,0.14381999154962599,0.01689758104184903,"forearm_link|horseshoe_wall_28","wrist2_link|forearm_link"
"normal_y_m1_1deg",97,0.1445536327505498,0.016876298745233716,"forearm_link|horseshoe_wall_29","wrist2_link|forearm_link"
"normal_y_m1_1deg",98,0.14608821093820037,0.016846757967552407,"forearm_link|horseshoe_wall_30","wrist2_link|forearm_link"
"normal_y_m1_1deg",99,0.14793553230543158,0.016816265292032777,"forearm_link|horseshoe_wall_30","wrist2_link|forearm_link"
"normal_y_m1_1deg",100,0.14983785039536093,0.016787532556184169,"forearm_link|horseshoe_wall_31","wrist2_link|forearm_link"
"normal_y_m1_1deg",101,0.15191645828205699,0.016761025996447354,"forearm_link|horseshoe_wall_32","wrist2_link|forearm_link"
"normal_y_m1_1deg",102,0.15408306461557716,0.016737375431992541,"forearm_link|horseshoe_wall_32","wrist2_link|forearm_link"
"normal_y_m1_1deg",103,0.15629457121957913,0.016716874536126945,"forearm_link|horseshoe_wall_33","wrist2_link|forearm_link"
"normal_y_m1_1deg",104,0.15858540386993469,0.016699661877024298,"forearm_link|horseshoe_wall_34","wrist2_link|forearm_link"
"normal_y_m1_1deg",105,0.16086098143132421,0.016685820892082492,"forearm_link|horseshoe_wall_34","wrist2_link|forearm_link"
"normal_y_m1_1deg",106,0.16315739536675147,0.016675782328590006,"forearm_link|horseshoe_wall_35","wrist2_link|forearm_link"
"normal_y_m1_1deg",107,0.1654896095662004,0.016675726887373898,"forearm_link|horseshoe_wall_36","wrist2_link|forearm_link"
"normal_y_m1_1deg",108,0.16774415927770167,0.016682773697282327,"forearm_link|horseshoe_wall_36","wrist2_link|forearm_link"
"normal_y_m1_1deg",109,0.17000982750421925,0.016700002162110501,"forearm_link|horseshoe_wall_37","wrist2_link|forearm_link"
"normal_y_m1_1deg",110,0.17227821566863571,0.016729613224761571,"forearm_link|horseshoe_wall_37","wrist2_link|forearm_link"
"normal_y_m1_1deg",111,0.1744595114992388,0.016711283796589878,"forearm_link|horseshoe_wall_38","wrist2_link|forearm_link"
"normal_y_m1_1deg",112,0.17665582642199942,0.016680382697593914,"forearm_link|horseshoe_wall_39","wrist2_link|forearm_link"
"normal_y_m1_1deg",113,0.17885206500956993,0.016654097775144549,"forearm_link|horseshoe_wall_39","wrist2_link|forearm_link"
"normal_y_m1_1deg",114,0.18099566984031193,0.016634372496843665,"forearm_link|horseshoe_wall_40","wrist2_link|forearm_link"
"normal_y_m1_1deg",115,0.1831617256602982,0.016627567517318555,"forearm_link|horseshoe_wall_41","wrist2_link|forearm_link"
"normal_y_m1_1deg",116,0.18531107120765797,0.016632196644684717,"forearm_link|horseshoe_wall_41","wrist2_link|forearm_link"
"normal_y_m1_1deg",117,0.18741635254781139,0.016641884510193869,"forearm_link|horseshoe_wall_42","wrist2_link|forearm_link"
"normal_y_m1_1deg",118,0.18953797053144264,0.016661244815094397,"forearm_link|horseshoe_wall_43","wrist2_link|forearm_link"
"normal_y_m1_1deg",119,0.19163297835530491,0.016690862282758664,"forearm_link|horseshoe_wall_43","wrist2_link|forearm_link"
"normal_y_m1_1deg",120,0.19368612021832707,0.01672910113815855,"forearm_link|horseshoe_wall_44","wrist2_link|forearm_link"
"normal_y_m1_1deg",121,0.19575017425766081,0.016766469012639257,"forearm_link|horseshoe_wall_45","wrist2_link|forearm_link"
"normal_y_m1_1deg",122,0.19778258610073449,0.016761032723087831,"forearm_link|horseshoe_wall_45","wrist2_link|forearm_link"
"normal_y_m1_1deg",123,0.19977072628901052,0.016752201797313609,"forearm_link|horseshoe_wall_46","wrist2_link|forearm_link"
"normal_y_m1_1deg",124,0.20000000000000001,0.016740216046023569,"base_link|tunnel_floor","wrist2_link|forearm_link"
"normal_y_m1_1deg",125,0.20000000000000001,0.016733925879144747,"base_link|tunnel_floor","wrist2_link|forearm_link"
"normal_y_m1_1deg",126,0.20000000000000001,0.016737296265373552,"base_link|tunnel_floor","wrist2_link|forearm_link"
"normal_y_m1_1deg",127,0.20000000000000001,0.016745248520339172,"base_link|tunnel_floor","wrist2_link|forearm_link"
"normal_y_m1_1deg",128,0.20000000000000001,0.016760901253546942,"base_link|tunnel_floor","wrist2_link|forearm_link"
"normal_y_m1_1deg",129,0.20000000000000001,0.016785235904140969,"base_link|tunnel_floor","wrist2_link|forearm_link"
"normal_y_m1_1deg",130,0.20000000000000001,0.016816956537555244,"base_link|tunnel_floor","wrist2_link|forearm_link"
"normal_y_m1_1deg",131,0.20000000000000001,0.016847630777773764,"base_link|tunnel_floor","wrist2_link|forearm_link"
"normal_y_m1_1deg",132,0.20000000000000001,0.016875100414767009,"base_link|tunnel_floor","wrist2_link|forearm_link"
"normal_y_m1_1deg",133,0.20000000000000001,0.016899601339604733,"base_link|tunnel_floor","wrist2_link|forearm_link"
"normal_y_m1_1deg",134,0.20000000000000001,0.016891695028104357,"base_link|tunnel_floor","wrist2_link|forearm_link"
"normal_y_m1_1deg",135,0.20000000000000001,0.016860859942283628,"base_link|tunnel_floor","wrist2_link|forearm_link"
"normal_y_m1_1deg",136,0.20000000000000001,0.016832005764228102,"base_link|tunnel_floor","wrist2_link|forearm_link"
"normal_y_m1_1deg",137,0.20000000000000001,0.016805062081934396,"base_link|tunnel_floor","wrist2_link|forearm_link"
"normal_y_m1_1deg",138,0.20000000000000001,0.0167800127188821,"base_link|tunnel_floor","wrist2_link|forearm_link"
"normal_y_m1_1deg",139,0.20000000000000001,0.016756896773034081,"base_link|tunnel_floor","wrist2_link|forearm_link"
"normal_y_m1_1deg",140,0.20000000000000001,0.016735809626350313,"base_link|tunnel_floor","wrist2_link|forearm_link"
"normal_y_m1_1deg",141,0.20000000000000001,0.016716903742285499,"base_link|tunnel_floor","wrist2_link|forearm_link"
"normal_y_m1_1deg",142,0.20000000000000001,0.016701660166511645,"base_link|tunnel_floor","wrist2_link|forearm_link"
"normal_y_m1_1deg",143,0.20000000000000001,0.01669109955480234,"base_link|tunnel_floor","wrist2_link|forearm_link"
"normal_y_m1_1deg",144,0.20000000000000001,0.016684058106598992,"base_link|tunnel_floor","wrist2_link|forearm_link"
"normal_y_m1_1deg",145,0.20000000000000001,0.016679619506605521,"base_link|tunnel_floor","wrist2_link|forearm_link"
"normal_y_m1_1deg",146,0.20000000000000001,0.016677153916071202,"base_link|tunnel_floor","wrist2_link|forearm_link"
"normal_y_m1_1deg",147,0.20000000000000001,0.016676299882556665,"base_link|tunnel_floor","wrist2_link|forearm_link"
"normal_y_m1_1deg",148,0.20000000000000001,0.016676613612968356,"base_link|tunnel_floor","wrist2_link|forearm_link"
"normal_y_m1_1deg",149,0.20000000000000001,0.016678257377374842,"base_link|tunnel_floor","wrist2_link|forearm_link"
"normal_y_m1_1deg",150,0.20000000000000001,0.016686999745799378,"base_link|tunnel_floor","wrist2_link|forearm_link"
"normal_y_m1_1deg",151,0.20000000000000001,0.016718293712410657,"base_link|tunnel_floor","wrist2_link|forearm_link"
"normal_y_m1_1deg",152,0.20000000000000001,0.016797573977739205,"base_link|tunnel_floor","wrist2_link|forearm_link"
"normal_y_m1_1deg",153,0.20000000000000001,0.016869135579192712,"base_link|tunnel_floor","wrist2_link|forearm_link"
"normal_y_m1_1deg",154,0.20000000000000001,0.016733840061395139,"base_link|tunnel_floor","wrist2_link|forearm_link"
"normal_y_m1_1deg",155,0.20000000000000001,0.016638011436299713,"base_link|tunnel_floor","wrist2_link|forearm_link"
"normal_y_m1_1deg",156,0.20000000000000001,0.016681234919426583,"base_link|tunnel_floor","wrist2_link|forearm_link"
"normal_y_m1_1deg",157,0.20000000000000001,0.016866658262357798,"base_link|tunnel_floor","wrist2_link|forearm_link"
"normal_y_m1_1deg",158,0.20000000000000001,0.016734622276807356,"base_link|tunnel_floor","wrist2_link|forearm_link"
"normal_y_m1_1deg",159,0.20000000000000001,0.016762989036774163,"base_link|tunnel_floor","wrist2_link|forearm_link"
"normal_y_m1_1deg",160,0.20000000000000001,0.016759818107733776,"base_link|tunnel_floor","wrist2_link|forearm_link"
"normal_y_m1_1deg",161,0.20000000000000001,0.016741350750505393,"base_link|tunnel_floor","wrist2_link|forearm_link"
"normal_y_m1_1deg",162,0.20000000000000001,0.016881994367437942,"base_link|tunnel_floor","wrist2_link|forearm_link"
"normal_y_m1_1deg",163,0.20000000000000001,0.016763557642040645,"base_link|tunnel_floor","wrist2_link|forearm_link"
"normal_y_m1_1deg",164,0.20000000000000001,0.01667560707589022,"base_link|tunnel_floor","wrist2_link|forearm_link"
"normal_y_m1_1deg",165,0.20000000000000001,0.016721764467809826,"base_link|tunnel_floor","wrist2_link|forearm_link"
"normal_y_m1_1deg",166,0.20000000000000001,0.016627984976720502,"base_link|tunnel_floor","wrist2_link|forearm_link"
"normal_y_m1_1deg",167,0.20000000000000001,0.016757576848867098,"base_link|tunnel_floor","wrist2_link|forearm_link"
"normal_y_m1_1deg",168,0.20000000000000001,0.01673707371849514,"base_link|tunnel_floor","wrist2_link|forearm_link"
"normal_y_m1_1deg",169,0.20000000000000001,0.016866955453147463,"base_link|tunnel_floor","wrist2_link|forearm_link"
"normal_y_m1_1deg",170,0.20000000000000001,0.016791890166009255,"base_link|tunnel_floor","wrist2_link|forearm_link"
"normal_y_m1_1deg",171,0.20000000000000001,0.016687254461894011,"base_link|tunnel_floor","wrist2_link|forearm_link"
"normal_y_m1_1deg",172,0.20000000000000001,0.016709151624065149,"base_link|tunnel_floor","wrist2_link|forearm_link"
"normal_y_m1_1deg",173,0.20000000000000001,0.016629651541743846,"base_link|tunnel_floor","wrist2_link|forearm_link"
"normal_y_m1_1deg",174,0.20000000000000001,0.016684734554151648,"base_link|tunnel_floor","wrist2_link|forearm_link"
"normal_y_m1_1deg",175,0.20000000000000001,0.016744654137692213,"base_link|tunnel_floor","wrist2_link|forearm_link"
"normal_y_m1_1deg",176,0.20000000000000001,0.016761154064502078,"base_link|tunnel_floor","wrist2_link|forearm_link"
"normal_y_m1_1deg",177,0.20000000000000001,0.016841550879439747,"base_link|tunnel_floor","wrist2_link|forearm_link"
"normal_y_m1_1deg",178,0.20000000000000001,0.016797313543056958,"base_link|tunnel_floor","wrist2_link|forearm_link"
"normal_y_m1_1deg",179,0.20000000000000001,0.016665827377402461,"base_link|tunnel_floor","wrist2_link|forearm_link"
"normal_y_m1_1deg",180,0.20000000000000001,0.016630489697703307,"base_link|tunnel_floor","wrist2_link|forearm_link"
"normal_y_p1_1deg",0,0.20000000000000001,0.016836332585723032,"base_link|tunnel_floor","wrist2_link|forearm_link"
"normal_y_p1_1deg",1,0.20000000000000001,0.016845881801387887,"base_link|tunnel_floor","wrist2_link|forearm_link"
"normal_y_p1_1deg",2,0.20000000000000001,0.016654625670177142,"base_link|tunnel_floor","wrist2_link|forearm_link"
"normal_y_p1_1deg",3,0.20000000000000001,0.016755178830541798,"base_link|tunnel_floor","wrist2_link|forearm_link"
"normal_y_p1_1deg",4,0.20000000000000001,0.016858740081537614,"base_link|tunnel_floor","wrist2_link|forearm_link"
"normal_y_p1_1deg",5,0.20000000000000001,0.016677991262512657,"base_link|tunnel_floor","wrist2_link|forearm_link"
"normal_y_p1_1deg",6,0.20000000000000001,0.016730034696398634,"base_link|tunnel_floor","wrist2_link|forearm_link"
"normal_y_p1_1deg",7,0.20000000000000001,0.016785710597003147,"base_link|tunnel_floor","wrist2_link|forearm_link"
"normal_y_p1_1deg",8,0.20000000000000001,0.016673184123179505,"base_link|tunnel_floor","wrist2_link|forearm_link"
"normal_y_p1_1deg",9,0.20000000000000001,0.016745431932222724,"base_link|tunnel_floor","wrist2_link|forearm_link"
"normal_y_p1_1deg",10,0.20000000000000001,0.016798758979881374,"base_link|tunnel_floor","wrist2_link|forearm_link"
"normal_y_p1_1deg",11,0.20000000000000001,0.016749644254308117,"base_link|tunnel_floor","wrist2_link|forearm_link"
"normal_y_p1_1deg",12,0.20000000000000001,0.016762608407093142,"base_link|tunnel_floor","wrist2_link|forearm_link"
"normal_y_p1_1deg",13,0.20000000000000001,0.016749646766677118,"base_link|tunnel_floor","wrist2_link|forearm_link"
"normal_y_p1_1deg",14,0.20000000000000001,0.016745471711788872,"base_link|tunnel_floor","wrist2_link|forearm_link"
"normal_y_p1_1deg",15,0.20000000000000001,0.016861323567134708,"base_link|tunnel_floor","wrist2_link|forearm_link"
"normal_y_p1_1deg",16,0.20000000000000001,0.016745728653888705,"base_link|tunnel_floor","wrist2_link|forearm_link"
"normal_y_p1_1deg",17,0.20000000000000001,0.01663591223561859,"base_link|tunnel_floor","wrist2_link|forearm_link"
"normal_y_p1_1deg",18,0.20000000000000001,0.016719858542816546,"base_link|tunnel_floor","wrist2_link|forearm_link"
"normal_y_p1_1deg",19,0.20000000000000001,0.016702771598200893,"base_link|tunnel_floor","wrist2_link|forearm_link"
"normal_y_p1_1deg",20,0.20000000000000001,0.016862365233660883,"base_link|tunnel_floor","wrist2_link|forearm_link"
"normal_y_p1_1deg",21,0.20000000000000001,0.016775492216966281,"base_link|tunnel_floor","wrist2_link|forearm_link"
"normal_y_p1_1deg",22,0.20000000000000001,0.016733383907968198,"base_link|tunnel_floor","wrist2_link|forearm_link"
"normal_y_p1_1deg",23,0.20000000000000001,0.016764804528859409,"base_link|tunnel_floor","wrist2_link|forearm_link"
"normal_y_p1_1deg",24,0.20000000000000001,0.016818845171764654,"base_link|tunnel_floor","wrist2_link|forearm_link"
"normal_y_p1_1deg",25,0.20000000000000001,0.01670935698744587,"base_link|tunnel_floor","wrist2_link|forearm_link"
"normal_y_p1_1deg",26,0.20000000000000001,0.01676669869099684,"base_link|tunnel_floor","wrist2_link|forearm_link"
"normal_y_p1_1deg",27,0.20000000000000001,0.016852772983243659,"base_link|tunnel_floor","wrist2_link|forearm_link"
"normal_y_p1_1deg",28,0.20000000000000001,0.016776958729402144,"base_link|tunnel_floor","wrist2_link|forearm_link"
"normal_y_p1_1deg",29,0.20000000000000001,0.016707118377158069,"base_link|tunnel_floor","wrist2_link|forearm_link"
"normal_y_p1_1deg",30,0.20000000000000001,0.01669515148497594,"base_link|tunnel_floor","wrist2_link|forearm_link"
"normal_y_p1_1deg",31,0.20000000000000001,0.016695216606041764,"base_link|tunnel_floor","wrist2_link|forearm_link"
"normal_y_p1_1deg",32,0.20000000000000001,0.016702984903377259,"base_link|tunnel_floor","wrist2_link|forearm_link"
"normal_y_p1_1deg",33,0.20000000000000001,0.016720508561116499,"base_link|tunnel_floor","wrist2_link|forearm_link"
"normal_y_p1_1deg",34,0.20000000000000001,0.016752607729251946,"base_link|tunnel_floor","wrist2_link|forearm_link"
"normal_y_p1_1deg",35,0.20000000000000001,0.016806965106459466,"base_link|tunnel_floor","wrist2_link|forearm_link"
"normal_y_p1_1deg",36,0.20000000000000001,0.016894093743916302,"base_link|tunnel_floor","forearm_link|wrist2_link"
"normal_y_p1_1deg",37,0.20000000000000001,0.016833925893247243,"base_link|tunnel_floor","forearm_link|wrist2_link"
"normal_y_p1_1deg",38,0.20000000000000001,0.016747186718582184,"base_link|tunnel_floor","forearm_link|wrist2_link"
"normal_y_p1_1deg",39,0.20000000000000001,0.01673411252589788,"base_link|tunnel_floor","forearm_link|wrist2_link"
"normal_y_p1_1deg",40,0.20000000000000001,0.016760246029362179,"base_link|tunnel_floor","forearm_link|wrist2_link"
"normal_y_p1_1deg",41,0.20000000000000001,0.016670442310622105,"base_link|tunnel_floor","forearm_link|wrist2_link"
"normal_y_p1_1deg",42,0.20000000000000001,0.016624182772989632,"base_link|tunnel_floor","forearm_link|wrist2_link"
"normal_y_p1_1deg",43,0.20000000000000001,0.016645206474043783,"base_link|tunnel_floor","forearm_link|wrist2_link"
"normal_y_p1_1deg",44,0.20000000000000001,0.016735811814800258,"base_link|tunnel_floor","forearm_link|wrist2_link"
"normal_y_p1_1deg",45,0.20000000000000001,0.016691135143550081,"base_link|tunnel_floor","forearm_link|wrist2_link"
"normal_y_p1_1deg",46,0.20000000000000001,0.016682182471314647,"base_link|tunnel_floor","forearm_link|wrist2_link"
"normal_y_p1_1deg",47,0.20000000000000001,0.016725685427890793,"base_link|tunnel_floor","forearm_link|wrist2_link"
"normal_y_p1_1deg",48,0.20000000000000001,0.016824977198386441,"base_link|tunnel_floor","forearm_link|wrist2_link"
"normal_y_p1_1deg",49,0.20000000000000001,0.0169140719710845,"base_link|tunnel_floor","forearm_link|wrist2_link"
"normal_y_p1_1deg",50,0.20000000000000001,0.016848152778893084,"base_link|tunnel_floor","forearm_link|wrist2_link"
"normal_y_p1_1deg",51,0.20000000000000001,0.016818253450933802,"base_link|tunnel_floor","forearm_link|wrist2_link"
"normal_y_p1_1deg",52,0.20000000000000001,0.016815721810680355,"base_link|tunnel_floor","forearm_link|wrist2_link"
"normal_y_p1_1deg",53,0.20000000000000001,0.016754870692232637,"base_link|tunnel_floor","forearm_link|wrist2_link"
"normal_y_p1_1deg",54,0.20000000000000001,0.01673020093864409,"base_link|tunnel_floor","forearm_link|wrist2_link"
"normal_y_p1_1deg",55,0.20000000000000001,0.01674118028657114,"base_link|tunnel_floor","forearm_link|wrist2_link"
"normal_y_p1_1deg",56,0.20000000000000001,0.01674528591385991,"base_link|tunnel_floor","wrist2_link|forearm_link"
"normal_y_p1_1deg",57,0.20000000000000001,0.016711463925796484,"base_link|tunnel_floor","wrist2_link|forearm_link"
"normal_y_p1_1deg",58,0.20000000000000001,0.016707986033613339,"base_link|tunnel_floor","wrist2_link|forearm_link"
"normal_y_p1_1deg",59,0.20000000000000001,0.016733466092620056,"base_link|tunnel_floor","wrist2_link|forearm_link"
"normal_y_p1_1deg",60,0.20000000000000001,0.016786127153652224,"base_link|tunnel_floor","wrist2_link|forearm_link"
"normal_y_p1_1deg",61,0.20000000000000001,0.016863705687781987,"base_link|tunnel_floor","wrist2_link|forearm_link"
"normal_y_p1_1deg",62,0.20000000000000001,0.016904949155512036,"base_link|tunnel_floor","wrist2_link|forearm_link"
"normal_y_p1_1deg",63,0.20000000000000001,0.01685561216682251,"base_link|tunnel_floor","wrist2_link|forearm_link"
"normal_y_p1_1deg",64,0.20000000000000001,0.016833760757074542,"base_link|tunnel_floor","wrist2_link|forearm_link"
"normal_y_p1_1deg",65,0.20000000000000001,0.016835250624545196,"base_link|tunnel_floor","wrist2_link|forearm_link"
"normal_y_p1_1deg",66,0.20000000000000001,0.016759485010369404,"base_link|tunnel_floor","wrist2_link|forearm_link"
"normal_y_p1_1deg",67,0.20000000000000001,0.016689276474381832,"base_link|tunnel_floor","wrist2_link|forearm_link"
"normal_y_p1_1deg",68,0.20000000000000001,0.016642879929446519,"base_link|tunnel_floor","wrist2_link|forearm_link"
"normal_y_p1_1deg",69,0.20000000000000001,0.016632416234536637,"base_link|tunnel_floor","wrist2_link|forearm_link"
"normal_y_p1_1deg",70,0.20000000000000001,0.016662589278525874,"base_link|tunnel_floor","wrist2_link|forearm_link"
"normal_y_p1_1deg",71,0.20000000000000001,0.016701437387340881,"base_link|tunnel_floor","wrist2_link|forearm_link"
"normal_y_p1_1deg",72,0.20000000000000001,0.016733923634492134,"base_link|tunnel_floor","wrist2_link|forearm_link"
"normal_y_p1_1deg",73,0.20000000000000001,0.016750708514379344,"base_link|tunnel_floor","wrist2_link|forearm_link"
"normal_y_p1_1deg",74,0.20000000000000001,0.016741568063144179,"base_link|tunnel_floor","wrist2_link|forearm_link"
"normal_y_p1_1deg",75,0.20000000000000001,0.016695807984056791,"base_link|tunnel_floor","wrist2_link|forearm_link"
"normal_y_p1_1deg",76,0.20000000000000001,0.016641370523947523,"base_link|tunnel_floor","wrist2_link|forearm_link"
"normal_y_p1_1deg",77,0.20000000000000001,0.016698174757906161,"base_link|tunnel_floor","wrist2_link|forearm_link"
"normal_y_p1_1deg",78,0.18478742057536096,0.016732591258247932,"upperarm_link|horseshoe_wall_30","wrist2_link|forearm_link"
"normal_y_p1_1deg",79,0.16342734272143164,0.016711029377488765,"upperarm_link|horseshoe_wall_29","wrist2_link|forearm_link"
"normal_y_p1_1deg",80,0.14360368728438691,0.016637468073519027,"upperarm_link|horseshoe_wall_29","wrist2_link|forearm_link"
"normal_y_p1_1deg",81,0.12578847227658629,0.016725187529858295,"upperarm_link|horseshoe_wall_28","wrist2_link|forearm_link"
"normal_y_p1_1deg",82,0.11064988747314132,0.016766856361495174,"upperarm_link|horseshoe_wall_28","wrist2_link|forearm_link"
"normal_y_p1_1deg",83,0.098434237673566752,0.016828352691757493,"upperarm_link|horseshoe_wall_26","wrist2_link|forearm_link"
"normal_y_p1_1deg",84,0.090321413364112285,0.016854343618193025,"upperarm_link|horseshoe_wall_25","wrist2_link|forearm_link"
"normal_y_p1_1deg",85,0.087612749592252528,0.016824975091508872,"upperarm_link|horseshoe_wall_25","wrist2_link|forearm_link"
"normal_y_p1_1deg",86,0.096210639109816615,0.016693872161315095,"upperarm_link|horseshoe_wall_24","wrist2_link|forearm_link"
"normal_y_p1_1deg",87,0.10264463883153761,0.016683061147236809,"upperarm_link|horseshoe_wall_24","wrist2_link|forearm_link"
"normal_y_p1_1deg",88,0.11044395215836492,0.016715773875153928,"upperarm_link|horseshoe_wall_24","wrist2_link|forearm_link"
"normal_y_p1_1deg",89,0.11953554082980733,0.016629393616966828,"upperarm_link|horseshoe_wall_25","wrist2_link|forearm_link"
"normal_y_p1_1deg",90,0.12807370816359517,0.016641286185095756,"forearm_link|horseshoe_wall_25","wrist2_link|forearm_link"
"normal_y_p1_1deg",91,0.13250369240450235,0.016722583928168267,"forearm_link|horseshoe_wall_25","wrist2_link|forearm_link"
"normal_y_p1_1deg",92,0.13741738200590517,0.016745770249587805,"forearm_link|horseshoe_wall_25","wrist2_link|forearm_link"
"normal_y_p1_1deg",93,0.14292719651487232,0.016731376796754377,"forearm_link|horseshoe_wall_25","wrist2_link|forearm_link"
"normal_y_p1_1deg",94,0.14458289408512082,0.016738771037490344,"forearm_link|horseshoe_wall_25","wrist2_link|forearm_link"
"normal_y_p1_1deg",95,0.14212402587365824,0.016734124108633276,"forearm_link|horseshoe_wall_26","wrist2_link|forearm_link"
"normal_y_p1_1deg",96,0.1429182768654467,0.016737334558538215,"forearm_link|horseshoe_wall_29","wrist2_link|forearm_link"
"normal_y_p1_1deg",97,0.14440959935735753,0.01674501044840189,"forearm_link|horseshoe_wall_29","wrist2_link|forearm_link"
"normal_y_p1_1deg",98,0.14619715503750216,0.016762777607427982,"forearm_link|horseshoe_wall_30","wrist2_link|forearm_link"
"normal_y_p1_1deg",99,0.1480862645837106,0.016792685967321683,"forearm_link|horseshoe_wall_31","wrist2_link|forearm_link"
"normal_y_p1_1deg",100,0.15011110140725281,0.016831661600502021,"forearm_link|horseshoe_wall_31","wrist2_link|forearm_link"
"normal_y_p1_1deg",101,0.15222049396472123,0.016867592914452556,"forearm_link|horseshoe_wall_32","wrist2_link|forearm_link"
"normal_y_p1_1deg",102,0.15443710803806379,0.016899310903218938,"forearm_link|horseshoe_wall_33","wrist2_link|forearm_link"
"normal_y_p1_1deg",103,0.15664885797904787,0.016868776252020524,"forearm_link|horseshoe_wall_33","wrist2_link|forearm_link"
"normal_y_p1_1deg",104,0.15891677544328431,0.016832008544876088,"forearm_link|horseshoe_wall_34","wrist2_link|forearm_link"
"normal_y_p1_1deg",105,0.16121833778254116,0.01679869698149174,"forearm_link|horseshoe_wall_34","wrist2_link|forearm_link"
"normal_y_p1_1deg",106,0.16347905733619975,0.016768833079066785,"forearm_link|horseshoe_wall_35","wrist2_link|forearm_link"
"normal_y_p1_1deg",107,0.16577122502624286,0.016742432417524163,"forearm_link|horseshoe_wall_36","wrist2_link|forearm_link"
"normal_y_p1_1deg",108,0.16803665892147263,0.016719548586718907,"forearm_link|horseshoe_wall_36","wrist2_link|forearm_link"
"normal_y_p1_1deg",109,0.17025802114472108,0.016700282412503584,"forearm_link|horseshoe_wall_37","wrist2_link|forearm_link"
"normal_y_p1_1deg",110,0.17249144487005361,0.016684788280064117,"forearm_link|horseshoe_wall_38","wrist2_link|forearm_link"
"normal_y_p1_1deg",111,0.1746649930882751,0.016674330372407047,"forearm_link|horseshoe_wall_38","wrist2_link|forearm_link"
"normal_y_p1_1deg",112,0.17681726376672927,0.016676072745380459,"forearm_link|horseshoe_wall_39","wrist2_link|forearm_link"
"normal_y_p1_1deg",113,0.17899842012675607,0.016684820578149552,"forearm_link|horseshoe_wall_40","wrist2_link|forearm_link"
"normal_y_p1_1deg",114,0.18111372445358243,0.016705069599424988,"forearm_link|horseshoe_wall_40","wrist2_link|forearm_link"
"normal_y_p1_1deg",115,0.18324208870498043,0.016734122062326374,"forearm_link|horseshoe_wall_41","wrist2_link|forearm_link"
"normal_y_p1_1deg",116,0.18538536347471307,0.016709687632082904,"forearm_link|horseshoe_wall_41","wrist2_link|forearm_link"
"normal_y_p1_1deg",117,0.1874573175591496,0.016682310796973909,"forearm_link|horseshoe_wall_42","wrist2_link|forearm_link"
"normal_y_p1_1deg",118,0.1895463339122222,0.016658316289307997,"forearm_link|horseshoe_wall_43","wrist2_link|forearm_link"
"normal_y_p1_1deg",119,0.19163171740683624,0.01663839492924183,"forearm_link|horseshoe_wall_43","wrist2_link|forearm_link"
"normal_y_p1_1deg",120,0.19365725186690361,0.016628225321842285,"forearm_link|horseshoe_wall_44","wrist2_link|forearm_link"
"normal_y_p1_1deg",121,0.19569256164913557,0.016628504807984848,"forearm_link|horseshoe_wall_45","wrist2_link|forearm_link"
"normal_y_p1_1deg",122,0.19770976194664122,0.016635071868289011,"forearm_link|horseshoe_wall_45","wrist2_link|forearm_link"
"normal_y_p1_1deg",123,0.19967616428535495,0.016647859584794127,"forearm_link|horseshoe_wall_46","wrist2_link|forearm_link"
"normal_y_p1_1deg",124,0.20000000000000001,0.016670942842033722,"base_link|tunnel_floor","wrist2_link|forearm_link"
"normal_y_p1_1deg",125,0.20000000000000001,0.016704561508812416,"base_link|tunnel_floor","wrist2_link|forearm_link"
"normal_y_p1_1deg",126,0.20000000000000001,0.016745167353630876,"base_link|tunnel_floor","wrist2_link|forearm_link"
"normal_y_p1_1deg",127,0.20000000000000001,0.016764125094648131,"base_link|tunnel_floor","wrist2_link|forearm_link"
"normal_y_p1_1deg",128,0.20000000000000001,0.016757175294128047,"base_link|tunnel_floor","wrist2_link|forearm_link"
"normal_y_p1_1deg",129,0.20000000000000001,0.016747150034936507,"base_link|tunnel_floor","wrist2_link|forearm_link"
"normal_y_p1_1deg",130,0.20000000000000001,0.01673647507323071,"base_link|tunnel_floor","wrist2_link|forearm_link"
"normal_y_p1_1deg",131,0.20000000000000001,0.016733725171355594,"base_link|tunnel_floor","wrist2_link|forearm_link"
"normal_y_p1_1deg",132,0.20000000000000001,0.016738187424093748,"base_link|tunnel_floor","wrist2_link|forearm_link"
"normal_y_p1_1deg",133,0.20000000000000001,0.016745843033147873,"base_link|tunnel_floor","wrist2_link|forearm_link"
"normal_y_p1_1deg",134,0.20000000000000001,0.016760789721205125,"base_link|tunnel_floor","wrist2_link|forearm_link"
"normal_y_p1_1deg",135,0.20000000000000001,0.016783969153119523,"base_link|tunnel_floor","wrist2_link|forearm_link"
"normal_y_p1_1deg",136,0.20000000000000001,0.01681511765036656,"base_link|tunnel_floor","wrist2_link|forearm_link"
"normal_y_p1_1deg",137,0.20000000000000001,0.016846525117983954,"base_link|tunnel_floor","wrist2_link|forearm_link"
"normal_y_p1_1deg",138,0.20000000000000001,0.016875487017590816,"base_link|tunnel_floor","wrist2_link|forearm_link"
"normal_y_p1_1deg",139,0.20000000000000001,0.016901934669720106,"base_link|tunnel_floor","wrist2_link|forearm_link"
"normal_y_p1_1deg",140,0.20000000000000001,0.016884993788647225,"base_link|tunnel_floor","wrist2_link|forearm_link"
"normal_y_p1_1deg",141,0.20000000000000001,0.016850161190120453,"base_link|tunnel_floor","wrist2_link|forearm_link"
"normal_y_p1_1deg",142,0.20000000000000001,0.016819909355410854,"base_link|tunnel_floor","wrist2_link|forearm_link"
"normal_y_p1_1deg",143,0.20000000000000001,0.016797095699354066,"base_link|tunnel_floor","wrist2_link|forearm_link"
"normal_y_p1_1deg",144,0.20000000000000001,0.016780505926661547,"base_link|tunnel_floor","wrist2_link|forearm_link"
"normal_y_p1_1deg",145,0.20000000000000001,0.016769154698349827,"base_link|tunnel_floor","wrist2_link|forearm_link"
"normal_y_p1_1deg",146,0.20000000000000001,0.016762309212112168,"base_link|tunnel_floor","wrist2_link|forearm_link"
"normal_y_p1_1deg",147,0.20000000000000001,0.016759480306339832,"base_link|tunnel_floor","wrist2_link|forearm_link"
"normal_y_p1_1deg",148,0.20000000000000001,0.016760409713333022,"base_link|tunnel_floor","wrist2_link|forearm_link"
"normal_y_p1_1deg",149,0.20000000000000001,0.016765054788156031,"base_link|tunnel_floor","wrist2_link|forearm_link"
"normal_y_p1_1deg",150,0.20000000000000001,0.016786703776698188,"base_link|tunnel_floor","wrist2_link|forearm_link"
"normal_y_p1_1deg",151,0.20000000000000001,0.016850985004051043,"base_link|tunnel_floor","wrist2_link|forearm_link"
"normal_y_p1_1deg",152,0.20000000000000001,0.016857345910067364,"base_link|tunnel_floor","wrist2_link|forearm_link"
"normal_y_p1_1deg",153,0.20000000000000001,0.016737363315399306,"base_link|tunnel_floor","wrist2_link|forearm_link"
"normal_y_p1_1deg",154,0.20000000000000001,0.016703787265628222,"base_link|tunnel_floor","wrist2_link|forearm_link"
"normal_y_p1_1deg",155,0.20000000000000001,0.016690923978582534,"base_link|tunnel_floor","wrist2_link|forearm_link"
"normal_y_p1_1deg",156,0.20000000000000001,0.016724711357591373,"base_link|tunnel_floor","wrist2_link|forearm_link"
"normal_y_p1_1deg",157,0.20000000000000001,0.016750758947572858,"base_link|tunnel_floor","wrist2_link|forearm_link"
"normal_y_p1_1deg",158,0.20000000000000001,0.016687498148526905,"base_link|tunnel_floor","wrist2_link|forearm_link"
"normal_y_p1_1deg",159,0.20000000000000001,0.016627247640929887,"base_link|tunnel_floor","wrist2_link|forearm_link"
"normal_y_p1_1deg",160,0.20000000000000001,0.016628571021209425,"base_link|tunnel_floor","wrist2_link|forearm_link"
"normal_y_p1_1deg",161,0.20000000000000001,0.016728784011816319,"base_link|tunnel_floor","wrist2_link|forearm_link"
"normal_y_p1_1deg",162,0.20000000000000001,0.016734817296077002,"base_link|tunnel_floor","wrist2_link|forearm_link"
"normal_y_p1_1deg",163,0.20000000000000001,0.016858124137973187,"base_link|tunnel_floor","wrist2_link|forearm_link"
"normal_y_p1_1deg",164,0.20000000000000001,0.016776826250576492,"base_link|tunnel_floor","wrist2_link|forearm_link"
"normal_y_p1_1deg",165,0.20000000000000001,0.016677802144515759,"base_link|tunnel_floor","wrist2_link|forearm_link"
"normal_y_p1_1deg",166,0.20000000000000001,0.016728909384161255,"base_link|tunnel_floor","wrist2_link|forearm_link"
"normal_y_p1_1deg",167,0.20000000000000001,0.016627164250468694,"base_link|tunnel_floor","wrist2_link|forearm_link"
"normal_y_p1_1deg",168,0.20000000000000001,0.016750080067970494,"base_link|tunnel_floor","wrist2_link|forearm_link"
"normal_y_p1_1deg",169,0.20000000000000001,0.016736434096716133,"base_link|tunnel_floor","wrist2_link|forearm_link"
"normal_y_p1_1deg",170,0.20000000000000001,0.016866464560531626,"base_link|tunnel_floor","wrist2_link|forearm_link"
"normal_y_p1_1deg",171,0.20000000000000001,0.016789301176251086,"base_link|tunnel_floor","wrist2_link|forearm_link"
"normal_y_p1_1deg",172,0.20000000000000001,0.016684942826119379,"base_link|tunnel_floor","wrist2_link|forearm_link"
"normal_y_p1_1deg",173,0.20000000000000001,0.016711747499848668,"base_link|tunnel_floor","wrist2_link|forearm_link"
"normal_y_p1_1deg",174,0.20000000000000001,0.016629560308661528,"base_link|tunnel_floor","wrist2_link|forearm_link"
"normal_y_p1_1deg",175,0.20000000000000001,0.016682777631112231,"base_link|tunnel_floor","wrist2_link|forearm_link"
"normal_y_p1_1deg",176,0.20000000000000001,0.016746333262942763,"base_link|tunnel_floor","wrist2_link|forearm_link"
"normal_y_p1_1deg",177,0.20000000000000001,0.016758490435131168,"base_link|tunnel_floor","wrist2_link|forearm_link"
"normal_y_p1_1deg",178,0.20000000000000001,0.016840376242578989,"base_link|tunnel_floor","wrist2_link|forearm_link"
"normal_y_p1_1deg",179,0.20000000000000001,0.016800351398850638,"base_link|tunnel_floor","wrist2_link|forearm_link"
"normal_y_p1_1deg",180,0.20000000000000001,0.016666668909878342,"base_link|tunnel_floor","wrist2_link|forearm_link"
"normal_y_m1_2deg",0,0.20000000000000001,0.016836332585723032,"base_link|tunnel_floor","wrist2_link|forearm_link"
"normal_y_m1_2deg",1,0.20000000000000001,0.016845881801387887,"base_link|tunnel_floor","wrist2_link|forearm_link"
"normal_y_m1_2deg",2,0.20000000000000001,0.016654625670177142,"base_link|tunnel_floor","wrist2_link|forearm_link"
"normal_y_m1_2deg",3,0.20000000000000001,0.016755178830541798,"base_link|tunnel_floor","wrist2_link|forearm_link"
"normal_y_m1_2deg",4,0.20000000000000001,0.016858740081537614,"base_link|tunnel_floor","wrist2_link|forearm_link"
"normal_y_m1_2deg",5,0.20000000000000001,0.016677991262512657,"base_link|tunnel_floor","wrist2_link|forearm_link"
"normal_y_m1_2deg",6,0.20000000000000001,0.016730034696398634,"base_link|tunnel_floor","wrist2_link|forearm_link"
"normal_y_m1_2deg",7,0.20000000000000001,0.016785710597003147,"base_link|tunnel_floor","wrist2_link|forearm_link"
"normal_y_m1_2deg",8,0.20000000000000001,0.016673184123179505,"base_link|tunnel_floor","wrist2_link|forearm_link"
"normal_y_m1_2deg",9,0.20000000000000001,0.016745431932222724,"base_link|tunnel_floor","wrist2_link|forearm_link"
"normal_y_m1_2deg",10,0.20000000000000001,0.016798758979881374,"base_link|tunnel_floor","wrist2_link|forearm_link"
"normal_y_m1_2deg",11,0.20000000000000001,0.016749644254308117,"base_link|tunnel_floor","wrist2_link|forearm_link"
"normal_y_m1_2deg",12,0.20000000000000001,0.016762608407093142,"base_link|tunnel_floor","wrist2_link|forearm_link"
"normal_y_m1_2deg",13,0.20000000000000001,0.016749646766677118,"base_link|tunnel_floor","wrist2_link|forearm_link"
"normal_y_m1_2deg",14,0.20000000000000001,0.016745471711788872,"base_link|tunnel_floor","wrist2_link|forearm_link"
"normal_y_m1_2deg",15,0.20000000000000001,0.016861323567134708,"base_link|tunnel_floor","wrist2_link|forearm_link"
"normal_y_m1_2deg",16,0.20000000000000001,0.016668953787779255,"base_link|tunnel_floor","wrist2_link|forearm_link"
"normal_y_m1_2deg",17,0.20000000000000001,0.01668270422215112,"base_link|tunnel_floor","wrist2_link|forearm_link"
"normal_y_m1_2deg",18,0.20000000000000001,0.016876306927950925,"base_link|tunnel_floor","wrist2_link|forearm_link"
"normal_y_m1_2deg",19,0.20000000000000001,0.016740130547981215,"base_link|tunnel_floor","wrist2_link|forearm_link"
"normal_y_m1_2deg",20,0.20000000000000001,0.016728590075956368,"base_link|tunnel_floor","wrist2_link|forearm_link"
"normal_y_m1_2deg",21,0.20000000000000001,0.016629063172672761,"base_link|tunnel_floor","wrist2_link|forearm_link"
"normal_y_m1_2deg",22,0.20000000000000001,0.016677402337688829,"base_link|tunnel_floor","wrist2_link|forearm_link"
"normal_y_m1_2deg",23,0.20000000000000001,0.016628452560640342,"base_link|tunnel_floor","wrist2_link|forearm_link"
"normal_y_m1_2deg",24,0.20000000000000001,0.016760656153183565,"base_link|tunnel_floor","wrist2_link|forearm_link"
"normal_y_m1_2deg",25,0.20000000000000001,0.016869083466731893,"base_link|tunnel_floor","wrist2_link|forearm_link"
"normal_y_m1_2deg",26,0.20000000000000001,0.016722639188826643,"base_link|tunnel_floor","wrist2_link|forearm_link"
"normal_y_m1_2deg",27,0.20000000000000001,0.016679187716211408,"base_link|tunnel_floor","wrist2_link|forearm_link"
"normal_y_m1_2deg",28,0.20000000000000001,0.016732661780150319,"base_link|tunnel_floor","wrist2_link|forearm_link"
"normal_y_m1_2deg",29,0.20000000000000001,0.016781256532349555,"base_link|tunnel_floor","wrist2_link|forearm_link"
"normal_y_m1_2deg",30,0.20000000000000001,0.016812588680643326,"base_link|tunnel_floor","wrist2_link|forearm_link"
"normal_y_m1_2deg",31,0.20000000000000001,0.01681726833697425,"base_link|tunnel_floor","wrist2_link|forearm_link"
"normal_y_m1_2deg",32,0.20000000000000001,0.016802448626496134,"base_link|tunnel_floor","wrist2_link|forearm_link"
"normal_y_m1_2deg",33,0.20000000000000001,0.016772464292966405,"base_link|tunnel_floor","wrist2_link|forearm_link"
"normal_y_m1_2deg",34,0.20000000000000001,0.016742386054404531,"base_link|tunnel_floor","wrist2_link|forearm_link"
"normal_y_m1_2deg",35,0.20000000000000001,0.016728563836590458,"base_link|tunnel_floor","wrist2_link|forearm_link"
"normal_y_m1_2deg",36,0.20000000000000001,0.016749277105591976,"base_link|tunnel_floor","wrist2_link|forearm_link"
"normal_y_m1_2deg",37,0.20000000000000001,0.016719536630009052,"base_link|tunnel_floor","forearm_link|wrist2_link"
"normal_y_m1_2deg",38,0.20000000000000001,0.016646003404088259,"base_link|tunnel_floor","forearm_link|wrist2_link"
"normal_y_m1_2deg",39,0.20000000000000001,0.016628641790105335,"base_link|tunnel_floor","forearm_link|wrist2_link"
"normal_y_m1_2deg",40,0.20000000000000001,0.016666722464963486,"base_link|tunnel_floor","forearm_link|wrist2_link"
"normal_y_m1_2deg",41,0.20000000000000001,0.016723172880656029,"base_link|tunnel_floor","forearm_link|wrist2_link"
"normal_y_m1_2deg",42,0.20000000000000001,0.016698399673346229,"base_link|tunnel_floor","forearm_link|wrist2_link"
"normal_y_m1_2deg",43,0.20000000000000001,0.016701692998561307,"base_link|tunnel_floor","forearm_link|wrist2_link"
"normal_y_m1_2deg",44,0.20000000000000001,0.016737426440888999,"base_link|tunnel_floor","forearm_link|wrist2_link"
"normal_y_m1_2deg",45,0.20000000000000001,0.016811583676202502,"base_link|tunnel_floor","forearm_link|wrist2_link"
"normal_y_m1_2deg",46,0.20000000000000001,0.016916136120340652,"base_link|tunnel_floor","forearm_link|wrist2_link"
"normal_y_m1_2deg",47,0.20000000000000001,0.016860851822691116,"base_link|tunnel_floor","forearm_link|wrist2_link"
"normal_y_m1_2deg",48,0.20000000000000001,0.016833328296835332,"base_link|tunnel_floor","forearm_link|wrist2_link"
"normal_y_m1_2deg",49,0.20000000000000001,0.016823384916680291,"base_link|tunnel_floor","forearm_link|wrist2_link"
"normal_y_m1_2deg",50,0.20000000000000001,0.016758748189324289,"base_link|tunnel_floor","forearm_link|wrist2_link"
"normal_y_m1_2deg",51,0.20000000000000001,0.016721277949342903,"base_link|tunnel_floor","forearm_link|wrist2_link"
"normal_y_m1_2deg",52,0.20000000000000001,0.016710914161273745,"base_link|tunnel_floor","forearm_link|wrist2_link"
"normal_y_m1_2deg",53,0.20000000000000001,0.016727155452088267,"base_link|tunnel_floor","forearm_link|wrist2_link"
"normal_y_m1_2deg",54,0.20000000000000001,0.016734712298125724,"base_link|tunnel_floor","forearm_link|wrist2_link"
"normal_y_m1_2deg",55,0.20000000000000001,0.016689407605634525,"base_link|tunnel_floor","forearm_link|wrist2_link"
"normal_y_m1_2deg",56,0.20000000000000001,0.016670391855761784,"base_link|tunnel_floor","forearm_link|wrist2_link"
"normal_y_m1_2deg",57,0.20000000000000001,0.01667500062647758,"base_link|tunnel_floor","wrist2_link|forearm_link"
"normal_y_m1_2deg",58,0.20000000000000001,0.016700627576091892,"base_link|tunnel_floor","wrist2_link|forearm_link"
"normal_y_m1_2deg",59,0.20000000000000001,0.016744797364849309,"base_link|tunnel_floor","wrist2_link|forearm_link"
"normal_y_m1_2deg",60,0.20000000000000001,0.016805241547798715,"base_link|tunnel_floor","wrist2_link|forearm_link"
"normal_y_m1_2deg",61,0.20000000000000001,0.016880002507972319,"base_link|tunnel_floor","wrist2_link|forearm_link"
"normal_y_m1_2deg",62,0.20000000000000001,0.016876427679200459,"base_link|tunnel_floor","wrist2_link|forearm_link"
"normal_y_m1_2deg",63,0.20000000000000001,0.016839416371195067,"base_link|tunnel_floor","wrist2_link|forearm_link"
"normal_y_m1_2deg",64,0.20000000000000001,0.0168162631122128,"base_link|tunnel_floor","wrist2_link|forearm_link"
"normal_y_m1_2deg",65,0.20000000000000001,0.016803413242729263,"base_link|tunnel_floor","wrist2_link|forearm_link"
"normal_y_m1_2deg",66,0.20000000000000001,0.016769888317455964,"base_link|tunnel_floor","wrist2_link|forearm_link"
"normal_y_m1_2deg",67,0.20000000000000001,0.016757644147568428,"base_link|tunnel_floor","wrist2_link|forearm_link"
"normal_y_m1_2deg",68,0.20000000000000001,0.016762128950956974,"base_link|tunnel_floor","wrist2_link|forearm_link"
"normal_y_m1_2deg",69,0.20000000000000001,0.016755237785167087,"base_link|tunnel_floor","wrist2_link|forearm_link"
"normal_y_m1_2deg",70,0.20000000000000001,0.016747710688730204,"base_link|tunnel_floor","wrist2_link|forearm_link"
"normal_y_m1_2deg",71,0.20000000000000001,0.016733834570042051,"base_link|tunnel_floor","wrist2_link|forearm_link"
"normal_y_m1_2deg",72,0.20000000000000001,0.016707265996839814,"base_link|tunnel_floor","wrist2_link|forearm_link"
"normal_y_m1_2deg",73,0.20000000000000001,0.016661126128099345,"base_link|tunnel_floor","wrist2_link|forearm_link"
"normal_y_m1_2deg",74,0.20000000000000001,0.016622656801680982,"base_link|tunnel_floor","wrist2_link|forearm_link"
"normal_y_m1_2deg",75,0.20000000000000001,0.016670298379549007,"base_link|tunnel_floor","wrist2_link|forearm_link"
"normal_y_m1_2deg",76,0.20000000000000001,0.016720341103321004,"base_link|tunnel_floor","wrist2_link|forearm_link"
"normal_y_m1_2deg",77,0.20000000000000001,0.016737138697013952,"base_link|tunnel_floor","wrist2_link|forearm_link"
"normal_y_m1_2deg",78,0.20000000000000001,0.016714031336186048,"base_link|tunnel_floor","wrist2_link|forearm_link"
"normal_y_m1_2deg",79,0.19799639812589412,0.016667559382203778,"upperarm_link|horseshoe_wall_30","wrist2_link|forearm_link"
"normal_y_m1_2deg",80,0.17628972272932045,0.016760120528931589,"upperarm_link|horseshoe_wall_30","wrist2_link|forearm_link"
"normal_y_m1_2deg",81,0.15591259934274393,0.01674311008408887,"upperarm_link|horseshoe_wall_29","wrist2_link|forearm_link"
"normal_y_m1_2deg",82,0.13720384496929175,0.016823335344463654,"upperarm_link|horseshoe_wall_29","wrist2_link|forearm_link"
"normal_y_m1_2deg",83,0.12035951846489883,0.016872029379088788,"upperarm_link|horseshoe_wall_29","wrist2_link|forearm_link"
"normal_y_m1_2deg",84,0.10623002149706742,0.016852220431275218,"upperarm_link|horseshoe_wall_28","wrist2_link|forearm_link"
"normal_y_m1_2deg",85,0.095602172769211555,0.016766475870537378,"upperarm_link|horseshoe_wall_26","wrist2_link|forearm_link"
"normal_y_m1_2deg",86,0.089737606597495342,0.016698239949420258,"upperarm_link|horseshoe_wall_26","wrist2_link|forearm_link"
"normal_y_m1_2deg",87,0.090909417350155203,0.016724927294428562,"upperarm_link|horseshoe_wall_25","wrist2_link|forearm_link"
"normal_y_m1_2deg",88,0.10054372108104499,0.016627293946759186,"upperarm_link|horseshoe_wall_25","wrist2_link|forearm_link"
"normal_y_m1_2deg",89,0.10761167402457211,0.016717508938371119,"upperarm_link|horseshoe_wall_25","wrist2_link|forearm_link"
"normal_y_m1_2deg",90,0.1160112836925182,0.016740903089708437,"upperarm_link|horseshoe_wall_25","wrist2_link|forearm_link"
"normal_y_m1_2deg",91,0.12572455654081058,0.016737372384366421,"upperarm_link|horseshoe_wall_25","wrist2_link|forearm_link"
"normal_y_m1_2deg",92,0.13174979872841439,0.01680128843993724,"forearm_link|horseshoe_wall_25","wrist2_link|forearm_link"
"normal_y_m1_2deg",93,0.13648285879606126,0.01688424389051351,"forearm_link|horseshoe_wall_25","wrist2_link|forearm_link"
"normal_y_m1_2deg",94,0.14184906388405708,0.016851899724836104,"forearm_link|horseshoe_wall_25","wrist2_link|forearm_link"
"normal_y_m1_2deg",95,0.14765943140493787,0.016777782971026851,"forearm_link|horseshoe_wall_25","wrist2_link|forearm_link"
"normal_y_m1_2deg",96,0.14517382408357135,0.016788351774791713,"forearm_link|horseshoe_wall_26","wrist2_link|forearm_link"
"normal_y_m1_2deg",97,0.14492551595603825,0.016781211974825346,"forearm_link|horseshoe_wall_29","wrist2_link|forearm_link"
"normal_y_m1_2deg",98,0.14618931832701498,0.016762514839599306,"forearm_link|horseshoe_wall_30","wrist2_link|forearm_link"
"normal_y_m1_2deg",99,0.14789477306600413,0.016742081270566974,"forearm_link|horseshoe_wall_30","wrist2_link|forearm_link"
"normal_y_m1_2deg",100,0.14980458554201123,0.016722710889651899,"forearm_link|horseshoe_wall_31","wrist2_link|forearm_link"
"normal_y_m1_2deg",101,0.15185245544786877,0.016705690174027874,"forearm_link|horseshoe_wall_32","wrist2_link|forearm_link"
"normal_y_m1_2deg",102,0.15398094952643027,0.016691459575409292,"forearm_link|horseshoe_wall_32","wrist2_link|forearm_link"
"normal_y_m1_2deg",103,0.15619226848332041,0.016680333539160278,"forearm_link|horseshoe_wall_33","wrist2_link|forearm_link"
"normal_y_m1_2deg",104,0.15848989514701722,0.016675011138644197,"forearm_link|horseshoe_wall_34","wrist2_link|forearm_link"
"normal_y_m1_2deg",105,0.16075239699748584,0.016679748789628142,"forearm_link|horseshoe_wall_34","wrist2_link|forearm_link"
"normal_y_m1_2deg",106,0.16306344346321111,0.016690386043274334,"forearm_link|horseshoe_wall_35","wrist2_link|forearm_link"
"normal_y_m1_2deg",107,0.16539437226608511,0.016712870847326488,"forearm_link|horseshoe_wall_35","wrist2_link|forearm_link"
"normal_y_m1_2deg",108,0.1676630285992928,0.016730912977995574,"forearm_link|horseshoe_wall_36","wrist2_link|forearm_link"
"normal_y_m1_2deg",109,0.16994809132779792,0.016699657041946279,"forearm_link|horseshoe_wall_37","wrist2_link|forearm_link"
"normal_y_m1_2deg",110,0.17221659283440272,0.016671284528993222,"forearm_link|horseshoe_wall_37","wrist2_link|forearm_link"
"normal_y_m1_2deg",111,0.17441821588704132,0.016645958803250479,"forearm_link|horseshoe_wall_38","wrist2_link|forearm_link"
"normal_y_m1_2deg",112,0.17663408837012165,0.01663015782203292,"forearm_link|horseshoe_wall_39","wrist2_link|forearm_link"
"normal_y_m1_2deg",113,0.17883359716282646,0.0166293221848762,"forearm_link|horseshoe_wall_39","wrist2_link|forearm_link"
"normal_y_m1_2deg",114,0.18099519745397943,0.016637636842636073,"forearm_link|horseshoe_wall_40","wrist2_link|forearm_link"
"normal_y_m1_2deg",115,0.18317788700110169,0.016653864318022581,"forearm_link|horseshoe_wall_41","wrist2_link|forearm_link"
"normal_y_m1_2deg",116,0.18533149124889992,0.01668162271510297,"forearm_link|horseshoe_wall_41","wrist2_link|forearm_link"
"normal_y_m1_2deg",117,0.18745213387066495,0.016719713929280129,"forearm_link|horseshoe_wall_42","wrist2_link|forearm_link"
"normal_y_m1_2deg",118,0.18958799098191961,0.01676183832998893,"forearm_link|horseshoe_wall_43","wrist2_link|forearm_link"
"normal_y_m1_2deg",119,0.19168840986480146,0.01676262874965638,"forearm_link|horseshoe_wall_43","wrist2_link|forearm_link"
"normal_y_m1_2deg",120,0.19375486133094424,0.016754354244415414,"forearm_link|horseshoe_wall_44","wrist2_link|forearm_link"
"normal_y_m1_2deg",121,0.19583130554713812,0.0167427500745966,"forearm_link|horseshoe_wall_45","wrist2_link|forearm_link"
"normal_y_m1_2deg",122,0.19787059645453464,0.016734611946455518,"forearm_link|horseshoe_wall_45","wrist2_link|forearm_link"
"normal_y_m1_2deg",123,0.19987050792665242,0.016736124088643965,"forearm_link|horseshoe_wall_46","wrist2_link|forearm_link"
"normal_y_m1_2deg",124,0.20000000000000001,0.016743050755868086,"base_link|tunnel_floor","wrist2_link|forearm_link"
"normal_y_m1_2deg",125,0.20000000000000001,0.016756503345499801,"base_link|tunnel_floor","wrist2_link|forearm_link"
"normal_y_m1_2deg",126,0.20000000000000001,0.016780144207040926,"base_link|tunnel_floor","wrist2_link|forearm_link"
"normal_y_m1_2deg",127,0.20000000000000001,0.016813386787515653,"base_link|tunnel_floor","wrist2_link|forearm_link"
"normal_y_m1_2deg",128,0.20000000000000001,0.016846329080895603,"base_link|tunnel_floor","wrist2_link|forearm_link"
"normal_y_m1_2deg",129,0.20000000000000001,0.016875241103359705,"base_link|tunnel_floor","wrist2_link|forearm_link"
"normal_y_m1_2deg",130,0.20000000000000001,0.016900507358914674,"base_link|tunnel_floor","wrist2_link|forearm_link"
"normal_y_m1_2deg",131,0.20000000000000001,0.016889625302038368,"base_link|tunnel_floor","wrist2_link|forearm_link"
"normal_y_m1_2deg",132,0.20000000000000001,0.016859023441923561,"base_link|tunnel_floor","wrist2_link|forearm_link"
"normal_y_m1_2deg",133,0.20000000000000001,0.016830851935216138,"base_link|tunnel_floor","wrist2_link|forearm_link"
"normal_y_m1_2deg",134,0.20000000000000001,0.016804921224428206,"base_link|tunnel_floor","wrist2_link|forearm_link"
"normal_y_m1_2deg",135,0.20000000000000001,0.016781092928306051,"base_link|tunnel_floor","wrist2_link|forearm_link"
"normal_y_m1_2deg",136,0.20000000000000001,0.016759279967397123,"base_link|tunnel_floor","wrist2_link|forearm_link"
"normal_y_m1_2deg",137,0.20000000000000001,0.016739446984777143,"base_link|tunnel_floor","wrist2_link|forearm_link"
"normal_y_m1_2deg",138,0.20000000000000001,0.016721610978759481,"base_link|tunnel_floor","wrist2_link|forearm_link"
"normal_y_m1_2deg",139,0.20000000000000001,0.016705842032026897,"base_link|tunnel_floor","wrist2_link|forearm_link"
"normal_y_m1_2deg",140,0.20000000000000001,0.016692263988790163,"base_link|tunnel_floor","wrist2_link|forearm_link"
"normal_y_m1_2deg",141,0.20000000000000001,0.016681054899093304,"base_link|tunnel_floor","wrist2_link|forearm_link"
"normal_y_m1_2deg",142,0.20000000000000001,0.016674315598372853,"base_link|tunnel_floor","wrist2_link|forearm_link"
"normal_y_m1_2deg",143,0.20000000000000001,0.016674795537651971,"base_link|tunnel_floor","wrist2_link|forearm_link"
"normal_y_m1_2deg",144,0.20000000000000001,0.016677559020521933,"base_link|tunnel_floor","wrist2_link|forearm_link"
"normal_y_m1_2deg",145,0.20000000000000001,0.016680174272864539,"base_link|tunnel_floor","wrist2_link|forearm_link"
"normal_y_m1_2deg",146,0.20000000000000001,0.016682334181822252,"base_link|tunnel_floor","wrist2_link|forearm_link"
"normal_y_m1_2deg",147,0.20000000000000001,0.016683391339494653,"base_link|tunnel_floor","wrist2_link|forearm_link"
"normal_y_m1_2deg",148,0.20000000000000001,0.016682884023549328,"base_link|tunnel_floor","wrist2_link|forearm_link"
"normal_y_m1_2deg",149,0.20000000000000001,0.016681059918165073,"base_link|tunnel_floor","wrist2_link|forearm_link"
"normal_y_m1_2deg",150,0.20000000000000001,0.016676037012233004,"base_link|tunnel_floor","wrist2_link|forearm_link"
"normal_y_m1_2deg",151,0.20000000000000001,0.016682012992347062,"base_link|tunnel_floor","wrist2_link|forearm_link"
"normal_y_m1_2deg",152,0.20000000000000001,0.016734777591711131,"base_link|tunnel_floor","wrist2_link|forearm_link"
"normal_y_m1_2deg",153,0.20000000000000001,0.016867659103367481,"base_link|tunnel_floor","wrist2_link|forearm_link"
"normal_y_m1_2deg",154,0.20000000000000001,0.016754842928449486,"base_link|tunnel_floor","wrist2_link|forearm_link"
"normal_y_m1_2deg",155,0.20000000000000001,0.016708303421817217,"base_link|tunnel_floor","wrist2_link|forearm_link"
"normal_y_m1_2deg",156,0.20000000000000001,0.016732852769413636,"base_link|tunnel_floor","wrist2_link|forearm_link"
"normal_y_m1_2deg",157,0.20000000000000001,0.016776068570179433,"base_link|tunnel_floor","wrist2_link|forearm_link"
"normal_y_m1_2deg",158,0.20000000000000001,0.016778466625677054,"base_link|tunnel_floor","wrist2_link|forearm_link"
"normal_y_m1_2deg",159,0.20000000000000001,0.016734183453004311,"base_link|tunnel_floor","wrist2_link|forearm_link"
"normal_y_m1_2deg",160,0.20000000000000001,0.016733838292621903,"base_link|tunnel_floor","wrist2_link|forearm_link"
"normal_y_m1_2deg",161,0.20000000000000001,0.016813754100503599,"base_link|tunnel_floor","wrist2_link|forearm_link"
"normal_y_m1_2deg",162,0.20000000000000001,0.016825149821451731,"base_link|tunnel_floor","wrist2_link|forearm_link"
"normal_y_m1_2deg",163,0.20000000000000001,0.016704330262658502,"base_link|tunnel_floor","wrist2_link|forearm_link"
"normal_y_m1_2deg",164,0.20000000000000001,0.016688687846264288,"base_link|tunnel_floor","wrist2_link|forearm_link"
"normal_y_m1_2deg",165,0.20000000000000001,0.016650633743317652,"base_link|tunnel_floor","wrist2_link|forearm_link"
"normal_y_m1_2deg",166,0.20000000000000001,0.01666437485374845,"base_link|tunnel_floor","wrist2_link|forearm_link"
"normal_y_m1_2deg",167,0.20000000000000001,0.016745081853290423,"base_link|tunnel_floor","wrist2_link|forearm_link"
"normal_y_m1_2deg",168,0.20000000000000001,0.016781387422947731,"base_link|tunnel_floor","wrist2_link|forearm_link"
"normal_y_m1_2deg",169,0.20000000000000001,0.016872783674345981,"base_link|tunnel_floor","wrist2_link|forearm_link"
"normal_y_m1_2deg",170,0.20000000000000001,0.016730389921223068,"base_link|tunnel_floor","wrist2_link|forearm_link"
"normal_y_m1_2deg",171,0.20000000000000001,0.016674495582063343,"base_link|tunnel_floor","wrist2_link|forearm_link"
"normal_y_m1_2deg",172,0.20000000000000001,0.016679689689718776,"base_link|tunnel_floor","wrist2_link|forearm_link"
"normal_y_m1_2deg",173,0.20000000000000001,0.016633431955808617,"base_link|tunnel_floor","wrist2_link|forearm_link"
"normal_y_m1_2deg",174,0.20000000000000001,0.016768063177418375,"base_link|tunnel_floor","wrist2_link|forearm_link"
"normal_y_m1_2deg",175,0.20000000000000001,0.016734385797244216,"base_link|tunnel_floor","wrist2_link|forearm_link"
"normal_y_m1_2deg",176,0.20000000000000001,0.016811356551161869,"base_link|tunnel_floor","wrist2_link|forearm_link"
"normal_y_m1_2deg",177,0.20000000000000001,0.016852658105078223,"base_link|tunnel_floor","wrist2_link|forearm_link"
"normal_y_m1_2deg",178,0.20000000000000001,0.016723954409217222,"base_link|tunnel_floor","wrist2_link|forearm_link"
"normal_y_m1_2deg",179,0.20000000000000001,0.016627294426775917,"base_link|tunnel_floor","wrist2_link|forearm_link"
"normal_y_m1_2deg",180,0.20000000000000001,0.016670371561180366,"base_link|tunnel_floor","wrist2_link|forearm_link"
"normal_y_p1_2deg",0,0.20000000000000001,0.016836332585723032,"base_link|tunnel_floor","wrist2_link|forearm_link"
"normal_y_p1_2deg",1,0.20000000000000001,0.016845881801387887,"base_link|tunnel_floor","wrist2_link|forearm_link"
"normal_y_p1_2deg",2,0.20000000000000001,0.016654625670177142,"base_link|tunnel_floor","wrist2_link|forearm_link"
"normal_y_p1_2deg",3,0.20000000000000001,0.016755178830541798,"base_link|tunnel_floor","wrist2_link|forearm_link"
"normal_y_p1_2deg",4,0.20000000000000001,0.016858740081537614,"base_link|tunnel_floor","wrist2_link|forearm_link"
"normal_y_p1_2deg",5,0.20000000000000001,0.016677991262512657,"base_link|tunnel_floor","wrist2_link|forearm_link"
"normal_y_p1_2deg",6,0.20000000000000001,0.016730034696398634,"base_link|tunnel_floor","wrist2_link|forearm_link"
"normal_y_p1_2deg",7,0.20000000000000001,0.016785710597003147,"base_link|tunnel_floor","wrist2_link|forearm_link"
"normal_y_p1_2deg",8,0.20000000000000001,0.016673184123179505,"base_link|tunnel_floor","wrist2_link|forearm_link"
"normal_y_p1_2deg",9,0.20000000000000001,0.016745431932222724,"base_link|tunnel_floor","wrist2_link|forearm_link"
"normal_y_p1_2deg",10,0.20000000000000001,0.016798758979881374,"base_link|tunnel_floor","wrist2_link|forearm_link"
"normal_y_p1_2deg",11,0.20000000000000001,0.016749644254308117,"base_link|tunnel_floor","wrist2_link|forearm_link"
"normal_y_p1_2deg",12,0.20000000000000001,0.016762608407093142,"base_link|tunnel_floor","wrist2_link|forearm_link"
"normal_y_p1_2deg",13,0.20000000000000001,0.016749646766677118,"base_link|tunnel_floor","wrist2_link|forearm_link"
"normal_y_p1_2deg",14,0.20000000000000001,0.016745471711788872,"base_link|tunnel_floor","wrist2_link|forearm_link"
"normal_y_p1_2deg",15,0.20000000000000001,0.016861323567134708,"base_link|tunnel_floor","wrist2_link|forearm_link"
"normal_y_p1_2deg",16,0.20000000000000001,0.016793771471632496,"base_link|tunnel_floor","wrist2_link|forearm_link"
"normal_y_p1_2deg",17,0.20000000000000001,0.016738256945006198,"base_link|tunnel_floor","wrist2_link|forearm_link"
"normal_y_p1_2deg",18,0.20000000000000001,0.016634573744362717,"base_link|tunnel_floor","wrist2_link|forearm_link"
"normal_y_p1_2deg",19,0.20000000000000001,0.016677054753682315,"base_link|tunnel_floor","wrist2_link|forearm_link"
"normal_y_p1_2deg",20,0.20000000000000001,0.016736649184241427,"base_link|tunnel_floor","wrist2_link|forearm_link"
"normal_y_p1_2deg",21,0.20000000000000001,0.016894846875568414,"base_link|tunnel_floor","wrist2_link|forearm_link"
"normal_y_p1_2deg",22,0.20000000000000001,0.016838208210700902,"base_link|tunnel_floor","wrist2_link|forearm_link"
"normal_y_p1_2deg",23,0.20000000000000001,0.016904228559215976,"base_link|tunnel_floor","wrist2_link|forearm_link"
"normal_y_p1_2deg",24,0.20000000000000001,0.016715834942151439,"base_link|tunnel_floor","wrist2_link|forearm_link"
"normal_y_p1_2deg",25,0.20000000000000001,0.01666239359318877,"base_link|tunnel_floor","wrist2_link|forearm_link"
"normal_y_p1_2deg",26,0.20000000000000001,0.016732989436531343,"base_link|tunnel_floor","wrist2_link|forearm_link"
"normal_y_p1_2deg",27,0.20000000000000001,0.016845383652941713,"base_link|tunnel_floor","wrist2_link|forearm_link"
"normal_y_p1_2deg",28,0.20000000000000001,0.016697351581239177,"base_link|tunnel_floor","wrist2_link|forearm_link"
"normal_y_p1_2deg",29,0.20000000000000001,0.016672612364013781,"base_link|tunnel_floor","wrist2_link|forearm_link"
"normal_y_p1_2deg",30,0.20000000000000001,0.016679814704609965,"base_link|tunnel_floor","wrist2_link|forearm_link"
"normal_y_p1_2deg",31,0.20000000000000001,0.016680099540725926,"base_link|tunnel_floor","wrist2_link|forearm_link"
"normal_y_p1_2deg",32,0.20000000000000001,0.016675530758117431,"base_link|tunnel_floor","wrist2_link|forearm_link"
"normal_y_p1_2deg",33,0.20000000000000001,0.016675903181144244,"base_link|tunnel_floor","wrist2_link|forearm_link"
"normal_y_p1_2deg",34,0.20000000000000001,0.01669060190558528,"base_link|tunnel_floor","wrist2_link|forearm_link"
"normal_y_p1_2deg",35,0.20000000000000001,0.016720710743542443,"base_link|tunnel_floor","wrist2_link|forearm_link"
"normal_y_p1_2deg",36,0.20000000000000001,0.016776640851460869,"base_link|tunnel_floor","forearm_link|wrist2_link"
"normal_y_p1_2deg",37,0.20000000000000001,0.016869348883596612,"base_link|tunnel_floor","forearm_link|wrist2_link"
"normal_y_p1_2deg",38,0.20000000000000001,0.016849076907466901,"base_link|tunnel_floor","forearm_link|wrist2_link"
"normal_y_p1_2deg",39,0.20000000000000001,0.016755323832692397,"base_link|tunnel_floor","forearm_link|wrist2_link"
"normal_y_p1_2deg",40,0.20000000000000001,0.016734212533676764,"base_link|tunnel_floor","forearm_link|wrist2_link"
"normal_y_p1_2deg",41,0.20000000000000001,0.016760984111619349,"base_link|tunnel_floor","forearm_link|wrist2_link"
"normal_y_p1_2deg",42,0.20000000000000001,0.016672903485902113,"base_link|tunnel_floor","forearm_link|wrist2_link"
"normal_y_p1_2deg",43,0.20000000000000001,0.016623990823952352,"base_link|tunnel_floor","forearm_link|wrist2_link"
"normal_y_p1_2deg",44,0.20000000000000001,0.016648218855188329,"base_link|tunnel_floor","forearm_link|wrist2_link"
"normal_y_p1_2deg",45,0.20000000000000001,0.016733571317600192,"base_link|tunnel_floor","forearm_link|wrist2_link"
"normal_y_p1_2deg",46,0.20000000000000001,0.016683609233132623,"base_link|tunnel_floor","forearm_link|wrist2_link"
"normal_y_p1_2deg",47,0.20000000000000001,0.01668016119530439,"base_link|tunnel_floor","forearm_link|wrist2_link"
"normal_y_p1_2deg",48,0.20000000000000001,0.016740174802398224,"base_link|tunnel_floor","forearm_link|wrist2_link"
"normal_y_p1_2deg",49,0.20000000000000001,0.016849463094307023,"base_link|tunnel_floor","forearm_link|wrist2_link"
"normal_y_p1_2deg",50,0.20000000000000001,0.016896742115527955,"base_link|tunnel_floor","forearm_link|wrist2_link"
"normal_y_p1_2deg",51,0.20000000000000001,0.016831117467386993,"base_link|tunnel_floor","forearm_link|wrist2_link"
"normal_y_p1_2deg",52,0.20000000000000001,0.016805617529509487,"base_link|tunnel_floor","forearm_link|wrist2_link"
"normal_y_p1_2deg",53,0.20000000000000001,0.016797389210494337,"base_link|tunnel_floor","forearm_link|wrist2_link"
"normal_y_p1_2deg",54,0.20000000000000001,0.01674378694213198,"base_link|tunnel_floor","forearm_link|wrist2_link"
"normal_y_p1_2deg",55,0.20000000000000001,0.016730105482185717,"base_link|tunnel_floor","wrist2_link|forearm_link"
"normal_y_p1_2deg",56,0.20000000000000001,0.016756062577485565,"base_link|tunnel_floor","wrist2_link|forearm_link"
"normal_y_p1_2deg",57,0.20000000000000001,0.016733673619597249,"base_link|tunnel_floor","wrist2_link|forearm_link"
"normal_y_p1_2deg",58,0.20000000000000001,0.016716568140471059,"base_link|tunnel_floor","wrist2_link|forearm_link"
"normal_y_p1_2deg",59,0.20000000000000001,0.016733126255745932,"base_link|tunnel_floor","wrist2_link|forearm_link"
"normal_y_p1_2deg",60,0.20000000000000001,0.016781629323817788,"base_link|tunnel_floor","wrist2_link|forearm_link"
"normal_y_p1_2deg",61,0.20000000000000001,0.016859788748190153,"base_link|tunnel_floor","wrist2_link|forearm_link"
"normal_y_p1_2deg",62,0.20000000000000001,0.0168922764167743,"base_link|tunnel_floor","wrist2_link|forearm_link"
"normal_y_p1_2deg",63,0.20000000000000001,0.016837409054374058,"base_link|tunnel_floor","wrist2_link|forearm_link"
"normal_y_p1_2deg",64,0.20000000000000001,0.016815639847596691,"base_link|tunnel_floor","wrist2_link|forearm_link"
"normal_y_p1_2deg",65,0.20000000000000001,0.01682260018944046,"base_link|tunnel_floor","wrist2_link|forearm_link"
"normal_y_p1_2deg",66,0.20000000000000001,0.016783681562195948,"base_link|tunnel_floor","wrist2_link|forearm_link"
"normal_y_p1_2deg",67,0.20000000000000001,0.016723358205485067,"base_link|tunnel_floor","wrist2_link|forearm_link"
"normal_y_p1_2deg",68,0.20000000000000001,0.016675039863725833,"base_link|tunnel_floor","wrist2_link|forearm_link"
"normal_y_p1_2deg",69,0.20000000000000001,0.016634254138142329,"base_link|tunnel_floor","wrist2_link|forearm_link"
"normal_y_p1_2deg",70,0.20000000000000001,0.016625318744188169,"base_link|tunnel_floor","wrist2_link|forearm_link"
"normal_y_p1_2deg",71,0.20000000000000001,0.016666033053018676,"base_link|tunnel_floor","wrist2_link|forearm_link"
"normal_y_p1_2deg",72,0.20000000000000001,0.016722819312134211,"base_link|tunnel_floor","wrist2_link|forearm_link"
"normal_y_p1_2deg",73,0.20000000000000001,0.016765320640213032,"base_link|tunnel_floor","wrist2_link|forearm_link"
"normal_y_p1_2deg",74,0.20000000000000001,0.016749036112848285,"base_link|tunnel_floor","wrist2_link|forearm_link"
"normal_y_p1_2deg",75,0.20000000000000001,0.016761141022452027,"base_link|tunnel_floor","wrist2_link|forearm_link"
"normal_y_p1_2deg",76,0.20000000000000001,0.016690213042809751,"base_link|tunnel_floor","wrist2_link|forearm_link"
"normal_y_p1_2deg",77,0.19554960001086763,0.016681640413843707,"upperarm_link|horseshoe_wall_30","wrist2_link|forearm_link"
"normal_y_p1_2deg",78,0.17351452595713188,0.016736805965413645,"upperarm_link|horseshoe_wall_30","wrist2_link|forearm_link"
"normal_y_p1_2deg",79,0.15273384354793113,0.016730868226053186,"upperarm_link|horseshoe_wall_29","wrist2_link|forearm_link"
"normal_y_p1_2deg",80,0.13383672650475278,0.016657359122024103,"upperarm_link|horseshoe_wall_29","wrist2_link|forearm_link"
"normal_y_p1_2deg",81,0.11717042622685694,0.016672698332496481,"upperarm_link|horseshoe_wall_28","wrist2_link|forearm_link"
"normal_y_p1_2deg",82,0.10342325474912495,0.016764745125272686,"upperarm_link|horseshoe_wall_26","wrist2_link|forearm_link"
"normal_y_p1_2deg",83,0.093291677884027868,0.016820658956093158,"upperarm_link|horseshoe_wall_26","wrist2_link|forearm_link"
"normal_y_p1_2deg",84,0.087595351756385359,0.016838583065339242,"upperarm_link|horseshoe_wall_25","wrist2_link|forearm_link"
"normal_y_p1_2deg",85,0.089957525603128238,0.016832724415990992,"upperarm_link|horseshoe_wall_24","wrist2_link|forearm_link"
"normal_y_p1_2deg",86,0.098942387988564487,0.016717578752086428,"upperarm_link|horseshoe_wall_24","wrist2_link|forearm_link"
"normal_y_p1_2deg",87,0.10598634425903852,0.016671416675024347,"upperarm_link|horseshoe_wall_24","wrist2_link|forearm_link"
"normal_y_p1_2deg",88,0.11441401048963593,0.016716360424683389,"upperarm_link|horseshoe_wall_24","wrist2_link|forearm_link"
"normal_y_p1_2deg",89,0.12417905449972873,0.016664779707053368,"upperarm_link|horseshoe_wall_24","wrist2_link|forearm_link"
"normal_y_p1_2deg",90,0.12970581889044855,0.016622743904735178,"forearm_link|horseshoe_wall_25","wrist2_link|forearm_link"
"normal_y_p1_2deg",91,0.13438910788967201,0.016663009222981445,"forearm_link|horseshoe_wall_25","wrist2_link|forearm_link"
"normal_y_p1_2deg",92,0.13969628904989206,0.016745635636138533,"forearm_link|horseshoe_wall_25","wrist2_link|forearm_link"
"normal_y_p1_2deg",93,0.14551008185192699,0.016745397947540753,"forearm_link|horseshoe_wall_25","wrist2_link|forearm_link"
"normal_y_p1_2deg",94,0.14173537865025385,0.016758690632641429,"forearm_link|horseshoe_wall_26","wrist2_link|forearm_link"
"normal_y_p1_2deg",95,0.14167662701921432,0.016757068616067336,"forearm_link|horseshoe_wall_28","wrist2_link|forearm_link"
"normal_y_p1_2deg",96,0.14285105009363966,0.016750004476630175,"forearm_link|horseshoe_wall_29","wrist2_link|forearm_link"
"normal_y_p1_2deg",97,0.1445173225000364,0.01673820912817911,"forearm_link|horseshoe_wall_29","wrist2_link|forearm_link"
"normal_y_p1_2deg",98,0.14633275046952002,0.016732590410890012,"forearm_link|horseshoe_wall_30","wrist2_link|forearm_link"
"normal_y_p1_2deg",99,0.14826668344805188,0.016736956530359032,"forearm_link|horseshoe_wall_31","wrist2_link|forearm_link"
"normal_y_p1_2deg",100,0.15034398050264783,0.0167475629528533,"forearm_link|horseshoe_wall_31","wrist2_link|forearm_link"
"normal_y_p1_2deg",101,0.15245704150517067,0.016770498974226413,"forearm_link|horseshoe_wall_32","wrist2_link|forearm_link"
"normal_y_p1_2deg",102,0.1546681072405727,0.016806125064333266,"forearm_link|horseshoe_wall_33","wrist2_link|forearm_link"
"normal_y_p1_2deg",103,0.15690125245511183,0.01684528225829255,"forearm_link|horseshoe_wall_33","wrist2_link|forearm_link"
"normal_y_p1_2deg",104,0.15915369835929899,0.016880042342016323,"forearm_link|horseshoe_wall_34","wrist2_link|forearm_link"
"normal_y_p1_2deg",105,0.1614605768517246,0.016894119985842487,"forearm_link|horseshoe_wall_35","wrist2_link|forearm_link"
"normal_y_p1_2deg",106,0.16370846426268532,0.016854230547780669,"forearm_link|horseshoe_wall_35","wrist2_link|forearm_link"
"normal_y_p1_2deg",107,0.16597762439140365,0.016817780188155523,"forearm_link|horseshoe_wall_36","wrist2_link|forearm_link"
"normal_y_p1_2deg",108,0.16824084279694745,0.016784779507016366,"forearm_link|horseshoe_wall_36","wrist2_link|forearm_link"
"normal_y_p1_2deg",109,0.17044640125086344,0.016755288950491855,"forearm_link|horseshoe_wall_37","wrist2_link|forearm_link"
"normal_y_p1_2deg",110,0.17265536560592992,0.01672942500021498,"forearm_link|horseshoe_wall_38","wrist2_link|forearm_link"
"normal_y_p1_2deg",111,0.17482479537698065,0.016707364621651444,"forearm_link|horseshoe_wall_38","wrist2_link|forearm_link"
"normal_y_p1_2deg",112,0.1769588614020195,0.016689645718054761,"forearm_link|horseshoe_wall_39","wrist2_link|forearm_link"
"normal_y_p1_2deg",113,0.17911715311853943,0.016676808116641347,"forearm_link|horseshoe_wall_40","wrist2_link|forearm_link"
"normal_y_p1_2deg",114,0.18123043500433506,0.016673860720530558,"forearm_link|horseshoe_wall_40","wrist2_link|forearm_link"
"normal_y_p1_2deg",115,0.18334042193235112,0.016679116370446726,"forearm_link|horseshoe_wall_41","wrist2_link|forearm_link"
"normal_y_p1_2deg",116,0.18546599789328025,0.016691885088524174,"forearm_link|horseshoe_wall_41","wrist2_link|forearm_link"
"normal_y_p1_2deg",117,0.18753366321777634,0.01671524065400307,"forearm_link|horseshoe_wall_42","wrist2_link|forearm_link"
"normal_y_p1_2deg",118,0.18960642117585497,0.016730712939869649,"forearm_link|horseshoe_wall_43","wrist2_link|forearm_link"
"normal_y_p1_2deg",119,0.19167373360449177,0.016702065788860805,"forearm_link|horseshoe_wall_43","wrist2_link|forearm_link"
"normal_y_p1_2deg",120,0.19369512109374129,0.016676464433736958,"forearm_link|horseshoe_wall_44","wrist2_link|forearm_link"
"normal_y_p1_2deg",121,0.19571767192777278,0.016653718377555422,"forearm_link|horseshoe_wall_45","wrist2_link|forearm_link"
"normal_y_p1_2deg",122,0.19771593341057975,0.016635560455185727,"forearm_link|horseshoe_wall_45","wrist2_link|forearm_link"
"normal_y_p1_2deg",123,0.19967686113084865,0.016627371554829566,"forearm_link|horseshoe_wall_46","wrist2_link|forearm_link"
"normal_y_p1_2deg",124,0.20000000000000001,0.016629368655965527,"base_link|tunnel_floor","wrist2_link|forearm_link"
"normal_y_p1_2deg",125,0.20000000000000001,0.016636611728617672,"base_link|tunnel_floor","wrist2_link|forearm_link"
"normal_y_p1_2deg",126,0.20000000000000001,0.016652104854536758,"base_link|tunnel_floor","wrist2_link|forearm_link"
"normal_y_p1_2deg",127,0.20000000000000001,0.016678312359487513,"base_link|tunnel_floor","wrist2_link|forearm_link"
"normal_y_p1_2deg",128,0.20000000000000001,0.01671367536039001,"base_link|tunnel_floor","wrist2_link|forearm_link"
"normal_y_p1_2deg",129,0.20000000000000001,0.016752536206903923,"base_link|tunnel_floor","wrist2_link|forearm_link"
"normal_y_p1_2deg",130,0.20000000000000001,0.016763423168835327,"base_link|tunnel_floor","wrist2_link|forearm_link"
"normal_y_p1_2deg",131,0.20000000000000001,0.016756636598263128,"base_link|tunnel_floor","wrist2_link|forearm_link"
"normal_y_p1_2deg",132,0.20000000000000001,0.016746988382689024,"base_link|tunnel_floor","wrist2_link|forearm_link"
"normal_y_p1_2deg",133,0.20000000000000001,0.016736571855525802,"base_link|tunnel_floor","wrist2_link|forearm_link"
"normal_y_p1_2deg",134,0.20000000000000001,0.016733601709848091,"base_link|tunnel_floor","wrist2_link|forearm_link"
"normal_y_p1_2deg",135,0.20000000000000001,0.01673787454885985,"base_link|tunnel_floor","wrist2_link|forearm_link"
"normal_y_p1_2deg",136,0.20000000000000001,0.01674553846506948,"base_link|tunnel_floor","wrist2_link|forearm_link"
"normal_y_p1_2deg",137,0.20000000000000001,0.01676103118966224,"base_link|tunnel_floor","wrist2_link|forearm_link"
"normal_y_p1_2deg",138,0.20000000000000001,0.016785809074517717,"base_link|tunnel_floor","wrist2_link|forearm_link"
"normal_y_p1_2deg",139,0.20000000000000001,0.016819453694092708,"base_link|tunnel_floor","wrist2_link|forearm_link"
"normal_y_p1_2deg",140,0.20000000000000001,0.016852876611411372,"base_link|tunnel_floor","wrist2_link|forearm_link"
"normal_y_p1_2deg",141,0.20000000000000001,0.016883703729958167,"base_link|tunnel_floor","wrist2_link|forearm_link"
"normal_y_p1_2deg",142,0.20000000000000001,0.016909491213879368,"base_link|tunnel_floor","wrist2_link|forearm_link"
"normal_y_p1_2deg",143,0.20000000000000001,0.016881136804413208,"base_link|tunnel_floor","wrist2_link|forearm_link"
"normal_y_p1_2deg",144,0.20000000000000001,0.016859576913959902,"base_link|tunnel_floor","wrist2_link|forearm_link"
"normal_y_p1_2deg",145,0.20000000000000001,0.016844605096357785,"base_link|tunnel_floor","wrist2_link|forearm_link"
"normal_y_p1_2deg",146,0.20000000000000001,0.01683545322259572,"base_link|tunnel_floor","wrist2_link|forearm_link"
"normal_y_p1_2deg",147,0.20000000000000001,0.01683159644187469,"base_link|tunnel_floor","wrist2_link|forearm_link"
"normal_y_p1_2deg",148,0.20000000000000001,0.016832741355817585,"base_link|tunnel_floor","wrist2_link|forearm_link"
"normal_y_p1_2deg",149,0.20000000000000001,0.016838811502877339,"base_link|tunnel_floor","wrist2_link|forearm_link"
"normal_y_p1_2deg",150,0.20000000000000001,0.016867039782073993,"base_link|tunnel_floor","wrist2_link|forearm_link"
"normal_y_p1_2deg",151,0.20000000000000001,0.016883566769707894,"base_link|tunnel_floor","wrist2_link|forearm_link"
"normal_y_p1_2deg",152,0.20000000000000001,0.016769594790020291,"base_link|tunnel_floor","wrist2_link|forearm_link"
"normal_y_p1_2deg",153,0.20000000000000001,0.016748807208856423,"base_link|tunnel_floor","wrist2_link|forearm_link"
"normal_y_p1_2deg",154,0.20000000000000001,0.016636816525108979,"base_link|tunnel_floor","wrist2_link|forearm_link"
"normal_y_p1_2deg",155,0.20000000000000001,0.016705885531498807,"base_link|tunnel_floor","wrist2_link|forearm_link"
"normal_y_p1_2deg",156,0.20000000000000001,0.016794190543794552,"base_link|tunnel_floor","wrist2_link|forearm_link"
"normal_y_p1_2deg",157,0.20000000000000001,0.016737386690343969,"base_link|tunnel_floor","wrist2_link|forearm_link"
"normal_y_p1_2deg",158,0.20000000000000001,0.016630090982170536,"base_link|tunnel_floor","wrist2_link|forearm_link"
"normal_y_p1_2deg",159,0.20000000000000001,0.016677023390108441,"base_link|tunnel_floor","wrist2_link|forearm_link"
"normal_y_p1_2deg",160,0.20000000000000001,0.016665218857846387,"base_link|tunnel_floor","wrist2_link|forearm_link"
"normal_y_p1_2deg",161,0.20000000000000001,0.016638688453108955,"base_link|tunnel_floor","wrist2_link|forearm_link"
"normal_y_p1_2deg",162,0.20000000000000001,0.016757506551288652,"base_link|tunnel_floor","wrist2_link|forearm_link"
"normal_y_p1_2deg",163,0.20000000000000001,0.016760007599865397,"base_link|tunnel_floor","wrist2_link|forearm_link"
"normal_y_p1_2deg",164,0.20000000000000001,0.016867986641457597,"base_link|tunnel_floor","wrist2_link|forearm_link"
"normal_y_p1_2deg",165,0.20000000000000001,0.016717921611787541,"base_link|tunnel_floor","wrist2_link|forearm_link"
"normal_y_p1_2deg",166,0.20000000000000001,0.016682133571964054,"base_link|tunnel_floor","wrist2_link|forearm_link"
"normal_y_p1_2deg",167,0.20000000000000001,0.01666094077968475,"base_link|tunnel_floor","wrist2_link|forearm_link"
"normal_y_p1_2deg",168,0.20000000000000001,0.01665464486523472,"base_link|tunnel_floor","wrist2_link|forearm_link"
"normal_y_p1_2deg",169,0.20000000000000001,0.016748599948005642,"base_link|tunnel_floor","wrist2_link|forearm_link"
"normal_y_p1_2deg",170,0.20000000000000001,0.016777765676428802,"base_link|tunnel_floor","wrist2_link|forearm_link"
"normal_y_p1_2deg",171,0.20000000000000001,0.016870009112683704,"base_link|tunnel_floor","wrist2_link|forearm_link"
"normal_y_p1_2deg",172,0.20000000000000001,0.016724772194016559,"base_link|tunnel_floor","wrist2_link|forearm_link"
"normal_y_p1_2deg",173,0.20000000000000001,0.01667570064362504,"base_link|tunnel_floor","wrist2_link|forearm_link"
"normal_y_p1_2deg",174,0.20000000000000001,0.016676815489871454,"base_link|tunnel_floor","wrist2_link|forearm_link"
"normal_y_p1_2deg",175,0.20000000000000001,0.016633026444830668,"base_link|tunnel_floor","wrist2_link|forearm_link"
"normal_y_p1_2deg",176,0.20000000000000001,0.016763026087025658,"base_link|tunnel_floor","wrist2_link|forearm_link"
"normal_y_p1_2deg",177,0.20000000000000001,0.016733466855266107,"base_link|tunnel_floor","wrist2_link|forearm_link"
"normal_y_p1_2deg",178,0.20000000000000001,0.016807113549393474,"base_link|tunnel_floor","wrist2_link|forearm_link"
"normal_y_p1_2deg",179,0.20000000000000001,0.016852719489437517,"base_link|tunnel_floor","wrist2_link|forearm_link"
"normal_y_p1_2deg",180,0.20000000000000001,0.016727527819016704,"base_link|tunnel_floor","wrist2_link|forearm_link"
"density_dense_2x",0,0.20000000000000001,0.016836332585723032,"base_link|tunnel_floor","wrist2_link|forearm_link"
"density_dense_2x",1,0.20000000000000001,0.016845881801387887,"base_link|tunnel_floor","wrist2_link|forearm_link"
"density_dense_2x",2,0.20000000000000001,0.016654625670177142,"base_link|tunnel_floor","wrist2_link|forearm_link"
"density_dense_2x",3,0.20000000000000001,0.016755178830541798,"base_link|tunnel_floor","wrist2_link|forearm_link"
"density_dense_2x",4,0.20000000000000001,0.016858740081537614,"base_link|tunnel_floor","wrist2_link|forearm_link"
"density_dense_2x",5,0.20000000000000001,0.016677991262512657,"base_link|tunnel_floor","wrist2_link|forearm_link"
"density_dense_2x",6,0.20000000000000001,0.016730034696398634,"base_link|tunnel_floor","wrist2_link|forearm_link"
"density_dense_2x",7,0.20000000000000001,0.016785710597003147,"base_link|tunnel_floor","wrist2_link|forearm_link"
"density_dense_2x",8,0.20000000000000001,0.016673184123179505,"base_link|tunnel_floor","wrist2_link|forearm_link"
"density_dense_2x",9,0.20000000000000001,0.016745431932222724,"base_link|tunnel_floor","wrist2_link|forearm_link"
"density_dense_2x",10,0.20000000000000001,0.016798758979881374,"base_link|tunnel_floor","wrist2_link|forearm_link"
"density_dense_2x",11,0.20000000000000001,0.016749644254308117,"base_link|tunnel_floor","wrist2_link|forearm_link"
"density_dense_2x",12,0.20000000000000001,0.016762608407093142,"base_link|tunnel_floor","wrist2_link|forearm_link"
"density_dense_2x",13,0.20000000000000001,0.016749646766677118,"base_link|tunnel_floor","wrist2_link|forearm_link"
"density_dense_2x",14,0.20000000000000001,0.016745471711788872,"base_link|tunnel_floor","wrist2_link|forearm_link"
"density_dense_2x",15,0.20000000000000001,0.016861323567134708,"base_link|tunnel_floor","wrist2_link|forearm_link"
"density_dense_2x",16,0.20000000000000001,0.016745743762697121,"base_link|tunnel_floor","wrist2_link|forearm_link"
"density_dense_2x",17,0.20000000000000001,0.016739258385573719,"base_link|tunnel_floor","wrist2_link|forearm_link"
"density_dense_2x",18,0.20000000000000001,0.016642016272291556,"base_link|tunnel_floor","wrist2_link|forearm_link"
"density_dense_2x",19,0.20000000000000001,0.016642091553952795,"base_link|tunnel_floor","wrist2_link|forearm_link"
"density_dense_2x",20,0.20000000000000001,0.016724357309739219,"base_link|tunnel_floor","wrist2_link|forearm_link"
"density_dense_2x",21,0.20000000000000001,0.016670256495527957,"base_link|tunnel_floor","wrist2_link|forearm_link"
"density_dense_2x",22,0.20000000000000001,0.016702468714314796,"base_link|tunnel_floor","wrist2_link|forearm_link"
"density_dense_2x",23,0.20000000000000001,0.016776435257152601,"base_link|tunnel_floor","wrist2_link|forearm_link"
"density_dense_2x",24,0.20000000000000001,0.016870291831499067,"base_link|tunnel_floor","wrist2_link|forearm_link"
"density_dense_2x",25,0.20000000000000001,0.016853147948284651,"base_link|tunnel_floor","wrist2_link|forearm_link"
"density_dense_2x",26,0.20000000000000001,0.016762638020885422,"base_link|tunnel_floor","wrist2_link|forearm_link"
"density_dense_2x",27,0.20000000000000001,0.016731833637597882,"base_link|tunnel_floor","wrist2_link|forearm_link"
"density_dense_2x",28,0.20000000000000001,0.016749126652800914,"base_link|tunnel_floor","wrist2_link|forearm_link"
"density_dense_2x",29,0.20000000000000001,0.016760285746310184,"base_link|tunnel_floor","wrist2_link|forearm_link"
"density_dense_2x",30,0.20000000000000001,0.016762515163173394,"base_link|tunnel_floor","wrist2_link|forearm_link"
"density_dense_2x",31,0.20000000000000001,0.01675499113900638,"base_link|tunnel_floor","wrist2_link|forearm_link"
"density_dense_2x",32,0.20000000000000001,0.016735791811841941,"base_link|tunnel_floor","wrist2_link|forearm_link"
"density_dense_2x",33,0.20000000000000001,0.016761698634986808,"base_link|tunnel_floor","wrist2_link|forearm_link"
"density_dense_2x",34,0.20000000000000001,0.016880825880047263,"base_link|tunnel_floor","wrist2_link|forearm_link"
"density_dense_2x",35,0.20000000000000001,0.016760546340986351,"base_link|tunnel_floor","wrist2_link|forearm_link"
"density_dense_2x",36,0.20000000000000001,0.016676117290604441,"base_link|tunnel_floor","wrist2_link|forearm_link"
"density_dense_2x",37,0.20000000000000001,0.016698555260839753,"base_link|tunnel_floor","wrist2_link|forearm_link"
"density_dense_2x",38,0.20000000000000001,0.016644931776984145,"base_link|tunnel_floor","wrist2_link|forearm_link"
"density_dense_2x",39,0.20000000000000001,0.016764102830629433,"base_link|tunnel_floor","wrist2_link|forearm_link"
"density_dense_2x",40,0.20000000000000001,0.016738977596246287,"base_link|tunnel_floor","wrist2_link|forearm_link"
"density_dense_2x",41,0.20000000000000001,0.016811829153894765,"base_link|tunnel_floor","wrist2_link|forearm_link"
"density_dense_2x",42,0.20000000000000001,0.016905706518302473,"base_link|tunnel_floor","wrist2_link|forearm_link"
"density_dense_2x",43,0.20000000000000001,0.01685317889631437,"base_link|tunnel_floor","wrist2_link|forearm_link"
"density_dense_2x",44,0.20000000000000001,0.016804146372555933,"base_link|tunnel_floor","wrist2_link|forearm_link"
"density_dense_2x",45,0.20000000000000001,0.01678403129506352,"base_link|tunnel_floor","wrist2_link|forearm_link"
"density_dense_2x",46,0.20000000000000001,0.016773802611534609,"base_link|tunnel_floor","wrist2_link|forearm_link"
"density_dense_2x",47,0.20000000000000001,0.016769745129289367,"base_link|tunnel_floor","wrist2_link|forearm_link"
"density_dense_2x",48,0.20000000000000001,0.016769217678499076,"base_link|tunnel_floor","wrist2_link|forearm_link"
"density_dense_2x",49,0.20000000000000001,0.01677220520353093,"base_link|tunnel_floor","wrist2_link|forearm_link"
"density_dense_2x",50,0.20000000000000001,0.016778290061943039,"base_link|tunnel_floor","wrist2_link|forearm_link"
"density_dense_2x",51,0.20000000000000001,0.016787733363026611,"base_link|tunnel_floor","wrist2_link|forearm_link"
"density_dense_2x",52,0.20000000000000001,0.016801468028960438,"base_link|tunnel_floor","wrist2_link|forearm_link"
"density_dense_2x",53,0.20000000000000001,0.016818878179492004,"base_link|tunnel_floor","wrist2_link|forearm_link"
"density_dense_2x",54,0.20000000000000001,0.016842480548213194,"base_link|tunnel_floor","wrist2_link|forearm_link"
"density_dense_2x",55,0.20000000000000001,0.016870466184947679,"base_link|tunnel_floor","wrist2_link|forearm_link"
"density_dense_2x",56,0.20000000000000001,0.016907347081952843,"base_link|tunnel_floor","wrist2_link|forearm_link"
"density_dense_2x",57,0.20000000000000001,0.016888355389132168,"base_link|tunnel_floor","wrist2_link|forearm_link"
"density_dense_2x",58,0.20000000000000001,0.016851576354412905,"base_link|tunnel_floor","wrist2_link|forearm_link"
"density_dense_2x",59,0.20000000000000001,0.016809095131966302,"base_link|tunnel_floor","forearm_link|wrist2_link"
"density_dense_2x",60,0.20000000000000001,0.016764864268901194,"base_link|tunnel_floor","forearm_link|wrist2_link"
"density_dense_2x",61,0.20000000000000001,0.01673992658095301,"base_link|tunnel_floor","forearm_link|wrist2_link"
"density_dense_2x",62,0.20000000000000001,0.016729224186751487,"base_link|tunnel_floor","forearm_link|wrist2_link"
"density_dense_2x",63,0.20000000000000001,0.016735745551370567,"base_link|tunnel_floor","forearm_link|wrist2_link"
"density_dense_2x",64,0.20000000000000001,0.016751130208436219,"base_link|tunnel_floor","forearm_link|wrist2_link"
"density_dense_2x",65,0.20000000000000001,0.016760220381812671,"base_link|tunnel_floor","forearm_link|wrist2_link"
"density_dense_2x",66,0.20000000000000001,0.016716353134511513,"base_link|tunnel_floor","forearm_link|wrist2_link"
"density_dense_2x",67,0.20000000000000001,0.016674303954702999,"base_link|tunnel_floor","forearm_link|wrist2_link"
"density_dense_2x",68,0.20000000000000001,0.016641595469193537,"base_link|tunnel_floor","forearm_link|wrist2_link"
"density_dense_2x",69,0.20000000000000001,0.016625935787584634,"base_link|tunnel_floor","forearm_link|wrist2_link"
"density_dense_2x",70,0.20000000000000001,0.016625741809404081,"base_link|tunnel_floor","forearm_link|wrist2_link"
"density_dense_2x",71,0.20000000000000001,0.016637546823834896,"base_link|tunnel_floor","forearm_link|wrist2_link"
"density_dense_2x",72,0.20000000000000001,0.016665581284272826,"base_link|tunnel_floor","forearm_link|wrist2_link"
"density_dense_2x",73,0.20000000000000001,0.016709304315094022,"base_link|tunnel_floor","forearm_link|wrist2_link"
"density_dense_2x",74,0.20000000000000001,0.016722717082045736,"base_link|tunnel_floor","forearm_link|wrist2_link"
"density_dense_2x",75,0.20000000000000001,0.016703641229051668,"base_link|tunnel_floor","forearm_link|wrist2_link"
"density_dense_2x",76,0.20000000000000001,0.016691673633214766,"base_link|tunnel_floor","forearm_link|wrist2_link"
"density_dense_2x",77,0.20000000000000001,0.016686645501441274,"base_link|tunnel_floor","forearm_link|wrist2_link"
"density_dense_2x",78,0.20000000000000001,0.016689506291976911,"base_link|tunnel_floor","forearm_link|wrist2_link"
"density_dense_2x",79,0.20000000000000001,0.016704775912418434,"base_link|tunnel_floor","forearm_link|wrist2_link"
"density_dense_2x",80,0.20000000000000001,0.016729347174737598,"base_link|tunnel_floor","forearm_link|wrist2_link"
"density_dense_2x",81,0.20000000000000001,0.016766465992445859,"base_link|tunnel_floor","forearm_link|wrist2_link"
"density_dense_2x",82,0.20000000000000001,0.01681553309024102,"base_link|tunnel_floor","forearm_link|wrist2_link"
"density_dense_2x",83,0.20000000000000001,0.016873655999810305,"base_link|tunnel_floor","forearm_link|wrist2_link"
"density_dense_2x",84,0.20000000000000001,0.016921786441563988,"base_link|tunnel_floor","forearm_link|wrist2_link"
"density_dense_2x",85,0.20000000000000001,0.01688700529591312,"base_link|tunnel_floor","forearm_link|wrist2_link"
"density_dense_2x",86,0.20000000000000001,0.016860055011024649,"base_link|tunnel_floor","forearm_link|wrist2_link"
"density_dense_2x",87,0.20000000000000001,0.016840226748309164,"base_link|tunnel_floor","forearm_link|wrist2_link"
"density_dense_2x",88,0.20000000000000001,0.016828199515861862,"base_link|tunnel_floor","forearm_link|wrist2_link"
"density_dense_2x",89,0.20000000000000001,0.01682360590086204,"base_link|tunnel_floor","forearm_link|wrist2_link"
"density_dense_2x",90,0.20000000000000001,0.016826776163688963,"base_link|tunnel_floor","forearm_link|wrist2_link"
"density_dense_2x",91,0.20000000000000001,0.01679939495201762,"base_link|tunnel_floor","forearm_link|wrist2_link"
"density_dense_2x",92,0.20000000000000001,0.016769805099405198,"base_link|tunnel_floor","forearm_link|wrist2_link"
"density_dense_2x",93,0.20000000000000001,0.016747790107161035,"base_link|tunnel_floor","forearm_link|wrist2_link"
"density_dense_2x",94,0.20000000000000001,0.016733327222725726,"base_link|tunnel_floor","forearm_link|wrist2_link"
"density_dense_2x",95,0.20000000000000001,0.016726328550124431,"base_link|tunnel_floor","forearm_link|wrist2_link"
"density_dense_2x",96,0.20000000000000001,0.016726705495587049,"base_link|tunnel_floor","forearm_link|wrist2_link"
"density_dense_2x",97,0.20000000000000001,0.016734354856052652,"base_link|tunnel_floor","forearm_link|wrist2_link"
"density_dense_2x",98,0.20000000000000001,0.016749240817869319,"base_link|tunnel_floor","forearm_link|wrist2_link"
"density_dense_2x",99,0.20000000000000001,0.016746796247178404,"base_link|tunnel_floor","forearm_link|wrist2_link"
"density_dense_2x",100,0.20000000000000001,0.01672397533549776,"base_link|tunnel_floor","wrist2_link|forearm_link"
"density_dense_2x",101,0.20000000000000001,0.016707543799062079,"base_link|tunnel_floor","wrist2_link|forearm_link"
"density_dense_2x",102,0.20000000000000001,0.01669738385733513,"base_link|tunnel_floor","wrist2_link|forearm_link"
"density_dense_2x",103,0.20000000000000001,0.016693250995298718,"base_link|tunnel_floor","wrist2_link|forearm_link"
"density_dense_2x",104,0.20000000000000001,0.016695266571090443,"base_link|tunnel_floor","wrist2_link|forearm_link"
"density_dense_2x",105,0.20000000000000001,0.016702815913452383,"base_link|tunnel_floor","wrist2_link|forearm_link"
"density_dense_2x",106,0.20000000000000001,0.016716423501290153,"base_link|tunnel_floor","wrist2_link|forearm_link"
"density_dense_2x",107,0.20000000000000001,0.016734922787393677,"base_link|tunnel_floor","wrist2_link|forearm_link"
"density_dense_2x",108,0.20000000000000001,0.016759404736352866,"base_link|tunnel_floor","wrist2_link|forearm_link"
"density_dense_2x",109,0.20000000000000001,0.016788143810111403,"base_link|tunnel_floor","wrist2_link|forearm_link"
"density_dense_2x",110,0.20000000000000001,0.016822443939477523,"base_link|tunnel_floor","wrist2_link|forearm_link"
"density_dense_2x",111,0.20000000000000001,0.016860443263816159,"base_link|tunnel_floor","wrist2_link|forearm_link"
"density_dense_2x",112,0.20000000000000001,0.016903388905668018,"base_link|tunnel_floor","wrist2_link|forearm_link"
"density_dense_2x",113,0.20000000000000001,0.016912868484836238,"base_link|tunnel_floor","wrist2_link|forearm_link"
"density_dense_2x",114,0.20000000000000001,0.016886932462697096,"base_link|tunnel_floor","wrist2_link|forearm_link"
"density_dense_2x",115,0.20000000000000001,0.016866879068767701,"base_link|tunnel_floor","wrist2_link|forearm_link"
"density_dense_2x",116,0.20000000000000001,0.016851975260320114,"base_link|tunnel_floor","wrist2_link|forearm_link"
"density_dense_2x",117,0.20000000000000001,0.016842044545523575,"base_link|tunnel_floor","wrist2_link|forearm_link"
"density_dense_2x",118,0.20000000000000001,0.016836546566832374,"base_link|tunnel_floor","wrist2_link|forearm_link"
"density_dense_2x",119,0.20000000000000001,0.016833943293606057,"base_link|tunnel_floor","wrist2_link|forearm_link"
"density_dense_2x",120,0.20000000000000001,0.016790146006234651,"base_link|tunnel_floor","wrist2_link|forearm_link"
"density_dense_2x",121,0.20000000000000001,0.01675227732136873,"base_link|tunnel_floor","wrist2_link|forearm_link"
"density_dense_2x",122,0.20000000000000001,0.016720974027537437,"base_link|tunnel_floor","wrist2_link|forearm_link"
"density_dense_2x",123,0.20000000000000001,0.016696458828315698,"base_link|tunnel_floor","wrist2_link|forearm_link"
"density_dense_2x",124,0.20000000000000001,0.016679707632366703,"base_link|tunnel_floor","wrist2_link|forearm_link"
"density_dense_2x",125,0.20000000000000001,0.016670696566170731,"base_link|tunnel_floor","wrist2_link|forearm_link"
"density_dense_2x",126,0.20000000000000001,0.016671026280630052,"base_link|tunnel_floor","wrist2_link|forearm_link"
"density_dense_2x",127,0.20000000000000001,0.016677257467643425,"base_link|tunnel_floor","wrist2_link|forearm_link"
"density_dense_2x",128,0.20000000000000001,0.016685958571839,"base_link|tunnel_floor","wrist2_link|forearm_link"
"density_dense_2x",129,0.20000000000000001,0.016695348592676056,"base_link|tunnel_floor","wrist2_link|forearm_link"
"density_dense_2x",130,0.20000000000000001,0.016705687872976414,"base_link|tunnel_floor","wrist2_link|forearm_link"
"density_dense_2x",131,0.20000000000000001,0.016715430697124948,"base_link|tunnel_floor","wrist2_link|forearm_link"
"density_dense_2x",132,0.20000000000000001,0.01672435954413239,"base_link|tunnel_floor","wrist2_link|forearm_link"
"density_dense_2x",133,0.20000000000000001,0.016731295875265801,"base_link|tunnel_floor","wrist2_link|forearm_link"
"density_dense_2x",134,0.20000000000000001,0.016735478341422978,"base_link|tunnel_floor","wrist2_link|forearm_link"
"density_dense_2x",135,0.20000000000000001,0.016735971147868789,"base_link|tunnel_floor","wrist2_link|forearm_link"
"density_dense_2x",136,0.20000000000000001,0.016731701383511342,"base_link|tunnel_floor","wrist2_link|forearm_link"
"density_dense_2x",137,0.20000000000000001,0.016721807620817469,"base_link|tunnel_floor","wrist2_link|forearm_link"
"density_dense_2x",138,0.20000000000000001,0.01670510089173597,"base_link|tunnel_floor","wrist2_link|forearm_link"
"density_dense_2x",139,0.20000000000000001,0.016680703699902703,"base_link|tunnel_floor","wrist2_link|forearm_link"
"density_dense_2x",140,0.20000000000000001,0.016647947767839642,"base_link|tunnel_floor","wrist2_link|forearm_link"
"density_dense_2x",141,0.20000000000000001,0.016629274138715469,"base_link|tunnel_floor","wrist2_link|forearm_link"
"density_dense_2x",142,0.20000000000000001,0.016637777224919995,"base_link|tunnel_floor","wrist2_link|forearm_link"
"density_dense_2x",143,0.20000000000000001,0.01667261218252826,"base_link|tunnel_floor","wrist2_link|forearm_link"
"density_dense_2x",144,0.20000000000000001,0.016701663110137724,"base_link|tunnel_floor","wrist2_link|forearm_link"
"density_dense_2x",145,0.20000000000000001,0.016721151832707098,"base_link|tunnel_floor","wrist2_link|forearm_link"
"density_dense_2x",146,0.20000000000000001,0.016730124640948221,"base_link|tunnel_floor","wrist2_link|forearm_link"
"density_dense_2x",147,0.19362408516996446,0.016727743943999552,"upperarm_link|horseshoe_wall_30","wrist2_link|forearm_link"
"density_dense_2x",148,0.18294022363171838,0.016713431366581134,"upperarm_link|horseshoe_wall_30","wrist2_link|forearm_link"
"density_dense_2x",149,0.17268660207955713,0.016686619789851968,"upperarm_link|horseshoe_wall_30","wrist2_link|forearm_link"
"density_dense_2x",150,0.16270470403617887,0.016650146393689298,"upperarm_link|horseshoe_wall_29","wrist2_link|forearm_link"
"density_dense_2x",151,0.15308924416180919,0.016653647795307879,"upperarm_link|horseshoe_wall_29","wrist2_link|forearm_link"
"density_dense_2x",152,0.14388374448096075,0.016714204348071322,"upperarm_link|horseshoe_wall_29","wrist2_link|forearm_link"
"density_dense_2x",153,0.13518519767295675,0.016755827020314234,"upperarm_link|horseshoe_wall_29","wrist2_link|forearm_link"
"density_dense_2x",154,0.12698366184556689,0.016743501439505662,"upperarm_link|horseshoe_wall_29","wrist2_link|forearm_link"
"density_dense_2x",155,0.11938328709696859,0.016778385826501183,"upperarm_link|horseshoe_wall_28","wrist2_link|forearm_link"
"density_dense_2x",156,0.11219980017192985,0.016812340830269737,"upperarm_link|horseshoe_wall_28","wrist2_link|forearm_link"
"density_dense_2x",157,0.10583017987652381,0.016837619774206159,"upperarm_link|horseshoe_wall_26","wrist2_link|forearm_link"
"density_dense_2x",158,0.10019465762550034,0.016855496174727848,"upperarm_link|horseshoe_wall_26","wrist2_link|forearm_link"
"density_dense_2x",159,0.095457496302838507,0.016868195338628423,"upperarm_link|horseshoe_wall_26","wrist2_link|forearm_link"
"density_dense_2x",160,0.091748779041404008,0.016876717242678987,"upperarm_link|horseshoe_wall_26","wrist2_link|forearm_link"
"density_dense_2x",161,0.089212514093406844,0.016823990426711621,"upperarm_link|horseshoe_wall_25","wrist2_link|forearm_link"
"density_dense_2x",162,0.087944045481627903,0.016772020994885312,"upperarm_link|horseshoe_wall_25","wrist2_link|forearm_link"
"density_dense_2x",163,0.088808915194126967,0.016723045231808318,"upperarm_link|horseshoe_wall_25","wrist2_link|forearm_link"
"density_dense_2x",164,0.09455857076473885,0.016681633990495458,"upperarm_link|horseshoe_wall_24","wrist2_link|forearm_link"
"density_dense_2x",165,0.098033907276328353,0.016701999658814484,"upperarm_link|horseshoe_wall_24","wrist2_link|forearm_link"
"density_dense_2x",166,0.10112012216864544,0.016744331468346314,"upperarm_link|horseshoe_wall_24","wrist2_link|forearm_link"
"density_dense_2x",167,0.10452291379202389,0.016688783063236533,"upperarm_link|horseshoe_wall_24","wrist2_link|forearm_link"
"density_dense_2x",168,0.10819139552322327,0.016640665238459498,"upperarm_link|horseshoe_wall_25","wrist2_link|forearm_link"
"density_dense_2x",169,0.11213788891477812,0.016624100661107706,"upperarm_link|horseshoe_wall_25","wrist2_link|forearm_link"
"density_dense_2x",170,0.11638756337386574,0.016627370149499842,"upperarm_link|horseshoe_wall_25","wrist2_link|forearm_link"
"density_dense_2x",171,0.12092944607279939,0.016658822054033434,"upperarm_link|horseshoe_wall_25","wrist2_link|forearm_link"
"density_dense_2x",172,0.12576336140768762,0.016701713409103522,"upperarm_link|horseshoe_wall_25","wrist2_link|forearm_link"
"density_dense_2x",173,0.12880161314793678,0.016748070665439579,"forearm_link|horseshoe_wall_25","wrist2_link|forearm_link"
"density_dense_2x",174,0.13081657957026599,0.016752307494585002,"forearm_link|horseshoe_wall_25","wrist2_link|forearm_link"
"density_dense_2x",175,0.13308248413746104,0.016736339567789398,"forearm_link|horseshoe_wall_25","wrist2_link|forearm_link"
"density_dense_2x",176,0.13532543843653982,0.016729292877719203,"forearm_link|horseshoe_wall_25","wrist2_link|forearm_link"
"density_dense_2x",177,0.13777249742023109,0.0167320954514849,"forearm_link|horseshoe_wall_25","wrist2_link|forearm_link"
"density_dense_2x",178,0.14039394238445854,0.016746985627858101,"forearm_link|horseshoe_wall_25","wrist2_link|forearm_link"
"density_dense_2x",179,0.14301790163177458,0.016771673609609718,"forearm_link|horseshoe_wall_25","wrist2_link|forearm_link"
"density_dense_2x",180,0.14587584237638457,0.016804254858586855,"forearm_link|horseshoe_wall_25","wrist2_link|forearm_link"
"density_dense_2x",181,0.14670959392506025,0.016818033329975397,"forearm_link|horseshoe_wall_25","wrist2_link|forearm_link"
"density_dense_2x",182,0.14364256790450425,0.016787065868113807,"forearm_link|horseshoe_wall_26","wrist2_link|forearm_link"
"density_dense_2x",183,0.14296409151860406,0.016785670764608587,"forearm_link|horseshoe_wall_26","wrist2_link|forearm_link"
"density_dense_2x",184,0.14308086885955937,0.016792224114335685,"forearm_link|horseshoe_wall_28","wrist2_link|forearm_link"
"density_dense_2x",185,0.14347764942792746,0.01680352515895275,"forearm_link|horseshoe_wall_29","wrist2_link|forearm_link"
"density_dense_2x",186,0.14408134718367266,0.01681856242781514,"forearm_link|horseshoe_wall_29","wrist2_link|forearm_link"
"density_dense_2x",187,0.14483626861758161,0.016834493731631824,"forearm_link|horseshoe_wall_29","wrist2_link|forearm_link"
"density_dense_2x",188,0.1456330238028293,0.016850200205567732,"forearm_link|horseshoe_wall_30","wrist2_link|forearm_link"
"density_dense_2x",189,0.14647951830136471,0.016865697574667549,"forearm_link|horseshoe_wall_30","wrist2_link|forearm_link"
"density_dense_2x",190,0.1473794784217049,0.016880685655032788,"forearm_link|horseshoe_wall_30","wrist2_link|forearm_link"
"density_dense_2x",191,0.14828674740316899,0.016895085387150285,"forearm_link|horseshoe_wall_31","wrist2_link|forearm_link"
"density_dense_2x",192,0.14921712789914388,0.016893565567263933,"forearm_link|horseshoe_wall_31","wrist2_link|forearm_link"
"density_dense_2x",193,0.15020543659046523,0.016875154330328757,"forearm_link|horseshoe_wall_31","wrist2_link|forearm_link"
"density_dense_2x",194,0.15121595011872604,0.016857491514901974,"forearm_link|horseshoe_wall_32","wrist2_link|forearm_link"
"density_dense_2x",195,0.15221924819254301,0.016840399222911608,"forearm_link|horseshoe_wall_32","wrist2_link|forearm_link"
"density_dense_2x",196,0.15325252952359711,0.016824136105870417,"forearm_link|horseshoe_wall_32","wrist2_link|forearm_link"
"density_dense_2x",197,0.15433599267816264,0.01680851368526412,"forearm_link|horseshoe_wall_32","wrist2_link|forearm_link"
"density_dense_2x",198,0.15537125862242118,0.016793737211762642,"forearm_link|horseshoe_wall_33","wrist2_link|forearm_link"
"density_dense_2x",199,0.15644593953855659,0.016779652276942735,"forearm_link|horseshoe_wall_33","wrist2_link|forearm_link"
"density_dense_2x",200,0.15753553039962648,0.016766397427086539,"forearm_link|horseshoe_wall_33","wrist2_link|forearm_link"
"density_dense_2x",201,0.1586289833874176,0.016753882720465473,"forearm_link|horseshoe_wall_34","wrist2_link|forearm_link"
"density_dense_2x",202,0.15969706641597886,0.016742161736727306,"forearm_link|horseshoe_wall_34","wrist2_link|forearm_link"
"density_dense_2x",203,0.16080860065154892,0.016731221807441972,"forearm_link|horseshoe_wall_34","wrist2_link|forearm_link"
"density_dense_2x",204,0.16191691881089476,0.016721059067592803,"forearm_link|horseshoe_wall_35","wrist2_link|forearm_link"
"density_dense_2x",205,0.16299381983567687,0.016711702615364289,"forearm_link|horseshoe_wall_35","wrist2_link|forearm_link"
"density_dense_2x",206,0.16408836391287535,0.016703126510058775,"forearm_link|horseshoe_wall_35","wrist2_link|forearm_link"
"density_dense_2x",207,0.16521727573723488,0.016695374747675022,"forearm_link|horseshoe_wall_35","wrist2_link|forearm_link"
"density_dense_2x",208,0.16627615292717812,0.016688424257177585,"forearm_link|horseshoe_wall_36","wrist2_link|forearm_link"
"density_dense_2x",209,0.16736071723166535,0.016682316296296955,"forearm_link|horseshoe_wall_36","wrist2_link|forearm_link"
"density_dense_2x",210,0.16846691001869757,0.016677084226565504,"forearm_link|horseshoe_wall_36","wrist2_link|forearm_link"
"density_dense_2x",211,0.16952920425647641,0.01667415088820981,"forearm_link|horseshoe_wall_37","wrist2_link|forearm_link"
"density_dense_2x",212,0.17059023446796312,0.016674265933235836,"forearm_link|horseshoe_wall_37","wrist2_link|forearm_link"
"density_dense_2x",213,0.17167161707772807,0.016676629309337491,"forearm_link|horseshoe_wall_37","wrist2_link|forearm_link"
"density_dense_2x",214,0.17273361953338995,0.016679962433142233,"forearm_link|horseshoe_wall_38","wrist2_link|forearm_link"
"density_dense_2x",215,0.17376498614992958,0.016685412893512681,"forearm_link|horseshoe_wall_38","wrist2_link|forearm_link"
"density_dense_2x",216,0.17482741654748796,0.016694141982716109,"forearm_link|horseshoe_wall_38","wrist2_link|forearm_link"
"density_dense_2x",217,0.17588050776120817,0.016706210939036209,"forearm_link|horseshoe_wall_39","wrist2_link|forearm_link"
"density_dense_2x",218,0.17690010643065562,0.016720955077417669,"forearm_link|horseshoe_wall_39","wrist2_link|forearm_link"
"density_dense_2x",219,0.1779342960808071,0.016736411636392043,"forearm_link|horseshoe_wall_39","wrist2_link|forearm_link"
"density_dense_2x",220,0.17900711121085625,0.016722128628433804,"forearm_link|horseshoe_wall_39","wrist2_link|forearm_link"
"density_dense_2x",221,0.18000025925026364,0.016707054021587286,"forearm_link|horseshoe_wall_40","wrist2_link|forearm_link"
"density_dense_2x",222,0.18103481220589993,0.016692812308495224,"forearm_link|horseshoe_wall_40","wrist2_link|forearm_link"
"density_dense_2x",223,0.18207650676644843,0.016679665363754159,"forearm_link|horseshoe_wall_40","wrist2_link|forearm_link"
"density_dense_2x",224,0.18309044373592687,0.016667306250956571,"forearm_link|horseshoe_wall_41","wrist2_link|forearm_link"
"density_dense_2x",225,0.18409354409272566,0.016655899636669417,"forearm_link|horseshoe_wall_41","wrist2_link|forearm_link"
"density_dense_2x",226,0.18513525929159677,0.016645287771371312,"forearm_link|horseshoe_wall_41","wrist2_link|forearm_link"
"density_dense_2x",227,0.1861384976427477,0.016636821324725853,"forearm_link|horseshoe_wall_42","wrist2_link|forearm_link"
"density_dense_2x",228,0.18713789371917658,0.016631054808153314,"forearm_link|horseshoe_wall_42","wrist2_link|forearm_link"
"density_dense_2x",229,0.1881525937558616,0.016627935068698949,"forearm_link|horseshoe_wall_42","wrist2_link|forearm_link"
"density_dense_2x",230,0.18916550714100097,0.016627372144287361,"forearm_link|horseshoe_wall_43","wrist2_link|forearm_link"
"density_dense_2x",231,0.19014084554078048,0.01662926660829276,"forearm_link|horseshoe_wall_43","wrist2_link|forearm_link"
"density_dense_2x",232,0.19114456710302874,0.016632348612317067,"forearm_link|horseshoe_wall_43","wrist2_link|forearm_link"
"density_dense_2x",233,0.19215128256199951,0.016636013806545495,"forearm_link|horseshoe_wall_44","wrist2_link|forearm_link"
"density_dense_2x",234,0.19311177551791101,0.016641266169500665,"forearm_link|horseshoe_wall_44","wrist2_link|forearm_link"
"density_dense_2x",235,0.19409662397704519,0.016648851177477622,"forearm_link|horseshoe_wall_44","wrist2_link|forearm_link"
"density_dense_2x",236,0.19509861423155905,0.016658743893078923,"forearm_link|horseshoe_wall_45","wrist2_link|forearm_link"
"density_dense_2x",237,0.19604315685182785,0.0166709103690445,"forearm_link|horseshoe_wall_45","wrist2_link|forearm_link"
"density_dense_2x",238,0.19700488431389021,0.016685381649964002,"forearm_link|horseshoe_wall_45","wrist2_link|forearm_link"
"density_dense_2x",239,0.19799746980118324,0.016702073799360135,"forearm_link|horseshoe_wall_45","wrist2_link|forearm_link"
"density_dense_2x",240,0.19892432127363638,0.016720567823867754,"forearm_link|horseshoe_wall_46","wrist2_link|forearm_link"
"density_dense_2x",241,0.1998758672986031,0.016739560557089146,"forearm_link|horseshoe_wall_46","wrist2_link|forearm_link"
"density_dense_2x",242,0.20000000000000001,0.016759332645803045,"base_link|tunnel_floor","wrist2_link|forearm_link"
"density_dense_2x",243,0.20000000000000001,0.016765304807896043,"base_link|tunnel_floor","wrist2_link|forearm_link"
"density_dense_2x",244,0.20000000000000001,0.016762689489514572,"base_link|tunnel_floor","wrist2_link|forearm_link"
"density_dense_2x",245,0.20000000000000001,0.016759300160713909,"base_link|tunnel_floor","wrist2_link|forearm_link"
"density_dense_2x",246,0.20000000000000001,0.016755007150476814,"base_link|tunnel_floor","wrist2_link|forearm_link"
"density_dense_2x",247,0.20000000000000001,0.016749939359804886,"base_link|tunnel_floor","wrist2_link|forearm_link"
"density_dense_2x",248,0.20000000000000001,0.016744012586724259,"base_link|tunnel_floor","wrist2_link|forearm_link"
"density_dense_2x",249,0.20000000000000001,0.016738285604926666,"base_link|tunnel_floor","wrist2_link|forearm_link"
"density_dense_2x",250,0.20000000000000001,0.016734861672680117,"base_link|tunnel_floor","wrist2_link|forearm_link"
"density_dense_2x",251,0.20000000000000001,0.016733697829349008,"base_link|tunnel_floor","wrist2_link|forearm_link"
"density_dense_2x",252,0.20000000000000001,0.016734706515865363,"base_link|tunnel_floor","wrist2_link|forearm_link"
"density_dense_2x",253,0.20000000000000001,0.016737241387820345,"base_link|tunnel_floor","wrist2_link|forearm_link"
"density_dense_2x",254,0.20000000000000001,0.016740296443890596,"base_link|tunnel_floor","wrist2_link|forearm_link"
"density_dense_2x",255,0.20000000000000001,0.016744038081411797,"base_link|tunnel_floor","wrist2_link|forearm_link"
"density_dense_2x",256,0.20000000000000001,0.016749555111469975,"base_link|tunnel_floor","wrist2_link|forearm_link"
"density_dense_2x",257,0.20000000000000001,0.016756952723802909,"base_link|tunnel_floor","wrist2_link|forearm_link"
"density_dense_2x",258,0.20000000000000001,0.016766199611486191,"base_link|tunnel_floor","wrist2_link|forearm_link"
"density_dense_2x",259,0.20000000000000001,0.016777278058288877,"base_link|tunnel_floor","wrist2_link|forearm_link"
"density_dense_2x",260,0.20000000000000001,0.016790129596840096,"base_link|tunnel_floor","wrist2_link|forearm_link"
"density_dense_2x",261,0.20000000000000001,0.016804831363350266,"base_link|tunnel_floor","wrist2_link|forearm_link"
"density_dense_2x",262,0.20000000000000001,0.016820082559462449,"base_link|tunnel_floor","wrist2_link|forearm_link"
"density_dense_2x",263,0.20000000000000001,0.016834818542224947,"base_link|tunnel_floor","wrist2_link|forearm_link"
"density_dense_2x",264,0.20000000000000001,0.016848772062837265,"base_link|tunnel_floor","wrist2_link|forearm_link"
"density_dense_2x",265,0.20000000000000001,0.016862307963606642,"base_link|tunnel_floor","wrist2_link|forearm_link"
"density_dense_2x",266,0.20000000000000001,0.016875019813919909,"base_link|tunnel_floor","wrist2_link|forearm_link"
"density_dense_2x",267,0.20000000000000001,0.01688740012314327,"base_link|tunnel_floor","wrist2_link|forearm_link"
"density_dense_2x",268,0.20000000000000001,0.016898903543807235,"base_link|tunnel_floor","wrist2_link|forearm_link"
"density_dense_2x",269,0.20000000000000001,0.01690911729879982,"base_link|tunnel_floor","wrist2_link|forearm_link"
"density_dense_2x",270,0.20000000000000001,0.016893150805583654,"base_link|tunnel_floor","wrist2_link|forearm_link"
"density_dense_2x",271,0.20000000000000001,0.016877177739078091,"base_link|tunnel_floor","wrist2_link|forearm_link"
"density_dense_2x",272,0.20000000000000001,0.016861990805192531,"base_link|tunnel_floor","wrist2_link|forearm_link"
"density_dense_2x",273,0.20000000000000001,0.016846876791423011,"base_link|tunnel_floor","wrist2_link|forearm_link"
"density_dense_2x",274,0.20000000000000001,0.016832472523169977,"base_link|tunnel_floor","wrist2_link|forearm_link"
"density_dense_2x",275,0.20000000000000001,0.016818241894714779,"base_link|tunnel_floor","wrist2_link|forearm_link"
"density_dense_2x",276,0.20000000000000001,0.016804650360220229,"base_link|tunnel_floor","wrist2_link|forearm_link"
"density_dense_2x",277,0.20000000000000001,0.01679134964663671,"base_link|tunnel_floor","wrist2_link|forearm_link"
"density_dense_2x",278,0.20000000000000001,0.016778628430085544,"base_link|tunnel_floor","wrist2_link|forearm_link"
"density_dense_2x",279,0.20000000000000001,0.016766882496950249,"base_link|tunnel_floor","wrist2_link|forearm_link"
"density_dense_2x",280,0.20000000000000001,0.016756048298599207,"base_link|tunnel_floor","wrist2_link|forearm_link"
"density_dense_2x",281,0.20000000000000001,0.0167466429932626,"base_link|tunnel_floor","wrist2_link|forearm_link"
"density_dense_2x",282,0.20000000000000001,0.016738645704124814,"base_link|tunnel_floor","wrist2_link|forearm_link"
"density_dense_2x",283,0.20000000000000001,0.016731690178719335,"base_link|tunnel_floor","wrist2_link|forearm_link"
"density_dense_2x",284,0.20000000000000001,0.016725991198570773,"base_link|tunnel_floor","wrist2_link|forearm_link"
"density_dense_2x",285,0.20000000000000001,0.016721023661279026,"base_link|tunnel_floor","wrist2_link|forearm_link"
"density_dense_2x",286,0.20000000000000001,0.016717186653876101,"base_link|tunnel_floor","wrist2_link|forearm_link"
"density_dense_2x",287,0.20000000000000001,0.016713844465209404,"base_link|tunnel_floor","wrist2_link|forearm_link"
"density_dense_2x",288,0.20000000000000001,0.016711542991915247,"base_link|tunnel_floor","wrist2_link|forearm_link"
"density_dense_2x",289,0.20000000000000001,0.016709564884933206,"base_link|tunnel_floor","wrist2_link|forearm_link"
"density_dense_2x",290,0.20000000000000001,0.016708578232707688,"base_link|tunnel_floor","wrist2_link|forearm_link"
"density_dense_2x",291,0.20000000000000001,0.016707800407402443,"base_link|tunnel_floor","wrist2_link|forearm_link"
"density_dense_2x",292,0.20000000000000001,0.016708007748206754,"base_link|tunnel_floor","wrist2_link|forearm_link"
"density_dense_2x",293,0.20000000000000001,0.016708425296627829,"base_link|tunnel_floor","wrist2_link|forearm_link"
"density_dense_2x",294,0.20000000000000001,0.016709732401533547,"base_link|tunnel_floor","wrist2_link|forearm_link"
"density_dense_2x",295,0.20000000000000001,0.016711354526154971,"base_link|tunnel_floor","wrist2_link|forearm_link"
"density_dense_2x",296,0.20000000000000001,0.016717212733166682,"base_link|tunnel_floor","wrist2_link|forearm_link"
"density_dense_2x",297,0.20000000000000001,0.016724667052276737,"base_link|tunnel_floor","wrist2_link|forearm_link"
"density_dense_2x",298,0.20000000000000001,0.016741662043627242,"base_link|tunnel_floor","wrist2_link|forearm_link"
"density_dense_2x",299,0.20000000000000001,0.016765075200587485,"base_link|tunnel_floor","wrist2_link|forearm_link"
"density_dense_2x",300,0.20000000000000001,0.016802680357755256,"base_link|tunnel_floor","wrist2_link|forearm_link"
"density_dense_2x",301,0.20000000000000001,0.016854301268594139,"base_link|tunnel_floor","wrist2_link|forearm_link"
"density_dense_2x",302,0.20000000000000001,0.016897468360794827,"base_link|tunnel_floor","wrist2_link|forearm_link"
"density_dense_2x",303,0.20000000000000001,0.016824848543240824,"base_link|tunnel_floor","wrist2_link|forearm_link"
"density_dense_2x",304,0.20000000000000001,0.016749578642252339,"base_link|tunnel_floor","wrist2_link|forearm_link"
"density_dense_2x",305,0.20000000000000001,0.016737718751506453,"base_link|tunnel_floor","wrist2_link|forearm_link"
"density_dense_2x",306,0.20000000000000001,0.01675873052568664,"base_link|tunnel_floor","wrist2_link|forearm_link"
"density_dense_2x",307,0.20000000000000001,0.016639120346331165,"base_link|tunnel_floor","wrist2_link|forearm_link"
"density_dense_2x",308,0.20000000000000001,0.016654871942313253,"base_link|tunnel_floor","wrist2_link|forearm_link"
"density_dense_2x",309,0.20000000000000001,0.016696890752798822,"base_link|tunnel_floor","wrist2_link|forearm_link"
"density_dense_2x",310,0.20000000000000001,0.016692929030334126,"base_link|tunnel_floor","wrist2_link|forearm_link"
"density_dense_2x",311,0.20000000000000001,0.016805067967471023,"base_link|tunnel_floor","wrist2_link|forearm_link"
"density_dense_2x",312,0.20000000000000001,0.016829393760951279,"base_link|tunnel_floor","wrist2_link|forearm_link"
"density_dense_2x",313,0.20000000000000001,0.016739189831297924,"base_link|tunnel_floor","wrist2_link|forearm_link"
"density_dense_2x",314,0.20000000000000001,0.016757941811628409,"base_link|tunnel_floor","wrist2_link|forearm_link"
"density_dense_2x",315,0.20000000000000001,0.016738484199480753,"base_link|tunnel_floor","wrist2_link|forearm_link"
"density_dense_2x",316,0.20000000000000001,0.016669497747079091,"base_link|tunnel_floor","wrist2_link|forearm_link"
"density_dense_2x",317,0.20000000000000001,0.016670751689590115,"base_link|tunnel_floor","wrist2_link|forearm_link"
"density_dense_2x",318,0.20000000000000001,0.016677800374353381,"base_link|tunnel_floor","wrist2_link|forearm_link"
"density_dense_2x",319,0.20000000000000001,0.016747102289819384,"base_link|tunnel_floor","wrist2_link|forearm_link"
"density_dense_2x",320,0.20000000000000001,0.016753475839538637,"base_link|tunnel_floor","wrist2_link|forearm_link"
"density_dense_2x",321,0.20000000000000001,0.016733830582794974,"base_link|tunnel_floor","wrist2_link|forearm_link"
"density_dense_2x",322,0.20000000000000001,0.016757784794478078,"base_link|tunnel_floor","wrist2_link|forearm_link"
"density_dense_2x",323,0.20000000000000001,0.016836556337376081,"base_link|tunnel_floor","wrist2_link|forearm_link"
"density_dense_2x",324,0.20000000000000001,0.016889709083145972,"base_link|tunnel_floor","wrist2_link|forearm_link"
"density_dense_2x",325,0.20000000000000001,0.016805327996443017,"base_link|tunnel_floor","wrist2_link|forearm_link"
"density_dense_2x",326,0.20000000000000001,0.016739900923165917,"base_link|tunnel_floor","wrist2_link|forearm_link"
"density_dense_2x",327,0.20000000000000001,0.016694141594798304,"base_link|tunnel_floor","wrist2_link|forearm_link"
"density_dense_2x",328,0.20000000000000001,0.016674095970383929,"base_link|tunnel_floor","wrist2_link|forearm_link"
"density_dense_2x",329,0.20000000000000001,0.016701235202762989,"base_link|tunnel_floor","wrist2_link|forearm_link"
"density_dense_2x",330,0.20000000000000001,0.016701976030203455,"base_link|tunnel_floor","wrist2_link|forearm_link"
"density_dense_2x",331,0.20000000000000001,0.01664137668300986,"base_link|tunnel_floor","wrist2_link|forearm_link"
"density_dense_2x",332,0.20000000000000001,0.016630665685441776,"base_link|tunnel_floor","wrist2_link|forearm_link"
"density_dense_2x",333,0.20000000000000001,0.016671119484068783,"base_link|tunnel_floor","wrist2_link|forearm_link"
"density_dense_2x",334,0.20000000000000001,0.016765746636552517,"base_link|tunnel_floor","wrist2_link|forearm_link"
"density_dense_2x",335,0.20000000000000001,0.016744357159078058,"base_link|tunnel_floor","wrist2_link|forearm_link"
"density_dense_2x",336,0.20000000000000001,0.016737459182331639,"base_link|tunnel_floor","wrist2_link|forearm_link"
"density_dense_2x",337,0.20000000000000001,0.016778236769217487,"base_link|tunnel_floor","wrist2_link|forearm_link"
"density_dense_2x",338,0.20000000000000001,0.016863285427863854,"base_link|tunnel_floor","wrist2_link|forearm_link"
"density_dense_2x",339,0.20000000000000001,0.016881370510501648,"base_link|tunnel_floor","wrist2_link|forearm_link"
"density_dense_2x",340,0.20000000000000001,0.016800143835903253,"base_link|tunnel_floor","wrist2_link|forearm_link"
"density_dense_2x",341,0.20000000000000001,0.016737843904435855,"base_link|tunnel_floor","wrist2_link|forearm_link"
"density_dense_2x",342,0.20000000000000001,0.016693529915855754,"base_link|tunnel_floor","wrist2_link|forearm_link"
"density_dense_2x",343,0.20000000000000001,0.016673032136691475,"base_link|tunnel_floor","wrist2_link|forearm_link"
"density_dense_2x",344,0.20000000000000001,0.016693348408084393,"base_link|tunnel_floor","wrist2_link|forearm_link"
"density_dense_2x",345,0.20000000000000001,0.016699974651299326,"base_link|tunnel_floor","wrist2_link|forearm_link"
"density_dense_2x",346,0.20000000000000001,0.016642835503103155,"base_link|tunnel_floor","wrist2_link|forearm_link"
"density_dense_2x",347,0.20000000000000001,0.016627347169232105,"base_link|tunnel_floor","wrist2_link|forearm_link"
"density_dense_2x",348,0.20000000000000001,0.016652435767389083,"base_link|tunnel_floor","wrist2_link|forearm_link"
"density_dense_2x",349,0.20000000000000001,0.016725019905470373,"base_link|tunnel_floor","wrist2_link|forearm_link"
"density_dense_2x",350,0.20000000000000001,0.016772813815555822,"base_link|tunnel_floor","wrist2_link|forearm_link"
"density_dense_2x",351,0.20000000000000001,0.016734689122326493,"base_link|tunnel_floor","wrist2_link|forearm_link"
"density_dense_2x",352,0.20000000000000001,0.016738095670505007,"base_link|tunnel_floor","wrist2_link|forearm_link"
"density_dense_2x",353,0.20000000000000001,0.016776426264693181,"base_link|tunnel_floor","wrist2_link|forearm_link"
"density_dense_2x",354,0.20000000000000001,0.016819197177229624,"base_link|tunnel_floor","wrist2_link|forearm_link"
"density_dense_2x",355,0.20000000000000001,0.016845540788394925,"base_link|tunnel_floor","wrist2_link|forearm_link"
"density_dense_2x",356,0.20000000000000001,0.016850568047384312,"base_link|tunnel_floor","wrist2_link|forearm_link"
"density_dense_2x",357,0.20000000000000001,0.016788616567449489,"base_link|tunnel_floor","wrist2_link|forearm_link"
"density_dense_2x",358,0.20000000000000001,0.016720881639678036,"base_link|tunnel_floor","wrist2_link|forearm_link"
"density_dense_2x",359,0.20000000000000001,0.016663851555113116,"base_link|tunnel_floor","wrist2_link|forearm_link"
"density_dense_2x",360,0.20000000000000001,0.016627565878428896,"base_link|tunnel_floor","wrist2_link|forearm_link"
"density_sparse_2x",0,0.20000000000000001,0.016836332585723032,"base_link|tunnel_floor","wrist2_link|forearm_link"
"density_sparse_2x",1,0.20000000000000001,0.016654625670177142,"base_link|tunnel_floor","wrist2_link|forearm_link"
"density_sparse_2x",2,0.20000000000000001,0.016858740081537614,"base_link|tunnel_floor","wrist2_link|forearm_link"
"density_sparse_2x",3,0.20000000000000001,0.016730034696398634,"base_link|tunnel_floor","wrist2_link|forearm_link"
"density_sparse_2x",4,0.20000000000000001,0.016673184123179505,"base_link|tunnel_floor","wrist2_link|forearm_link"
"density_sparse_2x",5,0.20000000000000001,0.016798758979881374,"base_link|tunnel_floor","wrist2_link|forearm_link"
"density_sparse_2x",6,0.20000000000000001,0.016762608407093142,"base_link|tunnel_floor","wrist2_link|forearm_link"
"density_sparse_2x",7,0.20000000000000001,0.016745471711788872,"base_link|tunnel_floor","wrist2_link|forearm_link"
"density_sparse_2x",8,0.20000000000000001,0.016781759177075372,"base_link|tunnel_floor","wrist2_link|forearm_link"
"density_sparse_2x",9,0.20000000000000001,0.016732312865744996,"base_link|tunnel_floor","wrist2_link|forearm_link"
"density_sparse_2x",10,0.20000000000000001,0.016717031954908049,"base_link|tunnel_floor","wrist2_link|forearm_link"
"density_sparse_2x",11,0.20000000000000001,0.016773126174656271,"base_link|tunnel_floor","wrist2_link|forearm_link"
"density_sparse_2x",12,0.20000000000000001,0.016854442180564293,"base_link|tunnel_floor","wrist2_link|forearm_link"
"density_sparse_2x",13,0.20000000000000001,0.016775650216658337,"base_link|tunnel_floor","wrist2_link|forearm_link"
"density_sparse_2x",14,0.20000000000000001,0.016772823887518395,"base_link|tunnel_floor","wrist2_link|forearm_link"
"density_sparse_2x",15,0.20000000000000001,0.016808594347428665,"base_link|tunnel_floor","wrist2_link|forearm_link"
"density_sparse_2x",16,0.20000000000000001,0.016782170485414707,"base_link|tunnel_floor","wrist2_link|forearm_link"
"density_sparse_2x",17,0.20000000000000001,0.016860413525085202,"base_link|tunnel_floor","wrist2_link|forearm_link"
"density_sparse_2x",18,0.20000000000000001,0.016814538776846886,"base_link|tunnel_floor","forearm_link|wrist2_link"
"density_sparse_2x",19,0.20000000000000001,0.016737001499224385,"base_link|tunnel_floor","forearm_link|wrist2_link"
"density_sparse_2x",20,0.20000000000000001,0.01666472188101872,"base_link|tunnel_floor","forearm_link|wrist2_link"
"density_sparse_2x",21,0.20000000000000001,0.016647838276507645,"base_link|tunnel_floor","forearm_link|wrist2_link"
"density_sparse_2x",22,0.20000000000000001,0.016695459166307176,"base_link|tunnel_floor","forearm_link|wrist2_link"
"density_sparse_2x",23,0.20000000000000001,0.016723718345179474,"base_link|tunnel_floor","forearm_link|wrist2_link"
"density_sparse_2x",24,0.20000000000000001,0.01692210583847302,"base_link|tunnel_floor","forearm_link|wrist2_link"
"density_sparse_2x",25,0.20000000000000001,0.016826895383272804,"base_link|tunnel_floor","forearm_link|wrist2_link"
"density_sparse_2x",26,0.20000000000000001,0.016761068291688979,"base_link|tunnel_floor","forearm_link|wrist2_link"
"density_sparse_2x",27,0.20000000000000001,0.016729862385645347,"base_link|tunnel_floor","forearm_link|wrist2_link"
"density_sparse_2x",28,0.20000000000000001,0.016711447795706293,"base_link|tunnel_floor","wrist2_link|forearm_link"
"density_sparse_2x",29,0.20000000000000001,0.016701835012941722,"base_link|tunnel_floor","wrist2_link|forearm_link"
"density_sparse_2x",30,0.20000000000000001,0.016790958284938796,"base_link|tunnel_floor","wrist2_link|forearm_link"
"density_sparse_2x",31,0.20000000000000001,0.016905370233420793,"base_link|tunnel_floor","wrist2_link|forearm_link"
"density_sparse_2x",32,0.20000000000000001,0.016839049008422022,"base_link|tunnel_floor","wrist2_link|forearm_link"
"density_sparse_2x",33,0.20000000000000001,0.016731642058375875,"base_link|tunnel_floor","wrist2_link|forearm_link"
"density_sparse_2x",34,0.20000000000000001,0.016670375038127211,"base_link|tunnel_floor","wrist2_link|forearm_link"
"density_sparse_2x",35,0.20000000000000001,0.016705723271424892,"base_link|tunnel_floor","wrist2_link|forearm_link"
"density_sparse_2x",36,0.20000000000000001,0.016735875498276143,"base_link|tunnel_floor","wrist2_link|forearm_link"
"density_sparse_2x",37,0.20000000000000001,0.016697197816166152,"base_link|tunnel_floor","wrist2_link|forearm_link"
"density_sparse_2x",38,0.20000000000000001,0.016656421400496856,"base_link|tunnel_floor","wrist2_link|forearm_link"
"density_sparse_2x",39,0.19646446008802873,0.01672957556523923,"upperarm_link|horseshoe_wall_30","wrist2_link|forearm_link"
"density_sparse_2x",40,0.15393222736323167,0.016651276188021574,"upperarm_link|horseshoe_wall_29","wrist2_link|forearm_link"
"density_sparse_2x",41,0.1187068767716596,0.01678184981590446,"upperarm_link|horseshoe_wall_28","wrist2_link|forearm_link"
"density_sparse_2x",42,0.094378013845686476,0.016870900272443083,"upperarm_link|horseshoe_wall_26","wrist2_link|forearm_link"
"density_sparse_2x",43,0.090349947446991652,0.016702247997331745,"upperarm_link|horseshoe_wall_25","wrist2_link|forearm_link"
"density_sparse_2x",44,0.10683287233518488,0.016655252562816782,"upperarm_link|horseshoe_wall_25","wrist2_link|forearm_link"
"density_sparse_2x",45,0.12486658422933952,0.016693701066367844,"upperarm_link|horseshoe_wall_25","wrist2_link|forearm_link"
"density_sparse_2x",46,0.13532543884741649,0.016729292877181199,"forearm_link|horseshoe_wall_25","wrist2_link|forearm_link"
"density_sparse_2x",47,0.14641010021268488,0.016810787314419189,"forearm_link|horseshoe_wall_25","wrist2_link|forearm_link"
"density_sparse_2x",48,0.14322271211436335,0.01679594476555165,"forearm_link|horseshoe_wall_28","wrist2_link|forearm_link"
"density_sparse_2x",49,0.14608030402604341,0.016858715077527613,"forearm_link|horseshoe_wall_30","wrist2_link|forearm_link"
"density_sparse_2x",50,0.14994898266829687,0.016879761259258438,"forearm_link|horseshoe_wall_31","wrist2_link|forearm_link"
"density_sparse_2x",51,0.1542407605308414,0.016809887596766385,"forearm_link|horseshoe_wall_32","wrist2_link|forearm_link"
"density_sparse_2x",52,0.15872800869404044,0.016752810767575205,"forearm_link|horseshoe_wall_34","wrist2_link|forearm_link"
"density_sparse_2x",53,0.16329599372526099,0.016709320224355673,"forearm_link|horseshoe_wall_35","wrist2_link|forearm_link"
"density_sparse_2x",54,0.1678686799248558,0.016679852632078319,"forearm_link|horseshoe_wall_36","wrist2_link|forearm_link"
"density_sparse_2x",55,0.17236919980000695,0.016678618027467826,"forearm_link|horseshoe_wall_38","wrist2_link|forearm_link"
"density_sparse_2x",56,0.17671680766281389,0.016718204716498788,"forearm_link|horseshoe_wall_39","wrist2_link|forearm_link"
"density_sparse_2x",57,0.18103508357954767,0.016692850619308933,"forearm_link|horseshoe_wall_40","wrist2_link|forearm_link"
"density_sparse_2x",58,0.18532945629024869,0.016643563329990806,"forearm_link|horseshoe_wall_41","wrist2_link|forearm_link"
"density_sparse_2x",59,0.18952399089653577,0.016627790391550056,"forearm_link|horseshoe_wall_43","wrist2_link|forearm_link"
"density_sparse_2x",60,0.19365348018563311,0.016645091732676628,"forearm_link|horseshoe_wall_44","wrist2_link|forearm_link"
"density_sparse_2x",61,0.19773077049918855,0.016697208829644653,"forearm_link|horseshoe_wall_45","wrist2_link|forearm_link"
"density_sparse_2x",62,0.20000000000000001,0.016765514383578112,"base_link|tunnel_floor","wrist2_link|forearm_link"
"density_sparse_2x",63,0.20000000000000001,0.016749460303193069,"base_link|tunnel_floor","wrist2_link|forearm_link"
"density_sparse_2x",64,0.20000000000000001,0.016733765277097488,"base_link|tunnel_floor","wrist2_link|forearm_link"
"density_sparse_2x",65,0.20000000000000001,0.016746292998986237,"base_link|tunnel_floor","wrist2_link|forearm_link"
"density_sparse_2x",66,0.20000000000000001,0.016785168707945834,"base_link|tunnel_floor","wrist2_link|forearm_link"
"density_sparse_2x",67,0.20000000000000001,0.016846198908422143,"base_link|tunnel_floor","wrist2_link|forearm_link"
"density_sparse_2x",68,0.20000000000000001,0.016898894013072679,"base_link|tunnel_floor","wrist2_link|forearm_link"
"density_sparse_2x",69,0.20000000000000001,0.016859319645535577,"base_link|tunnel_floor","wrist2_link|forearm_link"
"density_sparse_2x",70,0.20000000000000001,0.016799928662671337,"base_link|tunnel_floor","wrist2_link|forearm_link"
"density_sparse_2x",71,0.20000000000000001,0.016750488747408924,"base_link|tunnel_floor","wrist2_link|forearm_link"
"density_sparse_2x",72,0.20000000000000001,0.016722128901838083,"base_link|tunnel_floor","wrist2_link|forearm_link"
"density_sparse_2x",73,0.20000000000000001,0.016709663379582591,"base_link|tunnel_floor","wrist2_link|forearm_link"
"density_sparse_2x",74,0.20000000000000001,0.016708468689183784,"base_link|tunnel_floor","wrist2_link|forearm_link"
"density_sparse_2x",75,0.20000000000000001,0.016726821164712601,"base_link|tunnel_floor","wrist2_link|forearm_link"
"density_sparse_2x",76,0.20000000000000001,0.016880697249320342,"base_link|tunnel_floor","wrist2_link|forearm_link"
"density_sparse_2x",77,0.20000000000000001,0.016759540028545229,"base_link|tunnel_floor","wrist2_link|forearm_link"
"density_sparse_2x",78,0.20000000000000001,0.016681800281707463,"base_link|tunnel_floor","wrist2_link|forearm_link"
"density_sparse_2x",79,0.20000000000000001,0.01675796428578025,"base_link|tunnel_floor","wrist2_link|forearm_link"
"density_sparse_2x",80,0.20000000000000001,0.016679268814760794,"base_link|tunnel_floor","wrist2_link|forearm_link"
"density_sparse_2x",81,0.20000000000000001,0.016779916633278935,"base_link|tunnel_floor","wrist2_link|forearm_link"
"density_sparse_2x",82,0.20000000000000001,0.016712880099352734,"base_link|tunnel_floor","wrist2_link|forearm_link"
"density_sparse_2x",83,0.20000000000000001,0.016655905231286523,"base_link|tunnel_floor","wrist2_link|forearm_link"
"density_sparse_2x",84,0.20000000000000001,0.016747312189242088,"base_link|tunnel_floor","wrist2_link|forearm_link"
"density_sparse_2x",85,0.20000000000000001,0.016873390489484399,"base_link|tunnel_floor","wrist2_link|forearm_link"
"density_sparse_2x",86,0.20000000000000001,0.016675230648725996,"base_link|tunnel_floor","wrist2_link|forearm_link"
"density_sparse_2x",87,0.20000000000000001,0.016633492333185656,"base_link|tunnel_floor","wrist2_link|forearm_link"
"density_sparse_2x",88,0.20000000000000001,0.016733934301179611,"base_link|tunnel_floor","wrist2_link|forearm_link"
"density_sparse_2x",89,0.20000000000000001,0.016852713219376893,"base_link|tunnel_floor","wrist2_link|forearm_link"
"density_sparse_2x",90,0.20000000000000001,0.016627574014455509,"base_link|tunnel_floor","wrist2_link|forearm_link"
"density_nonuniform",0,0.20000000000000001,0.016836332585723032,"base_link|tunnel_floor","wrist2_link|forearm_link"
"density_nonuniform",1,0.20000000000000001,0.016845881801387887,"base_link|tunnel_floor","wrist2_link|forearm_link"
"density_nonuniform",2,0.20000000000000001,0.016755178830541798,"base_link|tunnel_floor","wrist2_link|forearm_link"
"density_nonuniform",3,0.20000000000000001,0.016858740081537614,"base_link|tunnel_floor","wrist2_link|forearm_link"
"density_nonuniform",4,0.20000000000000001,0.016677991262512657,"base_link|tunnel_floor","wrist2_link|forearm_link"
"density_nonuniform",5,0.20000000000000001,0.016785710597003147,"base_link|tunnel_floor","wrist2_link|forearm_link"
"density_nonuniform",6,0.20000000000000001,0.016673184123179505,"base_link|tunnel_floor","wrist2_link|forearm_link"
"density_nonuniform",7,0.20000000000000001,0.016745431932222724,"base_link|tunnel_floor","wrist2_link|forearm_link"
"density_nonuniform",8,0.20000000000000001,0.016749644254308117,"base_link|tunnel_floor","wrist2_link|forearm_link"
"density_nonuniform",9,0.20000000000000001,0.016762608407093142,"base_link|tunnel_floor","wrist2_link|forearm_link"
"density_nonuniform",10,0.20000000000000001,0.016749646766677118,"base_link|tunnel_floor","wrist2_link|forearm_link"
"density_nonuniform",11,0.20000000000000001,0.016861323567134708,"base_link|tunnel_floor","wrist2_link|forearm_link"
"density_nonuniform",12,0.20000000000000001,0.016781759177075372,"base_link|tunnel_floor","wrist2_link|forearm_link"
"density_nonuniform",13,0.20000000000000001,0.016685018788118598,"base_link|tunnel_floor","wrist2_link|forearm_link"
"density_nonuniform",14,0.20000000000000001,0.016629304632577432,"base_link|tunnel_floor","wrist2_link|forearm_link"
"density_nonuniform",15,0.20000000000000001,0.016717031954908049,"base_link|tunnel_floor","wrist2_link|forearm_link"
"density_nonuniform",16,0.20000000000000001,0.016754094347485288,"base_link|tunnel_floor","wrist2_link|forearm_link"
"density_nonuniform",17,0.20000000000000001,0.016636592187645398,"base_link|tunnel_floor","wrist2_link|forearm_link"
"density_nonuniform",18,0.20000000000000001,0.016694158612127641,"base_link|tunnel_floor","wrist2_link|forearm_link"
"density_nonuniform",19,0.20000000000000001,0.016757757817683933,"base_link|tunnel_floor","wrist2_link|forearm_link"
"density_nonuniform",20,0.20000000000000001,0.016839054232956875,"base_link|tunnel_floor","wrist2_link|forearm_link"
"density_nonuniform",21,0.20000000000000001,0.016741665409350816,"base_link|tunnel_floor","wrist2_link|forearm_link"
"density_nonuniform",22,0.20000000000000001,0.016762651904600346,"base_link|tunnel_floor","wrist2_link|forearm_link"
"density_nonuniform",23,0.20000000000000001,0.016733972041681627,"base_link|tunnel_floor","wrist2_link|forearm_link"
"density_nonuniform",24,0.20000000000000001,0.016783016840719867,"base_link|tunnel_floor","wrist2_link|forearm_link"
"density_nonuniform",25,0.20000000000000001,0.016657335188563101,"base_link|tunnel_floor","wrist2_link|forearm_link"
"density_nonuniform",26,0.20000000000000001,0.016733575391906411,"base_link|tunnel_floor","wrist2_link|forearm_link"
"density_nonuniform",27,0.20000000000000001,0.01689517469690217,"base_link|tunnel_floor","wrist2_link|forearm_link"
"density_nonuniform",28,0.20000000000000001,0.016786645139069547,"base_link|tunnel_floor","wrist2_link|forearm_link"
"density_nonuniform",29,0.20000000000000001,0.016769467471654944,"base_link|tunnel_floor","wrist2_link|forearm_link"
"density_nonuniform",30,0.20000000000000001,0.016776991934029293,"base_link|tunnel_floor","wrist2_link|forearm_link"
"density_nonuniform",31,0.20000000000000001,0.016806486115046683,"base_link|tunnel_floor","wrist2_link|forearm_link"
"density_nonuniform",32,0.20000000000000001,0.016867188010106442,"base_link|tunnel_floor","wrist2_link|forearm_link"
"density_nonuniform",33,0.20000000000000001,0.016871520254170911,"base_link|tunnel_floor","wrist2_link|forearm_link"
"density_nonuniform",34,0.20000000000000001,0.016763015134828634,"base_link|tunnel_floor","forearm_link|wrist2_link"
"density_nonuniform",35,0.20000000000000001,0.016731274386604378,"base_link|tunnel_floor","forearm_link|wrist2_link"
"density_nonuniform",36,0.20000000000000001,0.016753128659213204,"base_link|tunnel_floor","forearm_link|wrist2_link"
"density_nonuniform",37,0.20000000000000001,0.016645238801943282,"base_link|tunnel_floor","forearm_link|wrist2_link"
"density_nonuniform",38,0.20000000000000001,0.016629405470890566,"base_link|tunnel_floor","forearm_link|wrist2_link"
"density_nonuniform",39,0.20000000000000001,0.016715174259762513,"base_link|tunnel_floor","forearm_link|wrist2_link"
"density_nonuniform",40,0.20000000000000001,0.016693981926231768,"base_link|tunnel_floor","forearm_link|wrist2_link"
"density_nonuniform",41,0.20000000000000001,0.016694301481159943,"base_link|tunnel_floor","forearm_link|wrist2_link"
"density_nonuniform",42,0.20000000000000001,0.016769894713295378,"base_link|tunnel_floor","forearm_link|wrist2_link"
"density_nonuniform",43,0.20000000000000001,0.016921155236167648,"base_link|tunnel_floor","forearm_link|wrist2_link"
"density_nonuniform",44,0.20000000000000001,0.016850506193270019,"base_link|tunnel_floor","forearm_link|wrist2_link"
"density_nonuniform",45,0.20000000000000001,0.016823591508775496,"base_link|tunnel_floor","forearm_link|wrist2_link"
"density_nonuniform",46,0.20000000000000001,0.01677433641749964,"base_link|tunnel_floor","forearm_link|wrist2_link"
"density_nonuniform",47,0.20000000000000001,0.016728611007469498,"base_link|tunnel_floor","forearm_link|wrist2_link"
"density_nonuniform",48,0.20000000000000001,0.016737494642259935,"base_link|tunnel_floor","forearm_link|wrist2_link"
"density_nonuniform",49,0.20000000000000001,0.016724301131666057,"base_link|tunnel_floor","wrist2_link|forearm_link"
"density_nonuniform",50,0.20000000000000001,0.016693754073532761,"base_link|tunnel_floor","wrist2_link|forearm_link"
"density_nonuniform",51,0.20000000000000001,0.016708417301548973,"base_link|tunnel_floor","wrist2_link|forearm_link"
"density_nonuniform",52,0.20000000000000001,0.016765138305441598,"base_link|tunnel_floor","wrist2_link|forearm_link"
"density_nonuniform",53,0.20000000000000001,0.016859286551447635,"base_link|tunnel_floor","wrist2_link|forearm_link"
"density_nonuniform",54,0.20000000000000001,0.016893183766286218,"base_link|tunnel_floor","wrist2_link|forearm_link"
"density_nonuniform",55,0.20000000000000001,0.016846264180436808,"base_link|tunnel_floor","wrist2_link|forearm_link"
"density_nonuniform",56,0.20000000000000001,0.016820416962964525,"base_link|tunnel_floor","wrist2_link|forearm_link"
"density_nonuniform",57,0.20000000000000001,0.016718541268316379,"base_link|tunnel_floor","wrist2_link|forearm_link"
"density_nonuniform",58,0.20000000000000001,0.016671301016294708,"base_link|tunnel_floor","wrist2_link|forearm_link"
"density_nonuniform",59,0.20000000000000001,0.016683179012333623,"base_link|tunnel_floor","wrist2_link|forearm_link"
"density_nonuniform",60,0.20000000000000001,0.016710644323507967,"base_link|tunnel_floor","wrist2_link|forearm_link"
"density_nonuniform",61,0.20000000000000001,0.016732998082974869,"base_link|tunnel_floor","wrist2_link|forearm_link"
"density_nonuniform",62,0.20000000000000001,0.016730571238610457,"base_link|tunnel_floor","wrist2_link|forearm_link"
"density_nonuniform",63,0.20000000000000001,0.016681543799714114,"base_link|tunnel_floor","wrist2_link|forearm_link"
"density_nonuniform",64,0.20000000000000001,0.016633521416422947,"base_link|tunnel_floor","wrist2_link|forearm_link"
"density_nonuniform",65,0.20000000000000001,0.016715586912821784,"base_link|tunnel_floor","wrist2_link|forearm_link"
"density_nonuniform",66,0.18809267755579717,0.016721957035265852,"upperarm_link|horseshoe_wall_30","wrist2_link|forearm_link"
"density_nonuniform",67,0.15916744884570644,0.016645955831382783,"upperarm_link|horseshoe_wall_29","wrist2_link|forearm_link"
"density_nonuniform",68,0.1331645690384301,0.016752729349075984,"upperarm_link|horseshoe_wall_29","wrist2_link|forearm_link"
"density_nonuniform",69,0.11155814682385137,0.016815354403044776,"upperarm_link|horseshoe_wall_28","wrist2_link|forearm_link"
"density_nonuniform",70,0.095518834693128343,0.016868046778802714,"upperarm_link|horseshoe_wall_26","wrist2_link|forearm_link"
"density_nonuniform",71,0.088009944161740766,0.016778769717023162,"upperarm_link|horseshoe_wall_25","wrist2_link|forearm_link"
"density_nonuniform",72,0.097330355533093757,0.016694308446883611,"upperarm_link|horseshoe_wall_24","wrist2_link|forearm_link"
"density_nonuniform",73,0.1068974297208993,0.016654432445117009,"upperarm_link|horseshoe_wall_25","wrist2_link|forearm_link"
"density_nonuniform",74,0.11887482534208525,0.016641688583883471,"upperarm_link|horseshoe_wall_25","wrist2_link|forearm_link"
"density_nonuniform",75,0.12970190842661752,0.016758722031225706,"forearm_link|horseshoe_wall_25","wrist2_link|forearm_link"
"density_nonuniform",76,0.1362180974852446,0.016728804995004412,"forearm_link|horseshoe_wall_25","wrist2_link|forearm_link"
"density_nonuniform",77,0.14384087119375041,0.016780588030794217,"forearm_link|horseshoe_wall_25","wrist2_link|forearm_link"
"density_nonuniform",78,0.14338586044987223,0.016785815631843008,"forearm_link|horseshoe_wall_26","wrist2_link|forearm_link"
"density_nonuniform",79,0.14356805990361204,0.016805779641364895,"forearm_link|horseshoe_wall_29","wrist2_link|forearm_link"
"density_nonuniform",80,0.14570810625121286,0.01685164155345233,"forearm_link|horseshoe_wall_30","wrist2_link|forearm_link"
"density_nonuniform",81,0.14833326203847202,0.016895622927953526,"forearm_link|horseshoe_wall_31","wrist2_link|forearm_link"
"density_nonuniform",82,0.15119984518808438,0.016857772397307177,"forearm_link|horseshoe_wall_32","wrist2_link|forearm_link"
"density_nonuniform",83,0.15426258616563074,0.016809558273130496,"forearm_link|horseshoe_wall_32","wrist2_link|forearm_link"
"density_nonuniform",84,0.15741193004910542,0.016767856301446626,"forearm_link|horseshoe_wall_33","wrist2_link|forearm_link"
"density_nonuniform",85,0.16064068060485398,0.016732815652287198,"forearm_link|horseshoe_wall_34","wrist2_link|forearm_link"
"density_nonuniform",86,0.16388978714545988,0.016704630786111032,"forearm_link|horseshoe_wall_35","wrist2_link|forearm_link"
"density_nonuniform",87,0.16713308318543871,0.016683521820342329,"forearm_link|horseshoe_wall_36","wrist2_link|forearm_link"
"density_nonuniform",88,0.17034977322576,0.016673966991727577,"forearm_link|horseshoe_wall_37","wrist2_link|forearm_link"
"density_nonuniform",89,0.17350945320275352,0.016683775380721071,"forearm_link|horseshoe_wall_38","wrist2_link|forearm_link"
"density_nonuniform",90,0.17664040102303713,0.016717101442807438,"forearm_link|horseshoe_wall_39","wrist2_link|forearm_link"
"density_nonuniform",91,0.1797367686001973,0.016710937322598832,"forearm_link|horseshoe_wall_40","wrist2_link|forearm_link"
"density_nonuniform",92,0.18282575160381956,0.016670497626725348,"forearm_link|horseshoe_wall_41","wrist2_link|forearm_link"
"density_nonuniform",93,0.1858865833810999,0.016638766252801088,"forearm_link|horseshoe_wall_42","wrist2_link|forearm_link"
"density_nonuniform",94,0.18892212391153834,0.016627279961153381,"forearm_link|horseshoe_wall_43","wrist2_link|forearm_link"
"density_nonuniform",95,0.19192690323810585,0.016635087846445833,"forearm_link|horseshoe_wall_43","wrist2_link|forearm_link"
"density_nonuniform",96,0.19487861148517605,0.016656376075325829,"forearm_link|horseshoe_wall_44","wrist2_link|forearm_link"
"density_nonuniform",97,0.19780533585234958,0.01669856431943003,"forearm_link|horseshoe_wall_45","wrist2_link|forearm_link"
"density_nonuniform",98,0.20000000000000001,0.016755952484378184,"base_link|tunnel_floor","wrist2_link|forearm_link"
"density_nonuniform",99,0.20000000000000001,0.016759815399588193,"base_link|tunnel_floor","wrist2_link|forearm_link"
"density_nonuniform",100,0.20000000000000001,0.016744649998821155,"base_link|tunnel_floor","wrist2_link|forearm_link"
"density_nonuniform",101,0.20000000000000001,0.016733708555340805,"base_link|tunnel_floor","wrist2_link|forearm_link"
"density_nonuniform",102,0.20000000000000001,0.01674025578101555,"base_link|tunnel_floor","wrist2_link|forearm_link"
"density_nonuniform",103,0.20000000000000001,0.016757262091754332,"base_link|tunnel_floor","wrist2_link|forearm_link"
"density_nonuniform",104,0.20000000000000001,0.016791411297111387,"base_link|tunnel_floor","wrist2_link|forearm_link"
"density_nonuniform",105,0.20000000000000001,0.01683696535510322,"base_link|tunnel_floor","wrist2_link|forearm_link"
"density_nonuniform",106,0.20000000000000001,0.016877751744624411,"base_link|tunnel_floor","wrist2_link|forearm_link"
"density_nonuniform",107,0.20000000000000001,0.016904509551892159,"base_link|tunnel_floor","wrist2_link|forearm_link"
"density_nonuniform",108,0.20000000000000001,0.016856633536442043,"base_link|tunnel_floor","wrist2_link|forearm_link"
"density_nonuniform",109,0.20000000000000001,0.016812264477511465,"base_link|tunnel_floor","wrist2_link|forearm_link"
"density_nonuniform",110,0.20000000000000001,0.016772472591489465,"base_link|tunnel_floor","wrist2_link|forearm_link"
"density_nonuniform",111,0.20000000000000001,0.016741792855366446,"base_link|tunnel_floor","wrist2_link|forearm_link"
"density_nonuniform",112,0.20000000000000001,0.016722339913105639,"base_link|tunnel_floor","wrist2_link|forearm_link"
"density_nonuniform",113,0.20000000000000001,0.016712028143235014,"base_link|tunnel_floor","wrist2_link|forearm_link"
"density_nonuniform",114,0.20000000000000001,0.016707882871175597,"base_link|tunnel_floor","wrist2_link|forearm_link"
"density_nonuniform",115,0.20000000000000001,0.016709695671938505,"base_link|tunnel_floor","wrist2_link|forearm_link"
"density_nonuniform",116,0.20000000000000001,0.016725315952864538,"base_link|tunnel_floor","wrist2_link|forearm_link"
"density_nonuniform",117,0.20000000000000001,0.016811885932489053,"base_link|tunnel_floor","wrist2_link|forearm_link"
"density_nonuniform",118,0.20000000000000001,0.016798607581778962,"base_link|tunnel_floor","wrist2_link|forearm_link"
"density_nonuniform",119,0.20000000000000001,0.016692994719349027,"base_link|tunnel_floor","wrist2_link|forearm_link"
"density_nonuniform",120,0.20000000000000001,0.0166738327655086,"base_link|tunnel_floor","wrist2_link|forearm_link"
"density_nonuniform",121,0.20000000000000001,0.016753883885203422,"base_link|tunnel_floor","wrist2_link|forearm_link"
"density_nonuniform",122,0.20000000000000001,0.016681202604057862,"base_link|tunnel_floor","wrist2_link|forearm_link"
"density_nonuniform",123,0.20000000000000001,0.016741053223193077,"base_link|tunnel_floor","wrist2_link|forearm_link"
"density_nonuniform",124,0.20000000000000001,0.016761343144298731,"base_link|tunnel_floor","wrist2_link|forearm_link"
"density_nonuniform",125,0.20000000000000001,0.016789903039288998,"base_link|tunnel_floor","wrist2_link|forearm_link"
"density_nonuniform",126,0.20000000000000001,0.016678436887921672,"base_link|tunnel_floor","wrist2_link|forearm_link"
"density_nonuniform",127,0.20000000000000001,0.016627546780685429,"base_link|tunnel_floor","wrist2_link|forearm_link"
"density_nonuniform",128,0.20000000000000001,0.016754368095994066,"base_link|tunnel_floor","wrist2_link|forearm_link"
"density_nonuniform",129,0.20000000000000001,0.016848098165471385,"base_link|tunnel_floor","wrist2_link|forearm_link"
"density_nonuniform",130,0.20000000000000001,0.016739509485028045,"base_link|tunnel_floor","wrist2_link|forearm_link"
"density_nonuniform",131,0.20000000000000001,0.016699781186549158,"base_link|tunnel_floor","wrist2_link|forearm_link"
"density_nonuniform",132,0.20000000000000001,0.016630951603099627,"base_link|tunnel_floor","wrist2_link|forearm_link"
"density_nonuniform",133,0.20000000000000001,0.016750309372943323,"base_link|tunnel_floor","wrist2_link|forearm_link"
"density_nonuniform",134,0.20000000000000001,0.01680575615084989,"base_link|tunnel_floor","wrist2_link|forearm_link"
"density_nonuniform",135,0.20000000000000001,0.016802109627815184,"base_link|tunnel_floor","wrist2_link|forearm_link"
"density_nonuniform",136,0.20000000000000001,0.016627572010206444,"base_link|tunnel_floor","wrist2_link|forearm_link"
"curvature_plus_1mm",0,0.20000000000000001,0.016836332585723032,"base_link|tunnel_floor","wrist2_link|forearm_link"
"curvature_plus_1mm",1,0.20000000000000001,0.016845881801387887,"base_link|tunnel_floor","wrist2_link|forearm_link"
"curvature_plus_1mm",2,0.20000000000000001,0.016654625670177142,"base_link|tunnel_floor","wrist2_link|forearm_link"
"curvature_plus_1mm",3,0.20000000000000001,0.016755178830541798,"base_link|tunnel_floor","wrist2_link|forearm_link"
"curvature_plus_1mm",4,0.20000000000000001,0.016858740081537614,"base_link|tunnel_floor","wrist2_link|forearm_link"
"curvature_plus_1mm",5,0.20000000000000001,0.016677991262512657,"base_link|tunnel_floor","wrist2_link|forearm_link"
"curvature_plus_1mm",6,0.20000000000000001,0.016730034696398634,"base_link|tunnel_floor","wrist2_link|forearm_link"
"curvature_plus_1mm",7,0.20000000000000001,0.016785710597003147,"base_link|tunnel_floor","wrist2_link|forearm_link"
"curvature_plus_1mm",8,0.20000000000000001,0.016673184123179505,"base_link|tunnel_floor","wrist2_link|forearm_link"
"curvature_plus_1mm",9,0.20000000000000001,0.016745431932222724,"base_link|tunnel_floor","wrist2_link|forearm_link"
"curvature_plus_1mm",10,0.20000000000000001,0.016798758979881374,"base_link|tunnel_floor","wrist2_link|forearm_link"
"curvature_plus_1mm",11,0.20000000000000001,0.016749644254308117,"base_link|tunnel_floor","wrist2_link|forearm_link"
"curvature_plus_1mm",12,0.20000000000000001,0.016762608407093142,"base_link|tunnel_floor","wrist2_link|forearm_link"
"curvature_plus_1mm",13,0.20000000000000001,0.016749646766677118,"base_link|tunnel_floor","wrist2_link|forearm_link"
"curvature_plus_1mm",14,0.20000000000000001,0.016745471711788872,"base_link|tunnel_floor","wrist2_link|forearm_link"
"curvature_plus_1mm",15,0.20000000000000001,0.016861323567134708,"base_link|tunnel_floor","wrist2_link|forearm_link"
"curvature_plus_1mm",16,0.20000000000000001,0.016732438295161495,"base_link|tunnel_floor","wrist2_link|forearm_link"
"curvature_plus_1mm",17,0.20000000000000001,0.016654231546049732,"base_link|tunnel_floor","wrist2_link|forearm_link"
"curvature_plus_1mm",18,0.20000000000000001,0.016668988543541402,"base_link|tunnel_floor","wrist2_link|forearm_link"
"curvature_plus_1mm",19,0.20000000000000001,0.016804478697544437,"base_link|tunnel_floor","wrist2_link|forearm_link"
"curvature_plus_1mm",20,0.20000000000000001,0.016813358633273913,"base_link|tunnel_floor","wrist2_link|forearm_link"
"curvature_plus_1mm",21,0.20000000000000001,0.016739200278209253,"base_link|tunnel_floor","wrist2_link|forearm_link"
"curvature_plus_1mm",22,0.20000000000000001,0.016763343455157037,"base_link|tunnel_floor","wrist2_link|forearm_link"
"curvature_plus_1mm",23,0.20000000000000001,0.016744211046570152,"base_link|tunnel_floor","wrist2_link|forearm_link"
"curvature_plus_1mm",24,0.20000000000000001,0.016855308030307534,"base_link|tunnel_floor","wrist2_link|forearm_link"
"curvature_plus_1mm",25,0.20000000000000001,0.016679264344792458,"base_link|tunnel_floor","wrist2_link|forearm_link"
"curvature_plus_1mm",26,0.20000000000000001,0.016647609467257338,"base_link|tunnel_floor","wrist2_link|forearm_link"
"curvature_plus_1mm",27,0.20000000000000001,0.016746441025253193,"base_link|tunnel_floor","wrist2_link|forearm_link"
"curvature_plus_1mm",28,0.20000000000000001,0.016893240359014905,"base_link|tunnel_floor","wrist2_link|forearm_link"
"curvature_plus_1mm",29,0.20000000000000001,0.016787256177252439,"base_link|tunnel_floor","wrist2_link|forearm_link"
"curvature_plus_1mm",30,0.20000000000000001,0.016765704807634209,"base_link|tunnel_floor","wrist2_link|forearm_link"
"curvature_plus_1mm",31,0.20000000000000001,0.016764464580687762,"base_link|tunnel_floor","wrist2_link|forearm_link"
"curvature_plus_1mm",32,0.20000000000000001,0.016776862599366404,"base_link|tunnel_floor","wrist2_link|forearm_link"
"curvature_plus_1mm",33,0.20000000000000001,0.016805164960727311,"base_link|tunnel_floor","wrist2_link|forearm_link"
"curvature_plus_1mm",34,0.20000000000000001,0.016854372281947232,"base_link|tunnel_floor","wrist2_link|forearm_link"
"curvature_plus_1mm",35,0.20000000000000001,0.016899823563313369,"base_link|tunnel_floor","wrist2_link|forearm_link"
"curvature_plus_1mm",36,0.20000000000000001,0.016821185530197406,"base_link|tunnel_floor","forearm_link|wrist2_link"
"curvature_plus_1mm",37,0.20000000000000001,0.016742307394144285,"base_link|tunnel_floor","forearm_link|wrist2_link"
"curvature_plus_1mm",38,0.20000000000000001,0.016734726937065299,"base_link|tunnel_floor","forearm_link|wrist2_link"
"curvature_plus_1mm",39,0.20000000000000001,0.016760368377202399,"base_link|tunnel_floor","forearm_link|wrist2_link"
"curvature_plus_1mm",40,0.20000000000000001,0.016670183570883849,"base_link|tunnel_floor","forearm_link|wrist2_link"
"curvature_plus_1mm",41,0.20000000000000001,0.016624985555154494,"base_link|tunnel_floor","forearm_link|wrist2_link"
"curvature_plus_1mm",42,0.20000000000000001,0.016644097912283589,"base_link|tunnel_floor","forearm_link|wrist2_link"
"curvature_plus_1mm",43,0.20000000000000001,0.016728767058380608,"base_link|tunnel_floor","forearm_link|wrist2_link"
"curvature_plus_1mm",44,0.20000000000000001,0.016697504767428553,"base_link|tunnel_floor","forearm_link|wrist2_link"
"curvature_plus_1mm",45,0.20000000000000001,0.016687734811090638,"base_link|tunnel_floor","forearm_link|wrist2_link"
"curvature_plus_1mm",46,0.20000000000000001,0.016720144895560719,"base_link|tunnel_floor","forearm_link|wrist2_link"
"curvature_plus_1mm",47,0.20000000000000001,0.016801917602755994,"base_link|tunnel_floor","forearm_link|wrist2_link"
"curvature_plus_1mm",48,0.20000000000000001,0.016926868272529618,"base_link|tunnel_floor","forearm_link|wrist2_link"
"curvature_plus_1mm",49,0.20000000000000001,0.016861554834943383,"base_link|tunnel_floor","forearm_link|wrist2_link"
"curvature_plus_1mm",50,0.20000000000000001,0.016828314481091622,"base_link|tunnel_floor","forearm_link|wrist2_link"
"curvature_plus_1mm",51,0.20000000000000001,0.016828330036608583,"base_link|tunnel_floor","forearm_link|wrist2_link"
"curvature_plus_1mm",52,0.20000000000000001,0.016763662511530105,"base_link|tunnel_floor","forearm_link|wrist2_link"
"curvature_plus_1mm",53,0.20000000000000001,0.016729783520205981,"base_link|tunnel_floor","forearm_link|wrist2_link"
"curvature_plus_1mm",54,0.20000000000000001,0.016728363777495217,"base_link|tunnel_floor","forearm_link|wrist2_link"
"curvature_plus_1mm",55,0.20000000000000001,0.016758585186236238,"base_link|tunnel_floor","forearm_link|wrist2_link"
"curvature_plus_1mm",56,0.20000000000000001,0.016712586001907836,"base_link|tunnel_floor","wrist2_link|forearm_link"
"curvature_plus_1mm",57,0.20000000000000001,0.016692740928692749,"base_link|tunnel_floor","wrist2_link|forearm_link"
"curvature_plus_1mm",58,0.20000000000000001,0.016699170694770331,"base_link|tunnel_floor","wrist2_link|forearm_link"
"curvature_plus_1mm",59,0.20000000000000001,0.016730407101890638,"base_link|tunnel_floor","wrist2_link|forearm_link"
"curvature_plus_1mm",60,0.20000000000000001,0.016784647853387603,"base_link|tunnel_floor","wrist2_link|forearm_link"
"curvature_plus_1mm",61,0.20000000000000001,0.016859671445998394,"base_link|tunnel_floor","wrist2_link|forearm_link"
"curvature_plus_1mm",62,0.20000000000000001,0.016910326850160855,"base_link|tunnel_floor","wrist2_link|forearm_link"
"curvature_plus_1mm",63,0.20000000000000001,0.016863929674170081,"base_link|tunnel_floor","wrist2_link|forearm_link"
"curvature_plus_1mm",64,0.20000000000000001,0.016840076336088122,"base_link|tunnel_floor","wrist2_link|forearm_link"
"curvature_plus_1mm",65,0.20000000000000001,0.01681412209174064,"base_link|tunnel_floor","wrist2_link|forearm_link"
"curvature_plus_1mm",66,0.20000000000000001,0.016736230506345425,"base_link|tunnel_floor","wrist2_link|forearm_link"
"curvature_plus_1mm",67,0.20000000000000001,0.016688523047522625,"base_link|tunnel_floor","wrist2_link|forearm_link"
"curvature_plus_1mm",68,0.20000000000000001,0.016676036738708312,"base_link|tunnel_floor","wrist2_link|forearm_link"
"curvature_plus_1mm",69,0.20000000000000001,0.016689270828733897,"base_link|tunnel_floor","wrist2_link|forearm_link"
"curvature_plus_1mm",70,0.20000000000000001,0.016708143232805544,"base_link|tunnel_floor","wrist2_link|forearm_link"
"curvature_plus_1mm",71,0.20000000000000001,0.016726019613518092,"base_link|tunnel_floor","wrist2_link|forearm_link"
"curvature_plus_1mm",72,0.20000000000000001,0.016735362602884843,"base_link|tunnel_floor","wrist2_link|forearm_link"
"curvature_plus_1mm",73,0.20000000000000001,0.016727762361192913,"base_link|tunnel_floor","wrist2_link|forearm_link"
"curvature_plus_1mm",74,0.20000000000000001,0.016694138026409084,"base_link|tunnel_floor","wrist2_link|forearm_link"
"curvature_plus_1mm",75,0.20000000000000001,0.016634007715202528,"base_link|tunnel_floor","wrist2_link|forearm_link"
"curvature_plus_1mm",76,0.20000000000000001,0.016657763676598943,"base_link|tunnel_floor","wrist2_link|forearm_link"
"curvature_plus_1mm",77,0.20000000000000001,0.016715725915409416,"base_link|tunnel_floor","wrist2_link|forearm_link"
"curvature_plus_1mm",78,0.19652198372387042,0.016729497401280196,"upperarm_link|horseshoe_wall_30","wrist2_link|forearm_link"
"curvature_plus_1mm",79,0.17467162133934416,0.01669186814700184,"upperarm_link|horseshoe_wall_30","wrist2_link|forearm_link"
"curvature_plus_1mm",80,0.15412453845240717,0.016653403678968292,"upperarm_link|horseshoe_wall_29","wrist2_link|forearm_link"
"curvature_plus_1mm",81,0.13539926700041194,0.016755028379662862,"upperarm_link|horseshoe_wall_29","wrist2_link|forearm_link"
"curvature_plus_1mm",82,0.11881372419534185,0.016782808914986191,"upperarm_link|horseshoe_wall_28","wrist2_link|forearm_link"
"curvature_plus_1mm",83,0.10490825025869703,0.016842598397532115,"upperarm_link|horseshoe_wall_26","wrist2_link|forearm_link"
"curvature_plus_1mm",84,0.094518478186761692,0.016872568939992859,"upperarm_link|horseshoe_wall_26","wrist2_link|forearm_link"
"curvature_plus_1mm",85,0.08880255998209223,0.016803050196997328,"upperarm_link|horseshoe_wall_25","wrist2_link|forearm_link"
"curvature_plus_1mm",86,0.090511236844581552,0.016701591199513831,"upperarm_link|horseshoe_wall_25","wrist2_link|forearm_link"
"curvature_plus_1mm",87,0.099895418623314483,0.016728375411695067,"upperarm_link|horseshoe_wall_24","wrist2_link|forearm_link"
"curvature_plus_1mm",88,0.1069988147570438,0.016653281902664616,"upperarm_link|horseshoe_wall_25","wrist2_link|forearm_link"
"curvature_plus_1mm",89,0.11537180448737934,0.016624075227305093,"upperarm_link|horseshoe_wall_25","wrist2_link|forearm_link"
"curvature_plus_1mm",90,0.12504155879102713,0.016696044916131473,"upperarm_link|horseshoe_wall_25","wrist2_link|forearm_link"
"curvature_plus_1mm",91,0.13080667478206309,0.016752796445725956,"forearm_link|horseshoe_wall_25","wrist2_link|forearm_link"
"curvature_plus_1mm",92,0.13551155195505432,0.016729053967494145,"forearm_link|horseshoe_wall_25","wrist2_link|forearm_link"
"curvature_plus_1mm",93,0.14081632402595501,0.016750487112980283,"forearm_link|horseshoe_wall_25","wrist2_link|forearm_link"
"curvature_plus_1mm",94,0.14661447723849153,0.016814002455962131,"forearm_link|horseshoe_wall_25","wrist2_link|forearm_link"
"curvature_plus_1mm",95,0.1435236537121993,0.016788252954778558,"forearm_link|horseshoe_wall_26","wrist2_link|forearm_link"
"curvature_plus_1mm",96,0.14344820878757392,0.016799622901119835,"forearm_link|horseshoe_wall_29","wrist2_link|forearm_link"
"curvature_plus_1mm",97,0.14462139502895452,0.016829651314304476,"forearm_link|horseshoe_wall_29","wrist2_link|forearm_link"
"curvature_plus_1mm",98,0.14629637951502472,0.016862436402779103,"forearm_link|horseshoe_wall_30","wrist2_link|forearm_link"
"curvature_plus_1mm",99,0.14818426044914101,0.016893507232849582,"forearm_link|horseshoe_wall_31","wrist2_link|forearm_link"
"curvature_plus_1mm",100,0.15015046945856375,0.016875416870366595,"forearm_link|horseshoe_wall_31","wrist2_link|forearm_link"
"curvature_plus_1mm",101,0.15224101511841123,0.016839105167690174,"forearm_link|horseshoe_wall_32","wrist2_link|forearm_link"
"curvature_plus_1mm",102,0.15444229890531685,0.016805887470171987,"forearm_link|horseshoe_wall_32","wrist2_link|forearm_link"
"curvature_plus_1mm",103,0.15664026536743852,0.016775980819936885,"forearm_link|horseshoe_wall_33","wrist2_link|forearm_link"
"curvature_plus_1mm",104,0.15891112985069802,0.016749471758660341,"forearm_link|horseshoe_wall_34","wrist2_link|forearm_link"
"curvature_plus_1mm",105,0.16119981794854019,0.016726400493240451,"forearm_link|horseshoe_wall_34","wrist2_link|forearm_link"
"curvature_plus_1mm",106,0.16346876255002082,0.016706804039810785,"forearm_link|horseshoe_wall_35","wrist2_link|forearm_link"
"curvature_plus_1mm",107,0.16577099928014033,0.016690740500903561,"forearm_link|horseshoe_wall_36","wrist2_link|forearm_link"
"curvature_plus_1mm",108,0.16802951954923984,0.016678303808855544,"forearm_link|horseshoe_wall_36","wrist2_link|forearm_link"
"curvature_plus_1mm",109,0.17026299127033498,0.016674038704737305,"forearm_link|horseshoe_wall_37","wrist2_link|forearm_link"
"curvature_plus_1mm",110,0.17250861420742139,0.016679695487555785,"forearm_link|horseshoe_wall_38","wrist2_link|forearm_link"
"curvature_plus_1mm",111,0.17467920683469018,0.016694405123734306,"forearm_link|horseshoe_wall_38","wrist2_link|forearm_link"
"curvature_plus_1mm",112,0.17684423607532801,0.016722936404216567,"forearm_link|horseshoe_wall_39","wrist2_link|forearm_link"
"curvature_plus_1mm",113,0.17903567218812039,0.016718465588018636,"forearm_link|horseshoe_wall_39","wrist2_link|forearm_link"
"curvature_plus_1mm",114,0.18114994124165748,0.016688199185144879,"forearm_link|horseshoe_wall_40","wrist2_link|forearm_link"
"curvature_plus_1mm",115,0.18328848729516234,0.016662075200414444,"forearm_link|horseshoe_wall_41","wrist2_link|forearm_link"
"curvature_plus_1mm",116,0.18543116048935471,0.016640253286706184,"forearm_link|horseshoe_wall_41","wrist2_link|forearm_link"
"curvature_plus_1mm",117,0.18751058134085308,0.016628712135674961,"forearm_link|horseshoe_wall_42","wrist2_link|forearm_link"
"curvature_plus_1mm",118,0.18960792426573675,0.016628617778005721,"forearm_link|horseshoe_wall_43","wrist2_link|forearm_link"
"curvature_plus_1mm",119,0.19169427841537326,0.016635467540670381,"forearm_link|horseshoe_wall_43","wrist2_link|forearm_link"
"curvature_plus_1mm",120,0.1937244811277723,0.016648498570079891,"forearm_link|horseshoe_wall_44","wrist2_link|forearm_link"
"curvature_plus_1mm",121,0.19576699136713741,0.016671662137625699,"forearm_link|horseshoe_wall_45","wrist2_link|forearm_link"
"curvature_plus_1mm",122,0.19778856628742303,0.016704802356243331,"forearm_link|horseshoe_wall_45","wrist2_link|forearm_link"
"curvature_plus_1mm",123,0.19975624310466103,0.01674431991021184,"forearm_link|horseshoe_wall_46","wrist2_link|forearm_link"
"curvature_plus_1mm",124,0.20000000000000001,0.01676452401636928,"base_link|tunnel_floor","wrist2_link|forearm_link"
"curvature_plus_1mm",125,0.20000000000000001,0.01675759185992599,"base_link|tunnel_floor","wrist2_link|forearm_link"
"curvature_plus_1mm",126,0.20000000000000001,0.01674699020260885,"base_link|tunnel_floor","wrist2_link|forearm_link"
"curvature_plus_1mm",127,0.20000000000000001,0.016735889782510269,"base_link|tunnel_floor","wrist2_link|forearm_link"
"curvature_plus_1mm",128,0.20000000000000001,0.016734218511964785,"base_link|tunnel_floor","wrist2_link|forearm_link"
"curvature_plus_1mm",129,0.20000000000000001,0.016739735243970637,"base_link|tunnel_floor","wrist2_link|forearm_link"
"curvature_plus_1mm",130,0.20000000000000001,0.016749091489977011,"base_link|tunnel_floor","wrist2_link|forearm_link"
"curvature_plus_1mm",131,0.20000000000000001,0.016766455588040675,"base_link|tunnel_floor","wrist2_link|forearm_link"
"curvature_plus_1mm",132,0.20000000000000001,0.016791799004876977,"base_link|tunnel_floor","wrist2_link|forearm_link"
"curvature_plus_1mm",133,0.20000000000000001,0.01682325972029922,"base_link|tunnel_floor","wrist2_link|forearm_link"
"curvature_plus_1mm",134,0.20000000000000001,0.016852909274038215,"base_link|tunnel_floor","wrist2_link|forearm_link"
"curvature_plus_1mm",135,0.20000000000000001,0.016879879073044394,"base_link|tunnel_floor","wrist2_link|forearm_link"
"curvature_plus_1mm",136,0.20000000000000001,0.016904258187031708,"base_link|tunnel_floor","wrist2_link|forearm_link"
"curvature_plus_1mm",137,0.20000000000000001,0.016884350395480988,"base_link|tunnel_floor","wrist2_link|forearm_link"
"curvature_plus_1mm",138,0.20000000000000001,0.016852513148927072,"base_link|tunnel_floor","wrist2_link|forearm_link"
"curvature_plus_1mm",139,0.20000000000000001,0.016822483141095381,"base_link|tunnel_floor","wrist2_link|forearm_link"
"curvature_plus_1mm",140,0.20000000000000001,0.016794327331038382,"base_link|tunnel_floor","wrist2_link|forearm_link"
"curvature_plus_1mm",141,0.20000000000000001,0.01676817231340413,"base_link|tunnel_floor","wrist2_link|forearm_link"
"curvature_plus_1mm",142,0.20000000000000001,0.016746100749812053,"base_link|tunnel_floor","wrist2_link|forearm_link"
"curvature_plus_1mm",143,0.20000000000000001,0.016729973468995976,"base_link|tunnel_floor","wrist2_link|forearm_link"
"curvature_plus_1mm",144,0.20000000000000001,0.016718604068863888,"base_link|tunnel_floor","wrist2_link|forearm_link"
"curvature_plus_1mm",145,0.20000000000000001,0.016711045420160643,"base_link|tunnel_floor","wrist2_link|forearm_link"
"curvature_plus_1mm",146,0.20000000000000001,0.01670660483866742,"base_link|tunnel_floor","wrist2_link|forearm_link"
"curvature_plus_1mm",147,0.20000000000000001,0.016704834035076385,"base_link|tunnel_floor","wrist2_link|forearm_link"
"curvature_plus_1mm",148,0.20000000000000001,0.01670551541136716,"base_link|tunnel_floor","wrist2_link|forearm_link"
"curvature_plus_1mm",149,0.20000000000000001,0.016708646016103432,"base_link|tunnel_floor","wrist2_link|forearm_link"
"curvature_plus_1mm",150,0.20000000000000001,0.016723382833425407,"base_link|tunnel_floor","wrist2_link|forearm_link"
"curvature_plus_1mm",151,0.20000000000000001,0.016769913759364572,"base_link|tunnel_floor","wrist2_link|forearm_link"
"curvature_plus_1mm",152,0.20000000000000001,0.01687439191765128,"base_link|tunnel_floor","wrist2_link|forearm_link"
"curvature_plus_1mm",153,0.20000000000000001,0.016785635419885554,"base_link|tunnel_floor","wrist2_link|forearm_link"
"curvature_plus_1mm",154,0.20000000000000001,0.016758018877072879,"base_link|tunnel_floor","wrist2_link|forearm_link"
"curvature_plus_1mm",155,0.20000000000000001,0.016630885427767913,"base_link|tunnel_floor","wrist2_link|forearm_link"
"curvature_plus_1mm",156,0.20000000000000001,0.016679798970020983,"base_link|tunnel_floor","wrist2_link|forearm_link"
"curvature_plus_1mm",157,0.20000000000000001,0.016848104298244754,"base_link|tunnel_floor","wrist2_link|forearm_link"
"curvature_plus_1mm",158,0.20000000000000001,0.016756201288334913,"base_link|tunnel_floor","wrist2_link|forearm_link"
"curvature_plus_1mm",159,0.20000000000000001,0.016670170066005931,"base_link|tunnel_floor","wrist2_link|forearm_link"
"curvature_plus_1mm",160,0.20000000000000001,0.016685139601736992,"base_link|tunnel_floor","wrist2_link|forearm_link"
"curvature_plus_1mm",161,0.20000000000000001,0.016744904669370609,"base_link|tunnel_floor","wrist2_link|forearm_link"
"curvature_plus_1mm",162,0.20000000000000001,0.016784823333313371,"base_link|tunnel_floor","wrist2_link|forearm_link"
"curvature_plus_1mm",163,0.20000000000000001,0.016844880504871262,"base_link|tunnel_floor","wrist2_link|forearm_link"
"curvature_plus_1mm",164,0.20000000000000001,0.016710511620260673,"base_link|tunnel_floor","wrist2_link|forearm_link"
"curvature_plus_1mm",165,0.20000000000000001,0.016686516241678762,"base_link|tunnel_floor","wrist2_link|forearm_link"
"curvature_plus_1mm",166,0.20000000000000001,0.016653320889351213,"base_link|tunnel_floor","wrist2_link|forearm_link"
"curvature_plus_1mm",167,0.20000000000000001,0.016661414997975264,"base_link|tunnel_floor","wrist2_link|forearm_link"
"curvature_plus_1mm",168,0.20000000000000001,0.016746089239202622,"base_link|tunnel_floor","wrist2_link|forearm_link"
"curvature_plus_1mm",169,0.20000000000000001,0.016780805130289487,"base_link|tunnel_floor","wrist2_link|forearm_link"
"curvature_plus_1mm",170,0.20000000000000001,0.016870616701133496,"base_link|tunnel_floor","wrist2_link|forearm_link"
"curvature_plus_1mm",171,0.20000000000000001,0.016727162046591085,"base_link|tunnel_floor","wrist2_link|forearm_link"
"curvature_plus_1mm",172,0.20000000000000001,0.016675494274895269,"base_link|tunnel_floor","wrist2_link|forearm_link"
"curvature_plus_1mm",173,0.20000000000000001,0.016675823660810603,"base_link|tunnel_floor","wrist2_link|forearm_link"
"curvature_plus_1mm",174,0.20000000000000001,0.016633891949407731,"base_link|tunnel_floor","wrist2_link|forearm_link"
"curvature_plus_1mm",175,0.20000000000000001,0.016767297448320999,"base_link|tunnel_floor","wrist2_link|forearm_link"
"curvature_plus_1mm",176,0.20000000000000001,0.016734056083586298,"base_link|tunnel_floor","wrist2_link|forearm_link"
"curvature_plus_1mm",177,0.20000000000000001,0.016809527344958389,"base_link|tunnel_floor","wrist2_link|forearm_link"
"curvature_plus_1mm",178,0.20000000000000001,0.016852706998140506,"base_link|tunnel_floor","wrist2_link|forearm_link"
"curvature_plus_1mm",179,0.20000000000000001,0.016726446310632078,"base_link|tunnel_floor","wrist2_link|forearm_link"
"curvature_plus_1mm",180,0.20000000000000001,0.01662756938967334,"base_link|tunnel_floor","wrist2_link|forearm_link"
"curvature_minus_1mm",0,0.20000000000000001,0.016836332585723032,"base_link|tunnel_floor","wrist2_link|forearm_link"
"curvature_minus_1mm",1,0.20000000000000001,0.016845881801387887,"base_link|tunnel_floor","wrist2_link|forearm_link"
"curvature_minus_1mm",2,0.20000000000000001,0.016654625670177142,"base_link|tunnel_floor","wrist2_link|forearm_link"
"curvature_minus_1mm",3,0.20000000000000001,0.016755178830541798,"base_link|tunnel_floor","wrist2_link|forearm_link"
"curvature_minus_1mm",4,0.20000000000000001,0.016858740081537614,"base_link|tunnel_floor","wrist2_link|forearm_link"
"curvature_minus_1mm",5,0.20000000000000001,0.016677991262512657,"base_link|tunnel_floor","wrist2_link|forearm_link"
"curvature_minus_1mm",6,0.20000000000000001,0.016730034696398634,"base_link|tunnel_floor","wrist2_link|forearm_link"
"curvature_minus_1mm",7,0.20000000000000001,0.016785710597003147,"base_link|tunnel_floor","wrist2_link|forearm_link"
"curvature_minus_1mm",8,0.20000000000000001,0.016673184123179505,"base_link|tunnel_floor","wrist2_link|forearm_link"
"curvature_minus_1mm",9,0.20000000000000001,0.016745431932222724,"base_link|tunnel_floor","wrist2_link|forearm_link"
"curvature_minus_1mm",10,0.20000000000000001,0.016798758979881374,"base_link|tunnel_floor","wrist2_link|forearm_link"
"curvature_minus_1mm",11,0.20000000000000001,0.016749644254308117,"base_link|tunnel_floor","wrist2_link|forearm_link"
"curvature_minus_1mm",12,0.20000000000000001,0.016762608407093142,"base_link|tunnel_floor","wrist2_link|forearm_link"
"curvature_minus_1mm",13,0.20000000000000001,0.016749646766677118,"base_link|tunnel_floor","wrist2_link|forearm_link"
"curvature_minus_1mm",14,0.20000000000000001,0.016745471711788872,"base_link|tunnel_floor","wrist2_link|forearm_link"
"curvature_minus_1mm",15,0.20000000000000001,0.016861323567134708,"base_link|tunnel_floor","wrist2_link|forearm_link"
"curvature_minus_1mm",16,0.20000000000000001,0.016725099843706681,"base_link|tunnel_floor","wrist2_link|forearm_link"
"curvature_minus_1mm",17,0.20000000000000001,0.016661911561677865,"base_link|tunnel_floor","wrist2_link|forearm_link"
"curvature_minus_1mm",18,0.20000000000000001,0.016670275574688437,"base_link|tunnel_floor","wrist2_link|forearm_link"
"curvature_minus_1mm",19,0.20000000000000001,0.016814663603656826,"base_link|tunnel_floor","wrist2_link|forearm_link"
"curvature_minus_1mm",20,0.20000000000000001,0.016800355759245968,"base_link|tunnel_floor","wrist2_link|forearm_link"
"curvature_minus_1mm",21,0.20000000000000001,0.016744114950640276,"base_link|tunnel_floor","wrist2_link|forearm_link"
"curvature_minus_1mm",22,0.20000000000000001,0.016762163824885233,"base_link|tunnel_floor","wrist2_link|forearm_link"
"curvature_minus_1mm",23,0.20000000000000001,0.016749034022957209,"base_link|tunnel_floor","wrist2_link|forearm_link"
"curvature_minus_1mm",24,0.20000000000000001,0.016841756745204939,"base_link|tunnel_floor","wrist2_link|forearm_link"
"curvature_minus_1mm",25,0.20000000000000001,0.016682880070136265,"base_link|tunnel_floor","wrist2_link|forearm_link"
"curvature_minus_1mm",26,0.20000000000000001,0.016641808724357623,"base_link|tunnel_floor","wrist2_link|forearm_link"
"curvature_minus_1mm",27,0.20000000000000001,0.016741415600046064,"base_link|tunnel_floor","wrist2_link|forearm_link"
"curvature_minus_1mm",28,0.20000000000000001,0.016906910290916614,"base_link|tunnel_floor","wrist2_link|forearm_link"
"curvature_minus_1mm",29,0.20000000000000001,0.016797363968635463,"base_link|tunnel_floor","wrist2_link|forearm_link"
"curvature_minus_1mm",30,0.20000000000000001,0.01677497094008918,"base_link|tunnel_floor","wrist2_link|forearm_link"
"curvature_minus_1mm",31,0.20000000000000001,0.016773731846051583,"base_link|tunnel_floor","wrist2_link|forearm_link"
"curvature_minus_1mm",32,0.20000000000000001,0.016786732545899189,"base_link|tunnel_floor","wrist2_link|forearm_link"
"curvature_minus_1mm",33,0.20000000000000001,0.01681626270625787,"base_link|tunnel_floor","wrist2_link|forearm_link"
"curvature_minus_1mm",34,0.20000000000000001,0.01686734836117533,"base_link|tunnel_floor","wrist2_link|forearm_link"
"curvature_minus_1mm",35,0.20000000000000001,0.016889426697833075,"base_link|tunnel_floor","wrist2_link|forearm_link"
"curvature_minus_1mm",36,0.20000000000000001,0.016807010008281581,"base_link|tunnel_floor","forearm_link|wrist2_link"
"curvature_minus_1mm",37,0.20000000000000001,0.016738011235765633,"base_link|tunnel_floor","forearm_link|wrist2_link"
"curvature_minus_1mm",38,0.20000000000000001,0.016739798819098164,"base_link|tunnel_floor","forearm_link|wrist2_link"
"curvature_minus_1mm",39,0.20000000000000001,0.01674932456034495,"base_link|tunnel_floor","forearm_link|wrist2_link"
"curvature_minus_1mm",40,0.20000000000000001,0.016658797947560283,"base_link|tunnel_floor","forearm_link|wrist2_link"
"curvature_minus_1mm",41,0.20000000000000001,0.016624428333234464,"base_link|tunnel_floor","forearm_link|wrist2_link"
"curvature_minus_1mm",42,0.20000000000000001,0.016652425538900038,"base_link|tunnel_floor","forearm_link|wrist2_link"
"curvature_minus_1mm",43,0.20000000000000001,0.016730016781195779,"base_link|tunnel_floor","forearm_link|wrist2_link"
"curvature_minus_1mm",44,0.20000000000000001,0.016693406801995145,"base_link|tunnel_floor","forearm_link|wrist2_link"
"curvature_minus_1mm",45,0.20000000000000001,0.016688059632904206,"base_link|tunnel_floor","forearm_link|wrist2_link"
"curvature_minus_1mm",46,0.20000000000000001,0.016728022542920835,"base_link|tunnel_floor","forearm_link|wrist2_link"
"curvature_minus_1mm",47,0.20000000000000001,0.016818811020908642,"base_link|tunnel_floor","forearm_link|wrist2_link"
"curvature_minus_1mm",48,0.20000000000000001,0.016916563249946837,"base_link|tunnel_floor","forearm_link|wrist2_link"
"curvature_minus_1mm",49,0.20000000000000001,0.016854720805423672,"base_link|tunnel_floor","forearm_link|wrist2_link"
"curvature_minus_1mm",50,0.20000000000000001,0.016825560708987518,"base_link|tunnel_floor","forearm_link|wrist2_link"
"curvature_minus_1mm",51,0.20000000000000001,0.0168213218072619,"base_link|tunnel_floor","forearm_link|wrist2_link"
"curvature_minus_1mm",52,0.20000000000000001,0.016758465407867417,"base_link|tunnel_floor","forearm_link|wrist2_link"
"curvature_minus_1mm",53,0.20000000000000001,0.016728747739455999,"base_link|tunnel_floor","forearm_link|wrist2_link"
"curvature_minus_1mm",54,0.20000000000000001,0.016731458264460413,"base_link|tunnel_floor","forearm_link|wrist2_link"
"curvature_minus_1mm",55,0.20000000000000001,0.016753803686949197,"base_link|tunnel_floor","forearm_link|wrist2_link"
"curvature_minus_1mm",56,0.20000000000000001,0.016710367918665141,"base_link|tunnel_floor","wrist2_link|forearm_link"
"curvature_minus_1mm",57,0.20000000000000001,0.016694353386922937,"base_link|tunnel_floor","wrist2_link|forearm_link"
"curvature_minus_1mm",58,0.20000000000000001,0.016704527282342219,"base_link|tunnel_floor","wrist2_link|forearm_link"
"curvature_minus_1mm",59,0.20000000000000001,0.016739406205678757,"base_link|tunnel_floor","wrist2_link|forearm_link"
"curvature_minus_1mm",60,0.20000000000000001,0.016797171825742637,"base_link|tunnel_floor","wrist2_link|forearm_link"
"curvature_minus_1mm",61,0.20000000000000001,0.016875585742205986,"base_link|tunnel_floor","wrist2_link|forearm_link"
"curvature_minus_1mm",62,0.20000000000000001,0.016900708785567275,"base_link|tunnel_floor","wrist2_link|forearm_link"
"curvature_minus_1mm",63,0.20000000000000001,0.016858223555496789,"base_link|tunnel_floor","wrist2_link|forearm_link"
"curvature_minus_1mm",64,0.20000000000000001,0.016838162479695828,"base_link|tunnel_floor","wrist2_link|forearm_link"
"curvature_minus_1mm",65,0.20000000000000001,0.016805335581166255,"base_link|tunnel_floor","wrist2_link|forearm_link"
"curvature_minus_1mm",66,0.20000000000000001,0.016727683374171937,"base_link|tunnel_floor","wrist2_link|forearm_link"
"curvature_minus_1mm",67,0.20000000000000001,0.016679294026967131,"base_link|tunnel_floor","wrist2_link|forearm_link"
"curvature_minus_1mm",68,0.20000000000000001,0.016665345209317055,"base_link|tunnel_floor","wrist2_link|forearm_link"
"curvature_minus_1mm",69,0.20000000000000001,0.016681322832214095,"base_link|tunnel_floor","wrist2_link|forearm_link"
"curvature_minus_1mm",70,0.20000000000000001,0.01670341303628077,"base_link|tunnel_floor","wrist2_link|forearm_link"
"curvature_minus_1mm",71,0.20000000000000001,0.016724295340992939,"base_link|tunnel_floor","wrist2_link|forearm_link"
"curvature_minus_1mm",72,0.20000000000000001,0.01673640636784585,"base_link|tunnel_floor","wrist2_link|forearm_link"
"curvature_minus_1mm",73,0.20000000000000001,0.016731305893797441,"base_link|tunnel_floor","wrist2_link|forearm_link"
"curvature_minus_1mm",74,0.20000000000000001,0.016699877266372159,"base_link|tunnel_floor","wrist2_link|forearm_link"
"curvature_minus_1mm",75,0.20000000000000001,0.016638539178484461,"base_link|tunnel_floor","wrist2_link|forearm_link"
"curvature_minus_1mm",76,0.20000000000000001,0.016655072659165143,"base_link|tunnel_floor","wrist2_link|forearm_link"
"curvature_minus_1mm",77,0.20000000000000001,0.016714645491109049,"base_link|tunnel_floor","wrist2_link|forearm_link"
"curvature_minus_1mm",78,0.19633886165834341,0.016729708767969625,"upperarm_link|horseshoe_wall_30","wrist2_link|forearm_link"
"curvature_minus_1mm",79,0.17446509235639027,0.016693002269322757,"upperarm_link|horseshoe_wall_30","wrist2_link|forearm_link"
"curvature_minus_1mm",80,0.1538719099421057,0.016649202070960659,"upperarm_link|horseshoe_wall_29","wrist2_link|forearm_link"
"curvature_minus_1mm",81,0.13512539758249248,0.016756650741008093,"upperarm_link|horseshoe_wall_29","wrist2_link|forearm_link"
"curvature_minus_1mm",82,0.11850194740067527,0.016780957914784261,"upperarm_link|horseshoe_wall_28","wrist2_link|forearm_link"
"curvature_minus_1mm",83,0.10454163405711439,0.016840318126466122,"upperarm_link|horseshoe_wall_26","wrist2_link|forearm_link"
"curvature_minus_1mm",84,0.09417640788240092,0.016869568480299694,"upperarm_link|horseshoe_wall_26","wrist2_link|forearm_link"
"curvature_minus_1mm",85,0.088360331119817975,0.016807195334646901,"upperarm_link|horseshoe_wall_25","wrist2_link|forearm_link"
"curvature_minus_1mm",86,0.0901862557529515,0.016702950622018861,"upperarm_link|horseshoe_wall_25","wrist2_link|forearm_link"
"curvature_minus_1mm",87,0.099471950618769678,0.016724270214874083,"upperarm_link|horseshoe_wall_24","wrist2_link|forearm_link"
"curvature_minus_1mm",88,0.10662616341030322,0.016657274405630248,"upperarm_link|horseshoe_wall_24","wrist2_link|forearm_link"
"curvature_minus_1mm",89,0.11503179503617204,0.016623167704188146,"upperarm_link|horseshoe_wall_25","wrist2_link|forearm_link"
"curvature_minus_1mm",90,0.12469304253374061,0.016691388219159931,"upperarm_link|horseshoe_wall_25","wrist2_link|forearm_link"
"curvature_minus_1mm",91,0.13044288142651708,0.016754439463177735,"forearm_link|horseshoe_wall_25","wrist2_link|forearm_link"
"curvature_minus_1mm",92,0.13514058341929799,0.016729548837950893,"forearm_link|horseshoe_wall_25","wrist2_link|forearm_link"
"curvature_minus_1mm",93,0.14043932577517348,0.016747315423292379,"forearm_link|horseshoe_wall_25","wrist2_link|forearm_link"
"curvature_minus_1mm",94,0.14621853832427439,0.016807698578663502,"forearm_link|horseshoe_wall_25","wrist2_link|forearm_link"
"curvature_minus_1mm",95,0.14309995097968706,0.016782580709741118,"forearm_link|horseshoe_wall_26","wrist2_link|forearm_link"
"curvature_minus_1mm",96,0.14301183598050676,0.016792617017012824,"forearm_link|horseshoe_wall_28","wrist2_link|forearm_link"
"curvature_minus_1mm",97,0.1441828272382995,0.01682179923425289,"forearm_link|horseshoe_wall_29","wrist2_link|forearm_link"
"curvature_minus_1mm",98,0.14586848487319962,0.016854988952399608,"forearm_link|horseshoe_wall_30","wrist2_link|forearm_link"
"curvature_minus_1mm",99,0.14777289294471305,0.016886624193012345,"forearm_link|horseshoe_wall_31","wrist2_link|forearm_link"
"curvature_minus_1mm",100,0.14973272479997116,0.01688445697365613,"forearm_link|horseshoe_wall_31","wrist2_link|forearm_link"
"curvature_minus_1mm",101,0.15183963615046256,0.016847682052046627,"forearm_link|horseshoe_wall_32","wrist2_link|forearm_link"
"curvature_minus_1mm",102,0.15403747602305323,0.016813914209986642,"forearm_link|horseshoe_wall_32","wrist2_link|forearm_link"
"curvature_minus_1mm",103,0.1562541202149702,0.016783378148915111,"forearm_link|horseshoe_wall_33","wrist2_link|forearm_link"
"curvature_minus_1mm",104,0.15854485879394783,0.0167561645197188,"forearm_link|horseshoe_wall_34","wrist2_link|forearm_link"
"curvature_minus_1mm",105,0.16083319382172045,0.016732315562163251,"forearm_link|horseshoe_wall_34","wrist2_link|forearm_link"
"curvature_minus_1mm",106,0.16312344390234521,0.016711869005873809,"forearm_link|horseshoe_wall_35","wrist2_link|forearm_link"
"curvature_minus_1mm",107,0.16544759620544069,0.016694882781415635,"forearm_link|horseshoe_wall_36","wrist2_link|forearm_link"
"curvature_minus_1mm",108,0.16770813219402106,0.016681450048083045,"forearm_link|horseshoe_wall_36","wrist2_link|forearm_link"
"curvature_minus_1mm",109,0.16996351481866034,0.016673896839445399,"forearm_link|horseshoe_wall_37","wrist2_link|forearm_link"
"curvature_minus_1mm",110,0.17223009797539501,0.016677628554762635,"forearm_link|horseshoe_wall_38","wrist2_link|forearm_link"
"curvature_minus_1mm",111,0.17440454708201208,0.016688717143603048,"forearm_link|horseshoe_wall_38","wrist2_link|forearm_link"
"curvature_minus_1mm",112,0.17658974784509487,0.016713613022875204,"forearm_link|horseshoe_wall_39","wrist2_link|forearm_link"
"curvature_minus_1mm",113,0.17878672794787087,0.016728724639172746,"forearm_link|horseshoe_wall_39","wrist2_link|forearm_link"
"curvature_minus_1mm",114,0.18092063414830203,0.016697537702880176,"forearm_link|horseshoe_wall_40","wrist2_link|forearm_link"
"curvature_minus_1mm",115,0.18307798744323384,0.016670482967314718,"forearm_link|horseshoe_wall_41","wrist2_link|forearm_link"
"curvature_minus_1mm",116,0.18522819518958991,0.016647196742685173,"forearm_link|horseshoe_wall_41","wrist2_link|forearm_link"
"curvature_minus_1mm",117,0.18732581326152695,0.016631562478507843,"forearm_link|horseshoe_wall_42","wrist2_link|forearm_link"
"curvature_minus_1mm",118,0.18944048461392779,0.016627350484471691,"forearm_link|horseshoe_wall_43","wrist2_link|forearm_link"
"curvature_minus_1mm",119,0.19153614411399661,0.016632505664199836,"forearm_link|horseshoe_wall_43","wrist2_link|forearm_link"
"curvature_minus_1mm",120,0.19358294156648295,0.016642102796588176,"forearm_link|horseshoe_wall_44","wrist2_link|forearm_link"
"curvature_minus_1mm",121,0.19564112244927703,0.016661111468117329,"forearm_link|horseshoe_wall_45","wrist2_link|forearm_link"
"curvature_minus_1mm",122,0.19767347137746588,0.016690073845695624,"forearm_link|horseshoe_wall_45","wrist2_link|forearm_link"
"curvature_minus_1mm",123,0.1996559277706608,0.016727769357957122,"forearm_link|horseshoe_wall_46","wrist2_link|forearm_link"
"curvature_minus_1mm",124,0.20000000000000001,0.016766341753069763,"base_link|tunnel_floor","wrist2_link|forearm_link"
"curvature_minus_1mm",125,0.20000000000000001,0.016760869554428421,"base_link|tunnel_floor","wrist2_link|forearm_link"
"curvature_minus_1mm",126,0.20000000000000001,0.016751755682883038,"base_link|tunnel_floor","wrist2_link|forearm_link"
"curvature_minus_1mm",127,0.20000000000000001,0.016739532187330451,"base_link|tunnel_floor","wrist2_link|forearm_link"
"curvature_minus_1mm",128,0.20000000000000001,0.016733744634061951,"base_link|tunnel_floor","wrist2_link|forearm_link"
"curvature_minus_1mm",129,0.20000000000000001,0.016736959311196557,"base_link|tunnel_floor","wrist2_link|forearm_link"
"curvature_minus_1mm",130,0.20000000000000001,0.016743934641684274,"base_link|tunnel_floor","wrist2_link|forearm_link"
"curvature_minus_1mm",131,0.20000000000000001,0.016757439321442157,"base_link|tunnel_floor","wrist2_link|forearm_link"
"curvature_minus_1mm",132,0.20000000000000001,0.016778991789268685,"base_link|tunnel_floor","wrist2_link|forearm_link"
"curvature_minus_1mm",133,0.20000000000000001,0.016808379911666362,"base_link|tunnel_floor","wrist2_link|forearm_link"
"curvature_minus_1mm",134,0.20000000000000001,0.016839348048719553,"base_link|tunnel_floor","wrist2_link|forearm_link"
"curvature_minus_1mm",135,0.20000000000000001,0.016867651363457626,"base_link|tunnel_floor","wrist2_link|forearm_link"
"curvature_minus_1mm",136,0.20000000000000001,0.016893382481263961,"base_link|tunnel_floor","wrist2_link|forearm_link"
"curvature_minus_1mm",137,0.20000000000000001,0.016899267723339585,"base_link|tunnel_floor","wrist2_link|forearm_link"
"curvature_minus_1mm",138,0.20000000000000001,0.016866264249192662,"base_link|tunnel_floor","wrist2_link|forearm_link"
"curvature_minus_1mm",139,0.20000000000000001,0.016835039727540194,"base_link|tunnel_floor","wrist2_link|forearm_link"
"curvature_minus_1mm",140,0.20000000000000001,0.016805659595091005,"base_link|tunnel_floor","wrist2_link|forearm_link"
"curvature_minus_1mm",141,0.20000000000000001,0.01677824960711825,"base_link|tunnel_floor","wrist2_link|forearm_link"
"curvature_minus_1mm",142,0.20000000000000001,0.01675499602644967,"base_link|tunnel_floor","wrist2_link|forearm_link"
"curvature_minus_1mm",143,0.20000000000000001,0.016737899640667367,"base_link|tunnel_floor","wrist2_link|forearm_link"
"curvature_minus_1mm",144,0.20000000000000001,0.016725768210259638,"base_link|tunnel_floor","wrist2_link|forearm_link"
"curvature_minus_1mm",145,0.20000000000000001,0.016717646789867865,"base_link|tunnel_floor","wrist2_link|forearm_link"
"curvature_minus_1mm",146,0.20000000000000001,0.016712834068724713,"base_link|tunnel_floor","wrist2_link|forearm_link"
"curvature_minus_1mm",147,0.20000000000000001,0.016710872464871337,"base_link|tunnel_floor","wrist2_link|forearm_link"
"curvature_minus_1mm",148,0.20000000000000001,0.016711534529796047,"base_link|tunnel_floor","wrist2_link|forearm_link"
"curvature_minus_1mm",149,0.20000000000000001,0.016714806975905331,"base_link|tunnel_floor","wrist2_link|forearm_link"
"curvature_minus_1mm",150,0.20000000000000001,0.016730383206424605,"base_link|tunnel_floor","wrist2_link|forearm_link"
"curvature_minus_1mm",151,0.20000000000000001,0.016779136704513722,"base_link|tunnel_floor","wrist2_link|forearm_link"
"curvature_minus_1mm",152,0.20000000000000001,0.016887286739812869,"base_link|tunnel_floor","wrist2_link|forearm_link"
"curvature_minus_1mm",153,0.20000000000000001,0.016774987262646528,"base_link|tunnel_floor","wrist2_link|forearm_link"
"curvature_minus_1mm",154,0.20000000000000001,0.016760950575476861,"base_link|tunnel_floor","wrist2_link|forearm_link"
"curvature_minus_1mm",155,0.20000000000000001,0.016634928677885987,"base_link|tunnel_floor","wrist2_link|forearm_link"
"curvature_minus_1mm",156,0.20000000000000001,0.016683755018806423,"base_link|tunnel_floor","wrist2_link|forearm_link"
"curvature_minus_1mm",157,0.20000000000000001,0.016834745836983672,"base_link|tunnel_floor","wrist2_link|forearm_link"
"curvature_minus_1mm",158,0.20000000000000001,0.016759470092592234,"base_link|tunnel_floor","wrist2_link|forearm_link"
"curvature_minus_1mm",159,0.20000000000000001,0.016659998431214063,"base_link|tunnel_floor","wrist2_link|forearm_link"
"curvature_minus_1mm",160,0.20000000000000001,0.016673480843066815,"base_link|tunnel_floor","wrist2_link|forearm_link"
"curvature_minus_1mm",161,0.20000000000000001,0.016749107492004572,"base_link|tunnel_floor","wrist2_link|forearm_link"
"curvature_minus_1mm",162,0.20000000000000001,0.016775341804273231,"base_link|tunnel_floor","wrist2_link|forearm_link"
"curvature_minus_1mm",163,0.20000000000000001,0.016854840923634352,"base_link|tunnel_floor","wrist2_link|forearm_link"
"curvature_minus_1mm",164,0.20000000000000001,0.016715271606703691,"base_link|tunnel_floor","wrist2_link|forearm_link"
"curvature_minus_1mm",165,0.20000000000000001,0.016683383258352068,"base_link|tunnel_floor","wrist2_link|forearm_link"
"curvature_minus_1mm",166,0.20000000000000001,0.016658460675248385,"base_link|tunnel_floor","wrist2_link|forearm_link"
"curvature_minus_1mm",167,0.20000000000000001,0.016656279507574642,"base_link|tunnel_floor","wrist2_link|forearm_link"
"curvature_minus_1mm",168,0.20000000000000001,0.0167484591619439,"base_link|tunnel_floor","wrist2_link|forearm_link"
"curvature_minus_1mm",169,0.20000000000000001,0.016775705378632839,"base_link|tunnel_floor","wrist2_link|forearm_link"
"curvature_minus_1mm",170,0.20000000000000001,0.016876163596350996,"base_link|tunnel_floor","wrist2_link|forearm_link"
"curvature_minus_1mm",171,0.20000000000000001,0.016729944502238921,"base_link|tunnel_floor","wrist2_link|forearm_link"
"curvature_minus_1mm",172,0.20000000000000001,0.016674973732207703,"base_link|tunnel_floor","wrist2_link|forearm_link"
"curvature_minus_1mm",173,0.20000000000000001,0.016678458826807702,"base_link|tunnel_floor","wrist2_link|forearm_link"
"curvature_minus_1mm",174,0.20000000000000001,0.016633113453380397,"base_link|tunnel_floor","wrist2_link|forearm_link"
"curvature_minus_1mm",175,0.20000000000000001,0.016764984170966651,"base_link|tunnel_floor","wrist2_link|forearm_link"
"curvature_minus_1mm",176,0.20000000000000001,0.016733812513860271,"base_link|tunnel_floor","wrist2_link|forearm_link"
"curvature_minus_1mm",177,0.20000000000000001,0.01680874032787676,"base_link|tunnel_floor","wrist2_link|forearm_link"
"curvature_minus_1mm",178,0.20000000000000001,0.016852713925702006,"base_link|tunnel_floor","wrist2_link|forearm_link"
"curvature_minus_1mm",179,0.20000000000000001,0.016726871904524307,"base_link|tunnel_floor","wrist2_link|forearm_link"
"curvature_minus_1mm",180,0.20000000000000001,0.016627569391509625,"base_link|tunnel_floor","wrist2_link|forearm_link"
"local_shape_2mm",0,0.20000000000000001,0.016836332585723032,"base_link|tunnel_floor","wrist2_link|forearm_link"
"local_shape_2mm",1,0.20000000000000001,0.016845881801387887,"base_link|tunnel_floor","wrist2_link|forearm_link"
"local_shape_2mm",2,0.20000000000000001,0.016654625670177142,"base_link|tunnel_floor","wrist2_link|forearm_link"
"local_shape_2mm",3,0.20000000000000001,0.016755178830541798,"base_link|tunnel_floor","wrist2_link|forearm_link"
"local_shape_2mm",4,0.20000000000000001,0.016858740081537614,"base_link|tunnel_floor","wrist2_link|forearm_link"
"local_shape_2mm",5,0.20000000000000001,0.016677991262512657,"base_link|tunnel_floor","wrist2_link|forearm_link"
"local_shape_2mm",6,0.20000000000000001,0.016730034696398634,"base_link|tunnel_floor","wrist2_link|forearm_link"
"local_shape_2mm",7,0.20000000000000001,0.016785710597003147,"base_link|tunnel_floor","wrist2_link|forearm_link"
"local_shape_2mm",8,0.20000000000000001,0.016673184123179505,"base_link|tunnel_floor","wrist2_link|forearm_link"
"local_shape_2mm",9,0.20000000000000001,0.016745431932222724,"base_link|tunnel_floor","wrist2_link|forearm_link"
"local_shape_2mm",10,0.20000000000000001,0.016798758979881374,"base_link|tunnel_floor","wrist2_link|forearm_link"
"local_shape_2mm",11,0.20000000000000001,0.016749644254308117,"base_link|tunnel_floor","wrist2_link|forearm_link"
"local_shape_2mm",12,0.20000000000000001,0.016762608407093142,"base_link|tunnel_floor","wrist2_link|forearm_link"
"local_shape_2mm",13,0.20000000000000001,0.016749646766677118,"base_link|tunnel_floor","wrist2_link|forearm_link"
"local_shape_2mm",14,0.20000000000000001,0.016745471711788872,"base_link|tunnel_floor","wrist2_link|forearm_link"
"local_shape_2mm",15,0.20000000000000001,0.016861323567134708,"base_link|tunnel_floor","wrist2_link|forearm_link"
"local_shape_2mm",16,0.20000000000000001,0.016742914551118558,"base_link|tunnel_floor","wrist2_link|forearm_link"
"local_shape_2mm",17,0.20000000000000001,0.016644386104925378,"base_link|tunnel_floor","wrist2_link|forearm_link"
"local_shape_2mm",18,0.20000000000000001,0.016669185251108692,"base_link|tunnel_floor","wrist2_link|forearm_link"
"local_shape_2mm",19,0.20000000000000001,0.016791756532277938,"base_link|tunnel_floor","wrist2_link|forearm_link"
"local_shape_2mm",20,0.20000000000000001,0.016834234142901052,"base_link|tunnel_floor","wrist2_link|forearm_link"
"local_shape_2mm",21,0.20000000000000001,0.016731717744160112,"base_link|tunnel_floor","wrist2_link|forearm_link"
"local_shape_2mm",22,0.20000000000000001,0.016757767625977853,"base_link|tunnel_floor","wrist2_link|forearm_link"
"local_shape_2mm",23,0.20000000000000001,0.016733934983571466,"base_link|tunnel_floor","wrist2_link|forearm_link"
"local_shape_2mm",24,0.20000000000000001,0.016875228253084091,"base_link|tunnel_floor","wrist2_link|forearm_link"
"local_shape_2mm",25,0.20000000000000001,0.016672544985829509,"base_link|tunnel_floor","wrist2_link|forearm_link"
"local_shape_2mm",26,0.20000000000000001,0.016656816597819785,"base_link|tunnel_floor","wrist2_link|forearm_link"
"local_shape_2mm",27,0.20000000000000001,0.016752752413536777,"base_link|tunnel_floor","wrist2_link|forearm_link"
"local_shape_2mm",28,0.20000000000000001,0.016881003403502588,"base_link|tunnel_floor","wrist2_link|forearm_link"
"local_shape_2mm",29,0.20000000000000001,0.01677677686936916,"base_link|tunnel_floor","wrist2_link|forearm_link"
"local_shape_2mm",30,0.20000000000000001,0.016755497091545977,"base_link|tunnel_floor","wrist2_link|forearm_link"
"local_shape_2mm",31,0.20000000000000001,0.016754090043414754,"base_link|tunnel_floor","wrist2_link|forearm_link"
"local_shape_2mm",32,0.20000000000000001,0.016765989163532224,"base_link|tunnel_floor","wrist2_link|forearm_link"
"local_shape_2mm",33,0.20000000000000001,0.016793402427452083,"base_link|tunnel_floor","wrist2_link|forearm_link"
"local_shape_2mm",34,0.20000000000000001,0.016841244605483655,"base_link|tunnel_floor","wrist2_link|forearm_link"
"local_shape_2mm",35,0.20000000000000001,0.016914366854012045,"base_link|tunnel_floor","wrist2_link|forearm_link"
"local_shape_2mm",36,0.20000000000000001,0.016843088259675863,"base_link|tunnel_floor","forearm_link|wrist2_link"
"local_shape_2mm",37,0.20000000000000001,0.016752521966562531,"base_link|tunnel_floor","forearm_link|wrist2_link"
"local_shape_2mm",38,0.20000000000000001,0.016729019070547226,"base_link|tunnel_floor","forearm_link|wrist2_link"
"local_shape_2mm",39,0.20000000000000001,0.016756401002251609,"base_link|tunnel_floor","forearm_link|wrist2_link"
"local_shape_2mm",40,0.20000000000000001,0.016692293717090429,"base_link|tunnel_floor","forearm_link|wrist2_link"
"local_shape_2mm",41,0.20000000000000001,0.016632550134357205,"base_link|tunnel_floor","forearm_link|wrist2_link"
"local_shape_2mm",42,0.20000000000000001,0.016636009900158896,"base_link|tunnel_floor","forearm_link|wrist2_link"
"local_shape_2mm",43,0.20000000000000001,0.016699802432826684,"base_link|tunnel_floor","forearm_link|wrist2_link"
"local_shape_2mm",44,0.20000000000000001,0.016707219543652264,"base_link|tunnel_floor","forearm_link|wrist2_link"
"local_shape_2mm",45,0.20000000000000001,0.016693165307643847,"base_link|tunnel_floor","forearm_link|wrist2_link"
"local_shape_2mm",46,0.20000000000000001,0.016712539161751812,"base_link|tunnel_floor","forearm_link|wrist2_link"
"local_shape_2mm",47,0.20000000000000001,0.016778205294163941,"base_link|tunnel_floor","forearm_link|wrist2_link"
"local_shape_2mm",48,0.20000000000000001,0.016893554813563531,"base_link|tunnel_floor","forearm_link|wrist2_link"
"local_shape_2mm",49,0.20000000000000001,0.016872241209264942,"base_link|tunnel_floor","forearm_link|wrist2_link"
"local_shape_2mm",50,0.20000000000000001,0.016834269344894116,"base_link|tunnel_floor","forearm_link|wrist2_link"
"local_shape_2mm",51,0.20000000000000001,0.016829146983784574,"base_link|tunnel_floor","forearm_link|wrist2_link"
"local_shape_2mm",52,0.20000000000000001,0.016768688330852894,"base_link|tunnel_floor","forearm_link|wrist2_link"
"local_shape_2mm",53,0.20000000000000001,0.016729535745792442,"base_link|tunnel_floor","forearm_link|wrist2_link"
"local_shape_2mm",54,0.20000000000000001,0.016722633525674477,"base_link|tunnel_floor","forearm_link|wrist2_link"
"local_shape_2mm",55,0.20000000000000001,0.016747217739978098,"base_link|tunnel_floor","forearm_link|wrist2_link"
"local_shape_2mm",56,0.20000000000000001,0.016714156071429825,"base_link|tunnel_floor","wrist2_link|forearm_link"
"local_shape_2mm",57,0.20000000000000001,0.016688448990559115,"base_link|tunnel_floor","wrist2_link|forearm_link"
"local_shape_2mm",58,0.20000000000000001,0.016689434071161583,"base_link|tunnel_floor","wrist2_link|forearm_link"
"local_shape_2mm",59,0.20000000000000001,0.016715390746364554,"base_link|tunnel_floor","wrist2_link|forearm_link"
"local_shape_2mm",60,0.20000000000000001,0.016764602449872264,"base_link|tunnel_floor","wrist2_link|forearm_link"
"local_shape_2mm",61,0.20000000000000001,0.01683493938337878,"base_link|tunnel_floor","wrist2_link|forearm_link"
"local_shape_2mm",62,0.20000000000000001,0.016923775513513178,"base_link|tunnel_floor","wrist2_link|forearm_link"
"local_shape_2mm",63,0.20000000000000001,0.016872782388971646,"base_link|tunnel_floor","wrist2_link|forearm_link"
"local_shape_2mm",64,0.20000000000000001,0.016843199109841715,"base_link|tunnel_floor","wrist2_link|forearm_link"
"local_shape_2mm",65,0.20000000000000001,0.016827362470896112,"base_link|tunnel_floor","wrist2_link|forearm_link"
"local_shape_2mm",66,0.20000000000000001,0.016749271664861506,"base_link|tunnel_floor","wrist2_link|forearm_link"
"local_shape_2mm",67,0.20000000000000001,0.016702156664420854,"base_link|tunnel_floor","wrist2_link|forearm_link"
"local_shape_2mm",68,0.20000000000000001,0.016690123015009242,"base_link|tunnel_floor","wrist2_link|forearm_link"
"local_shape_2mm",69,0.20000000000000001,0.016698345294121116,"base_link|tunnel_floor","wrist2_link|forearm_link"
"local_shape_2mm",70,0.20000000000000001,0.016713038254312602,"base_link|tunnel_floor","wrist2_link|forearm_link"
"local_shape_2mm",71,0.20000000000000001,0.016727651642661205,"base_link|tunnel_floor","wrist2_link|forearm_link"
"local_shape_2mm",72,0.20000000000000001,0.016734696198287869,"base_link|tunnel_floor","wrist2_link|forearm_link"
"local_shape_2mm",73,0.20000000000000001,0.016725787602293117,"base_link|tunnel_floor","wrist2_link|forearm_link"
"local_shape_2mm",74,0.20000000000000001,0.016691835969033997,"base_link|tunnel_floor","wrist2_link|forearm_link"
"local_shape_2mm",75,0.20000000000000001,0.016632723552301155,"base_link|tunnel_floor","wrist2_link|forearm_link"
"local_shape_2mm",76,0.20000000000000001,0.016656935639105194,"base_link|tunnel_floor","wrist2_link|forearm_link"
"local_shape_2mm",77,0.20000000000000001,0.016715110338759546,"base_link|tunnel_floor","wrist2_link|forearm_link"
"local_shape_2mm",78,0.19844710415419548,0.016729780609101876,"upperarm_link|horseshoe_wall_30","wrist2_link|forearm_link"
"local_shape_2mm",79,0.17634796446891093,0.016693507948924515,"upperarm_link|horseshoe_wall_30","wrist2_link|forearm_link"
"local_shape_2mm",80,0.15553748260801589,0.016652733439880916,"upperarm_link|horseshoe_wall_29","wrist2_link|forearm_link"
"local_shape_2mm",81,0.1365266694178108,0.016755555471231243,"upperarm_link|horseshoe_wall_29","wrist2_link|forearm_link"
"local_shape_2mm",82,0.11965377180775615,0.016780811947592147,"upperarm_link|horseshoe_wall_28","wrist2_link|forearm_link"
"local_shape_2mm",83,0.10555612487449048,0.016841332773358454,"upperarm_link|horseshoe_wall_26","wrist2_link|forearm_link"
"local_shape_2mm",84,0.094788290401009015,0.016871845208584462,"upperarm_link|horseshoe_wall_26","wrist2_link|forearm_link"
"local_shape_2mm",85,0.088789016639874777,0.016805790777460999,"upperarm_link|horseshoe_wall_25","wrist2_link|forearm_link"
"local_shape_2mm",86,0.090140917115495295,0.016703760860656416,"upperarm_link|horseshoe_wall_25","wrist2_link|forearm_link"
"local_shape_2mm",87,0.099601404382125294,0.016726555358995591,"upperarm_link|horseshoe_wall_24","wrist2_link|forearm_link"
"local_shape_2mm",88,0.10675595034961077,0.016655146110247463,"upperarm_link|horseshoe_wall_25","wrist2_link|forearm_link"
"local_shape_2mm",89,0.11515388419294126,0.016623605949829926,"upperarm_link|horseshoe_wall_25","wrist2_link|forearm_link"
"local_shape_2mm",90,0.12486658401011352,0.016693701065097457,"upperarm_link|horseshoe_wall_25","wrist2_link|forearm_link"
"local_shape_2mm",91,0.13063882810779848,0.016753693691770693,"forearm_link|horseshoe_wall_25","wrist2_link|forearm_link"
"local_shape_2mm",92,0.13536093761231777,0.016729349730076188,"forearm_link|horseshoe_wall_25","wrist2_link|forearm_link"
"local_shape_2mm",93,0.14068846742547389,0.016748348155867839,"forearm_link|horseshoe_wall_25","wrist2_link|forearm_link"
"local_shape_2mm",94,0.14651771249254619,0.016809255150449186,"forearm_link|horseshoe_wall_25","wrist2_link|forearm_link"
"local_shape_2mm",95,0.14317079977335812,0.016781424527841357,"forearm_link|horseshoe_wall_26","wrist2_link|forearm_link"
"local_shape_2mm",96,0.14314688740080408,0.016791442772631102,"forearm_link|horseshoe_wall_28","wrist2_link|forearm_link"
"local_shape_2mm",97,0.14434293234396545,0.016820346520029519,"forearm_link|horseshoe_wall_29","wrist2_link|forearm_link"
"local_shape_2mm",98,0.14603445777955432,0.016853306027572134,"forearm_link|horseshoe_wall_30","wrist2_link|forearm_link"
"local_shape_2mm",99,0.14793405131665335,0.016884729047497011,"forearm_link|horseshoe_wall_31","wrist2_link|forearm_link"
"local_shape_2mm",100,0.14990598782508402,0.016887508248366795,"forearm_link|horseshoe_wall_31","wrist2_link|forearm_link"
"local_shape_2mm",101,0.15201145379494468,0.016850975100199998,"forearm_link|horseshoe_wall_32","wrist2_link|forearm_link"
"local_shape_2mm",102,0.1542201778195913,0.016817373043656447,"forearm_link|horseshoe_wall_32","wrist2_link|forearm_link"
"local_shape_2mm",103,0.15643464984088962,0.016786912787595695,"forearm_link|horseshoe_wall_33","wrist2_link|forearm_link"
"local_shape_2mm",104,0.15872267962811426,0.016759674997205504,"forearm_link|horseshoe_wall_34","wrist2_link|forearm_link"
"local_shape_2mm",105,0.16102348436113625,0.016735693670630474,"forearm_link|horseshoe_wall_34","wrist2_link|forearm_link"
"local_shape_2mm",106,0.16331119708180275,0.016714999058085444,"forearm_link|horseshoe_wall_35","wrist2_link|forearm_link"
"local_shape_2mm",107,0.16563218474048988,0.016697641911902886,"forearm_link|horseshoe_wall_36","wrist2_link|forearm_link"
"local_shape_2mm",108,0.16790772703608511,0.016683708289622245,"forearm_link|horseshoe_wall_36","wrist2_link|forearm_link"
"local_shape_2mm",109,0.17016045509714336,0.016674424435397954,"forearm_link|horseshoe_wall_37","wrist2_link|forearm_link"
"local_shape_2mm",110,0.17242455926706524,0.016676250901712257,"forearm_link|horseshoe_wall_38","wrist2_link|forearm_link"
"local_shape_2mm",111,0.1746166020857513,0.016684999691596081,"forearm_link|horseshoe_wall_38","wrist2_link|forearm_link"
"local_shape_2mm",112,0.1768001124300439,0.016706246179513183,"forearm_link|horseshoe_wall_39","wrist2_link|forearm_link"
"local_shape_2mm",113,0.17901070531510641,0.01673684271715576,"forearm_link|horseshoe_wall_40","wrist2_link|forearm_link"
"local_shape_2mm",114,0.18115025497983989,0.016706275908007821,"forearm_link|horseshoe_wall_40","wrist2_link|forearm_link"
"local_shape_2mm",115,0.18330710851410653,0.016678669804593833,"forearm_link|horseshoe_wall_41","wrist2_link|forearm_link"
"local_shape_2mm",116,0.18548052127724157,0.016654751941684295,"forearm_link|horseshoe_wall_41","wrist2_link|forearm_link"
"local_shape_2mm",117,0.1875784219581475,0.016635902047398184,"forearm_link|horseshoe_wall_42","wrist2_link|forearm_link"
"local_shape_2mm",118,0.18969319187544237,0.016627640516433524,"forearm_link|horseshoe_wall_43","wrist2_link|forearm_link"
"local_shape_2mm",119,0.19181521078329486,0.016629741051558698,"forearm_link|horseshoe_wall_43","wrist2_link|forearm_link"
"local_shape_2mm",120,0.1938624628133811,0.016636891055916019,"forearm_link|horseshoe_wall_44","wrist2_link|forearm_link"
"local_shape_2mm",121,0.1959206118863,0.016651145101215889,"forearm_link|horseshoe_wall_45","wrist2_link|forearm_link"
"local_shape_2mm",122,0.1979802641262679,0.0166750875331435,"forearm_link|horseshoe_wall_45","wrist2_link|forearm_link"
"local_shape_2mm",123,0.19996432660535415,0.016708694797010547,"forearm_link|horseshoe_wall_46","wrist2_link|forearm_link"
"local_shape_2mm",124,0.20000000000000001,0.016747897986504837,"base_link|tunnel_floor","wrist2_link|forearm_link"
"local_shape_2mm",125,0.20000000000000001,0.01676405516702742,"base_link|tunnel_floor","wrist2_link|forearm_link"
"local_shape_2mm",126,0.20000000000000001,0.016756866486346642,"base_link|tunnel_floor","wrist2_link|forearm_link"
"local_shape_2mm",127,0.20000000000000001,0.01674620470730943,"base_link|tunnel_floor","wrist2_link|forearm_link"
"local_shape_2mm",128,0.20000000000000001,0.016735745942374872,"base_link|tunnel_floor","wrist2_link|forearm_link"
"local_shape_2mm",129,0.20000000000000001,0.016734109517927316,"base_link|tunnel_floor","wrist2_link|forearm_link"
"local_shape_2mm",130,0.20000000000000001,0.016739279373139813,"base_link|tunnel_floor","wrist2_link|forearm_link"
"local_shape_2mm",131,0.20000000000000001,0.016747861727596344,"base_link|tunnel_floor","wrist2_link|forearm_link"
"local_shape_2mm",132,0.20000000000000001,0.016763991000396848,"base_link|tunnel_floor","wrist2_link|forearm_link"
"local_shape_2mm",133,0.20000000000000001,0.016787935959549943,"base_link|tunnel_floor","wrist2_link|forearm_link"
"local_shape_2mm",134,0.20000000000000001,0.016818752996426694,"base_link|tunnel_floor","wrist2_link|forearm_link"
"local_shape_2mm",135,0.20000000000000001,0.016848726284794693,"base_link|tunnel_floor","wrist2_link|forearm_link"
"local_shape_2mm",136,0.20000000000000001,0.016876215036157997,"base_link|tunnel_floor","wrist2_link|forearm_link"
"local_shape_2mm",137,0.20000000000000001,0.016901250069046438,"base_link|tunnel_floor","wrist2_link|forearm_link"
"local_shape_2mm",138,0.20000000000000001,0.016888036220705754,"base_link|tunnel_floor","wrist2_link|forearm_link"
"local_shape_2mm",139,0.20000000000000001,0.016855191569835861,"base_link|tunnel_floor","wrist2_link|forearm_link"
"local_shape_2mm",140,0.20000000000000001,0.016824097627022114,"base_link|tunnel_floor","wrist2_link|forearm_link"
"local_shape_2mm",141,0.20000000000000001,0.016794880130753486,"base_link|tunnel_floor","wrist2_link|forearm_link"
"local_shape_2mm",142,0.20000000000000001,0.016769890162111965,"base_link|tunnel_floor","wrist2_link|forearm_link"
"local_shape_2mm",143,0.20000000000000001,0.016751356761825396,"base_link|tunnel_floor","wrist2_link|forearm_link"
"local_shape_2mm",144,0.20000000000000001,0.016738088699453653,"base_link|tunnel_floor","wrist2_link|forearm_link"
"local_shape_2mm",145,0.20000000000000001,0.016729127436785649,"base_link|tunnel_floor","wrist2_link|forearm_link"
"local_shape_2mm",146,0.20000000000000001,0.016723765314624297,"base_link|tunnel_floor","wrist2_link|forearm_link"
"local_shape_2mm",147,0.20000000000000001,0.016721535899404491,"base_link|tunnel_floor","wrist2_link|forearm_link"
"local_shape_2mm",148,0.20000000000000001,0.016722200591032001,"base_link|tunnel_floor","wrist2_link|forearm_link"
"local_shape_2mm",149,0.20000000000000001,0.016725732802772245,"base_link|tunnel_floor","wrist2_link|forearm_link"
"local_shape_2mm",150,0.20000000000000001,0.016742714104774854,"base_link|tunnel_floor","wrist2_link|forearm_link"
"local_shape_2mm",151,0.20000000000000001,0.016795153905937131,"base_link|tunnel_floor","wrist2_link|forearm_link"
"local_shape_2mm",152,0.20000000000000001,0.016909364472585692,"base_link|tunnel_floor","wrist2_link|forearm_link"
"local_shape_2mm",153,0.20000000000000001,0.016760495548674446,"base_link|tunnel_floor","wrist2_link|forearm_link"
"local_shape_2mm",154,0.20000000000000001,0.016764637551711953,"base_link|tunnel_floor","wrist2_link|forearm_link"
"local_shape_2mm",155,0.20000000000000001,0.016644504966528521,"base_link|tunnel_floor","wrist2_link|forearm_link"
"local_shape_2mm",156,0.20000000000000001,0.016690870517538408,"base_link|tunnel_floor","wrist2_link|forearm_link"
"local_shape_2mm",157,0.20000000000000001,0.016813129277343752,"base_link|tunnel_floor","wrist2_link|forearm_link"
"local_shape_2mm",158,0.20000000000000001,0.016763277103669476,"base_link|tunnel_floor","wrist2_link|forearm_link"
"local_shape_2mm",159,0.20000000000000001,0.016647881891386142,"base_link|tunnel_floor","wrist2_link|forearm_link"
"local_shape_2mm",160,0.20000000000000001,0.016659009081937577,"base_link|tunnel_floor","wrist2_link|forearm_link"
"local_shape_2mm",161,0.20000000000000001,0.016754458114736189,"base_link|tunnel_floor","wrist2_link|forearm_link"
"local_shape_2mm",162,0.20000000000000001,0.016763340770587703,"base_link|tunnel_floor","wrist2_link|forearm_link"
"local_shape_2mm",163,0.20000000000000001,0.01687009135929422,"base_link|tunnel_floor","wrist2_link|forearm_link"
"local_shape_2mm",164,0.20000000000000001,0.016722742202775996,"base_link|tunnel_floor","wrist2_link|forearm_link"
"local_shape_2mm",165,0.20000000000000001,0.016679917806690196,"base_link|tunnel_floor","wrist2_link|forearm_link"
"local_shape_2mm",166,0.20000000000000001,0.016666334100021857,"base_link|tunnel_floor","wrist2_link|forearm_link"
"local_shape_2mm",167,0.20000000000000001,0.016649550592228789,"base_link|tunnel_floor","wrist2_link|forearm_link"
"local_shape_2mm",168,0.20000000000000001,0.016751699581921249,"base_link|tunnel_floor","wrist2_link|forearm_link"
"local_shape_2mm",169,0.20000000000000001,0.016768751530984258,"base_link|tunnel_floor","wrist2_link|forearm_link"
"local_shape_2mm",170,0.20000000000000001,0.016884492871638554,"base_link|tunnel_floor","wrist2_link|forearm_link"
"local_shape_2mm",171,0.20000000000000001,0.016734134138749624,"base_link|tunnel_floor","wrist2_link|forearm_link"
"local_shape_2mm",172,0.20000000000000001,0.016674286322949837,"base_link|tunnel_floor","wrist2_link|forearm_link"
"local_shape_2mm",173,0.20000000000000001,0.016682331346936263,"base_link|tunnel_floor","wrist2_link|forearm_link"
"local_shape_2mm",174,0.20000000000000001,0.01663213148725428,"base_link|tunnel_floor","wrist2_link|forearm_link"
"local_shape_2mm",175,0.20000000000000001,0.016761638864325166,"base_link|tunnel_floor","wrist2_link|forearm_link"
"local_shape_2mm",176,0.20000000000000001,0.016733479730554553,"base_link|tunnel_floor","wrist2_link|forearm_link"
"local_shape_2mm",177,0.20000000000000001,0.016807619302052011,"base_link|tunnel_floor","wrist2_link|forearm_link"
"local_shape_2mm",178,0.20000000000000001,0.016852718022833887,"base_link|tunnel_floor","wrist2_link|forearm_link"
"local_shape_2mm",179,0.20000000000000001,0.016727460955055916,"base_link|tunnel_floor","wrist2_link|forearm_link"
"local_shape_2mm",180,0.20000000000000001,0.016627569357890538,"base_link|tunnel_floor","wrist2_link|forearm_link"
"local_shape_minus_2mm",0,0.20000000000000001,0.016836332585723032,"base_link|tunnel_floor","wrist2_link|forearm_link"
"local_shape_minus_2mm",1,0.20000000000000001,0.016845881801387887,"base_link|tunnel_floor","wrist2_link|forearm_link"
"local_shape_minus_2mm",2,0.20000000000000001,0.016654625670177142,"base_link|tunnel_floor","wrist2_link|forearm_link"
"local_shape_minus_2mm",3,0.20000000000000001,0.016755178830541798,"base_link|tunnel_floor","wrist2_link|forearm_link"
"local_shape_minus_2mm",4,0.20000000000000001,0.016858740081537614,"base_link|tunnel_floor","wrist2_link|forearm_link"
"local_shape_minus_2mm",5,0.20000000000000001,0.016677991262512657,"base_link|tunnel_floor","wrist2_link|forearm_link"
"local_shape_minus_2mm",6,0.20000000000000001,0.016730034696398634,"base_link|tunnel_floor","wrist2_link|forearm_link"
"local_shape_minus_2mm",7,0.20000000000000001,0.016785710597003147,"base_link|tunnel_floor","wrist2_link|forearm_link"
"local_shape_minus_2mm",8,0.20000000000000001,0.016673184123179505,"base_link|tunnel_floor","wrist2_link|forearm_link"
"local_shape_minus_2mm",9,0.20000000000000001,0.016745431932222724,"base_link|tunnel_floor","wrist2_link|forearm_link"
"local_shape_minus_2mm",10,0.20000000000000001,0.016798758979881374,"base_link|tunnel_floor","wrist2_link|forearm_link"
"local_shape_minus_2mm",11,0.20000000000000001,0.016749644254308117,"base_link|tunnel_floor","wrist2_link|forearm_link"
"local_shape_minus_2mm",12,0.20000000000000001,0.016762608407093142,"base_link|tunnel_floor","wrist2_link|forearm_link"
"local_shape_minus_2mm",13,0.20000000000000001,0.016749646766677118,"base_link|tunnel_floor","wrist2_link|forearm_link"
"local_shape_minus_2mm",14,0.20000000000000001,0.016745471711788872,"base_link|tunnel_floor","wrist2_link|forearm_link"
"local_shape_minus_2mm",15,0.20000000000000001,0.016861323567134708,"base_link|tunnel_floor","wrist2_link|forearm_link"
"local_shape_minus_2mm",16,0.20000000000000001,0.016714443537679015,"base_link|tunnel_floor","wrist2_link|forearm_link"
"local_shape_minus_2mm",17,0.20000000000000001,0.016676027474493052,"base_link|tunnel_floor","wrist2_link|forearm_link"
"local_shape_minus_2mm",18,0.20000000000000001,0.016674936743000773,"base_link|tunnel_floor","wrist2_link|forearm_link"
"local_shape_minus_2mm",19,0.20000000000000001,0.016827810509749519,"base_link|tunnel_floor","wrist2_link|forearm_link"
"local_shape_minus_2mm",20,0.20000000000000001,0.016781472449404981,"base_link|tunnel_floor","wrist2_link|forearm_link"
"local_shape_minus_2mm",21,0.20000000000000001,0.016753826489760756,"base_link|tunnel_floor","wrist2_link|forearm_link"
"local_shape_minus_2mm",22,0.20000000000000001,0.01673519516294027,"base_link|tunnel_floor","wrist2_link|forearm_link"
"local_shape_minus_2mm",23,0.20000000000000001,0.016758440598610053,"base_link|tunnel_floor","wrist2_link|forearm_link"
"local_shape_minus_2mm",24,0.20000000000000001,0.016819108583076885,"base_link|tunnel_floor","wrist2_link|forearm_link"
"local_shape_minus_2mm",25,0.20000000000000001,0.016690968108452532,"base_link|tunnel_floor","wrist2_link|forearm_link"
"local_shape_minus_2mm",26,0.20000000000000001,0.01663597727307032,"base_link|tunnel_floor","wrist2_link|forearm_link"
"local_shape_minus_2mm",27,0.20000000000000001,0.01673810590591918,"base_link|tunnel_floor","wrist2_link|forearm_link"
"local_shape_minus_2mm",28,0.20000000000000001,0.016902402490463556,"base_link|tunnel_floor","wrist2_link|forearm_link"
"local_shape_minus_2mm",29,0.20000000000000001,0.01680789095229494,"base_link|tunnel_floor","wrist2_link|forearm_link"
"local_shape_minus_2mm",30,0.20000000000000001,0.016785219535583328,"base_link|tunnel_floor","wrist2_link|forearm_link"
"local_shape_minus_2mm",31,0.20000000000000001,0.016784148425729006,"base_link|tunnel_floor","wrist2_link|forearm_link"
"local_shape_minus_2mm",32,0.20000000000000001,0.016797656049246063,"base_link|tunnel_floor","wrist2_link|forearm_link"
"local_shape_minus_2mm",33,0.20000000000000001,0.016828092688980965,"base_link|tunnel_floor","wrist2_link|forearm_link"
"local_shape_minus_2mm",34,0.20000000000000001,0.016880574044097405,"base_link|tunnel_floor","wrist2_link|forearm_link"
"local_shape_minus_2mm",35,0.20000000000000001,0.016872761996225678,"base_link|tunnel_floor","wrist2_link|forearm_link"
"local_shape_minus_2mm",36,0.20000000000000001,0.016785681368832149,"base_link|tunnel_floor","wrist2_link|forearm_link"
"local_shape_minus_2mm",37,0.20000000000000001,0.016733122108650134,"base_link|tunnel_floor","forearm_link|wrist2_link"
"local_shape_minus_2mm",38,0.20000000000000001,0.016749744814991696,"base_link|tunnel_floor","forearm_link|wrist2_link"
"local_shape_minus_2mm",39,0.20000000000000001,0.016724917752579112,"base_link|tunnel_floor","forearm_link|wrist2_link"
"local_shape_minus_2mm",40,0.20000000000000001,0.016640819474950129,"base_link|tunnel_floor","forearm_link|wrist2_link"
"local_shape_minus_2mm",41,0.20000000000000001,0.016623856490354357,"base_link|tunnel_floor","forearm_link|wrist2_link"
"local_shape_minus_2mm",42,0.20000000000000001,0.016672479647726071,"base_link|tunnel_floor","forearm_link|wrist2_link"
"local_shape_minus_2mm",43,0.20000000000000001,0.016716815248662961,"base_link|tunnel_floor","forearm_link|wrist2_link"
"local_shape_minus_2mm",44,0.20000000000000001,0.016684233965672153,"base_link|tunnel_floor","forearm_link|wrist2_link"
"local_shape_minus_2mm",45,0.20000000000000001,0.016689826300102906,"base_link|tunnel_floor","forearm_link|wrist2_link"
"local_shape_minus_2mm",46,0.20000000000000001,0.016744338145298656,"base_link|tunnel_floor","forearm_link|wrist2_link"
"local_shape_minus_2mm",47,0.20000000000000001,0.016848020783351157,"base_link|tunnel_floor","forearm_link|wrist2_link"
"local_shape_minus_2mm",48,0.20000000000000001,0.016901392622134137,"base_link|tunnel_floor","forearm_link|wrist2_link"
"local_shape_minus_2mm",49,0.20000000000000001,0.016844008513499174,"base_link|tunnel_floor","forearm_link|wrist2_link"
"local_shape_minus_2mm",50,0.20000000000000001,0.016819759508491142,"base_link|tunnel_floor","forearm_link|wrist2_link"
"local_shape_minus_2mm",51,0.20000000000000001,0.016811276201417202,"base_link|tunnel_floor","forearm_link|wrist2_link"
"local_shape_minus_2mm",52,0.20000000000000001,0.016753598826538048,"base_link|tunnel_floor","forearm_link|wrist2_link"
"local_shape_minus_2mm",53,0.20000000000000001,0.016729326707261093,"base_link|tunnel_floor","forearm_link|wrist2_link"
"local_shape_minus_2mm",54,0.20000000000000001,0.016737688585993438,"base_link|tunnel_floor","forearm_link|wrist2_link"
"local_shape_minus_2mm",55,0.20000000000000001,0.016748206783624167,"base_link|tunnel_floor","forearm_link|wrist2_link"
"local_shape_minus_2mm",56,0.20000000000000001,0.016710424144517812,"base_link|tunnel_floor","wrist2_link|forearm_link"
"local_shape_minus_2mm",57,0.20000000000000001,0.016700032998412186,"base_link|tunnel_floor","wrist2_link|forearm_link"
"local_shape_minus_2mm",58,0.20000000000000001,0.016715726500131579,"base_link|tunnel_floor","wrist2_link|forearm_link"
"local_shape_minus_2mm",59,0.20000000000000001,0.01675594035689653,"base_link|tunnel_floor","wrist2_link|forearm_link"
"local_shape_minus_2mm",60,0.20000000000000001,0.016818768844861647,"base_link|tunnel_floor","wrist2_link|forearm_link"
"local_shape_minus_2mm",61,0.20000000000000001,0.016901880619126806,"base_link|tunnel_floor","wrist2_link|forearm_link"
"local_shape_minus_2mm",62,0.20000000000000001,0.016886534414508499,"base_link|tunnel_floor","wrist2_link|forearm_link"
"local_shape_minus_2mm",63,0.20000000000000001,0.016850235699323063,"base_link|tunnel_floor","wrist2_link|forearm_link"
"local_shape_minus_2mm",64,0.20000000000000001,0.016835943426966146,"base_link|tunnel_floor","wrist2_link|forearm_link"
"local_shape_minus_2mm",65,0.20000000000000001,0.016797001022941419,"base_link|tunnel_floor","wrist2_link|forearm_link"
"local_shape_minus_2mm",66,0.20000000000000001,0.016719133958670369,"base_link|tunnel_floor","wrist2_link|forearm_link"
"local_shape_minus_2mm",67,0.20000000000000001,0.016669537509234954,"base_link|tunnel_floor","wrist2_link|forearm_link"
"local_shape_minus_2mm",68,0.20000000000000001,0.016654082323653036,"base_link|tunnel_floor","wrist2_link|forearm_link"
"local_shape_minus_2mm",69,0.20000000000000001,0.016672970676610943,"base_link|tunnel_floor","wrist2_link|forearm_link"
"local_shape_minus_2mm",70,0.20000000000000001,0.016699178811172683,"base_link|tunnel_floor","wrist2_link|forearm_link"
"local_shape_minus_2mm",71,0.20000000000000001,0.01672324766985336,"base_link|tunnel_floor","wrist2_link|forearm_link"
"local_shape_minus_2mm",72,0.20000000000000001,0.016737568574870222,"base_link|tunnel_floor","wrist2_link|forearm_link"
"local_shape_minus_2mm",73,0.20000000000000001,0.016733679256417427,"base_link|tunnel_floor","wrist2_link|forearm_link"
"local_shape_minus_2mm",74,0.20000000000000001,0.016702476290659855,"base_link|tunnel_floor","wrist2_link|forearm_link"
"local_shape_minus_2mm",75,0.20000000000000001,0.016640143444412239,"base_link|tunnel_floor","wrist2_link|forearm_link"
"local_shape_minus_2mm",76,0.20000000000000001,0.016656154033581051,"base_link|tunnel_floor","wrist2_link|forearm_link"
"local_shape_minus_2mm",77,0.20000000000000001,0.016715421018857254,"base_link|tunnel_floor","wrist2_link|forearm_link"
"local_shape_minus_2mm",78,0.19441852148209143,0.016729503682560813,"upperarm_link|horseshoe_wall_30","wrist2_link|forearm_link"
"local_shape_minus_2mm",79,0.17279540814263927,0.016691374211891114,"upperarm_link|horseshoe_wall_30","wrist2_link|forearm_link"
"local_shape_minus_2mm",80,0.15246689328566582,0.016649794304704545,"upperarm_link|horseshoe_wall_29","wrist2_link|forearm_link"
"local_shape_minus_2mm",81,0.1340066267897323,0.016756202040571388,"upperarm_link|horseshoe_wall_29","wrist2_link|forearm_link"
"local_shape_minus_2mm",82,0.11767057070880953,0.016782936370590584,"upperarm_link|horseshoe_wall_28","wrist2_link|forearm_link"
"local_shape_minus_2mm",83,0.10399813701503856,0.016841373152535005,"upperarm_link|horseshoe_wall_26","wrist2_link|forearm_link"
"local_shape_minus_2mm",84,0.093914485233211983,0.016870253116228931,"upperarm_link|horseshoe_wall_26","wrist2_link|forearm_link"
"local_shape_minus_2mm",85,0.088377782941726532,0.016804415226933184,"upperarm_link|horseshoe_wall_25","wrist2_link|forearm_link"
"local_shape_minus_2mm",86,0.090592825115786993,0.016700612727553209,"upperarm_link|horseshoe_wall_25","wrist2_link|forearm_link"
"local_shape_minus_2mm",87,0.099757854741331128,0.016726060644949855,"upperarm_link|horseshoe_wall_24","wrist2_link|forearm_link"
"local_shape_minus_2mm",88,0.10691006779801381,0.016655359865906428,"upperarm_link|horseshoe_wall_25","wrist2_link|forearm_link"
"local_shape_minus_2mm",89,0.11524834374415892,0.016623567826792352,"upperarm_link|horseshoe_wall_25","wrist2_link|forearm_link"
"local_shape_minus_2mm",90,0.12486658429000716,0.016693701066719396,"upperarm_link|horseshoe_wall_25","wrist2_link|forearm_link"
"local_shape_minus_2mm",91,0.1306095249240275,0.016753570936225922,"forearm_link|horseshoe_wall_25","wrist2_link|forearm_link"
"local_shape_minus_2mm",92,0.13529018360025236,0.016729235982749349,"forearm_link|horseshoe_wall_25","wrist2_link|forearm_link"
"local_shape_minus_2mm",93,0.14056397626009476,0.016749384088997812,"forearm_link|horseshoe_wall_25","wrist2_link|forearm_link"
"local_shape_minus_2mm",94,0.14631016031615882,0.016812400896084302,"forearm_link|horseshoe_wall_25","wrist2_link|forearm_link"
"local_shape_minus_2mm",95,0.14350399478300599,0.016789990132484174,"forearm_link|horseshoe_wall_26","wrist2_link|forearm_link"
"local_shape_minus_2mm",96,0.14328274662016866,0.016800424801545099,"forearm_link|horseshoe_wall_28","wrist2_link|forearm_link"
"local_shape_minus_2mm",97,0.14446055700071223,0.016831052666725049,"forearm_link|horseshoe_wall_29","wrist2_link|forearm_link"
"local_shape_minus_2mm",98,0.14613050344149434,0.016864062618754134,"forearm_link|horseshoe_wall_30","wrist2_link|forearm_link"
"local_shape_minus_2mm",99,0.14802331036882799,0.016895325166651289,"forearm_link|horseshoe_wall_31","wrist2_link|forearm_link"
"local_shape_minus_2mm",100,0.14997746163928263,0.016872466418915637,"forearm_link|horseshoe_wall_31","wrist2_link|forearm_link"
"local_shape_minus_2mm",101,0.15206954873600292,0.016835937777069931,"forearm_link|horseshoe_wall_32","wrist2_link|forearm_link"
"local_shape_minus_2mm",102,0.15426014202029628,0.016802582074985545,"forearm_link|horseshoe_wall_32","wrist2_link|forearm_link"
"local_shape_minus_2mm",103,0.15646046193698626,0.016772630435403744,"forearm_link|horseshoe_wall_33","wrist2_link|forearm_link"
"local_shape_minus_2mm",104,0.15873423651284432,0.016746179362516274,"forearm_link|horseshoe_wall_34","wrist2_link|forearm_link"
"local_shape_minus_2mm",105,0.16101076567259387,0.016723277221340316,"forearm_link|horseshoe_wall_34","wrist2_link|forearm_link"
"local_shape_minus_2mm",106,0.16328249094267416,0.016703968380103976,"forearm_link|horseshoe_wall_35","wrist2_link|forearm_link"
"local_shape_minus_2mm",107,0.16558814125662105,0.016688317954478653,"forearm_link|horseshoe_wall_36","wrist2_link|forearm_link"
"local_shape_minus_2mm",108,0.16783206027178421,0.01667653724291952,"forearm_link|horseshoe_wall_36","wrist2_link|forearm_link"
"local_shape_minus_2mm",109,0.1700684642572422,0.016674815697873331,"forearm_link|horseshoe_wall_37","wrist2_link|forearm_link"
"local_shape_minus_2mm",110,0.17231684905524244,0.016681665056640659,"forearm_link|horseshoe_wall_38","wrist2_link|forearm_link"
"local_shape_minus_2mm",111,0.17447033676407372,0.01669976551631314,"forearm_link|horseshoe_wall_38","wrist2_link|forearm_link"
"local_shape_minus_2mm",112,0.17663736336611838,0.016730969429719411,"forearm_link|horseshoe_wall_39","wrist2_link|forearm_link"
"local_shape_minus_2mm",113,0.17880950957941572,0.016709874353754473,"forearm_link|horseshoe_wall_39","wrist2_link|forearm_link"
"local_shape_minus_2mm",114,0.18092469639339712,0.016680131387054271,"forearm_link|horseshoe_wall_40","wrist2_link|forearm_link"
"local_shape_minus_2mm",115,0.18306407801208663,0.016654613568213645,"forearm_link|horseshoe_wall_41","wrist2_link|forearm_link"
"local_shape_minus_2mm",116,0.18518418073929846,0.016635007873381537,"forearm_link|horseshoe_wall_41","wrist2_link|forearm_link"
"local_shape_minus_2mm",117,0.18726367581735393,0.016627429902315437,"forearm_link|horseshoe_wall_42","wrist2_link|forearm_link"
"local_shape_minus_2mm",118,0.18936127526244337,0.016631045910704287,"forearm_link|horseshoe_wall_43","wrist2_link|forearm_link"
"local_shape_minus_2mm",119,0.19142197860099472,0.016639682786738587,"forearm_link|horseshoe_wall_43","wrist2_link|forearm_link"
"local_shape_minus_2mm",120,0.19345209401818556,0.01665738473852971,"forearm_link|horseshoe_wall_44","wrist2_link|forearm_link"
"local_shape_minus_2mm",121,0.19549499638229859,0.016685485880140564,"forearm_link|horseshoe_wall_45","wrist2_link|forearm_link"
"local_shape_minus_2mm",122,0.19748824125307157,0.016723072498016019,"forearm_link|horseshoe_wall_45","wrist2_link|forearm_link"
"local_shape_minus_2mm",123,0.199456463752824,0.016764420307951063,"forearm_link|horseshoe_wall_46","wrist2_link|forearm_link"
"local_shape_minus_2mm",124,0.20000000000000001,0.016761597301732174,"base_link|tunnel_floor","wrist2_link|forearm_link"
"local_shape_minus_2mm",125,0.20000000000000001,0.016752789766279551,"base_link|tunnel_floor","wrist2_link|forearm_link"
"local_shape_minus_2mm",126,0.20000000000000001,0.016740422240378916,"base_link|tunnel_floor","wrist2_link|forearm_link"
"local_shape_minus_2mm",127,0.20000000000000001,0.016733817374905965,"base_link|tunnel_floor","wrist2_link|forearm_link"
"local_shape_minus_2mm",128,0.20000000000000001,0.016737062847088438,"base_link|tunnel_floor","wrist2_link|forearm_link"
"local_shape_minus_2mm",129,0.20000000000000001,0.016744449472944099,"base_link|tunnel_floor","wrist2_link|forearm_link"
"local_shape_minus_2mm",130,0.20000000000000001,0.016758901080397737,"base_link|tunnel_floor","wrist2_link|forearm_link"
"local_shape_minus_2mm",131,0.20000000000000001,0.016781722916918266,"base_link|tunnel_floor","wrist2_link|forearm_link"
"local_shape_minus_2mm",132,0.20000000000000001,0.016812324764112145,"base_link|tunnel_floor","wrist2_link|forearm_link"
"local_shape_minus_2mm",133,0.20000000000000001,0.016843261606878376,"base_link|tunnel_floor","wrist2_link|forearm_link"
"local_shape_minus_2mm",134,0.20000000000000001,0.016871290577810075,"base_link|tunnel_floor","wrist2_link|forearm_link"
"local_shape_minus_2mm",135,0.20000000000000001,0.016896561293348857,"base_link|tunnel_floor","wrist2_link|forearm_link"
"local_shape_minus_2mm",136,0.20000000000000001,0.016895164832691111,"base_link|tunnel_floor","wrist2_link|forearm_link"
"local_shape_minus_2mm",137,0.20000000000000001,0.016862977047292019,"base_link|tunnel_floor","wrist2_link|forearm_link"
"local_shape_minus_2mm",138,0.20000000000000001,0.016832673462421729,"base_link|tunnel_floor","wrist2_link|forearm_link"
"local_shape_minus_2mm",139,0.20000000000000001,0.016804264404114266,"base_link|tunnel_floor","wrist2_link|forearm_link"
"local_shape_minus_2mm",140,0.20000000000000001,0.016777817864167679,"base_link|tunnel_floor","wrist2_link|forearm_link"
"local_shape_minus_2mm",141,0.20000000000000001,0.01675346042387011,"base_link|tunnel_floor","wrist2_link|forearm_link"
"local_shape_minus_2mm",142,0.20000000000000001,0.016733111465414747,"base_link|tunnel_floor","wrist2_link|forearm_link"
"local_shape_minus_2mm",143,0.20000000000000001,0.016718405618872001,"base_link|tunnel_floor","wrist2_link|forearm_link"
"local_shape_minus_2mm",144,0.20000000000000001,0.016708155347415887,"base_link|tunnel_floor","wrist2_link|forearm_link"
"local_shape_minus_2mm",145,0.20000000000000001,0.016701416947604457,"base_link|tunnel_floor","wrist2_link|forearm_link"
"local_shape_minus_2mm",146,0.20000000000000001,0.016697503892663609,"base_link|tunnel_floor","wrist2_link|forearm_link"
"local_shape_minus_2mm",147,0.20000000000000001,0.016695976531715773,"base_link|tunnel_floor","wrist2_link|forearm_link"
"local_shape_minus_2mm",148,0.20000000000000001,0.016696628185376525,"base_link|tunnel_floor","wrist2_link|forearm_link"
"local_shape_minus_2mm",149,0.20000000000000001,0.016699468951944213,"base_link|tunnel_floor","wrist2_link|forearm_link"
"local_shape_minus_2mm",150,0.20000000000000001,0.016712775011523965,"base_link|tunnel_floor","wrist2_link|forearm_link"
"local_shape_minus_2mm",151,0.20000000000000001,0.016755606383047413,"base_link|tunnel_floor","wrist2_link|forearm_link"
"local_shape_minus_2mm",152,0.20000000000000001,0.016854020732820524,"base_link|tunnel_floor","wrist2_link|forearm_link"
"local_shape_minus_2mm",153,0.20000000000000001,0.016805956193690377,"base_link|tunnel_floor","wrist2_link|forearm_link"
"local_shape_minus_2mm",154,0.20000000000000001,0.016752255952538885,"base_link|tunnel_floor","wrist2_link|forearm_link"
"local_shape_minus_2mm",155,0.20000000000000001,0.016627553622224511,"base_link|tunnel_floor","wrist2_link|forearm_link"
"local_shape_minus_2mm",156,0.20000000000000001,0.016675085472724654,"base_link|tunnel_floor","wrist2_link|forearm_link"
"local_shape_minus_2mm",157,0.20000000000000001,0.01686756635892778,"base_link|tunnel_floor","wrist2_link|forearm_link"
"local_shape_minus_2mm",158,0.20000000000000001,0.016750247926962523,"base_link|tunnel_floor","wrist2_link|forearm_link"
"local_shape_minus_2mm",159,0.20000000000000001,0.016688143164223474,"base_link|tunnel_floor","wrist2_link|forearm_link"
"local_shape_minus_2mm",160,0.20000000000000001,0.016704906029959426,"base_link|tunnel_floor","wrist2_link|forearm_link"
"local_shape_minus_2mm",161,0.20000000000000001,0.016738643023065634,"base_link|tunnel_floor","wrist2_link|forearm_link"
"local_shape_minus_2mm",162,0.20000000000000001,0.016800821709540351,"base_link|tunnel_floor","wrist2_link|forearm_link"
"local_shape_minus_2mm",163,0.20000000000000001,0.016830565582219882,"base_link|tunnel_floor","wrist2_link|forearm_link"
"local_shape_minus_2mm",164,0.20000000000000001,0.016703871432436873,"base_link|tunnel_floor","wrist2_link|forearm_link"
"local_shape_minus_2mm",165,0.20000000000000001,0.016692385964505993,"base_link|tunnel_floor","wrist2_link|forearm_link"
"local_shape_minus_2mm",166,0.20000000000000001,0.016645994818227434,"base_link|tunnel_floor","wrist2_link|forearm_link"
"local_shape_minus_2mm",167,0.20000000000000001,0.0166699489347585,"base_link|tunnel_floor","wrist2_link|forearm_link"
"local_shape_minus_2mm",168,0.20000000000000001,0.016742338568607889,"base_link|tunnel_floor","wrist2_link|forearm_link"
"local_shape_minus_2mm",169,0.20000000000000001,0.016788940560978866,"base_link|tunnel_floor","wrist2_link|forearm_link"
"local_shape_minus_2mm",170,0.20000000000000001,0.016862536290667741,"base_link|tunnel_floor","wrist2_link|forearm_link"
"local_shape_minus_2mm",171,0.20000000000000001,0.01672317394657585,"base_link|tunnel_floor","wrist2_link|forearm_link"
"local_shape_minus_2mm",172,0.20000000000000001,0.016676340712444102,"base_link|tunnel_floor","wrist2_link|forearm_link"
"local_shape_minus_2mm",173,0.20000000000000001,0.016672050595321151,"base_link|tunnel_floor","wrist2_link|forearm_link"
"local_shape_minus_2mm",174,0.20000000000000001,0.016635168595862736,"base_link|tunnel_floor","wrist2_link|forearm_link"
"local_shape_minus_2mm",175,0.20000000000000001,0.016770582427325816,"base_link|tunnel_floor","wrist2_link|forearm_link"
"local_shape_minus_2mm",176,0.20000000000000001,0.016734420218275262,"base_link|tunnel_floor","wrist2_link|forearm_link"
"local_shape_minus_2mm",177,0.20000000000000001,0.016810626969340197,"base_link|tunnel_floor","wrist2_link|forearm_link"
"local_shape_minus_2mm",178,0.20000000000000001,0.016852693345842926,"base_link|tunnel_floor","wrist2_link|forearm_link"
"local_shape_minus_2mm",179,0.20000000000000001,0.016725858796917729,"base_link|tunnel_floor","wrist2_link|forearm_link"
"local_shape_minus_2mm",180,0.20000000000000001,0.016627569424119675,"base_link|tunnel_floor","wrist2_link|forearm_link"
"near_singular_plus",0,0.20000000000000001,0.016836332585723032,"base_link|tunnel_floor","wrist2_link|forearm_link"
"near_singular_plus",1,0.20000000000000001,0.016845881801387887,"base_link|tunnel_floor","wrist2_link|forearm_link"
"near_singular_plus",2,0.20000000000000001,0.016654625670177142,"base_link|tunnel_floor","wrist2_link|forearm_link"
"near_singular_plus",3,0.20000000000000001,0.016755178830541798,"base_link|tunnel_floor","wrist2_link|forearm_link"
"near_singular_plus",4,0.20000000000000001,0.016858740081537614,"base_link|tunnel_floor","wrist2_link|forearm_link"
"near_singular_plus",5,0.20000000000000001,0.016677991262512657,"base_link|tunnel_floor","wrist2_link|forearm_link"
"near_singular_plus",6,0.20000000000000001,0.016730034696398634,"base_link|tunnel_floor","wrist2_link|forearm_link"
"near_singular_plus",7,0.20000000000000001,0.016785710597003147,"base_link|tunnel_floor","wrist2_link|forearm_link"
"near_singular_plus",8,0.20000000000000001,0.016673184123179505,"base_link|tunnel_floor","wrist2_link|forearm_link"
"near_singular_plus",9,0.20000000000000001,0.016745431932222724,"base_link|tunnel_floor","wrist2_link|forearm_link"
"near_singular_plus",10,0.20000000000000001,0.016798758979881374,"base_link|tunnel_floor","wrist2_link|forearm_link"
"near_singular_plus",11,0.20000000000000001,0.016749644254308117,"base_link|tunnel_floor","wrist2_link|forearm_link"
"near_singular_plus",12,0.20000000000000001,0.016762608407093142,"base_link|tunnel_floor","wrist2_link|forearm_link"
"near_singular_plus",13,0.20000000000000001,0.016749646766677118,"base_link|tunnel_floor","wrist2_link|forearm_link"
"near_singular_plus",14,0.20000000000000001,0.016745471711788872,"base_link|tunnel_floor","wrist2_link|forearm_link"
"near_singular_plus",15,0.20000000000000001,0.016875222772982347,"base_link|tunnel_floor","wrist2_link|forearm_link"
"near_singular_plus",16,0.20000000000000001,0.016727121531925453,"base_link|tunnel_floor","wrist2_link|forearm_link"
"near_singular_plus",17,0.20000000000000001,0.016657968358840168,"base_link|tunnel_floor","wrist2_link|forearm_link"
"near_singular_plus",18,0.20000000000000001,0.016669511893615662,"base_link|tunnel_floor","wrist2_link|forearm_link"
"near_singular_plus",19,0.20000000000000001,0.016809528507772876,"base_link|tunnel_floor","wrist2_link|forearm_link"
"near_singular_plus",20,0.20000000000000001,0.016806816575286009,"base_link|tunnel_floor","wrist2_link|forearm_link"
"near_singular_plus",21,0.20000000000000001,0.016741678993671086,"base_link|tunnel_floor","wrist2_link|forearm_link"
"near_singular_plus",22,0.20000000000000001,0.016764099691404355,"base_link|tunnel_floor","wrist2_link|forearm_link"
"near_singular_plus",23,0.20000000000000001,0.016746696906236098,"base_link|tunnel_floor","wrist2_link|forearm_link"
"near_singular_plus",24,0.20000000000000001,0.016848611503694013,"base_link|tunnel_floor","wrist2_link|forearm_link"
"near_singular_plus",25,0.20000000000000001,0.016681012505134013,"base_link|tunnel_floor","wrist2_link|forearm_link"
"near_singular_plus",26,0.20000000000000001,0.016644662464586631,"base_link|tunnel_floor","wrist2_link|forearm_link"
"near_singular_plus",27,0.20000000000000001,0.016743883027985029,"base_link|tunnel_floor","wrist2_link|forearm_link"
"near_singular_plus",28,0.20000000000000001,0.016900021635692399,"base_link|tunnel_floor","wrist2_link|forearm_link"
"near_singular_plus",29,0.20000000000000001,0.016792257481507009,"base_link|tunnel_floor","wrist2_link|forearm_link"
"near_singular_plus",30,0.20000000000000001,0.01677028486591543,"base_link|tunnel_floor","wrist2_link|forearm_link"
"near_singular_plus",31,0.20000000000000001,0.016769044419670701,"base_link|tunnel_floor","wrist2_link|forearm_link"
"near_singular_plus",32,0.20000000000000001,0.016781742761198995,"base_link|tunnel_floor","wrist2_link|forearm_link"
"near_singular_plus",33,0.20000000000000001,0.016810657745890755,"base_link|tunnel_floor","wrist2_link|forearm_link"
"near_singular_plus",34,0.20000000000000001,0.01686080267052224,"base_link|tunnel_floor","wrist2_link|forearm_link"
"near_singular_plus",35,0.20000000000000001,0.016894695524299997,"base_link|tunnel_floor","wrist2_link|forearm_link"
"near_singular_plus",36,0.20000000000000001,0.0168140813027974,"base_link|tunnel_floor","forearm_link|wrist2_link"
"near_singular_plus",37,0.20000000000000001,0.016740017202710584,"base_link|tunnel_floor","forearm_link|wrist2_link"
"near_singular_plus",38,0.20000000000000001,0.016737154129634141,"base_link|tunnel_floor","forearm_link|wrist2_link"
"near_singular_plus",39,0.20000000000000001,0.016756766448487496,"base_link|tunnel_floor","forearm_link|wrist2_link"
"near_singular_plus",40,0.20000000000000001,0.016664426358737067,"base_link|tunnel_floor","forearm_link|wrist2_link"
"near_singular_plus",41,0.20000000000000001,0.01662451058976298,"base_link|tunnel_floor","forearm_link|wrist2_link"
"near_singular_plus",42,0.20000000000000001,0.016648038882369591,"base_link|tunnel_floor","forearm_link|wrist2_link"
"near_singular_plus",43,0.20000000000000001,0.016733953779237816,"base_link|tunnel_floor","forearm_link|wrist2_link"
"near_singular_plus",44,0.20000000000000001,0.016695395464894781,"base_link|tunnel_floor","forearm_link|wrist2_link"
"near_singular_plus",45,0.20000000000000001,0.016687689683214241,"base_link|tunnel_floor","forearm_link|wrist2_link"
"near_singular_plus",46,0.20000000000000001,0.0167238708132369,"base_link|tunnel_floor","forearm_link|wrist2_link"
"near_singular_plus",47,0.20000000000000001,0.01681028999908073,"base_link|tunnel_floor","forearm_link|wrist2_link"
"near_singular_plus",48,0.20000000000000001,0.016921943082978629,"base_link|tunnel_floor","forearm_link|wrist2_link"
"near_singular_plus",49,0.20000000000000001,0.016858084630386291,"base_link|tunnel_floor","forearm_link|wrist2_link"
"near_singular_plus",50,0.20000000000000001,0.016826882611209924,"base_link|tunnel_floor","forearm_link|wrist2_link"
"near_singular_plus",51,0.20000000000000001,0.016825958045092699,"base_link|tunnel_floor","forearm_link|wrist2_link"
"near_singular_plus",52,0.20000000000000001,0.016761011734688466,"base_link|tunnel_floor","forearm_link|wrist2_link"
"near_singular_plus",53,0.20000000000000001,0.016729211985350857,"base_link|tunnel_floor","forearm_link|wrist2_link"
"near_singular_plus",54,0.20000000000000001,0.016729856142100638,"base_link|tunnel_floor","forearm_link|wrist2_link"
"near_singular_plus",55,0.20000000000000001,0.016756910007979541,"base_link|tunnel_floor","forearm_link|wrist2_link"
"near_singular_plus",56,0.20000000000000001,0.016711419272366239,"base_link|tunnel_floor","wrist2_link|forearm_link"
"near_singular_plus",57,0.20000000000000001,0.016693488688368171,"base_link|tunnel_floor","wrist2_link|forearm_link"
"near_singular_plus",58,0.20000000000000001,0.016701789979983377,"base_link|tunnel_floor","wrist2_link|forearm_link"
"near_singular_plus",59,0.20000000000000001,0.016734847355980211,"base_link|tunnel_floor","wrist2_link|forearm_link"
"near_singular_plus",60,0.20000000000000001,0.016790850508152991,"base_link|tunnel_floor","wrist2_link|forearm_link"
"near_singular_plus",61,0.20000000000000001,0.016867569488336016,"base_link|tunnel_floor","wrist2_link|forearm_link"
"near_singular_plus",62,0.20000000000000001,0.016905474442806233,"base_link|tunnel_floor","wrist2_link|forearm_link"
"near_singular_plus",63,0.20000000000000001,0.016861032894178254,"base_link|tunnel_floor","wrist2_link|forearm_link"
"near_singular_plus",64,0.20000000000000001,0.016839075623230438,"base_link|tunnel_floor","wrist2_link|forearm_link"
"near_singular_plus",65,0.20000000000000001,0.016809562075124695,"base_link|tunnel_floor","wrist2_link|forearm_link"
"near_singular_plus",66,0.20000000000000001,0.016731794596511161,"base_link|tunnel_floor","wrist2_link|forearm_link"
"near_singular_plus",67,0.20000000000000001,0.016683751385754033,"base_link|tunnel_floor","wrist2_link|forearm_link"
"near_singular_plus",68,0.20000000000000001,0.016670539819357393,"base_link|tunnel_floor","wrist2_link|forearm_link"
"near_singular_plus",69,0.20000000000000001,0.016685261197419695,"base_link|tunnel_floor","wrist2_link|forearm_link"
"near_singular_plus",70,0.20000000000000001,0.016705743518078478,"base_link|tunnel_floor","wrist2_link|forearm_link"
"near_singular_plus",71,0.20000000000000001,0.016725124141628796,"base_link|tunnel_floor","wrist2_link|forearm_link"
"near_singular_plus",72,0.20000000000000001,0.016735852668635066,"base_link|tunnel_floor","wrist2_link|forearm_link"
"near_singular_plus",73,0.20000000000000001,0.016729504033487278,"base_link|tunnel_floor","wrist2_link|forearm_link"
"near_singular_plus",74,0.20000000000000001,0.016696979434012653,"base_link|tunnel_floor","wrist2_link|forearm_link"
"near_singular_plus",75,0.20000000000000001,0.016636166125264772,"base_link|tunnel_floor","wrist2_link|forearm_link"
"near_singular_plus",76,0.20000000000000001,0.016656392356689368,"base_link|tunnel_floor","wrist2_link|forearm_link"
"near_singular_plus",77,0.20000000000000001,0.01671516213625825,"base_link|tunnel_floor","wrist2_link|forearm_link"
"near_singular_plus",78,0.19643020029846198,0.016729581634317602,"upperarm_link|horseshoe_wall_30","wrist2_link|forearm_link"
"near_singular_plus",79,0.17456809600020376,0.016692415659986921,"upperarm_link|horseshoe_wall_30","wrist2_link|forearm_link"
"near_singular_plus",80,0.15399792633087817,0.01665122683118004,"upperarm_link|horseshoe_wall_29","wrist2_link|forearm_link"
"near_singular_plus",81,0.13526198908573656,0.01675586366914535,"upperarm_link|horseshoe_wall_29","wrist2_link|forearm_link"
"near_singular_plus",82,0.11865744873398217,0.016781866408136947,"upperarm_link|horseshoe_wall_28","wrist2_link|forearm_link"
"near_singular_plus",83,0.10472170740390108,0.016841442315810203,"upperarm_link|horseshoe_wall_26","wrist2_link|forearm_link"
"near_singular_plus",84,0.094346942726020552,0.016871053133833313,"upperarm_link|horseshoe_wall_26","wrist2_link|forearm_link"
"near_singular_plus",85,0.088577170270258659,0.016805115692573726,"upperarm_link|horseshoe_wall_25","wrist2_link|forearm_link"
"near_singular_plus",86,0.090348083274491536,0.016702263074621058,"upperarm_link|horseshoe_wall_25","wrist2_link|forearm_link"
"near_singular_plus",87,0.099679140482252834,0.016726307384393169,"upperarm_link|horseshoe_wall_24","wrist2_link|forearm_link"
"near_singular_plus",88,0.10683287313877521,0.016655252556279171,"upperarm_link|horseshoe_wall_25","wrist2_link|forearm_link"
"near_singular_plus",89,0.1152010809290252,0.016623586821265694,"upperarm_link|horseshoe_wall_25","wrist2_link|forearm_link"
"near_singular_plus",90,0.12486658098858876,0.016693701047588116,"upperarm_link|horseshoe_wall_25","wrist2_link|forearm_link"
"near_singular_plus",91,0.13062414568567493,0.016753632393532544,"forearm_link|horseshoe_wall_25","wrist2_link|forearm_link"
"near_singular_plus",92,0.13532543798436827,0.016729292878311219,"forearm_link|horseshoe_wall_25","wrist2_link|forearm_link"
"near_singular_plus",93,0.14062588085588204,0.016748860248726995,"forearm_link|horseshoe_wall_25","wrist2_link|forearm_link"
"near_singular_plus",94,0.14641417927570841,0.016810831448591971,"forearm_link|horseshoe_wall_25","wrist2_link|forearm_link"
"near_singular_plus",95,0.14331124247631288,0.016785363479155775,"forearm_link|horseshoe_wall_26","wrist2_link|forearm_link"
"near_singular_plus",96,0.14323215974904016,0.016796058319227734,"forearm_link|horseshoe_wall_28","wrist2_link|forearm_link"
"near_singular_plus",97,0.14440160083435394,0.016825741460766441,"forearm_link|horseshoe_wall_29","wrist2_link|forearm_link"
"near_singular_plus",98,0.14608193380290183,0.016858732447846539,"forearm_link|horseshoe_wall_30","wrist2_link|forearm_link"
"near_singular_plus",99,0.1479780891779387,0.01689008891244877,"forearm_link|horseshoe_wall_31","wrist2_link|forearm_link"
"near_singular_plus",100,0.14994112341795876,0.016879917272835124,"forearm_link|horseshoe_wall_31","wrist2_link|forearm_link"
"near_singular_plus",101,0.15203985899468145,0.016843371149207826,"forearm_link|horseshoe_wall_32","wrist2_link|forearm_link"
"near_singular_plus",102,0.15423943015329189,0.016809875669022239,"forearm_link|horseshoe_wall_32","wrist2_link|forearm_link"
"near_singular_plus",103,0.15644674080877505,0.016779651702944862,"forearm_link|horseshoe_wall_33","wrist2_link|forearm_link"
"near_singular_plus",104,0.15872754782704854,0.016752787848838702,"forearm_link|horseshoe_wall_34","wrist2_link|forearm_link"
"near_singular_plus",105,0.16101606383386688,0.016729325333264947,"forearm_link|horseshoe_wall_34","wrist2_link|forearm_link"
"near_singular_plus",106,0.16329566618490213,0.016709301533400198,"forearm_link|horseshoe_wall_35","wrist2_link|forearm_link"
"near_singular_plus",107,0.16560886662035051,0.016692774470820175,"forearm_link|horseshoe_wall_36","wrist2_link|forearm_link"
"near_singular_plus",108,0.16786839531636316,0.016679837696867109,"forearm_link|horseshoe_wall_36","wrist2_link|forearm_link"
"near_singular_plus",109,0.17011282870062833,0.016673830669366146,"forearm_link|horseshoe_wall_37","wrist2_link|forearm_link"
"near_singular_plus",110,0.17236893883007126,0.016678619999925398,"forearm_link|horseshoe_wall_38","wrist2_link|forearm_link"
"near_singular_plus",111,0.17454145718130745,0.016691413732518947,"forearm_link|horseshoe_wall_38","wrist2_link|forearm_link"
"near_singular_plus",112,0.17671657953985459,0.016718229778879261,"forearm_link|horseshoe_wall_39","wrist2_link|forearm_link"
"near_singular_plus",113,0.17891078294156962,0.01672355143288121,"forearm_link|horseshoe_wall_39","wrist2_link|forearm_link"
"near_singular_plus",114,0.18103487804074592,0.01669282317590793,"forearm_link|horseshoe_wall_40","wrist2_link|forearm_link"
"near_singular_plus",115,0.18318283580079511,0.016666232316126541,"forearm_link|horseshoe_wall_41","wrist2_link|forearm_link"
"near_singular_plus",116,0.1853292688637285,0.016643538561994149,"forearm_link|horseshoe_wall_41","wrist2_link|forearm_link"
"near_singular_plus",117,0.18741779639918849,0.016629946162803912,"forearm_link|horseshoe_wall_42","wrist2_link|forearm_link"
"near_singular_plus",118,0.18952381211712538,0.01662778932643251,"forearm_link|horseshoe_wall_43","wrist2_link|forearm_link"
"near_singular_plus",119,0.19161480910785517,0.016633937929095038,"forearm_link|horseshoe_wall_43","wrist2_link|forearm_link"
"near_singular_plus",120,0.19365331775253958,0.016645099528984519,"forearm_link|horseshoe_wall_44","wrist2_link|forearm_link"
"near_singular_plus",121,0.1957036723303805,0.01666618407744205,"forearm_link|horseshoe_wall_45","wrist2_link|forearm_link"
"near_singular_plus",122,0.19773062247686907,0.016697234642067148,"forearm_link|horseshoe_wall_45","wrist2_link|forearm_link"
"near_singular_plus",123,0.19970569819024289,0.016735997046029565,"forearm_link|horseshoe_wall_46","wrist2_link|forearm_link"
"near_singular_plus",124,0.20000000000000001,0.016765506079783919,"base_link|tunnel_floor","wrist2_link|forearm_link"
"near_singular_plus",125,0.20000000000000001,0.016759304139505382,"base_link|tunnel_floor","wrist2_link|forearm_link"
"near_singular_plus",126,0.20000000000000001,0.016749446417763648,"base_link|tunnel_floor","wrist2_link|forearm_link"
"near_singular_plus",127,0.20000000000000001,0.016737491188302242,"base_link|tunnel_floor","wrist2_link|forearm_link"
"near_singular_plus",128,0.20000000000000001,0.01673376182052275,"base_link|tunnel_floor","wrist2_link|forearm_link"
"near_singular_plus",129,0.20000000000000001,0.016738291436867739,"base_link|tunnel_floor","wrist2_link|forearm_link"
"near_singular_plus",130,0.20000000000000001,0.01674629379768492,"base_link|tunnel_floor","wrist2_link|forearm_link"
"near_singular_plus",131,0.20000000000000001,0.016761730010817936,"base_link|tunnel_floor","wrist2_link|forearm_link"
"near_singular_plus",132,0.20000000000000001,0.016785180448236001,"base_link|tunnel_floor","wrist2_link|forearm_link"
"near_singular_plus",133,0.20000000000000001,0.016815901684926117,"base_link|tunnel_floor","wrist2_link|forearm_link"
"near_singular_plus",134,0.20000000000000001,0.016846210033822345,"base_link|tunnel_floor","wrist2_link|forearm_link"
"near_singular_plus",135,0.20000000000000001,0.01687384591777373,"base_link|tunnel_floor","wrist2_link|forearm_link"
"near_singular_plus",136,0.20000000000000001,0.016898900184477872,"base_link|tunnel_floor","wrist2_link|forearm_link"
"near_singular_plus",137,0.20000000000000001,0.016891742580033949,"base_link|tunnel_floor","wrist2_link|forearm_link"
"near_singular_plus",138,0.20000000000000001,0.016859323225161968,"base_link|tunnel_floor","wrist2_link|forearm_link"
"near_singular_plus",139,0.20000000000000001,0.016828697093438469,"base_link|tunnel_floor","wrist2_link|forearm_link"
"near_singular_plus",140,0.20000000000000001,0.016799930380164207,"base_link|tunnel_floor","wrist2_link|forearm_link"
"near_singular_plus",141,0.20000000000000001,0.016773149256841948,"base_link|tunnel_floor","wrist2_link|forearm_link"
"near_singular_plus",142,0.20000000000000001,0.016750488106623336,"base_link|tunnel_floor","wrist2_link|forearm_link"
"near_singular_plus",143,0.20000000000000001,0.016733877635915863,"base_link|tunnel_floor","wrist2_link|forearm_link"
"near_singular_plus",144,0.20000000000000001,0.016722128529223963,"base_link|tunnel_floor","wrist2_link|forearm_link"
"near_singular_plus",145,0.20000000000000001,0.016714289755694903,"base_link|tunnel_floor","wrist2_link|forearm_link"
"near_singular_plus",146,0.20000000000000001,0.016709664324736442,"base_link|tunnel_floor","wrist2_link|forearm_link"
"near_singular_plus",147,0.20000000000000001,0.016707799308140786,"base_link|tunnel_floor","wrist2_link|forearm_link"
"near_singular_plus",148,0.20000000000000001,0.016708472190661128,"base_link|tunnel_floor","wrist2_link|forearm_link"
"near_singular_plus",149,0.20000000000000001,0.01671167486145159,"base_link|tunnel_floor","wrist2_link|forearm_link"
"near_singular_plus",150,0.20000000000000001,0.016726832149598678,"base_link|tunnel_floor","wrist2_link|forearm_link"
"near_singular_plus",151,0.20000000000000001,0.016774474286818004,"base_link|tunnel_floor","wrist2_link|forearm_link"
"near_singular_plus",152,0.20000000000000001,0.016880787437018218,"base_link|tunnel_floor","wrist2_link|forearm_link"
"near_singular_plus",153,0.20000000000000001,0.016780144263972119,"base_link|tunnel_floor","wrist2_link|forearm_link"
"near_singular_plus",154,0.20000000000000001,0.01675954501453528,"base_link|tunnel_floor","wrist2_link|forearm_link"
"near_singular_plus",155,0.20000000000000001,0.016632718665293391,"base_link|tunnel_floor","wrist2_link|forearm_link"
"near_singular_plus",156,0.20000000000000001,0.016681720570417127,"base_link|tunnel_floor","wrist2_link|forearm_link"
"near_singular_plus",157,0.20000000000000001,0.016841499132828928,"base_link|tunnel_floor","wrist2_link|forearm_link"
"near_singular_plus",158,0.20000000000000001,0.016757906054069256,"base_link|tunnel_floor","wrist2_link|forearm_link"
"near_singular_plus",159,0.20000000000000001,0.016664887633387523,"base_link|tunnel_floor","wrist2_link|forearm_link"
"near_singular_plus",160,0.20000000000000001,0.016679131331138505,"base_link|tunnel_floor","wrist2_link|forearm_link"
"near_singular_plus",161,0.20000000000000001,0.016747059908414408,"base_link|tunnel_floor","wrist2_link|forearm_link"
"near_singular_plus",162,0.20000000000000001,0.01677994850739882,"base_link|tunnel_floor","wrist2_link|forearm_link"
"near_singular_plus",163,0.20000000000000001,0.016849826108492876,"base_link|tunnel_floor","wrist2_link|forearm_link"
"near_singular_plus",164,0.20000000000000001,0.016712862354652146,"base_link|tunnel_floor","wrist2_link|forearm_link"
"near_singular_plus",165,0.20000000000000001,0.016684868839068633,"base_link|tunnel_floor","wrist2_link|forearm_link"
"near_singular_plus",166,0.20000000000000001,0.016655871891513189,"base_link|tunnel_floor","wrist2_link|forearm_link"
"near_singular_plus",167,0.20000000000000001,0.016658787017895436,"base_link|tunnel_floor","wrist2_link|forearm_link"
"near_singular_plus",168,0.20000000000000001,0.016747291112832952,"base_link|tunnel_floor","wrist2_link|forearm_link"
"near_singular_plus",169,0.20000000000000001,0.016778215775310898,"base_link|tunnel_floor","wrist2_link|forearm_link"
"near_singular_plus",170,0.20000000000000001,0.01687338079248862,"base_link|tunnel_floor","wrist2_link|forearm_link"
"near_singular_plus",171,0.20000000000000001,0.016728545985281413,"base_link|tunnel_floor","wrist2_link|forearm_link"
"near_singular_plus",172,0.20000000000000001,0.01667522860225416,"base_link|tunnel_floor","wrist2_link|forearm_link"
"near_singular_plus",173,0.20000000000000001,0.016677137509336519,"base_link|tunnel_floor","wrist2_link|forearm_link"
"near_singular_plus",174,0.20000000000000001,0.016633492306459795,"base_link|tunnel_floor","wrist2_link|forearm_link"
"near_singular_plus",175,0.20000000000000001,0.016766143167831895,"base_link|tunnel_floor","wrist2_link|forearm_link"
"near_singular_plus",176,0.20000000000000001,0.016733933191161111,"base_link|tunnel_floor","wrist2_link|forearm_link"
"near_singular_plus",177,0.20000000000000001,0.016809134665320594,"base_link|tunnel_floor","wrist2_link|forearm_link"
"near_singular_plus",178,0.20000000000000001,0.01685271081960632,"base_link|tunnel_floor","wrist2_link|forearm_link"
"near_singular_plus",179,0.20000000000000001,0.016726659042940708,"base_link|tunnel_floor","wrist2_link|forearm_link"
"near_singular_plus",180,0.20000000000000001,0.016627569390579071,"base_link|tunnel_floor","wrist2_link|forearm_link"
"near_singular_minus",0,0.20000000000000001,0.016836332585723032,"base_link|tunnel_floor","wrist2_link|forearm_link"
"near_singular_minus",1,0.20000000000000001,0.016845881801387887,"base_link|tunnel_floor","wrist2_link|forearm_link"
"near_singular_minus",2,0.20000000000000001,0.016654625670177142,"base_link|tunnel_floor","wrist2_link|forearm_link"
"near_singular_minus",3,0.20000000000000001,0.016755178830541798,"base_link|tunnel_floor","wrist2_link|forearm_link"
"near_singular_minus",4,0.20000000000000001,0.016858740081537614,"base_link|tunnel_floor","wrist2_link|forearm_link"
"near_singular_minus",5,0.20000000000000001,0.016677991262512657,"base_link|tunnel_floor","wrist2_link|forearm_link"
"near_singular_minus",6,0.20000000000000001,0.016730034696398634,"base_link|tunnel_floor","wrist2_link|forearm_link"
"near_singular_minus",7,0.20000000000000001,0.016785710597003147,"base_link|tunnel_floor","wrist2_link|forearm_link"
"near_singular_minus",8,0.20000000000000001,0.016673184123179505,"base_link|tunnel_floor","wrist2_link|forearm_link"
"near_singular_minus",9,0.20000000000000001,0.016745431932222724,"base_link|tunnel_floor","wrist2_link|forearm_link"
"near_singular_minus",10,0.20000000000000001,0.016798758979881374,"base_link|tunnel_floor","wrist2_link|forearm_link"
"near_singular_minus",11,0.20000000000000001,0.016749644254308117,"base_link|tunnel_floor","wrist2_link|forearm_link"
"near_singular_minus",12,0.20000000000000001,0.016762608407093142,"base_link|tunnel_floor","wrist2_link|forearm_link"
"near_singular_minus",13,0.20000000000000001,0.016749646766677118,"base_link|tunnel_floor","wrist2_link|forearm_link"
"near_singular_minus",14,0.20000000000000001,0.016745471711788872,"base_link|tunnel_floor","wrist2_link|forearm_link"
"near_singular_minus",15,0.20000000000000001,0.016848918864327316,"base_link|tunnel_floor","wrist2_link|forearm_link"
"near_singular_minus",16,0.20000000000000001,0.016728436019357293,"base_link|tunnel_floor","wrist2_link|forearm_link"
"near_singular_minus",17,0.20000000000000001,0.016657961735393349,"base_link|tunnel_floor","wrist2_link|forearm_link"
"near_singular_minus",18,0.20000000000000001,0.016669511888840947,"base_link|tunnel_floor","wrist2_link|forearm_link"
"near_singular_minus",19,0.20000000000000001,0.016809528507567402,"base_link|tunnel_floor","wrist2_link|forearm_link"
"near_singular_minus",20,0.20000000000000001,0.016806816575287306,"base_link|tunnel_floor","wrist2_link|forearm_link"
"near_singular_minus",21,0.20000000000000001,0.01674167899367094,"base_link|tunnel_floor","wrist2_link|forearm_link"
"near_singular_minus",22,0.20000000000000001,0.01676409969140431,"base_link|tunnel_floor","wrist2_link|forearm_link"
"near_singular_minus",23,0.20000000000000001,0.016746696906236022,"base_link|tunnel_floor","wrist2_link|forearm_link"
"near_singular_minus",24,0.20000000000000001,0.016848611503694086,"base_link|tunnel_floor","wrist2_link|forearm_link"
"near_singular_minus",25,0.20000000000000001,0.016681012505133971,"base_link|tunnel_floor","wrist2_link|forearm_link"
"near_singular_minus",26,0.20000000000000001,0.01664466246458661,"base_link|tunnel_floor","wrist2_link|forearm_link"
"near_singular_minus",27,0.20000000000000001,0.016743883027984886,"base_link|tunnel_floor","wrist2_link|forearm_link"
"near_singular_minus",28,0.20000000000000001,0.016900021635692448,"base_link|tunnel_floor","wrist2_link|forearm_link"
"near_singular_minus",29,0.20000000000000001,0.016792257481507041,"base_link|tunnel_floor","wrist2_link|forearm_link"
"near_singular_minus",30,0.20000000000000001,0.016770284865915367,"base_link|tunnel_floor","wrist2_link|forearm_link"
"near_singular_minus",31,0.20000000000000001,0.016769044419670694,"base_link|tunnel_floor","wrist2_link|forearm_link"
"near_singular_minus",32,0.20000000000000001,0.016781742761198981,"base_link|tunnel_floor","wrist2_link|forearm_link"
"near_singular_minus",33,0.20000000000000001,0.016810657745890755,"base_link|tunnel_floor","wrist2_link|forearm_link"
"near_singular_minus",34,0.20000000000000001,0.01686080267052224,"base_link|tunnel_floor","wrist2_link|forearm_link"
"near_singular_minus",35,0.20000000000000001,0.016894695524299997,"base_link|tunnel_floor","wrist2_link|forearm_link"
"near_singular_minus",36,0.20000000000000001,0.0168140813027974,"base_link|tunnel_floor","forearm_link|wrist2_link"
"near_singular_minus",37,0.20000000000000001,0.016740017202710584,"base_link|tunnel_floor","forearm_link|wrist2_link"
"near_singular_minus",38,0.20000000000000001,0.016737154129634141,"base_link|tunnel_floor","forearm_link|wrist2_link"
"near_singular_minus",39,0.20000000000000001,0.016756766448487496,"base_link|tunnel_floor","forearm_link|wrist2_link"
"near_singular_minus",40,0.20000000000000001,0.016664426358737067,"base_link|tunnel_floor","forearm_link|wrist2_link"
"near_singular_minus",41,0.20000000000000001,0.01662451058976298,"base_link|tunnel_floor","forearm_link|wrist2_link"
"near_singular_minus",42,0.20000000000000001,0.016648038882369591,"base_link|tunnel_floor","forearm_link|wrist2_link"
"near_singular_minus",43,0.20000000000000001,0.016733953779237816,"base_link|tunnel_floor","forearm_link|wrist2_link"
"near_singular_minus",44,0.20000000000000001,0.016695395464894781,"base_link|tunnel_floor","forearm_link|wrist2_link"
"near_singular_minus",45,0.20000000000000001,0.016687689683214241,"base_link|tunnel_floor","forearm_link|wrist2_link"
"near_singular_minus",46,0.20000000000000001,0.0167238708132369,"base_link|tunnel_floor","forearm_link|wrist2_link"
"near_singular_minus",47,0.20000000000000001,0.01681028999908073,"base_link|tunnel_floor","forearm_link|wrist2_link"
"near_singular_minus",48,0.20000000000000001,0.016921943082978629,"base_link|tunnel_floor","forearm_link|wrist2_link"
"near_singular_minus",49,0.20000000000000001,0.016858084630386291,"base_link|tunnel_floor","forearm_link|wrist2_link"
"near_singular_minus",50,0.20000000000000001,0.016826882611209924,"base_link|tunnel_floor","forearm_link|wrist2_link"
"near_singular_minus",51,0.20000000000000001,0.016825958045092699,"base_link|tunnel_floor","forearm_link|wrist2_link"
"near_singular_minus",52,0.20000000000000001,0.016761011734688466,"base_link|tunnel_floor","forearm_link|wrist2_link"
"near_singular_minus",53,0.20000000000000001,0.016729211985350857,"base_link|tunnel_floor","forearm_link|wrist2_link"
"near_singular_minus",54,0.20000000000000001,0.016729856142100638,"base_link|tunnel_floor","forearm_link|wrist2_link"
"near_singular_minus",55,0.20000000000000001,0.016756910007979541,"base_link|tunnel_floor","forearm_link|wrist2_link"
"near_singular_minus",56,0.20000000000000001,0.016711419272366239,"base_link|tunnel_floor","wrist2_link|forearm_link"
"near_singular_minus",57,0.20000000000000001,0.016693488688368171,"base_link|tunnel_floor","wrist2_link|forearm_link"
"near_singular_minus",58,0.20000000000000001,0.016701789979983377,"base_link|tunnel_floor","wrist2_link|forearm_link"
"near_singular_minus",59,0.20000000000000001,0.016734847355980211,"base_link|tunnel_floor","wrist2_link|forearm_link"
"near_singular_minus",60,0.20000000000000001,0.016790850508152991,"base_link|tunnel_floor","wrist2_link|forearm_link"
"near_singular_minus",61,0.20000000000000001,0.016867569488336016,"base_link|tunnel_floor","wrist2_link|forearm_link"
"near_singular_minus",62,0.20000000000000001,0.016905474442806233,"base_link|tunnel_floor","wrist2_link|forearm_link"
"near_singular_minus",63,0.20000000000000001,0.016861032894178254,"base_link|tunnel_floor","wrist2_link|forearm_link"
"near_singular_minus",64,0.20000000000000001,0.016839075623230421,"base_link|tunnel_floor","wrist2_link|forearm_link"
"near_singular_minus",65,0.20000000000000001,0.016809562075124695,"base_link|tunnel_floor","wrist2_link|forearm_link"
"near_singular_minus",66,0.20000000000000001,0.016731794596511161,"base_link|tunnel_floor","wrist2_link|forearm_link"
"near_singular_minus",67,0.20000000000000001,0.016683751385754033,"base_link|tunnel_floor","wrist2_link|forearm_link"
"near_singular_minus",68,0.20000000000000001,0.016670539819357386,"base_link|tunnel_floor","wrist2_link|forearm_link"
"near_singular_minus",69,0.20000000000000001,0.016685261197419726,"base_link|tunnel_floor","wrist2_link|forearm_link"
"near_singular_minus",70,0.20000000000000001,0.016705743518078481,"base_link|tunnel_floor","wrist2_link|forearm_link"
"near_singular_minus",71,0.20000000000000001,0.01672512414162889,"base_link|tunnel_floor","wrist2_link|forearm_link"
"near_singular_minus",72,0.20000000000000001,0.016735852668635049,"base_link|tunnel_floor","wrist2_link|forearm_link"
"near_singular_minus",73,0.20000000000000001,0.016729504033487386,"base_link|tunnel_floor","wrist2_link|forearm_link"
"near_singular_minus",74,0.20000000000000001,0.016696979434012653,"base_link|tunnel_floor","wrist2_link|forearm_link"
"near_singular_minus",75,0.20000000000000001,0.016636166125264772,"base_link|tunnel_floor","wrist2_link|forearm_link"
"near_singular_minus",76,0.20000000000000001,0.016656392356689368,"base_link|tunnel_floor","wrist2_link|forearm_link"
"near_singular_minus",77,0.20000000000000001,0.01671516213625825,"base_link|tunnel_floor","wrist2_link|forearm_link"
"near_singular_minus",78,0.19643020029846198,0.016729581634317602,"upperarm_link|horseshoe_wall_30","wrist2_link|forearm_link"
"near_singular_minus",79,0.17456809600020376,0.016692415659987025,"upperarm_link|horseshoe_wall_30","wrist2_link|forearm_link"
"near_singular_minus",80,0.15399792633087805,0.016651226831180151,"upperarm_link|horseshoe_wall_29","wrist2_link|forearm_link"
"near_singular_minus",81,0.13526198908573656,0.016755863669145221,"upperarm_link|horseshoe_wall_29","wrist2_link|forearm_link"
"near_singular_minus",82,0.11865744873398217,0.016781866408136843,"upperarm_link|horseshoe_wall_28","wrist2_link|forearm_link"
"near_singular_minus",83,0.10472170740390097,0.016841442315810241,"upperarm_link|horseshoe_wall_26","wrist2_link|forearm_link"
"near_singular_minus",84,0.094346942726020552,0.016871053133833219,"upperarm_link|horseshoe_wall_26","wrist2_link|forearm_link"
"near_singular_minus",85,0.088577170270258784,0.016805115692573664,"upperarm_link|horseshoe_wall_25","wrist2_link|forearm_link"
"near_singular_minus",86,0.090348083274491425,0.016702263074620995,"upperarm_link|horseshoe_wall_25","wrist2_link|forearm_link"
"near_singular_minus",87,0.099679140482252834,0.016726307384393169,"upperarm_link|horseshoe_wall_24","wrist2_link|forearm_link"
"near_singular_minus",88,0.10683287179340895,0.016655252567224603,"upperarm_link|horseshoe_wall_25","wrist2_link|forearm_link"
"near_singular_minus",89,0.11520108063433428,0.016623586820841103,"upperarm_link|horseshoe_wall_25","wrist2_link|forearm_link"
"near_singular_minus",90,0.12486658506819509,0.016693701071228889,"upperarm_link|horseshoe_wall_25","wrist2_link|forearm_link"
"near_singular_minus",91,0.13062414560382571,0.016753632394017816,"forearm_link|horseshoe_wall_25","wrist2_link|forearm_link"
"near_singular_minus",92,0.13532543806366004,0.016729292878207389,"forearm_link|horseshoe_wall_25","wrist2_link|forearm_link"
"near_singular_minus",93,0.14062588122077804,0.016748860251405397,"forearm_link|horseshoe_wall_25","wrist2_link|forearm_link"
"near_singular_minus",94,0.14641417927621284,0.016810831448597408,"forearm_link|horseshoe_wall_25","wrist2_link|forearm_link"
"near_singular_minus",95,0.14331124247635957,0.016785363479156303,"forearm_link|horseshoe_wall_26","wrist2_link|forearm_link"
"near_singular_minus",96,0.1432321597490421,0.016796058319227793,"forearm_link|horseshoe_wall_28","wrist2_link|forearm_link"
"near_singular_minus",97,0.14440160083435402,0.016825741460766437,"forearm_link|horseshoe_wall_29","wrist2_link|forearm_link"
"near_singular_minus",98,0.14608193380290188,0.016858732447846449,"forearm_link|horseshoe_wall_30","wrist2_link|forearm_link"
"near_singular_minus",99,0.14797808917793862,0.016890088912448805,"forearm_link|horseshoe_wall_31","wrist2_link|forearm_link"
"near_singular_minus",100,0.14994112341795876,0.016879917272835072,"forearm_link|horseshoe_wall_31","wrist2_link|forearm_link"
"near_singular_minus",101,0.15203985899468139,0.016843371149207882,"forearm_link|horseshoe_wall_32","wrist2_link|forearm_link"
"near_singular_minus",102,0.15423943015329189,0.016809875669022239,"forearm_link|horseshoe_wall_32","wrist2_link|forearm_link"
"near_singular_minus",103,0.15644674080877505,0.016779651702944862,"forearm_link|horseshoe_wall_33","wrist2_link|forearm_link"
"near_singular_minus",104,0.15872754782704854,0.016752787848838702,"forearm_link|horseshoe_wall_34","wrist2_link|forearm_link"
"near_singular_minus",105,0.16101606383386688,0.016729325333264947,"forearm_link|horseshoe_wall_34","wrist2_link|forearm_link"
"near_singular_minus",106,0.16329566618490213,0.016709301533400198,"forearm_link|horseshoe_wall_35","wrist2_link|forearm_link"
"near_singular_minus",107,0.16560886662035051,0.016692774470820175,"forearm_link|horseshoe_wall_36","wrist2_link|forearm_link"
"near_singular_minus",108,0.16786839531636316,0.016679837696867161,"forearm_link|horseshoe_wall_36","wrist2_link|forearm_link"
"near_singular_minus",109,0.17011282870062833,0.016673830669366094,"forearm_link|horseshoe_wall_37","wrist2_link|forearm_link"
"near_singular_minus",110,0.17236893883007118,0.016678619999925391,"forearm_link|horseshoe_wall_38","wrist2_link|forearm_link"
"near_singular_minus",111,0.17454145718130745,0.016691413732518933,"forearm_link|horseshoe_wall_38","wrist2_link|forearm_link"
"near_singular_minus",112,0.17671657953985459,0.016718229778879254,"forearm_link|horseshoe_wall_39","wrist2_link|forearm_link"
"near_singular_minus",113,0.17891078294156956,0.016723551432881116,"forearm_link|horseshoe_wall_39","wrist2_link|forearm_link"
"near_singular_minus",114,0.18103487804074592,0.016692823175907937,"forearm_link|horseshoe_wall_40","wrist2_link|forearm_link"
"near_singular_minus",115,0.18318283580079511,0.016666232316126545,"forearm_link|horseshoe_wall_41","wrist2_link|forearm_link"
"near_singular_minus",116,0.1853292688637285,0.016643538561994197,"forearm_link|horseshoe_wall_41","wrist2_link|forearm_link"
"near_singular_minus",117,0.18741779639918849,0.016629946162803912,"forearm_link|horseshoe_wall_42","wrist2_link|forearm_link"
"near_singular_minus",118,0.18952381211712538,0.01662778932643251,"forearm_link|horseshoe_wall_43","wrist2_link|forearm_link"
"near_singular_minus",119,0.19161480910785517,0.016633937929095,"forearm_link|horseshoe_wall_43","wrist2_link|forearm_link"
"near_singular_minus",120,0.19365331775253958,0.016645099528984523,"forearm_link|horseshoe_wall_44","wrist2_link|forearm_link"
"near_singular_minus",121,0.1957036723303805,0.016666184077442012,"forearm_link|horseshoe_wall_45","wrist2_link|forearm_link"
"near_singular_minus",122,0.19773062247686901,0.016697234642067148,"forearm_link|horseshoe_wall_45","wrist2_link|forearm_link"
"near_singular_minus",123,0.19970569819024289,0.016735997046029565,"forearm_link|horseshoe_wall_46","wrist2_link|forearm_link"
"near_singular_minus",124,0.20000000000000001,0.016765506079783884,"base_link|tunnel_floor","wrist2_link|forearm_link"
"near_singular_minus",125,0.20000000000000001,0.016759304139505379,"base_link|tunnel_floor","wrist2_link|forearm_link"
"near_singular_minus",126,0.20000000000000001,0.016749446417763672,"base_link|tunnel_floor","wrist2_link|forearm_link"
"near_singular_minus",127,0.20000000000000001,0.016737491188302211,"base_link|tunnel_floor","wrist2_link|forearm_link"
"near_singular_minus",128,0.20000000000000001,0.016733761820522702,"base_link|tunnel_floor","wrist2_link|forearm_link"
"near_singular_minus",129,0.20000000000000001,0.016738291436867739,"base_link|tunnel_floor","wrist2_link|forearm_link"
"near_singular_minus",130,0.20000000000000001,0.016746293797684914,"base_link|tunnel_floor","wrist2_link|forearm_link"
"near_singular_minus",131,0.20000000000000001,0.016761730010817936,"base_link|tunnel_floor","wrist2_link|forearm_link"
"near_singular_minus",132,0.20000000000000001,0.01678518044823599,"base_link|tunnel_floor","wrist2_link|forearm_link"
"near_singular_minus",133,0.20000000000000001,0.016815901684926141,"base_link|tunnel_floor","wrist2_link|forearm_link"
"near_singular_minus",134,0.20000000000000001,0.016846210033822341,"base_link|tunnel_floor","wrist2_link|forearm_link"
"near_singular_minus",135,0.20000000000000001,0.01687384591777373,"base_link|tunnel_floor","wrist2_link|forearm_link"
"near_singular_minus",136,0.20000000000000001,0.016898900184477872,"base_link|tunnel_floor","wrist2_link|forearm_link"
"near_singular_minus",137,0.20000000000000001,0.01689174258003397,"base_link|tunnel_floor","wrist2_link|forearm_link"
"near_singular_minus",138,0.20000000000000001,0.01685932322516194,"base_link|tunnel_floor","wrist2_link|forearm_link"
"near_singular_minus",139,0.20000000000000001,0.016828697093438493,"base_link|tunnel_floor","wrist2_link|forearm_link"
"near_singular_minus",140,0.20000000000000001,0.016799930380164207,"base_link|tunnel_floor","wrist2_link|forearm_link"
"near_singular_minus",141,0.20000000000000001,0.01677314925684192,"base_link|tunnel_floor","wrist2_link|forearm_link"
"near_singular_minus",142,0.20000000000000001,0.01675048810662336,"base_link|tunnel_floor","wrist2_link|forearm_link"
"near_singular_minus",143,0.20000000000000001,0.016733877635915866,"base_link|tunnel_floor","wrist2_link|forearm_link"
"near_singular_minus",144,0.20000000000000001,0.016722128529223963,"base_link|tunnel_floor","wrist2_link|forearm_link"
"near_singular_minus",145,0.20000000000000001,0.016714289755694875,"base_link|tunnel_floor","wrist2_link|forearm_link"
"near_singular_minus",146,0.20000000000000001,0.016709664324736417,"base_link|tunnel_floor","wrist2_link|forearm_link"
"near_singular_minus",147,0.20000000000000001,0.016707799308140835,"base_link|tunnel_floor","wrist2_link|forearm_link"
"near_singular_minus",148,0.20000000000000001,0.016708472190661069,"base_link|tunnel_floor","wrist2_link|forearm_link"
"near_singular_minus",149,0.20000000000000001,0.016711674861451687,"base_link|tunnel_floor","wrist2_link|forearm_link"
"near_singular_minus",150,0.20000000000000001,0.016726832149598653,"base_link|tunnel_floor","wrist2_link|forearm_link"
"near_singular_minus",151,0.20000000000000001,0.01677447428681806,"base_link|tunnel_floor","wrist2_link|forearm_link"
"near_singular_minus",152,0.20000000000000001,0.016880787437018218,"base_link|tunnel_floor","wrist2_link|forearm_link"
"near_singular_minus",153,0.20000000000000001,0.016780144263972223,"base_link|tunnel_floor","wrist2_link|forearm_link"
"near_singular_minus",154,0.20000000000000001,0.016759545014535165,"base_link|tunnel_floor","wrist2_link|forearm_link"
"near_singular_minus",155,0.20000000000000001,0.016632718665293363,"base_link|tunnel_floor","wrist2_link|forearm_link"
"near_singular_minus",156,0.20000000000000001,0.016681720570417124,"base_link|tunnel_floor","wrist2_link|forearm_link"
"near_singular_minus",157,0.20000000000000001,0.016841499132829008,"base_link|tunnel_floor","wrist2_link|forearm_link"
"near_singular_minus",158,0.20000000000000001,0.01675790605406921,"base_link|tunnel_floor","wrist2_link|forearm_link"
"near_singular_minus",159,0.20000000000000001,0.016664887633387564,"base_link|tunnel_floor","wrist2_link|forearm_link"
"near_singular_minus",160,0.20000000000000001,0.01667913133113846,"base_link|tunnel_floor","wrist2_link|forearm_link"
"near_singular_minus",161,0.20000000000000001,0.016747059908414373,"base_link|tunnel_floor","wrist2_link|forearm_link"
"near_singular_minus",162,0.20000000000000001,0.01677994850739882,"base_link|tunnel_floor","wrist2_link|forearm_link"
"near_singular_minus",163,0.20000000000000001,0.016849826108492876,"base_link|tunnel_floor","wrist2_link|forearm_link"
"near_singular_minus",164,0.20000000000000001,0.016712862354652188,"base_link|tunnel_floor","wrist2_link|forearm_link"
"near_singular_minus",165,0.20000000000000001,0.016684868839068528,"base_link|tunnel_floor","wrist2_link|forearm_link"
"near_singular_minus",166,0.20000000000000001,0.016655871891513147,"base_link|tunnel_floor","wrist2_link|forearm_link"
"near_singular_minus",167,0.20000000000000001,0.016658787017895436,"base_link|tunnel_floor","wrist2_link|forearm_link"
"near_singular_minus",168,0.20000000000000001,0.016747291112832959,"base_link|tunnel_floor","wrist2_link|forearm_link"
"near_singular_minus",169,0.20000000000000001,0.016778215775310877,"base_link|tunnel_floor","wrist2_link|forearm_link"
"near_singular_minus",170,0.20000000000000001,0.016873380792488669,"base_link|tunnel_floor","wrist2_link|forearm_link"
"near_singular_minus",171,0.20000000000000001,0.01672854598528134,"base_link|tunnel_floor","wrist2_link|forearm_link"
"near_singular_minus",172,0.20000000000000001,0.016675228602254129,"base_link|tunnel_floor","wrist2_link|forearm_link"
"near_singular_minus",173,0.20000000000000001,0.016677137509336533,"base_link|tunnel_floor","wrist2_link|forearm_link"
"near_singular_minus",174,0.20000000000000001,0.016633492306459795,"base_link|tunnel_floor","wrist2_link|forearm_link"
"near_singular_minus",175,0.20000000000000001,0.016766143167831905,"base_link|tunnel_floor","wrist2_link|forearm_link"
"near_singular_minus",176,0.20000000000000001,0.016733933191161083,"base_link|tunnel_floor","wrist2_link|forearm_link"
"near_singular_minus",177,0.20000000000000001,0.016809134665320639,"base_link|tunnel_floor","wrist2_link|forearm_link"
"near_singular_minus",178,0.20000000000000001,0.01685271081960631,"base_link|tunnel_floor","wrist2_link|forearm_link"
"near_singular_minus",179,0.20000000000000001,0.016726659042940704,"base_link|tunnel_floor","wrist2_link|forearm_link"
"near_singular_minus",180,0.20000000000000001,0.016627569390579144,"base_link|tunnel_floor","wrist2_link|forearm_link"
"near_singular_wrist",0,0.20000000000000001,0.016836332585723032,"base_link|tunnel_floor","wrist2_link|forearm_link"
"near_singular_wrist",1,0.20000000000000001,0.016845881801387887,"base_link|tunnel_floor","wrist2_link|forearm_link"
"near_singular_wrist",2,0.20000000000000001,0.016654625670177142,"base_link|tunnel_floor","wrist2_link|forearm_link"
"near_singular_wrist",3,0.20000000000000001,0.016755178830541798,"base_link|tunnel_floor","wrist2_link|forearm_link"
"near_singular_wrist",4,0.20000000000000001,0.016858740081537614,"base_link|tunnel_floor","wrist2_link|forearm_link"
"near_singular_wrist",5,0.20000000000000001,0.016677991262512657,"base_link|tunnel_floor","wrist2_link|forearm_link"
"near_singular_wrist",6,0.20000000000000001,0.016730034696398634,"base_link|tunnel_floor","wrist2_link|forearm_link"
"near_singular_wrist",7,0.20000000000000001,0.016785710597003147,"base_link|tunnel_floor","wrist2_link|forearm_link"
"near_singular_wrist",8,0.20000000000000001,0.016673184123179505,"base_link|tunnel_floor","wrist2_link|forearm_link"
"near_singular_wrist",9,0.20000000000000001,0.016745431932222724,"base_link|tunnel_floor","wrist2_link|forearm_link"
"near_singular_wrist",10,0.20000000000000001,0.016798758979881374,"base_link|tunnel_floor","wrist2_link|forearm_link"
"near_singular_wrist",11,0.20000000000000001,0.016749644254308117,"base_link|tunnel_floor","wrist2_link|forearm_link"
"near_singular_wrist",12,0.20000000000000001,0.016762608407093142,"base_link|tunnel_floor","wrist2_link|forearm_link"
"near_singular_wrist",13,0.20000000000000001,0.016749646766677118,"base_link|tunnel_floor","wrist2_link|forearm_link"
"near_singular_wrist",14,0.20000000000000001,0.016745471711788872,"base_link|tunnel_floor","wrist2_link|forearm_link"
"near_singular_wrist",15,0.20000000000000001,0.016878768880188758,"base_link|tunnel_floor","wrist2_link|forearm_link"
"near_singular_wrist",16,0.20000000000000001,0.016727662253921461,"base_link|tunnel_floor","wrist2_link|forearm_link"
"near_singular_wrist",17,0.20000000000000001,0.016657965609218377,"base_link|tunnel_floor","wrist2_link|forearm_link"
"near_singular_wrist",18,0.20000000000000001,0.016669511891632054,"base_link|tunnel_floor","wrist2_link|forearm_link"
"near_singular_wrist",19,0.20000000000000001,0.016809528507687528,"base_link|tunnel_floor","wrist2_link|forearm_link"
"near_singular_wrist",20,0.20000000000000001,0.016806816575286557,"base_link|tunnel_floor","wrist2_link|forearm_link"
"near_singular_wrist",21,0.20000000000000001,0.016741678993671086,"base_link|tunnel_floor","wrist2_link|forearm_link"
"near_singular_wrist",22,0.20000000000000001,0.016764099691404313,"base_link|tunnel_floor","wrist2_link|forearm_link"
"near_singular_wrist",23,0.20000000000000001,0.016746696906236033,"base_link|tunnel_floor","wrist2_link|forearm_link"
"near_singular_wrist",24,0.20000000000000001,0.016848611503694086,"base_link|tunnel_floor","wrist2_link|forearm_link"
"near_singular_wrist",25,0.20000000000000001,0.016681012505133971,"base_link|tunnel_floor","wrist2_link|forearm_link"
"near_singular_wrist",26,0.20000000000000001,0.01664466246458661,"base_link|tunnel_floor","wrist2_link|forearm_link"
"near_singular_wrist",27,0.20000000000000001,0.016743883027984886,"base_link|tunnel_floor","wrist2_link|forearm_link"
"near_singular_wrist",28,0.20000000000000001,0.016900021635692448,"base_link|tunnel_floor","wrist2_link|forearm_link"
"near_singular_wrist",29,0.20000000000000001,0.016792257481507041,"base_link|tunnel_floor","wrist2_link|forearm_link"
"near_singular_wrist",30,0.20000000000000001,0.016770284865915367,"base_link|tunnel_floor","wrist2_link|forearm_link"
"near_singular_wrist",31,0.20000000000000001,0.016769044419670694,"base_link|tunnel_floor","wrist2_link|forearm_link"
"near_singular_wrist",32,0.20000000000000001,0.016781742761198981,"base_link|tunnel_floor","wrist2_link|forearm_link"
"near_singular_wrist",33,0.20000000000000001,0.016810657745890755,"base_link|tunnel_floor","wrist2_link|forearm_link"
"near_singular_wrist",34,0.20000000000000001,0.01686080267052224,"base_link|tunnel_floor","wrist2_link|forearm_link"
"near_singular_wrist",35,0.20000000000000001,0.016894695524299997,"base_link|tunnel_floor","wrist2_link|forearm_link"
"near_singular_wrist",36,0.20000000000000001,0.0168140813027974,"base_link|tunnel_floor","forearm_link|wrist2_link"
"near_singular_wrist",37,0.20000000000000001,0.016740017202710584,"base_link|tunnel_floor","forearm_link|wrist2_link"
"near_singular_wrist",38,0.20000000000000001,0.016737154129634141,"base_link|tunnel_floor","forearm_link|wrist2_link"
"near_singular_wrist",39,0.20000000000000001,0.016756766448487496,"base_link|tunnel_floor","forearm_link|wrist2_link"
"near_singular_wrist",40,0.20000000000000001,0.016664426358737067,"base_link|tunnel_floor","forearm_link|wrist2_link"
"near_singular_wrist",41,0.20000000000000001,0.01662451058976298,"base_link|tunnel_floor","forearm_link|wrist2_link"
"near_singular_wrist",42,0.20000000000000001,0.016648038882369591,"base_link|tunnel_floor","forearm_link|wrist2_link"
"near_singular_wrist",43,0.20000000000000001,0.016733953779237816,"base_link|tunnel_floor","forearm_link|wrist2_link"
"near_singular_wrist",44,0.20000000000000001,0.016695395464894781,"base_link|tunnel_floor","forearm_link|wrist2_link"
"near_singular_wrist",45,0.20000000000000001,0.016687689683214241,"base_link|tunnel_floor","forearm_link|wrist2_link"
"near_singular_wrist",46,0.20000000000000001,0.0167238708132369,"base_link|tunnel_floor","forearm_link|wrist2_link"
"near_singular_wrist",47,0.20000000000000001,0.01681028999908073,"base_link|tunnel_floor","forearm_link|wrist2_link"
"near_singular_wrist",48,0.20000000000000001,0.016921943082978629,"base_link|tunnel_floor","forearm_link|wrist2_link"
"near_singular_wrist",49,0.20000000000000001,0.016858084630386291,"base_link|tunnel_floor","forearm_link|wrist2_link"
"near_singular_wrist",50,0.20000000000000001,0.016826882611209924,"base_link|tunnel_floor","forearm_link|wrist2_link"
"near_singular_wrist",51,0.20000000000000001,0.016825958045092699,"base_link|tunnel_floor","forearm_link|wrist2_link"
"near_singular_wrist",52,0.20000000000000001,0.016761011734688466,"base_link|tunnel_floor","forearm_link|wrist2_link"
"near_singular_wrist",53,0.20000000000000001,0.016729211985350857,"base_link|tunnel_floor","forearm_link|wrist2_link"
"near_singular_wrist",54,0.20000000000000001,0.016729856142100638,"base_link|tunnel_floor","forearm_link|wrist2_link"
"near_singular_wrist",55,0.20000000000000001,0.016756910007979541,"base_link|tunnel_floor","forearm_link|wrist2_link"
"near_singular_wrist",56,0.20000000000000001,0.016711419272366239,"base_link|tunnel_floor","wrist2_link|forearm_link"
"near_singular_wrist",57,0.20000000000000001,0.016693488688368171,"base_link|tunnel_floor","wrist2_link|forearm_link"
"near_singular_wrist",58,0.20000000000000001,0.016701789979983377,"base_link|tunnel_floor","wrist2_link|forearm_link"
"near_singular_wrist",59,0.20000000000000001,0.016734847355980211,"base_link|tunnel_floor","wrist2_link|forearm_link"
"near_singular_wrist",60,0.20000000000000001,0.016790850508152991,"base_link|tunnel_floor","wrist2_link|forearm_link"
"near_singular_wrist",61,0.20000000000000001,0.016867569488336016,"base_link|tunnel_floor","wrist2_link|forearm_link"
"near_singular_wrist",62,0.20000000000000001,0.016905474442806233,"base_link|tunnel_floor","wrist2_link|forearm_link"
"near_singular_wrist",63,0.20000000000000001,0.016861032894178254,"base_link|tunnel_floor","wrist2_link|forearm_link"
"near_singular_wrist",64,0.20000000000000001,0.016839075623230421,"base_link|tunnel_floor","wrist2_link|forearm_link"
"near_singular_wrist",65,0.20000000000000001,0.016809562075124695,"base_link|tunnel_floor","wrist2_link|forearm_link"
"near_singular_wrist",66,0.20000000000000001,0.016731794596511161,"base_link|tunnel_floor","wrist2_link|forearm_link"
"near_singular_wrist",67,0.20000000000000001,0.016683751385754005,"base_link|tunnel_floor","wrist2_link|forearm_link"
"near_singular_wrist",68,0.20000000000000001,0.016670539819357354,"base_link|tunnel_floor","wrist2_link|forearm_link"
"near_singular_wrist",69,0.20000000000000001,0.016685261197419695,"base_link|tunnel_floor","wrist2_link|forearm_link"
"near_singular_wrist",70,0.20000000000000001,0.016705743518078509,"base_link|tunnel_floor","wrist2_link|forearm_link"
"near_singular_wrist",71,0.20000000000000001,0.016725124141628824,"base_link|tunnel_floor","wrist2_link|forearm_link"
"near_singular_wrist",72,0.20000000000000001,0.016735852668635042,"base_link|tunnel_floor","wrist2_link|forearm_link"
"near_singular_wrist",73,0.20000000000000001,0.016729504033487278,"base_link|tunnel_floor","wrist2_link|forearm_link"
"near_singular_wrist",74,0.20000000000000001,0.016696979434012653,"base_link|tunnel_floor","wrist2_link|forearm_link"
"near_singular_wrist",75,0.20000000000000001,0.016636166125264702,"base_link|tunnel_floor","wrist2_link|forearm_link"
"near_singular_wrist",76,0.20000000000000001,0.016656392356689375,"base_link|tunnel_floor","wrist2_link|forearm_link"
"near_singular_wrist",77,0.20000000000000001,0.016715162136258302,"base_link|tunnel_floor","wrist2_link|forearm_link"
"near_singular_wrist",78,0.19643020029846198,0.016729581634317679,"upperarm_link|horseshoe_wall_30","wrist2_link|forearm_link"
"near_singular_wrist",79,0.17456809600020357,0.016692415659986908,"upperarm_link|horseshoe_wall_30","wrist2_link|forearm_link"
"near_singular_wrist",80,0.1539979263308778,0.016651226831180078,"upperarm_link|horseshoe_wall_29","wrist2_link|forearm_link"
"near_singular_wrist",81,0.13526198908573681,0.016755863669145343,"upperarm_link|horseshoe_wall_29","wrist2_link|forearm_link"
"near_singular_wrist",82,0.11865744873398205,0.016781866408136985,"upperarm_link|horseshoe_wall_28","wrist2_link|forearm_link"
"near_singular_wrist",83,0.10472170740390108,0.016841442315810203,"upperarm_link|horseshoe_wall_26","wrist2_link|forearm_link"
"near_singular_wrist",84,0.09434694272602033,0.016871053133833292,"upperarm_link|horseshoe_wall_26","wrist2_link|forearm_link"
"near_singular_wrist",85,0.088577170270258659,0.016805115692573706,"upperarm_link|horseshoe_wall_25","wrist2_link|forearm_link"
"near_singular_wrist",86,0.090348083274491314,0.016702263074620947,"upperarm_link|horseshoe_wall_25","wrist2_link|forearm_link"
"near_singular_wrist",87,0.099679140482252834,0.016726307384393169,"upperarm_link|horseshoe_wall_24","wrist2_link|forearm_link"
"near_singular_wrist",88,0.10683287313877521,0.016655252556279171,"upperarm_link|horseshoe_wall_25","wrist2_link|forearm_link"
"near_singular_wrist",89,0.1152010809290252,0.016623586821265694,"upperarm_link|horseshoe_wall_25","wrist2_link|forearm_link"
"near_singular_wrist",90,0.12486658098858876,0.016693701047588116,"upperarm_link|horseshoe_wall_25","wrist2_link|forearm_link"
"near_singular_wrist",91,0.13062414568567493,0.016753632393532544,"forearm_link|horseshoe_wall_25","wrist2_link|forearm_link"
"near_singular_wrist",92,0.13532543798436827,0.016729292878311219,"forearm_link|horseshoe_wall_25","wrist2_link|forearm_link"
"near_singular_wrist",93,0.14062588085588204,0.016748860248726995,"forearm_link|horseshoe_wall_25","wrist2_link|forearm_link"
"near_singular_wrist",94,0.14641417927570841,0.016810831448591971,"forearm_link|horseshoe_wall_25","wrist2_link|forearm_link"
"near_singular_wrist",95,0.14331124247631288,0.016785363479155775,"forearm_link|horseshoe_wall_26","wrist2_link|forearm_link"
"near_singular_wrist",96,0.14323215974904016,0.016796058319227734,"forearm_link|horseshoe_wall_28","wrist2_link|forearm_link"
"near_singular_wrist",97,0.14440160083435394,0.016825741460766441,"forearm_link|horseshoe_wall_29","wrist2_link|forearm_link"
"near_singular_wrist",98,0.14608193380290183,0.016858732447846539,"forearm_link|horseshoe_wall_30","wrist2_link|forearm_link"
"near_singular_wrist",99,0.1479780891779387,0.01689008891244877,"forearm_link|horseshoe_wall_31","wrist2_link|forearm_link"
"near_singular_wrist",100,0.14994112341795876,0.016879917272835124,"forearm_link|horseshoe_wall_31","wrist2_link|forearm_link"
"near_singular_wrist",101,0.15203985899468145,0.016843371149207826,"forearm_link|horseshoe_wall_32","wrist2_link|forearm_link"
"near_singular_wrist",102,0.15423943015329189,0.016809875669022239,"forearm_link|horseshoe_wall_32","wrist2_link|forearm_link"
"near_singular_wrist",103,0.15644674080877505,0.016779651702944862,"forearm_link|horseshoe_wall_33","wrist2_link|forearm_link"
"near_singular_wrist",104,0.15872754782704854,0.016752787848838702,"forearm_link|horseshoe_wall_34","wrist2_link|forearm_link"
"near_singular_wrist",105,0.16101606383386688,0.016729325333264947,"forearm_link|horseshoe_wall_34","wrist2_link|forearm_link"
"near_singular_wrist",106,0.16329566618490213,0.016709301533400198,"forearm_link|horseshoe_wall_35","wrist2_link|forearm_link"
"near_singular_wrist",107,0.16560886662035051,0.016692774470820175,"forearm_link|horseshoe_wall_36","wrist2_link|forearm_link"
"near_singular_wrist",108,0.16786839531636316,0.016679837696867109,"forearm_link|horseshoe_wall_36","wrist2_link|forearm_link"
"near_singular_wrist",109,0.17011282870062833,0.016673830669366146,"forearm_link|horseshoe_wall_37","wrist2_link|forearm_link"
"near_singular_wrist",110,0.17236893883007126,0.016678619999925398,"forearm_link|horseshoe_wall_38","wrist2_link|forearm_link"
"near_singular_wrist",111,0.17454145718130745,0.016691413732518947,"forearm_link|horseshoe_wall_38","wrist2_link|forearm_link"
"near_singular_wrist",112,0.17671657953985459,0.016718229778879261,"forearm_link|horseshoe_wall_39","wrist2_link|forearm_link"
"near_singular_wrist",113,0.17891078294156962,0.01672355143288121,"forearm_link|horseshoe_wall_39","wrist2_link|forearm_link"
"near_singular_wrist",114,0.18103487804074592,0.01669282317590793,"forearm_link|horseshoe_wall_40","wrist2_link|forearm_link"
"near_singular_wrist",115,0.18318283580079511,0.016666232316126541,"forearm_link|horseshoe_wall_41","wrist2_link|forearm_link"
"near_singular_wrist",116,0.1853292688637285,0.016643538561994149,"forearm_link|horseshoe_wall_41","wrist2_link|forearm_link"
"near_singular_wrist",117,0.18741779639918849,0.016629946162803912,"forearm_link|horseshoe_wall_42","wrist2_link|forearm_link"
"near_singular_wrist",118,0.18952381211712538,0.01662778932643251,"forearm_link|horseshoe_wall_43","wrist2_link|forearm_link"
"near_singular_wrist",119,0.19161480910785517,0.016633937929095038,"forearm_link|horseshoe_wall_43","wrist2_link|forearm_link"
"near_singular_wrist",120,0.19365331775253958,0.016645099528984519,"forearm_link|horseshoe_wall_44","wrist2_link|forearm_link"
"near_singular_wrist",121,0.1957036723303805,0.01666618407744205,"forearm_link|horseshoe_wall_45","wrist2_link|forearm_link"
"near_singular_wrist",122,0.19773062247686907,0.016697234642067148,"forearm_link|horseshoe_wall_45","wrist2_link|forearm_link"
"near_singular_wrist",123,0.19970569819024289,0.016735997046029565,"forearm_link|horseshoe_wall_46","wrist2_link|forearm_link"
"near_singular_wrist",124,0.20000000000000001,0.016765506079783919,"base_link|tunnel_floor","wrist2_link|forearm_link"
"near_singular_wrist",125,0.20000000000000001,0.016759304139505382,"base_link|tunnel_floor","wrist2_link|forearm_link"
"near_singular_wrist",126,0.20000000000000001,0.016749446417763648,"base_link|tunnel_floor","wrist2_link|forearm_link"
"near_singular_wrist",127,0.20000000000000001,0.016737491188302242,"base_link|tunnel_floor","wrist2_link|forearm_link"
"near_singular_wrist",128,0.20000000000000001,0.01673376182052275,"base_link|tunnel_floor","wrist2_link|forearm_link"
"near_singular_wrist",129,0.20000000000000001,0.016738291436867739,"base_link|tunnel_floor","wrist2_link|forearm_link"
"near_singular_wrist",130,0.20000000000000001,0.01674629379768492,"base_link|tunnel_floor","wrist2_link|forearm_link"
"near_singular_wrist",131,0.20000000000000001,0.016761730010817936,"base_link|tunnel_floor","wrist2_link|forearm_link"
"near_singular_wrist",132,0.20000000000000001,0.016785180448236001,"base_link|tunnel_floor","wrist2_link|forearm_link"
"near_singular_wrist",133,0.20000000000000001,0.016815901684926117,"base_link|tunnel_floor","wrist2_link|forearm_link"
"near_singular_wrist",134,0.20000000000000001,0.016846210033822345,"base_link|tunnel_floor","wrist2_link|forearm_link"
"near_singular_wrist",135,0.20000000000000001,0.01687384591777373,"base_link|tunnel_floor","wrist2_link|forearm_link"
"near_singular_wrist",136,0.20000000000000001,0.016898900184477872,"base_link|tunnel_floor","wrist2_link|forearm_link"
"near_singular_wrist",137,0.20000000000000001,0.016891742580033949,"base_link|tunnel_floor","wrist2_link|forearm_link"
"near_singular_wrist",138,0.20000000000000001,0.016859323225161968,"base_link|tunnel_floor","wrist2_link|forearm_link"
"near_singular_wrist",139,0.20000000000000001,0.016828697093438469,"base_link|tunnel_floor","wrist2_link|forearm_link"
"near_singular_wrist",140,0.20000000000000001,0.016799930380164207,"base_link|tunnel_floor","wrist2_link|forearm_link"
"near_singular_wrist",141,0.20000000000000001,0.016773149256841948,"base_link|tunnel_floor","wrist2_link|forearm_link"
"near_singular_wrist",142,0.20000000000000001,0.016750488106623336,"base_link|tunnel_floor","wrist2_link|forearm_link"
"near_singular_wrist",143,0.20000000000000001,0.016733877635915863,"base_link|tunnel_floor","wrist2_link|forearm_link"
"near_singular_wrist",144,0.20000000000000001,0.016722128529223963,"base_link|tunnel_floor","wrist2_link|forearm_link"
"near_singular_wrist",145,0.20000000000000001,0.016714289755694903,"base_link|tunnel_floor","wrist2_link|forearm_link"
"near_singular_wrist",146,0.20000000000000001,0.016709664324736442,"base_link|tunnel_floor","wrist2_link|forearm_link"
"near_singular_wrist",147,0.20000000000000001,0.016707799308140786,"base_link|tunnel_floor","wrist2_link|forearm_link"
"near_singular_wrist",148,0.20000000000000001,0.016708472190661128,"base_link|tunnel_floor","wrist2_link|forearm_link"
"near_singular_wrist",149,0.20000000000000001,0.01671167486145159,"base_link|tunnel_floor","wrist2_link|forearm_link"
"near_singular_wrist",150,0.20000000000000001,0.016726832149598678,"base_link|tunnel_floor","wrist2_link|forearm_link"
"near_singular_wrist",151,0.20000000000000001,0.016774474286818004,"base_link|tunnel_floor","wrist2_link|forearm_link"
"near_singular_wrist",152,0.20000000000000001,0.016880787437018218,"base_link|tunnel_floor","wrist2_link|forearm_link"
"near_singular_wrist",153,0.20000000000000001,0.016780144263972119,"base_link|tunnel_floor","wrist2_link|forearm_link"
"near_singular_wrist",154,0.20000000000000001,0.01675954501453528,"base_link|tunnel_floor","wrist2_link|forearm_link"
"near_singular_wrist",155,0.20000000000000001,0.016632718665293391,"base_link|tunnel_floor","wrist2_link|forearm_link"
"near_singular_wrist",156,0.20000000000000001,0.016681720570417127,"base_link|tunnel_floor","wrist2_link|forearm_link"
"near_singular_wrist",157,0.20000000000000001,0.016841499132828928,"base_link|tunnel_floor","wrist2_link|forearm_link"
"near_singular_wrist",158,0.20000000000000001,0.016757906054069256,"base_link|tunnel_floor","wrist2_link|forearm_link"
"near_singular_wrist",159,0.20000000000000001,0.016664887633387523,"base_link|tunnel_floor","wrist2_link|forearm_link"
"near_singular_wrist",160,0.20000000000000001,0.016679131331138505,"base_link|tunnel_floor","wrist2_link|forearm_link"
"near_singular_wrist",161,0.20000000000000001,0.016747059908414408,"base_link|tunnel_floor","wrist2_link|forearm_link"
"near_singular_wrist",162,0.20000000000000001,0.01677994850739882,"base_link|tunnel_floor","wrist2_link|forearm_link"
"near_singular_wrist",163,0.20000000000000001,0.016849826108492876,"base_link|tunnel_floor","wrist2_link|forearm_link"
"near_singular_wrist",164,0.20000000000000001,0.016712862354652146,"base_link|tunnel_floor","wrist2_link|forearm_link"
"near_singular_wrist",165,0.20000000000000001,0.016684868839068633,"base_link|tunnel_floor","wrist2_link|forearm_link"
"near_singular_wrist",166,0.20000000000000001,0.016655871891513189,"base_link|tunnel_floor","wrist2_link|forearm_link"
"near_singular_wrist",167,0.20000000000000001,0.016658787017895436,"base_link|tunnel_floor","wrist2_link|forearm_link"
"near_singular_wrist",168,0.20000000000000001,0.016747291112832952,"base_link|tunnel_floor","wrist2_link|forearm_link"
"near_singular_wrist",169,0.20000000000000001,0.016778215775310898,"base_link|tunnel_floor","wrist2_link|forearm_link"
"near_singular_wrist",170,0.20000000000000001,0.01687338079248862,"base_link|tunnel_floor","wrist2_link|forearm_link"
"near_singular_wrist",171,0.20000000000000001,0.016728545985281413,"base_link|tunnel_floor","wrist2_link|forearm_link"
"near_singular_wrist",172,0.20000000000000001,0.01667522860225416,"base_link|tunnel_floor","wrist2_link|forearm_link"
"near_singular_wrist",173,0.20000000000000001,0.016677137509336519,"base_link|tunnel_floor","wrist2_link|forearm_link"
"near_singular_wrist",174,0.20000000000000001,0.016633492306459795,"base_link|tunnel_floor","wrist2_link|forearm_link"
"near_singular_wrist",175,0.20000000000000001,0.016766143167831895,"base_link|tunnel_floor","wrist2_link|forearm_link"
"near_singular_wrist",176,0.20000000000000001,0.016733933191161111,"base_link|tunnel_floor","wrist2_link|forearm_link"
"near_singular_wrist",177,0.20000000000000001,0.016809134665320594,"base_link|tunnel_floor","wrist2_link|forearm_link"
"near_singular_wrist",178,0.20000000000000001,0.01685271081960632,"base_link|tunnel_floor","wrist2_link|forearm_link"
"near_singular_wrist",179,0.20000000000000001,0.016726659042940708,"base_link|tunnel_floor","wrist2_link|forearm_link"
"near_singular_wrist",180,0.20000000000000001,0.016627569390579071,"base_link|tunnel_floor","wrist2_link|forearm_link"
"near_limit_j3_upper_0.08rad",0,0.20000000000000001,0.016836332585723032,"base_link|tunnel_floor","wrist2_link|forearm_link"
"near_limit_j3_upper_0.08rad",1,0.20000000000000001,0.016845881801387887,"base_link|tunnel_floor","wrist2_link|forearm_link"
"near_limit_j3_upper_0.08rad",2,0.20000000000000001,0.016654625670177142,"base_link|tunnel_floor","wrist2_link|forearm_link"
"near_limit_j3_upper_0.08rad",3,0.20000000000000001,0.016755178830541798,"base_link|tunnel_floor","wrist2_link|forearm_link"
"near_limit_j3_upper_0.08rad",4,0.20000000000000001,0.016858740081537614,"base_link|tunnel_floor","wrist2_link|forearm_link"
"near_limit_j3_upper_0.08rad",5,0.20000000000000001,0.016677991262512657,"base_link|tunnel_floor","wrist2_link|forearm_link"
"near_limit_j3_upper_0.08rad",6,0.20000000000000001,0.016730034696398634,"base_link|tunnel_floor","wrist2_link|forearm_link"
"near_limit_j3_upper_0.08rad",7,0.20000000000000001,0.016785710597003147,"base_link|tunnel_floor","wrist2_link|forearm_link"
"near_limit_j3_upper_0.08rad",8,0.20000000000000001,0.016673184123179505,"base_link|tunnel_floor","wrist2_link|forearm_link"
"near_limit_j3_upper_0.08rad",9,0.20000000000000001,0.016745431932222724,"base_link|tunnel_floor","wrist2_link|forearm_link"
"near_limit_j3_upper_0.08rad",10,0.20000000000000001,0.016798758979881374,"base_link|tunnel_floor","wrist2_link|forearm_link"
"near_limit_j3_upper_0.08rad",11,0.20000000000000001,0.016749644254308117,"base_link|tunnel_floor","wrist2_link|forearm_link"
"near_limit_j3_upper_0.08rad",12,0.20000000000000001,0.016762608407093142,"base_link|tunnel_floor","wrist2_link|forearm_link"
"near_limit_j3_upper_0.08rad",13,0.20000000000000001,0.016749646766677118,"base_link|tunnel_floor","wrist2_link|forearm_link"
"near_limit_j3_upper_0.08rad",14,0.20000000000000001,0.016745471711788872,"base_link|tunnel_floor","wrist2_link|forearm_link"
"near_limit_j3_upper_0.08rad",15,0.20000000000000001,0.0018547295441871769,"base_link|tunnel_floor","wrist2_link|upperarm_link"
"near_limit_j3_upper_0.08rad",16,0.20000000000000001,0.016727265640084154,"base_link|tunnel_floor","wrist2_link|forearm_link"
"near_limit_j3_upper_0.08rad",17,0.20000000000000001,0.016657967655392764,"base_link|tunnel_floor","wrist2_link|forearm_link"
"near_limit_j3_upper_0.08rad",18,0.20000000000000001,0.016669511893105435,"base_link|tunnel_floor","wrist2_link|forearm_link"
"near_limit_j3_upper_0.08rad",19,0.20000000000000001,0.016809528507750846,"base_link|tunnel_floor","wrist2_link|forearm_link"
"near_limit_j3_upper_0.08rad",20,0.20000000000000001,0.016806816575286175,"base_link|tunnel_floor","wrist2_link|forearm_link"
"near_limit_j3_upper_0.08rad",21,0.20000000000000001,0.016741678993670989,"base_link|tunnel_floor","wrist2_link|forearm_link"
"near_limit_j3_upper_0.08rad",22,0.20000000000000001,0.016764099691404355,"base_link|tunnel_floor","wrist2_link|forearm_link"
"near_limit_j3_upper_0.08rad",23,0.20000000000000001,0.016746696906236098,"base_link|tunnel_floor","wrist2_link|forearm_link"
"near_limit_j3_upper_0.08rad",24,0.20000000000000001,0.016848611503694013,"base_link|tunnel_floor","wrist2_link|forearm_link"
"near_limit_j3_upper_0.08rad",25,0.20000000000000001,0.016681012505134013,"base_link|tunnel_floor","wrist2_link|forearm_link"
"near_limit_j3_upper_0.08rad",26,0.20000000000000001,0.016644662464586631,"base_link|tunnel_floor","wrist2_link|forearm_link"
"near_limit_j3_upper_0.08rad",27,0.20000000000000001,0.016743883027985029,"base_link|tunnel_floor","wrist2_link|forearm_link"
"near_limit_j3_upper_0.08rad",28,0.20000000000000001,0.016900021635692399,"base_link|tunnel_floor","wrist2_link|forearm_link"
"near_limit_j3_upper_0.08rad",29,0.20000000000000001,0.016792257481507009,"base_link|tunnel_floor","wrist2_link|forearm_link"
"near_limit_j3_upper_0.08rad",30,0.20000000000000001,0.01677028486591543,"base_link|tunnel_floor","wrist2_link|forearm_link"
"near_limit_j3_upper_0.08rad",31,0.20000000000000001,0.016769044419670701,"base_link|tunnel_floor","wrist2_link|forearm_link"
"near_limit_j3_upper_0.08rad",32,0.20000000000000001,0.016781742761198995,"base_link|tunnel_floor","wrist2_link|forearm_link"
"near_limit_j3_upper_0.08rad",33,0.20000000000000001,0.016810657745890755,"base_link|tunnel_floor","wrist2_link|forearm_link"
"near_limit_j3_upper_0.08rad",34,0.20000000000000001,0.01686080267052224,"base_link|tunnel_floor","wrist2_link|forearm_link"
"near_limit_j3_upper_0.08rad",35,0.20000000000000001,0.016894695524299997,"base_link|tunnel_floor","wrist2_link|forearm_link"
"near_limit_j3_upper_0.08rad",36,0.20000000000000001,0.0168140813027974,"base_link|tunnel_floor","forearm_link|wrist2_link"
"near_limit_j3_upper_0.08rad",37,0.20000000000000001,0.016740017202710584,"base_link|tunnel_floor","forearm_link|wrist2_link"
"near_limit_j3_upper_0.08rad",38,0.20000000000000001,0.016737154129634141,"base_link|tunnel_floor","forearm_link|wrist2_link"
"near_limit_j3_upper_0.08rad",39,0.20000000000000001,0.016756766448487496,"base_link|tunnel_floor","forearm_link|wrist2_link"
"near_limit_j3_upper_0.08rad",40,0.20000000000000001,0.016664426358737067,"base_link|tunnel_floor","forearm_link|wrist2_link"
"near_limit_j3_upper_0.08rad",41,0.20000000000000001,0.01662451058976298,"base_link|tunnel_floor","forearm_link|wrist2_link"
"near_limit_j3_upper_0.08rad",42,0.20000000000000001,0.016648038882369591,"base_link|tunnel_floor","forearm_link|wrist2_link"
"near_limit_j3_upper_0.08rad",43,0.20000000000000001,0.016733953779237816,"base_link|tunnel_floor","forearm_link|wrist2_link"
"near_limit_j3_upper_0.08rad",44,0.20000000000000001,0.016695395464894781,"base_link|tunnel_floor","forearm_link|wrist2_link"
"near_limit_j3_upper_0.08rad",45,0.20000000000000001,0.016687689683214241,"base_link|tunnel_floor","forearm_link|wrist2_link"
"near_limit_j3_upper_0.08rad",46,0.20000000000000001,0.0167238708132369,"base_link|tunnel_floor","forearm_link|wrist2_link"
"near_limit_j3_upper_0.08rad",47,0.20000000000000001,0.01681028999908073,"base_link|tunnel_floor","forearm_link|wrist2_link"
"near_limit_j3_upper_0.08rad",48,0.20000000000000001,0.016921943082978629,"base_link|tunnel_floor","forearm_link|wrist2_link"
"near_limit_j3_upper_0.08rad",49,0.20000000000000001,0.016858084630386291,"base_link|tunnel_floor","forearm_link|wrist2_link"
"near_limit_j3_upper_0.08rad",50,0.20000000000000001,0.016826882611209924,"base_link|tunnel_floor","forearm_link|wrist2_link"
"near_limit_j3_upper_0.08rad",51,0.20000000000000001,0.016825958045092699,"base_link|tunnel_floor","forearm_link|wrist2_link"
"near_limit_j3_upper_0.08rad",52,0.20000000000000001,0.016761011734688466,"base_link|tunnel_floor","forearm_link|wrist2_link"
"near_limit_j3_upper_0.08rad",53,0.20000000000000001,0.016729211985350857,"base_link|tunnel_floor","forearm_link|wrist2_link"
"near_limit_j3_upper_0.08rad",54,0.20000000000000001,0.016729856142100638,"base_link|tunnel_floor","forearm_link|wrist2_link"
"near_limit_j3_upper_0.08rad",55,0.20000000000000001,0.016756910007979541,"base_link|tunnel_floor","forearm_link|wrist2_link"
"near_limit_j3_upper_0.08rad",56,0.20000000000000001,0.016711419272366239,"base_link|tunnel_floor","wrist2_link|forearm_link"
"near_limit_j3_upper_0.08rad",57,0.20000000000000001,0.016693488688368171,"base_link|tunnel_floor","wrist2_link|forearm_link"
"near_limit_j3_upper_0.08rad",58,0.20000000000000001,0.016701789979983377,"base_link|tunnel_floor","wrist2_link|forearm_link"
"near_limit_j3_upper_0.08rad",59,0.20000000000000001,0.016734847355980211,"base_link|tunnel_floor","wrist2_link|forearm_link"
"near_limit_j3_upper_0.08rad",60,0.20000000000000001,0.016790850508152991,"base_link|tunnel_floor","wrist2_link|forearm_link"
"near_limit_j3_upper_0.08rad",61,0.20000000000000001,0.016867569488336016,"base_link|tunnel_floor","wrist2_link|forearm_link"
"near_limit_j3_upper_0.08rad",62,0.20000000000000001,0.016905474442806233,"base_link|tunnel_floor","wrist2_link|forearm_link"
"near_limit_j3_upper_0.08rad",63,0.20000000000000001,0.016861032894178254,"base_link|tunnel_floor","wrist2_link|forearm_link"
"near_limit_j3_upper_0.08rad",64,0.20000000000000001,0.016839075623230466,"base_link|tunnel_floor","wrist2_link|forearm_link"
"near_limit_j3_upper_0.08rad",65,0.20000000000000001,0.01680956207512467,"base_link|tunnel_floor","wrist2_link|forearm_link"
"near_limit_j3_upper_0.08rad",66,0.20000000000000001,0.016731794596511109,"base_link|tunnel_floor","wrist2_link|forearm_link"
"near_limit_j3_upper_0.08rad",67,0.20000000000000001,0.016683751385754023,"base_link|tunnel_floor","wrist2_link|forearm_link"
"near_limit_j3_upper_0.08rad",68,0.20000000000000001,0.016670539819357393,"base_link|tunnel_floor","wrist2_link|forearm_link"
"near_limit_j3_upper_0.08rad",69,0.20000000000000001,0.016685261197419726,"base_link|tunnel_floor","wrist2_link|forearm_link"
"near_limit_j3_upper_0.08rad",70,0.20000000000000001,0.016705743518078509,"base_link|tunnel_floor","wrist2_link|forearm_link"
"near_limit_j3_upper_0.08rad",71,0.20000000000000001,0.016725124141628824,"base_link|tunnel_floor","wrist2_link|forearm_link"
"near_limit_j3_upper_0.08rad",72,0.20000000000000001,0.016735852668635042,"base_link|tunnel_floor","wrist2_link|forearm_link"
"near_limit_j3_upper_0.08rad",73,0.20000000000000001,0.016729504033487438,"base_link|tunnel_floor","wrist2_link|forearm_link"
"near_limit_j3_upper_0.08rad",74,0.20000000000000001,0.016696979434012802,"base_link|tunnel_floor","wrist2_link|forearm_link"
"near_limit_j3_upper_0.08rad",75,0.20000000000000001,0.016636166125264789,"base_link|tunnel_floor","wrist2_link|forearm_link"
"near_limit_j3_upper_0.08rad",76,0.20000000000000001,0.016656392356689368,"base_link|tunnel_floor","wrist2_link|forearm_link"
"near_limit_j3_upper_0.08rad",77,0.20000000000000001,0.016715162136258274,"base_link|tunnel_floor","wrist2_link|forearm_link"
"near_limit_j3_upper_0.08rad",78,0.19643020029846223,0.01672958163431763,"upperarm_link|horseshoe_wall_30","wrist2_link|forearm_link"
"near_limit_j3_upper_0.08rad",79,0.17456809600020365,0.016692415659986949,"upperarm_link|horseshoe_wall_30","wrist2_link|forearm_link"
"near_limit_j3_upper_0.08rad",80,0.15399792633087792,0.016651226831180015,"upperarm_link|horseshoe_wall_29","wrist2_link|forearm_link"
"near_limit_j3_upper_0.08rad",81,0.13526198908573681,0.016755863669145426,"upperarm_link|horseshoe_wall_29","wrist2_link|forearm_link"
"near_limit_j3_upper_0.08rad",82,0.11865744873398228,0.016781866408136829,"upperarm_link|horseshoe_wall_28","wrist2_link|forearm_link"
"near_limit_j3_upper_0.08rad",83,0.10472170740390119,0.016841442315810196,"upperarm_link|horseshoe_wall_26","wrist2_link|forearm_link"
"near_limit_j3_upper_0.08rad",84,0.094346942726020441,0.016871053133833309,"upperarm_link|horseshoe_wall_26","wrist2_link|forearm_link"
"near_limit_j3_upper_0.08rad",85,0.088577170270258784,0.016805115692573779,"upperarm_link|horseshoe_wall_25","wrist2_link|forearm_link"
"near_limit_j3_upper_0.08rad",86,0.090348083274491425,0.016702263074620995,"upperarm_link|horseshoe_wall_25","wrist2_link|forearm_link"
"near_limit_j3_upper_0.08rad",87,0.099679140482252834,0.016726307384393169,"upperarm_link|horseshoe_wall_24","wrist2_link|forearm_link"
"near_limit_j3_upper_0.08rad",88,0.10683287179340895,0.016655252567224603,"upperarm_link|horseshoe_wall_25","wrist2_link|forearm_link"
"near_limit_j3_upper_0.08rad",89,0.11520108063433428,0.016623586820841103,"upperarm_link|horseshoe_wall_25","wrist2_link|forearm_link"
"near_limit_j3_upper_0.08rad",90,0.12486658506819509,0.016693701071228889,"upperarm_link|horseshoe_wall_25","wrist2_link|forearm_link"
"near_limit_j3_upper_0.08rad",91,0.13062414560382571,0.016753632394017816,"forearm_link|horseshoe_wall_25","wrist2_link|forearm_link"
"near_limit_j3_upper_0.08rad",92,0.13532543806366004,0.016729292878207389,"forearm_link|horseshoe_wall_25","wrist2_link|forearm_link"
"near_limit_j3_upper_0.08rad",93,0.14062588122077804,0.016748860251405397,"forearm_link|horseshoe_wall_25","wrist2_link|forearm_link"
"near_limit_j3_upper_0.08rad",94,0.14641417927621284,0.016810831448597408,"forearm_link|horseshoe_wall_25","wrist2_link|forearm_link"
"near_limit_j3_upper_0.08rad",95,0.14331124247635957,0.016785363479156303,"forearm_link|horseshoe_wall_26","wrist2_link|forearm_link"
"near_limit_j3_upper_0.08rad",96,0.1432321597490421,0.016796058319227793,"forearm_link|horseshoe_wall_28","wrist2_link|forearm_link"
"near_limit_j3_upper_0.08rad",97,0.14440160083435402,0.016825741460766437,"forearm_link|horseshoe_wall_29","wrist2_link|forearm_link"
"near_limit_j3_upper_0.08rad",98,0.14608193380290188,0.016858732447846449,"forearm_link|horseshoe_wall_30","wrist2_link|forearm_link"
"near_limit_j3_upper_0.08rad",99,0.14797808917793862,0.016890088912448805,"forearm_link|horseshoe_wall_31","wrist2_link|forearm_link"
"near_limit_j3_upper_0.08rad",100,0.14994112341795876,0.016879917272835072,"forearm_link|horseshoe_wall_31","wrist2_link|forearm_link"
"near_limit_j3_upper_0.08rad",101,0.15203985899468139,0.016843371149207882,"forearm_link|horseshoe_wall_32","wrist2_link|forearm_link"
"near_limit_j3_upper_0.08rad",102,0.15423943015329189,0.016809875669022239,"forearm_link|horseshoe_wall_32","wrist2_link|forearm_link"
"near_limit_j3_upper_0.08rad",103,0.15644674080877505,0.016779651702944862,"forearm_link|horseshoe_wall_33","wrist2_link|forearm_link"
"near_limit_j3_upper_0.08rad",104,0.15872754782704854,0.016752787848838702,"forearm_link|horseshoe_wall_34","wrist2_link|forearm_link"
"near_limit_j3_upper_0.08rad",105,0.16101606383386688,0.016729325333264947,"forearm_link|horseshoe_wall_34","wrist2_link|forearm_link"
"near_limit_j3_upper_0.08rad",106,0.16329566618490213,0.016709301533400198,"forearm_link|horseshoe_wall_35","wrist2_link|forearm_link"
"near_limit_j3_upper_0.08rad",107,0.16560886662035051,0.016692774470820175,"forearm_link|horseshoe_wall_36","wrist2_link|forearm_link"
"near_limit_j3_upper_0.08rad",108,0.16786839531636316,0.016679837696867161,"forearm_link|horseshoe_wall_36","wrist2_link|forearm_link"
"near_limit_j3_upper_0.08rad",109,0.17011282870062833,0.016673830669366094,"forearm_link|horseshoe_wall_37","wrist2_link|forearm_link"
"near_limit_j3_upper_0.08rad",110,0.17236893883007118,0.016678619999925391,"forearm_link|horseshoe_wall_38","wrist2_link|forearm_link"
"near_limit_j3_upper_0.08rad",111,0.17454145718130745,0.016691413732518933,"forearm_link|horseshoe_wall_38","wrist2_link|forearm_link"
"near_limit_j3_upper_0.08rad",112,0.17671657953985459,0.016718229778879254,"forearm_link|horseshoe_wall_39","wrist2_link|forearm_link"
"near_limit_j3_upper_0.08rad",113,0.17891078294156956,0.016723551432881116,"forearm_link|horseshoe_wall_39","wrist2_link|forearm_link"
"near_limit_j3_upper_0.08rad",114,0.18103487804074592,0.016692823175907937,"forearm_link|horseshoe_wall_40","wrist2_link|forearm_link"
"near_limit_j3_upper_0.08rad",115,0.18318283580079511,0.016666232316126545,"forearm_link|horseshoe_wall_41","wrist2_link|forearm_link"
"near_limit_j3_upper_0.08rad",116,0.1853292688637285,0.016643538561994197,"forearm_link|horseshoe_wall_41","wrist2_link|forearm_link"
"near_limit_j3_upper_0.08rad",117,0.18741779639918849,0.016629946162803912,"forearm_link|horseshoe_wall_42","wrist2_link|forearm_link"
"near_limit_j3_upper_0.08rad",118,0.18952381211712538,0.01662778932643251,"forearm_link|horseshoe_wall_43","wrist2_link|forearm_link"
"near_limit_j3_upper_0.08rad",119,0.19161480910785517,0.016633937929095,"forearm_link|horseshoe_wall_43","wrist2_link|forearm_link"
"near_limit_j3_upper_0.08rad",120,0.19365331775253958,0.016645099528984523,"forearm_link|horseshoe_wall_44","wrist2_link|forearm_link"
"near_limit_j3_upper_0.08rad",121,0.1957036723303805,0.016666184077442012,"forearm_link|horseshoe_wall_45","wrist2_link|forearm_link"
"near_limit_j3_upper_0.08rad",122,0.19773062247686901,0.016697234642067148,"forearm_link|horseshoe_wall_45","wrist2_link|forearm_link"
"near_limit_j3_upper_0.08rad",123,0.19970569819024289,0.016735997046029565,"forearm_link|horseshoe_wall_46","wrist2_link|forearm_link"
"near_limit_j3_upper_0.08rad",124,0.20000000000000001,0.016765506079783884,"base_link|tunnel_floor","wrist2_link|forearm_link"
"near_limit_j3_upper_0.08rad",125,0.20000000000000001,0.016759304139505379,"base_link|tunnel_floor","wrist2_link|forearm_link"
"near_limit_j3_upper_0.08rad",126,0.20000000000000001,0.016749446417763672,"base_link|tunnel_floor","wrist2_link|forearm_link"
"near_limit_j3_upper_0.08rad",127,0.20000000000000001,0.016737491188302211,"base_link|tunnel_floor","wrist2_link|forearm_link"
"near_limit_j3_upper_0.08rad",128,0.20000000000000001,0.016733761820522702,"base_link|tunnel_floor","wrist2_link|forearm_link"
"near_limit_j3_upper_0.08rad",129,0.20000000000000001,0.016738291436867739,"base_link|tunnel_floor","wrist2_link|forearm_link"
"near_limit_j3_upper_0.08rad",130,0.20000000000000001,0.016746293797684914,"base_link|tunnel_floor","wrist2_link|forearm_link"
"near_limit_j3_upper_0.08rad",131,0.20000000000000001,0.016761730010817936,"base_link|tunnel_floor","wrist2_link|forearm_link"
"near_limit_j3_upper_0.08rad",132,0.20000000000000001,0.01678518044823599,"base_link|tunnel_floor","wrist2_link|forearm_link"
"near_limit_j3_upper_0.08rad",133,0.20000000000000001,0.016815901684926141,"base_link|tunnel_floor","wrist2_link|forearm_link"
"near_limit_j3_upper_0.08rad",134,0.20000000000000001,0.016846210033822341,"base_link|tunnel_floor","wrist2_link|forearm_link"
"near_limit_j3_upper_0.08rad",135,0.20000000000000001,0.01687384591777373,"base_link|tunnel_floor","wrist2_link|forearm_link"
"near_limit_j3_upper_0.08rad",136,0.20000000000000001,0.016898900184477872,"base_link|tunnel_floor","wrist2_link|forearm_link"
"near_limit_j3_upper_0.08rad",137,0.20000000000000001,0.01689174258003397,"base_link|tunnel_floor","wrist2_link|forearm_link"
"near_limit_j3_upper_0.08rad",138,0.20000000000000001,0.01685932322516194,"base_link|tunnel_floor","wrist2_link|forearm_link"
"near_limit_j3_upper_0.08rad",139,0.20000000000000001,0.016828697093438493,"base_link|tunnel_floor","wrist2_link|forearm_link"
"near_limit_j3_upper_0.08rad",140,0.20000000000000001,0.016799930380164207,"base_link|tunnel_floor","wrist2_link|forearm_link"
"near_limit_j3_upper_0.08rad",141,0.20000000000000001,0.01677314925684192,"base_link|tunnel_floor","wrist2_link|forearm_link"
"near_limit_j3_upper_0.08rad",142,0.20000000000000001,0.01675048810662336,"base_link|tunnel_floor","wrist2_link|forearm_link"
"near_limit_j3_upper_0.08rad",143,0.20000000000000001,0.016733877635915866,"base_link|tunnel_floor","wrist2_link|forearm_link"
"near_limit_j3_upper_0.08rad",144,0.20000000000000001,0.016722128529223963,"base_link|tunnel_floor","wrist2_link|forearm_link"
"near_limit_j3_upper_0.08rad",145,0.20000000000000001,0.016714289755694875,"base_link|tunnel_floor","wrist2_link|forearm_link"
"near_limit_j3_upper_0.08rad",146,0.20000000000000001,0.016709664324736417,"base_link|tunnel_floor","wrist2_link|forearm_link"
"near_limit_j3_upper_0.08rad",147,0.20000000000000001,0.016707799308140835,"base_link|tunnel_floor","wrist2_link|forearm_link"
"near_limit_j3_upper_0.08rad",148,0.20000000000000001,0.016708472190661069,"base_link|tunnel_floor","wrist2_link|forearm_link"
"near_limit_j3_upper_0.08rad",149,0.20000000000000001,0.016711674861451687,"base_link|tunnel_floor","wrist2_link|forearm_link"
"near_limit_j3_upper_0.08rad",150,0.20000000000000001,0.016726832149598653,"base_link|tunnel_floor","wrist2_link|forearm_link"
"near_limit_j3_upper_0.08rad",151,0.20000000000000001,0.01677447428681806,"base_link|tunnel_floor","wrist2_link|forearm_link"
"near_limit_j3_upper_0.08rad",152,0.20000000000000001,0.016880787437018218,"base_link|tunnel_floor","wrist2_link|forearm_link"
"near_limit_j3_upper_0.08rad",153,0.20000000000000001,0.016780144263972223,"base_link|tunnel_floor","wrist2_link|forearm_link"
"near_limit_j3_upper_0.08rad",154,0.20000000000000001,0.016759545014535165,"base_link|tunnel_floor","wrist2_link|forearm_link"
"near_limit_j3_upper_0.08rad",155,0.20000000000000001,0.016632718665293363,"base_link|tunnel_floor","wrist2_link|forearm_link"
"near_limit_j3_upper_0.08rad",156,0.20000000000000001,0.016681720570417124,"base_link|tunnel_floor","wrist2_link|forearm_link"
"near_limit_j3_upper_0.08rad",157,0.20000000000000001,0.016841499132829008,"base_link|tunnel_floor","wrist2_link|forearm_link"
"near_limit_j3_upper_0.08rad",158,0.20000000000000001,0.01675790605406921,"base_link|tunnel_floor","wrist2_link|forearm_link"
"near_limit_j3_upper_0.08rad",159,0.20000000000000001,0.016664887633387564,"base_link|tunnel_floor","wrist2_link|forearm_link"
"near_limit_j3_upper_0.08rad",160,0.20000000000000001,0.01667913133113846,"base_link|tunnel_floor","wrist2_link|forearm_link"
"near_limit_j3_upper_0.08rad",161,0.20000000000000001,0.016747059908414373,"base_link|tunnel_floor","wrist2_link|forearm_link"
"near_limit_j3_upper_0.08rad",162,0.20000000000000001,0.01677994850739882,"base_link|tunnel_floor","wrist2_link|forearm_link"
"near_limit_j3_upper_0.08rad",163,0.20000000000000001,0.016849826108492876,"base_link|tunnel_floor","wrist2_link|forearm_link"
"near_limit_j3_upper_0.08rad",164,0.20000000000000001,0.016712862354652188,"base_link|tunnel_floor","wrist2_link|forearm_link"
"near_limit_j3_upper_0.08rad",165,0.20000000000000001,0.016684868839068528,"base_link|tunnel_floor","wrist2_link|forearm_link"
"near_limit_j3_upper_0.08rad",166,0.20000000000000001,0.016655871891513147,"base_link|tunnel_floor","wrist2_link|forearm_link"
"near_limit_j3_upper_0.08rad",167,0.20000000000000001,0.016658787017895436,"base_link|tunnel_floor","wrist2_link|forearm_link"
"near_limit_j3_upper_0.08rad",168,0.20000000000000001,0.016747291112832959,"base_link|tunnel_floor","wrist2_link|forearm_link"
"near_limit_j3_upper_0.08rad",169,0.20000000000000001,0.016778215775310877,"base_link|tunnel_floor","wrist2_link|forearm_link"
"near_limit_j3_upper_0.08rad",170,0.20000000000000001,0.016873380792488669,"base_link|tunnel_floor","wrist2_link|forearm_link"
"near_limit_j3_upper_0.08rad",171,0.20000000000000001,0.01672854598528134,"base_link|tunnel_floor","wrist2_link|forearm_link"
"near_limit_j3_upper_0.08rad",172,0.20000000000000001,0.016675228602254129,"base_link|tunnel_floor","wrist2_link|forearm_link"
"near_limit_j3_upper_0.08rad",173,0.20000000000000001,0.016677137509336533,"base_link|tunnel_floor","wrist2_link|forearm_link"
"near_limit_j3_upper_0.08rad",174,0.20000000000000001,0.016633492306459795,"base_link|tunnel_floor","wrist2_link|forearm_link"
"near_limit_j3_upper_0.08rad",175,0.20000000000000001,0.016766143167831905,"base_link|tunnel_floor","wrist2_link|forearm_link"
"near_limit_j3_upper_0.08rad",176,0.20000000000000001,0.016733933191161083,"base_link|tunnel_floor","wrist2_link|forearm_link"
"near_limit_j3_upper_0.08rad",177,0.20000000000000001,0.016809134665320639,"base_link|tunnel_floor","wrist2_link|forearm_link"
"near_limit_j3_upper_0.08rad",178,0.20000000000000001,0.01685271081960631,"base_link|tunnel_floor","wrist2_link|forearm_link"
"near_limit_j3_upper_0.08rad",179,0.20000000000000001,0.016726659042940704,"base_link|tunnel_floor","wrist2_link|forearm_link"
"near_limit_j3_upper_0.08rad",180,0.20000000000000001,0.016627569390579144,"base_link|tunnel_floor","wrist2_link|forearm_link"
"near_limit_j3_upper_0.12rad",0,0.20000000000000001,0.016836332585723032,"base_link|tunnel_floor","wrist2_link|forearm_link"
"near_limit_j3_upper_0.12rad",1,0.20000000000000001,0.016845881801387887,"base_link|tunnel_floor","wrist2_link|forearm_link"
"near_limit_j3_upper_0.12rad",2,0.20000000000000001,0.016654625670177142,"base_link|tunnel_floor","wrist2_link|forearm_link"
"near_limit_j3_upper_0.12rad",3,0.20000000000000001,0.016755178830541798,"base_link|tunnel_floor","wrist2_link|forearm_link"
"near_limit_j3_upper_0.12rad",4,0.20000000000000001,0.016858740081537614,"base_link|tunnel_floor","wrist2_link|forearm_link"
"near_limit_j3_upper_0.12rad",5,0.20000000000000001,0.016677991262512657,"base_link|tunnel_floor","wrist2_link|forearm_link"
"near_limit_j3_upper_0.12rad",6,0.20000000000000001,0.016730034696398634,"base_link|tunnel_floor","wrist2_link|forearm_link"
"near_limit_j3_upper_0.12rad",7,0.20000000000000001,0.016785710597003147,"base_link|tunnel_floor","wrist2_link|forearm_link"
"near_limit_j3_upper_0.12rad",8,0.20000000000000001,0.016673184123179505,"base_link|tunnel_floor","wrist2_link|forearm_link"
"near_limit_j3_upper_0.12rad",9,0.20000000000000001,0.016745431932222724,"base_link|tunnel_floor","wrist2_link|forearm_link"
"near_limit_j3_upper_0.12rad",10,0.20000000000000001,0.016798758979881374,"base_link|tunnel_floor","wrist2_link|forearm_link"
"near_limit_j3_upper_0.12rad",11,0.20000000000000001,0.016749644254308117,"base_link|tunnel_floor","wrist2_link|forearm_link"
"near_limit_j3_upper_0.12rad",12,0.20000000000000001,0.016762608407093142,"base_link|tunnel_floor","wrist2_link|forearm_link"
"near_limit_j3_upper_0.12rad",13,0.20000000000000001,0.016749646766677118,"base_link|tunnel_floor","wrist2_link|forearm_link"
"near_limit_j3_upper_0.12rad",14,0.20000000000000001,0.016745471711788872,"base_link|tunnel_floor","wrist2_link|forearm_link"
"near_limit_j3_upper_0.12rad",15,0.20000000000000001,0.01686132356713467,"base_link|tunnel_floor","wrist2_link|forearm_link"
"near_limit_j3_upper_0.12rad",16,0.20000000000000001,0.016727893086526988,"base_link|tunnel_floor","wrist2_link|forearm_link"
"near_limit_j3_upper_0.12rad",17,0.20000000000000001,0.016657964881299423,"base_link|tunnel_floor","wrist2_link|forearm_link"
"near_limit_j3_upper_0.12rad",18,0.20000000000000001,0.016669511891207071,"base_link|tunnel_floor","wrist2_link|forearm_link"
"near_limit_j3_upper_0.12rad",19,0.20000000000000001,0.016809528507669754,"base_link|tunnel_floor","wrist2_link|forearm_link"
"near_limit_j3_upper_0.12rad",20,0.20000000000000001,0.01680681657528673,"base_link|tunnel_floor","wrist2_link|forearm_link"
"near_limit_j3_upper_0.12rad",21,0.20000000000000001,0.01674167899367102,"base_link|tunnel_floor","wrist2_link|forearm_link"
"near_limit_j3_upper_0.12rad",22,0.20000000000000001,0.016764099691404331,"base_link|tunnel_floor","wrist2_link|forearm_link"
"near_limit_j3_upper_0.12rad",23,0.20000000000000001,0.016746696906236078,"base_link|tunnel_floor","wrist2_link|forearm_link"
"near_limit_j3_upper_0.12rad",24,0.20000000000000001,0.016848611503694086,"base_link|tunnel_floor","wrist2_link|forearm_link"
"near_limit_j3_upper_0.12rad",25,0.20000000000000001,0.016681012505133971,"base_link|tunnel_floor","wrist2_link|forearm_link"
"near_limit_j3_upper_0.12rad",26,0.20000000000000001,0.016644662464586606,"base_link|tunnel_floor","wrist2_link|forearm_link"
"near_limit_j3_upper_0.12rad",27,0.20000000000000001,0.016743883027984859,"base_link|tunnel_floor","wrist2_link|forearm_link"
"near_limit_j3_upper_0.12rad",28,0.20000000000000001,0.016900021635692437,"base_link|tunnel_floor","wrist2_link|forearm_link"
"near_limit_j3_upper_0.12rad",29,0.20000000000000001,0.01679225748150712,"base_link|tunnel_floor","wrist2_link|forearm_link"
"near_limit_j3_upper_0.12rad",30,0.20000000000000001,0.016770284865915367,"base_link|tunnel_floor","wrist2_link|forearm_link"
"near_limit_j3_upper_0.12rad",31,0.20000000000000001,0.016769044419670694,"base_link|tunnel_floor","wrist2_link|forearm_link"
"near_limit_j3_upper_0.12rad",32,0.20000000000000001,0.016781742761198981,"base_link|tunnel_floor","wrist2_link|forearm_link"
"near_limit_j3_upper_0.12rad",33,0.20000000000000001,0.016810657745890755,"base_link|tunnel_floor","wrist2_link|forearm_link"
"near_limit_j3_upper_0.12rad",34,0.20000000000000001,0.01686080267052224,"base_link|tunnel_floor","wrist2_link|forearm_link"
"near_limit_j3_upper_0.12rad",35,0.20000000000000001,0.016894695524299997,"base_link|tunnel_floor","wrist2_link|forearm_link"
"near_limit_j3_upper_0.12rad",36,0.20000000000000001,0.0168140813027974,"base_link|tunnel_floor","forearm_link|wrist2_link"
"near_limit_j3_upper_0.12rad",37,0.20000000000000001,0.016740017202710584,"base_link|tunnel_floor","forearm_link|wrist2_link"
"near_limit_j3_upper_0.12rad",38,0.20000000000000001,0.016737154129634141,"base_link|tunnel_floor","forearm_link|wrist2_link"
"near_limit_j3_upper_0.12rad",39,0.20000000000000001,0.016756766448487496,"base_link|tunnel_floor","forearm_link|wrist2_link"
"near_limit_j3_upper_0.12rad",40,0.20000000000000001,0.016664426358737067,"base_link|tunnel_floor","forearm_link|wrist2_link"
"near_limit_j3_upper_0.12rad",41,0.20000000000000001,0.01662451058976298,"base_link|tunnel_floor","forearm_link|wrist2_link"
"near_limit_j3_upper_0.12rad",42,0.20000000000000001,0.016648038882369591,"base_link|tunnel_floor","forearm_link|wrist2_link"
"near_limit_j3_upper_0.12rad",43,0.20000000000000001,0.016733953779237816,"base_link|tunnel_floor","forearm_link|wrist2_link"
"near_limit_j3_upper_0.12rad",44,0.20000000000000001,0.016695395464894781,"base_link|tunnel_floor","forearm_link|wrist2_link"
"near_limit_j3_upper_0.12rad",45,0.20000000000000001,0.016687689683214241,"base_link|tunnel_floor","forearm_link|wrist2_link"
"near_limit_j3_upper_0.12rad",46,0.20000000000000001,0.0167238708132369,"base_link|tunnel_floor","forearm_link|wrist2_link"
"near_limit_j3_upper_0.12rad",47,0.20000000000000001,0.01681028999908073,"base_link|tunnel_floor","forearm_link|wrist2_link"
"near_limit_j3_upper_0.12rad",48,0.20000000000000001,0.016921943082978629,"base_link|tunnel_floor","forearm_link|wrist2_link"
"near_limit_j3_upper_0.12rad",49,0.20000000000000001,0.016858084630386291,"base_link|tunnel_floor","forearm_link|wrist2_link"
"near_limit_j3_upper_0.12rad",50,0.20000000000000001,0.016826882611209924,"base_link|tunnel_floor","forearm_link|wrist2_link"
"near_limit_j3_upper_0.12rad",51,0.20000000000000001,0.016825958045092699,"base_link|tunnel_floor","forearm_link|wrist2_link"
"near_limit_j3_upper_0.12rad",52,0.20000000000000001,0.016761011734688466,"base_link|tunnel_floor","forearm_link|wrist2_link"
"near_limit_j3_upper_0.12rad",53,0.20000000000000001,0.016729211985350857,"base_link|tunnel_floor","forearm_link|wrist2_link"
"near_limit_j3_upper_0.12rad",54,0.20000000000000001,0.016729856142100638,"base_link|tunnel_floor","forearm_link|wrist2_link"
"near_limit_j3_upper_0.12rad",55,0.20000000000000001,0.016756910007979541,"base_link|tunnel_floor","forearm_link|wrist2_link"
"near_limit_j3_upper_0.12rad",56,0.20000000000000001,0.016711419272366239,"base_link|tunnel_floor","wrist2_link|forearm_link"
"near_limit_j3_upper_0.12rad",57,0.20000000000000001,0.016693488688368171,"base_link|tunnel_floor","wrist2_link|forearm_link"
"near_limit_j3_upper_0.12rad",58,0.20000000000000001,0.016701789979983377,"base_link|tunnel_floor","wrist2_link|forearm_link"
"near_limit_j3_upper_0.12rad",59,0.20000000000000001,0.016734847355980211,"base_link|tunnel_floor","wrist2_link|forearm_link"
"near_limit_j3_upper_0.12rad",60,0.20000000000000001,0.016790850508152991,"base_link|tunnel_floor","wrist2_link|forearm_link"
"near_limit_j3_upper_0.12rad",61,0.20000000000000001,0.016867569488336016,"base_link|tunnel_floor","wrist2_link|forearm_link"
"near_limit_j3_upper_0.12rad",62,0.20000000000000001,0.016905474442806233,"base_link|tunnel_floor","wrist2_link|forearm_link"
"near_limit_j3_upper_0.12rad",63,0.20000000000000001,0.016861032894178254,"base_link|tunnel_floor","wrist2_link|forearm_link"
"near_limit_j3_upper_0.12rad",64,0.20000000000000001,0.016839075623230414,"base_link|tunnel_floor","wrist2_link|forearm_link"
"near_limit_j3_upper_0.12rad",65,0.20000000000000001,0.016809562075124653,"base_link|tunnel_floor","wrist2_link|forearm_link"
"near_limit_j3_upper_0.12rad",66,0.20000000000000001,0.016731794596511109,"base_link|tunnel_floor","wrist2_link|forearm_link"
"near_limit_j3_upper_0.12rad",67,0.20000000000000001,0.016683751385754023,"base_link|tunnel_floor","wrist2_link|forearm_link"
"near_limit_j3_upper_0.12rad",68,0.20000000000000001,0.016670539819357386,"base_link|tunnel_floor","wrist2_link|forearm_link"
"near_limit_j3_upper_0.12rad",69,0.20000000000000001,0.016685261197419726,"base_link|tunnel_floor","wrist2_link|forearm_link"
"near_limit_j3_upper_0.12rad",70,0.20000000000000001,0.016705743518078509,"base_link|tunnel_floor","wrist2_link|forearm_link"
"near_limit_j3_upper_0.12rad",71,0.20000000000000001,0.016725124141628824,"base_link|tunnel_floor","wrist2_link|forearm_link"
"near_limit_j3_upper_0.12rad",72,0.20000000000000001,0.016735852668635042,"base_link|tunnel_floor","wrist2_link|forearm_link"
"near_limit_j3_upper_0.12rad",73,0.20000000000000001,0.016729504033487438,"base_link|tunnel_floor","wrist2_link|forearm_link"
"near_limit_j3_upper_0.12rad",74,0.20000000000000001,0.016696979434012781,"base_link|tunnel_floor","wrist2_link|forearm_link"
"near_limit_j3_upper_0.12rad",75,0.20000000000000001,0.016636166125264733,"base_link|tunnel_floor","wrist2_link|forearm_link"
"near_limit_j3_upper_0.12rad",76,0.20000000000000001,0.016656392356689372,"base_link|tunnel_floor","wrist2_link|forearm_link"
"near_limit_j3_upper_0.12rad",77,0.20000000000000001,0.01671516213625826,"base_link|tunnel_floor","wrist2_link|forearm_link"
"near_limit_j3_upper_0.12rad",78,0.19643020029846212,0.01672958163431762,"upperarm_link|horseshoe_wall_30","wrist2_link|forearm_link"
"near_limit_j3_upper_0.12rad",79,0.17456809600020376,0.016692415659986977,"upperarm_link|horseshoe_wall_30","wrist2_link|forearm_link"
"near_limit_j3_upper_0.12rad",80,0.1539979263308778,0.016651226831180102,"upperarm_link|horseshoe_wall_29","wrist2_link|forearm_link"
"near_limit_j3_upper_0.12rad",81,0.13526198908573689,0.016755863669145325,"upperarm_link|horseshoe_wall_29","wrist2_link|forearm_link"
"near_limit_j3_upper_0.12rad",82,0.11865744873398217,0.016781866408136933,"upperarm_link|horseshoe_wall_28","wrist2_link|forearm_link"
"near_limit_j3_upper_0.12rad",83,0.10472170740390097,0.016841442315810241,"upperarm_link|horseshoe_wall_26","wrist2_link|forearm_link"
"near_limit_j3_upper_0.12rad",84,0.094346942726020552,0.016871053133833219,"upperarm_link|horseshoe_wall_26","wrist2_link|forearm_link"
"near_limit_j3_upper_0.12rad",85,0.088577170270258784,0.016805115692573671,"upperarm_link|horseshoe_wall_25","wrist2_link|forearm_link"
"near_limit_j3_upper_0.12rad",86,0.090348083274491536,0.016702263074621058,"upperarm_link|horseshoe_wall_25","wrist2_link|forearm_link"
"near_limit_j3_upper_0.12rad",87,0.099679140482252834,0.016726307384393169,"upperarm_link|horseshoe_wall_24","wrist2_link|forearm_link"
"near_limit_j3_upper_0.12rad",88,0.10683287313877521,0.016655252556279171,"upperarm_link|horseshoe_wall_25","wrist2_link|forearm_link"
"near_limit_j3_upper_0.12rad",89,0.1152010809290252,0.016623586821265694,"upperarm_link|horseshoe_wall_25","wrist2_link|forearm_link"
"near_limit_j3_upper_0.12rad",90,0.12486658098858876,0.016693701047588116,"upperarm_link|horseshoe_wall_25","wrist2_link|forearm_link"
"near_limit_j3_upper_0.12rad",91,0.13062414568567493,0.016753632393532544,"forearm_link|horseshoe_wall_25","wrist2_link|forearm_link"
"near_limit_j3_upper_0.12rad",92,0.13532543798436827,0.016729292878311219,"forearm_link|horseshoe_wall_25","wrist2_link|forearm_link"
"near_limit_j3_upper_0.12rad",93,0.14062588085588204,0.016748860248726995,"forearm_link|horseshoe_wall_25","wrist2_link|forearm_link"
"near_limit_j3_upper_0.12rad",94,0.14641417927570841,0.016810831448591971,"forearm_link|horseshoe_wall_25","wrist2_link|forearm_link"
"near_limit_j3_upper_0.12rad",95,0.14331124247631288,0.016785363479155775,"forearm_link|horseshoe_wall_26","wrist2_link|forearm_link"
"near_limit_j3_upper_0.12rad",96,0.14323215974904016,0.016796058319227734,"forearm_link|horseshoe_wall_28","wrist2_link|forearm_link"
"near_limit_j3_upper_0.12rad",97,0.14440160083435394,0.016825741460766441,"forearm_link|horseshoe_wall_29","wrist2_link|forearm_link"
"near_limit_j3_upper_0.12rad",98,0.14608193380290183,0.016858732447846539,"forearm_link|horseshoe_wall_30","wrist2_link|forearm_link"
"near_limit_j3_upper_0.12rad",99,0.1479780891779387,0.01689008891244877,"forearm_link|horseshoe_wall_31","wrist2_link|forearm_link"
"near_limit_j3_upper_0.12rad",100,0.14994112341795876,0.016879917272835124,"forearm_link|horseshoe_wall_31","wrist2_link|forearm_link"
"near_limit_j3_upper_0.12rad",101,0.15203985899468145,0.016843371149207826,"forearm_link|horseshoe_wall_32","wrist2_link|forearm_link"
"near_limit_j3_upper_0.12rad",102,0.15423943015329189,0.016809875669022239,"forearm_link|horseshoe_wall_32","wrist2_link|forearm_link"
"near_limit_j3_upper_0.12rad",103,0.15644674080877505,0.016779651702944862,"forearm_link|horseshoe_wall_33","wrist2_link|forearm_link"
"near_limit_j3_upper_0.12rad",104,0.15872754782704854,0.016752787848838702,"forearm_link|horseshoe_wall_34","wrist2_link|forearm_link"
"near_limit_j3_upper_0.12rad",105,0.16101606383386688,0.016729325333264947,"forearm_link|horseshoe_wall_34","wrist2_link|forearm_link"
"near_limit_j3_upper_0.12rad",106,0.16329566618490213,0.016709301533400198,"forearm_link|horseshoe_wall_35","wrist2_link|forearm_link"
"near_limit_j3_upper_0.12rad",107,0.16560886662035051,0.016692774470820175,"forearm_link|horseshoe_wall_36","wrist2_link|forearm_link"
"near_limit_j3_upper_0.12rad",108,0.16786839531636316,0.016679837696867109,"forearm_link|horseshoe_wall_36","wrist2_link|forearm_link"
"near_limit_j3_upper_0.12rad",109,0.17011282870062833,0.016673830669366146,"forearm_link|horseshoe_wall_37","wrist2_link|forearm_link"
"near_limit_j3_upper_0.12rad",110,0.17236893883007126,0.016678619999925398,"forearm_link|horseshoe_wall_38","wrist2_link|forearm_link"
"near_limit_j3_upper_0.12rad",111,0.17454145718130745,0.016691413732518947,"forearm_link|horseshoe_wall_38","wrist2_link|forearm_link"
"near_limit_j3_upper_0.12rad",112,0.17671657953985459,0.016718229778879261,"forearm_link|horseshoe_wall_39","wrist2_link|forearm_link"
"near_limit_j3_upper_0.12rad",113,0.17891078294156962,0.01672355143288121,"forearm_link|horseshoe_wall_39","wrist2_link|forearm_link"
"near_limit_j3_upper_0.12rad",114,0.18103487804074592,0.01669282317590793,"forearm_link|horseshoe_wall_40","wrist2_link|forearm_link"
"near_limit_j3_upper_0.12rad",115,0.18318283580079511,0.016666232316126541,"forearm_link|horseshoe_wall_41","wrist2_link|forearm_link"
"near_limit_j3_upper_0.12rad",116,0.1853292688637285,0.016643538561994149,"forearm_link|horseshoe_wall_41","wrist2_link|forearm_link"
"near_limit_j3_upper_0.12rad",117,0.18741779639918849,0.016629946162803912,"forearm_link|horseshoe_wall_42","wrist2_link|forearm_link"
"near_limit_j3_upper_0.12rad",118,0.18952381211712538,0.01662778932643251,"forearm_link|horseshoe_wall_43","wrist2_link|forearm_link"
"near_limit_j3_upper_0.12rad",119,0.19161480910785517,0.016633937929095038,"forearm_link|horseshoe_wall_43","wrist2_link|forearm_link"
"near_limit_j3_upper_0.12rad",120,0.19365331775253958,0.016645099528984519,"forearm_link|horseshoe_wall_44","wrist2_link|forearm_link"
"near_limit_j3_upper_0.12rad",121,0.1957036723303805,0.01666618407744205,"forearm_link|horseshoe_wall_45","wrist2_link|forearm_link"
"near_limit_j3_upper_0.12rad",122,0.19773062247686907,0.016697234642067148,"forearm_link|horseshoe_wall_45","wrist2_link|forearm_link"
"near_limit_j3_upper_0.12rad",123,0.19970569819024289,0.016735997046029565,"forearm_link|horseshoe_wall_46","wrist2_link|forearm_link"
"near_limit_j3_upper_0.12rad",124,0.20000000000000001,0.016765506079783919,"base_link|tunnel_floor","wrist2_link|forearm_link"
"near_limit_j3_upper_0.12rad",125,0.20000000000000001,0.016759304139505382,"base_link|tunnel_floor","wrist2_link|forearm_link"
"near_limit_j3_upper_0.12rad",126,0.20000000000000001,0.016749446417763648,"base_link|tunnel_floor","wrist2_link|forearm_link"
"near_limit_j3_upper_0.12rad",127,0.20000000000000001,0.016737491188302242,"base_link|tunnel_floor","wrist2_link|forearm_link"
"near_limit_j3_upper_0.12rad",128,0.20000000000000001,0.01673376182052275,"base_link|tunnel_floor","wrist2_link|forearm_link"
"near_limit_j3_upper_0.12rad",129,0.20000000000000001,0.016738291436867739,"base_link|tunnel_floor","wrist2_link|forearm_link"
"near_limit_j3_upper_0.12rad",130,0.20000000000000001,0.01674629379768492,"base_link|tunnel_floor","wrist2_link|forearm_link"
"near_limit_j3_upper_0.12rad",131,0.20000000000000001,0.016761730010817936,"base_link|tunnel_floor","wrist2_link|forearm_link"
"near_limit_j3_upper_0.12rad",132,0.20000000000000001,0.016785180448236001,"base_link|tunnel_floor","wrist2_link|forearm_link"
"near_limit_j3_upper_0.12rad",133,0.20000000000000001,0.016815901684926117,"base_link|tunnel_floor","wrist2_link|forearm_link"
"near_limit_j3_upper_0.12rad",134,0.20000000000000001,0.016846210033822345,"base_link|tunnel_floor","wrist2_link|forearm_link"
"near_limit_j3_upper_0.12rad",135,0.20000000000000001,0.01687384591777373,"base_link|tunnel_floor","wrist2_link|forearm_link"
"near_limit_j3_upper_0.12rad",136,0.20000000000000001,0.016898900184477872,"base_link|tunnel_floor","wrist2_link|forearm_link"
"near_limit_j3_upper_0.12rad",137,0.20000000000000001,0.016891742580033949,"base_link|tunnel_floor","wrist2_link|forearm_link"
"near_limit_j3_upper_0.12rad",138,0.20000000000000001,0.016859323225161968,"base_link|tunnel_floor","wrist2_link|forearm_link"
"near_limit_j3_upper_0.12rad",139,0.20000000000000001,0.016828697093438469,"base_link|tunnel_floor","wrist2_link|forearm_link"
"near_limit_j3_upper_0.12rad",140,0.20000000000000001,0.016799930380164207,"base_link|tunnel_floor","wrist2_link|forearm_link"
"near_limit_j3_upper_0.12rad",141,0.20000000000000001,0.016773149256841948,"base_link|tunnel_floor","wrist2_link|forearm_link"
"near_limit_j3_upper_0.12rad",142,0.20000000000000001,0.016750488106623336,"base_link|tunnel_floor","wrist2_link|forearm_link"
"near_limit_j3_upper_0.12rad",143,0.20000000000000001,0.016733877635915863,"base_link|tunnel_floor","wrist2_link|forearm_link"
"near_limit_j3_upper_0.12rad",144,0.20000000000000001,0.016722128529223963,"base_link|tunnel_floor","wrist2_link|forearm_link"
"near_limit_j3_upper_0.12rad",145,0.20000000000000001,0.016714289755694903,"base_link|tunnel_floor","wrist2_link|forearm_link"
"near_limit_j3_upper_0.12rad",146,0.20000000000000001,0.016709664324736442,"base_link|tunnel_floor","wrist2_link|forearm_link"
"near_limit_j3_upper_0.12rad",147,0.20000000000000001,0.016707799308140786,"base_link|tunnel_floor","wrist2_link|forearm_link"
"near_limit_j3_upper_0.12rad",148,0.20000000000000001,0.016708472190661128,"base_link|tunnel_floor","wrist2_link|forearm_link"
"near_limit_j3_upper_0.12rad",149,0.20000000000000001,0.01671167486145159,"base_link|tunnel_floor","wrist2_link|forearm_link"
"near_limit_j3_upper_0.12rad",150,0.20000000000000001,0.016726832149598678,"base_link|tunnel_floor","wrist2_link|forearm_link"
"near_limit_j3_upper_0.12rad",151,0.20000000000000001,0.016774474286818004,"base_link|tunnel_floor","wrist2_link|forearm_link"
"near_limit_j3_upper_0.12rad",152,0.20000000000000001,0.016880787437018218,"base_link|tunnel_floor","wrist2_link|forearm_link"
"near_limit_j3_upper_0.12rad",153,0.20000000000000001,0.016780144263972119,"base_link|tunnel_floor","wrist2_link|forearm_link"
"near_limit_j3_upper_0.12rad",154,0.20000000000000001,0.01675954501453528,"base_link|tunnel_floor","wrist2_link|forearm_link"
"near_limit_j3_upper_0.12rad",155,0.20000000000000001,0.016632718665293391,"base_link|tunnel_floor","wrist2_link|forearm_link"
"near_limit_j3_upper_0.12rad",156,0.20000000000000001,0.016681720570417127,"base_link|tunnel_floor","wrist2_link|forearm_link"
"near_limit_j3_upper_0.12rad",157,0.20000000000000001,0.016841499132828928,"base_link|tunnel_floor","wrist2_link|forearm_link"
"near_limit_j3_upper_0.12rad",158,0.20000000000000001,0.016757906054069256,"base_link|tunnel_floor","wrist2_link|forearm_link"
"near_limit_j3_upper_0.12rad",159,0.20000000000000001,0.016664887633387523,"base_link|tunnel_floor","wrist2_link|forearm_link"
"near_limit_j3_upper_0.12rad",160,0.20000000000000001,0.016679131331138505,"base_link|tunnel_floor","wrist2_link|forearm_link"
"near_limit_j3_upper_0.12rad",161,0.20000000000000001,0.016747059908414408,"base_link|tunnel_floor","wrist2_link|forearm_link"
"near_limit_j3_upper_0.12rad",162,0.20000000000000001,0.01677994850739882,"base_link|tunnel_floor","wrist2_link|forearm_link"
"near_limit_j3_upper_0.12rad",163,0.20000000000000001,0.016849826108492876,"base_link|tunnel_floor","wrist2_link|forearm_link"
"near_limit_j3_upper_0.12rad",164,0.20000000000000001,0.016712862354652146,"base_link|tunnel_floor","wrist2_link|forearm_link"
"near_limit_j3_upper_0.12rad",165,0.20000000000000001,0.016684868839068633,"base_link|tunnel_floor","wrist2_link|forearm_link"
"near_limit_j3_upper_0.12rad",166,0.20000000000000001,0.016655871891513189,"base_link|tunnel_floor","wrist2_link|forearm_link"
"near_limit_j3_upper_0.12rad",167,0.20000000000000001,0.016658787017895436,"base_link|tunnel_floor","wrist2_link|forearm_link"
"near_limit_j3_upper_0.12rad",168,0.20000000000000001,0.016747291112832952,"base_link|tunnel_floor","wrist2_link|forearm_link"
"near_limit_j3_upper_0.12rad",169,0.20000000000000001,0.016778215775310898,"base_link|tunnel_floor","wrist2_link|forearm_link"
"near_limit_j3_upper_0.12rad",170,0.20000000000000001,0.01687338079248862,"base_link|tunnel_floor","wrist2_link|forearm_link"
"near_limit_j3_upper_0.12rad",171,0.20000000000000001,0.016728545985281413,"base_link|tunnel_floor","wrist2_link|forearm_link"
"near_limit_j3_upper_0.12rad",172,0.20000000000000001,0.01667522860225416,"base_link|tunnel_floor","wrist2_link|forearm_link"
"near_limit_j3_upper_0.12rad",173,0.20000000000000001,0.016677137509336519,"base_link|tunnel_floor","wrist2_link|forearm_link"
"near_limit_j3_upper_0.12rad",174,0.20000000000000001,0.016633492306459795,"base_link|tunnel_floor","wrist2_link|forearm_link"
"near_limit_j3_upper_0.12rad",175,0.20000000000000001,0.016766143167831895,"base_link|tunnel_floor","wrist2_link|forearm_link"
"near_limit_j3_upper_0.12rad",176,0.20000000000000001,0.016733933191161111,"base_link|tunnel_floor","wrist2_link|forearm_link"
"near_limit_j3_upper_0.12rad",177,0.20000000000000001,0.016809134665320594,"base_link|tunnel_floor","wrist2_link|forearm_link"
"near_limit_j3_upper_0.12rad",178,0.20000000000000001,0.01685271081960632,"base_link|tunnel_floor","wrist2_link|forearm_link"
"near_limit_j3_upper_0.12rad",179,0.20000000000000001,0.016726659042940708,"base_link|tunnel_floor","wrist2_link|forearm_link"
"near_limit_j3_upper_0.12rad",180,0.20000000000000001,0.016627569390579071,"base_link|tunnel_floor","wrist2_link|forearm_link"
"near_limit_j3_upper_0.18rad",0,0.20000000000000001,0.016836332585723032,"base_link|tunnel_floor","wrist2_link|forearm_link"
"near_limit_j3_upper_0.18rad",1,0.20000000000000001,0.016845881801387887,"base_link|tunnel_floor","wrist2_link|forearm_link"
"near_limit_j3_upper_0.18rad",2,0.20000000000000001,0.016654625670177142,"base_link|tunnel_floor","wrist2_link|forearm_link"
"near_limit_j3_upper_0.18rad",3,0.20000000000000001,0.016755178830541798,"base_link|tunnel_floor","wrist2_link|forearm_link"
"near_limit_j3_upper_0.18rad",4,0.20000000000000001,0.016858740081537614,"base_link|tunnel_floor","wrist2_link|forearm_link"
"near_limit_j3_upper_0.18rad",5,0.20000000000000001,0.016677991262512657,"base_link|tunnel_floor","wrist2_link|forearm_link"
"near_limit_j3_upper_0.18rad",6,0.20000000000000001,0.016730034696398634,"base_link|tunnel_floor","wrist2_link|forearm_link"
"near_limit_j3_upper_0.18rad",7,0.20000000000000001,0.016785710597003147,"base_link|tunnel_floor","wrist2_link|forearm_link"
"near_limit_j3_upper_0.18rad",8,0.20000000000000001,0.016673184123179505,"base_link|tunnel_floor","wrist2_link|forearm_link"
"near_limit_j3_upper_0.18rad",9,0.20000000000000001,0.016745431932222724,"base_link|tunnel_floor","wrist2_link|forearm_link"
"near_limit_j3_upper_0.18rad",10,0.20000000000000001,0.016798758979881374,"base_link|tunnel_floor","wrist2_link|forearm_link"
"near_limit_j3_upper_0.18rad",11,0.20000000000000001,0.016749644254308117,"base_link|tunnel_floor","wrist2_link|forearm_link"
"near_limit_j3_upper_0.18rad",12,0.20000000000000001,0.016762608407093142,"base_link|tunnel_floor","wrist2_link|forearm_link"
"near_limit_j3_upper_0.18rad",13,0.20000000000000001,0.016749646766677118,"base_link|tunnel_floor","wrist2_link|forearm_link"
"near_limit_j3_upper_0.18rad",14,0.20000000000000001,0.016745471711788872,"base_link|tunnel_floor","wrist2_link|forearm_link"
"near_limit_j3_upper_0.18rad",15,0.20000000000000001,0.016861323567134708,"base_link|tunnel_floor","wrist2_link|forearm_link"
"near_limit_j3_upper_0.18rad",16,0.20000000000000001,0.016728321486661406,"base_link|tunnel_floor","wrist2_link|forearm_link"
"near_limit_j3_upper_0.18rad",17,0.20000000000000001,0.016657963000397378,"base_link|tunnel_floor","wrist2_link|forearm_link"
"near_limit_j3_upper_0.18rad",18,0.20000000000000001,0.016669511889897213,"base_link|tunnel_floor","wrist2_link|forearm_link"
"near_limit_j3_upper_0.18rad",19,0.20000000000000001,0.016809528507613657,"base_link|tunnel_floor","wrist2_link|forearm_link"
"near_limit_j3_upper_0.18rad",20,0.20000000000000001,0.016806816575287046,"base_link|tunnel_floor","wrist2_link|forearm_link"
"near_limit_j3_upper_0.18rad",21,0.20000000000000001,0.016741678993670982,"base_link|tunnel_floor","wrist2_link|forearm_link"
"near_limit_j3_upper_0.18rad",22,0.20000000000000001,0.016764099691404348,"base_link|tunnel_floor","wrist2_link|forearm_link"
"near_limit_j3_upper_0.18rad",23,0.20000000000000001,0.016746696906236116,"base_link|tunnel_floor","wrist2_link|forearm_link"
"near_limit_j3_upper_0.18rad",24,0.20000000000000001,0.016848611503694169,"base_link|tunnel_floor","wrist2_link|forearm_link"
"near_limit_j3_upper_0.18rad",25,0.20000000000000001,0.016681012505133909,"base_link|tunnel_floor","wrist2_link|forearm_link"
"near_limit_j3_upper_0.18rad",26,0.20000000000000001,0.01664466246458661,"base_link|tunnel_floor","wrist2_link|forearm_link"
"near_limit_j3_upper_0.18rad",27,0.20000000000000001,0.016743883027985063,"base_link|tunnel_floor","wrist2_link|forearm_link"
"near_limit_j3_upper_0.18rad",28,0.20000000000000001,0.016900021635692403,"base_link|tunnel_floor","wrist2_link|forearm_link"
"near_limit_j3_upper_0.18rad",29,0.20000000000000001,0.016792257481507131,"base_link|tunnel_floor","wrist2_link|forearm_link"
"near_limit_j3_upper_0.18rad",30,0.20000000000000001,0.016770284865915377,"base_link|tunnel_floor","wrist2_link|forearm_link"
"near_limit_j3_upper_0.18rad",31,0.20000000000000001,0.016769044419670694,"base_link|tunnel_floor","wrist2_link|forearm_link"
"near_limit_j3_upper_0.18rad",32,0.20000000000000001,0.016781742761198981,"base_link|tunnel_floor","wrist2_link|forearm_link"
"near_limit_j3_upper_0.18rad",33,0.20000000000000001,0.016810657745890755,"base_link|tunnel_floor","wrist2_link|forearm_link"
"near_limit_j3_upper_0.18rad",34,0.20000000000000001,0.01686080267052224,"base_link|tunnel_floor","wrist2_link|forearm_link"
"near_limit_j3_upper_0.18rad",35,0.20000000000000001,0.016894695524299997,"base_link|tunnel_floor","wrist2_link|forearm_link"
"near_limit_j3_upper_0.18rad",36,0.20000000000000001,0.0168140813027974,"base_link|tunnel_floor","forearm_link|wrist2_link"
"near_limit_j3_upper_0.18rad",37,0.20000000000000001,0.016740017202710584,"base_link|tunnel_floor","forearm_link|wrist2_link"
"near_limit_j3_upper_0.18rad",38,0.20000000000000001,0.016737154129634141,"base_link|tunnel_floor","forearm_link|wrist2_link"
"near_limit_j3_upper_0.18rad",39,0.20000000000000001,0.016756766448487496,"base_link|tunnel_floor","forearm_link|wrist2_link"
"near_limit_j3_upper_0.18rad",40,0.20000000000000001,0.016664426358737067,"base_link|tunnel_floor","forearm_link|wrist2_link"
"near_limit_j3_upper_0.18rad",41,0.20000000000000001,0.01662451058976298,"base_link|tunnel_floor","forearm_link|wrist2_link"
"near_limit_j3_upper_0.18rad",42,0.20000000000000001,0.016648038882369591,"base_link|tunnel_floor","forearm_link|wrist2_link"
"near_limit_j3_upper_0.18rad",43,0.20000000000000001,0.016733953779237816,"base_link|tunnel_floor","forearm_link|wrist2_link"
"near_limit_j3_upper_0.18rad",44,0.20000000000000001,0.016695395464894781,"base_link|tunnel_floor","forearm_link|wrist2_link"
"near_limit_j3_upper_0.18rad",45,0.20000000000000001,0.016687689683214241,"base_link|tunnel_floor","forearm_link|wrist2_link"
"near_limit_j3_upper_0.18rad",46,0.20000000000000001,0.0167238708132369,"base_link|tunnel_floor","forearm_link|wrist2_link"
"near_limit_j3_upper_0.18rad",47,0.20000000000000001,0.01681028999908073,"base_link|tunnel_floor","forearm_link|wrist2_link"
"near_limit_j3_upper_0.18rad",48,0.20000000000000001,0.016921943082978629,"base_link|tunnel_floor","forearm_link|wrist2_link"
"near_limit_j3_upper_0.18rad",49,0.20000000000000001,0.016858084630386291,"base_link|tunnel_floor","forearm_link|wrist2_link"
"near_limit_j3_upper_0.18rad",50,0.20000000000000001,0.016826882611209924,"base_link|tunnel_floor","forearm_link|wrist2_link"
"near_limit_j3_upper_0.18rad",51,0.20000000000000001,0.016825958045092699,"base_link|tunnel_floor","forearm_link|wrist2_link"
"near_limit_j3_upper_0.18rad",52,0.20000000000000001,0.016761011734688466,"base_link|tunnel_floor","forearm_link|wrist2_link"
"near_limit_j3_upper_0.18rad",53,0.20000000000000001,0.016729211985350857,"base_link|tunnel_floor","forearm_link|wrist2_link"
"near_limit_j3_upper_0.18rad",54,0.20000000000000001,0.016729856142100638,"base_link|tunnel_floor","forearm_link|wrist2_link"
"near_limit_j3_upper_0.18rad",55,0.20000000000000001,0.016756910007979541,"base_link|tunnel_floor","forearm_link|wrist2_link"
"near_limit_j3_upper_0.18rad",56,0.20000000000000001,0.016711419272366239,"base_link|tunnel_floor","wrist2_link|forearm_link"
"near_limit_j3_upper_0.18rad",57,0.20000000000000001,0.016693488688368171,"base_link|tunnel_floor","wrist2_link|forearm_link"
"near_limit_j3_upper_0.18rad",58,0.20000000000000001,0.016701789979983377,"base_link|tunnel_floor","wrist2_link|forearm_link"
"near_limit_j3_upper_0.18rad",59,0.20000000000000001,0.016734847355980211,"base_link|tunnel_floor","wrist2_link|forearm_link"
"near_limit_j3_upper_0.18rad",60,0.20000000000000001,0.016790850508152991,"base_link|tunnel_floor","wrist2_link|forearm_link"
"near_limit_j3_upper_0.18rad",61,0.20000000000000001,0.016867569488336016,"base_link|tunnel_floor","wrist2_link|forearm_link"
"near_limit_j3_upper_0.18rad",62,0.20000000000000001,0.016905474442806233,"base_link|tunnel_floor","wrist2_link|forearm_link"
"near_limit_j3_upper_0.18rad",63,0.20000000000000001,0.016861032894178254,"base_link|tunnel_floor","wrist2_link|forearm_link"
"near_limit_j3_upper_0.18rad",64,0.20000000000000001,0.016839075623230421,"base_link|tunnel_floor","wrist2_link|forearm_link"
"near_limit_j3_upper_0.18rad",65,0.20000000000000001,0.016809562075124695,"base_link|tunnel_floor","wrist2_link|forearm_link"
"near_limit_j3_upper_0.18rad",66,0.20000000000000001,0.016731794596511161,"base_link|tunnel_floor","wrist2_link|forearm_link"
"near_limit_j3_upper_0.18rad",67,0.20000000000000001,0.016683751385753998,"base_link|tunnel_floor","wrist2_link|forearm_link"
"near_limit_j3_upper_0.18rad",68,0.20000000000000001,0.016670539819357413,"base_link|tunnel_floor","wrist2_link|forearm_link"
"near_limit_j3_upper_0.18rad",69,0.20000000000000001,0.016685261197419695,"base_link|tunnel_floor","wrist2_link|forearm_link"
"near_limit_j3_upper_0.18rad",70,0.20000000000000001,0.016705743518078478,"base_link|tunnel_floor","wrist2_link|forearm_link"
"near_limit_j3_upper_0.18rad",71,0.20000000000000001,0.016725124141628796,"base_link|tunnel_floor","wrist2_link|forearm_link"
"near_limit_j3_upper_0.18rad",72,0.20000000000000001,0.016735852668635066,"base_link|tunnel_floor","wrist2_link|forearm_link"
"near_limit_j3_upper_0.18rad",73,0.20000000000000001,0.016729504033487278,"base_link|tunnel_floor","wrist2_link|forearm_link"
"near_limit_j3_upper_0.18rad",74,0.20000000000000001,0.016696979434012653,"base_link|tunnel_floor","wrist2_link|forearm_link"
"near_limit_j3_upper_0.18rad",75,0.20000000000000001,0.016636166125264772,"base_link|tunnel_floor","wrist2_link|forearm_link"
"near_limit_j3_upper_0.18rad",76,0.20000000000000001,0.016656392356689382,"base_link|tunnel_floor","wrist2_link|forearm_link"
"near_limit_j3_upper_0.18rad",77,0.20000000000000001,0.016715162136258236,"base_link|tunnel_floor","wrist2_link|forearm_link"
"near_limit_j3_upper_0.18rad",78,0.19643020029846198,0.016729581634317602,"upperarm_link|horseshoe_wall_30","wrist2_link|forearm_link"
"near_limit_j3_upper_0.18rad",79,0.17456809600020376,0.016692415659986921,"upperarm_link|horseshoe_wall_30","wrist2_link|forearm_link"
"near_limit_j3_upper_0.18rad",80,0.1539979263308778,0.016651226831180071,"upperarm_link|horseshoe_wall_29","wrist2_link|forearm_link"
"near_limit_j3_upper_0.18rad",81,0.13526198908573656,0.016755863669145225,"upperarm_link|horseshoe_wall_29","wrist2_link|forearm_link"
"near_limit_j3_upper_0.18rad",82,0.11865744873398217,0.016781866408136874,"upperarm_link|horseshoe_wall_28","wrist2_link|forearm_link"
"near_limit_j3_upper_0.18rad",83,0.10472170740390097,0.0168414423158103,"upperarm_link|horseshoe_wall_26","wrist2_link|forearm_link"
"near_limit_j3_upper_0.18rad",84,0.094346942726020552,0.016871053133833303,"upperarm_link|horseshoe_wall_26","wrist2_link|forearm_link"
"near_limit_j3_upper_0.18rad",85,0.088577170270258659,0.016805115692573716,"upperarm_link|horseshoe_wall_25","wrist2_link|forearm_link"
"near_limit_j3_upper_0.18rad",86,0.090348083274491314,0.016702263074620947,"upperarm_link|horseshoe_wall_25","wrist2_link|forearm_link"
"near_limit_j3_upper_0.18rad",87,0.099679140482252834,0.016726307384393169,"upperarm_link|horseshoe_wall_24","wrist2_link|forearm_link"
"near_limit_j3_upper_0.18rad",88,0.10683287313877521,0.016655252556279171,"upperarm_link|horseshoe_wall_25","wrist2_link|forearm_link"
"near_limit_j3_upper_0.18rad",89,0.1152010809290252,0.016623586821265694,"upperarm_link|horseshoe_wall_25","wrist2_link|forearm_link"
"near_limit_j3_upper_0.18rad",90,0.12486658098858876,0.016693701047588116,"upperarm_link|horseshoe_wall_25","wrist2_link|forearm_link"
"near_limit_j3_upper_0.18rad",91,0.13062414568567493,0.016753632393532544,"forearm_link|horseshoe_wall_25","wrist2_link|forearm_link"
"near_limit_j3_upper_0.18rad",92,0.13532543798436827,0.016729292878311219,"forearm_link|horseshoe_wall_25","wrist2_link|forearm_link"
"near_limit_j3_upper_0.18rad",93,0.14062588085588204,0.016748860248726995,"forearm_link|horseshoe_wall_25","wrist2_link|forearm_link"
"near_limit_j3_upper_0.18rad",94,0.14641417927570841,0.016810831448591971,"forearm_link|horseshoe_wall_25","wrist2_link|forearm_link"
"near_limit_j3_upper_0.18rad",95,0.14331124247631288,0.016785363479155775,"forearm_link|horseshoe_wall_26","wrist2_link|forearm_link"
"near_limit_j3_upper_0.18rad",96,0.14323215974904016,0.016796058319227734,"forearm_link|horseshoe_wall_28","wrist2_link|forearm_link"
"near_limit_j3_upper_0.18rad",97,0.14440160083435394,0.016825741460766441,"forearm_link|horseshoe_wall_29","wrist2_link|forearm_link"
"near_limit_j3_upper_0.18rad",98,0.14608193380290183,0.016858732447846539,"forearm_link|horseshoe_wall_30","wrist2_link|forearm_link"
"near_limit_j3_upper_0.18rad",99,0.1479780891779387,0.01689008891244877,"forearm_link|horseshoe_wall_31","wrist2_link|forearm_link"
"near_limit_j3_upper_0.18rad",100,0.14994112341795876,0.016879917272835124,"forearm_link|horseshoe_wall_31","wrist2_link|forearm_link"
"near_limit_j3_upper_0.18rad",101,0.15203985899468145,0.016843371149207826,"forearm_link|horseshoe_wall_32","wrist2_link|forearm_link"
"near_limit_j3_upper_0.18rad",102,0.15423943015329189,0.016809875669022239,"forearm_link|horseshoe_wall_32","wrist2_link|forearm_link"
"near_limit_j3_upper_0.18rad",103,0.15644674080877505,0.016779651702944862,"forearm_link|horseshoe_wall_33","wrist2_link|forearm_link"
"near_limit_j3_upper_0.18rad",104,0.15872754782704854,0.016752787848838702,"forearm_link|horseshoe_wall_34","wrist2_link|forearm_link"
"near_limit_j3_upper_0.18rad",105,0.16101606383386688,0.016729325333264947,"forearm_link|horseshoe_wall_34","wrist2_link|forearm_link"
"near_limit_j3_upper_0.18rad",106,0.16329566618490213,0.016709301533400198,"forearm_link|horseshoe_wall_35","wrist2_link|forearm_link"
"near_limit_j3_upper_0.18rad",107,0.16560886662035051,0.016692774470820175,"forearm_link|horseshoe_wall_36","wrist2_link|forearm_link"
"near_limit_j3_upper_0.18rad",108,0.16786839531636316,0.016679837696867109,"forearm_link|horseshoe_wall_36","wrist2_link|forearm_link"
"near_limit_j3_upper_0.18rad",109,0.17011282870062833,0.016673830669366146,"forearm_link|horseshoe_wall_37","wrist2_link|forearm_link"
"near_limit_j3_upper_0.18rad",110,0.17236893883007126,0.016678619999925398,"forearm_link|horseshoe_wall_38","wrist2_link|forearm_link"
"near_limit_j3_upper_0.18rad",111,0.17454145718130745,0.016691413732518947,"forearm_link|horseshoe_wall_38","wrist2_link|forearm_link"
"near_limit_j3_upper_0.18rad",112,0.17671657953985459,0.016718229778879261,"forearm_link|horseshoe_wall_39","wrist2_link|forearm_link"
"near_limit_j3_upper_0.18rad",113,0.17891078294156962,0.01672355143288121,"forearm_link|horseshoe_wall_39","wrist2_link|forearm_link"
"near_limit_j3_upper_0.18rad",114,0.18103487804074592,0.01669282317590793,"forearm_link|horseshoe_wall_40","wrist2_link|forearm_link"
"near_limit_j3_upper_0.18rad",115,0.18318283580079511,0.016666232316126541,"forearm_link|horseshoe_wall_41","wrist2_link|forearm_link"
"near_limit_j3_upper_0.18rad",116,0.1853292688637285,0.016643538561994149,"forearm_link|horseshoe_wall_41","wrist2_link|forearm_link"
"near_limit_j3_upper_0.18rad",117,0.18741779639918849,0.016629946162803912,"forearm_link|horseshoe_wall_42","wrist2_link|forearm_link"
"near_limit_j3_upper_0.18rad",118,0.18952381211712538,0.01662778932643251,"forearm_link|horseshoe_wall_43","wrist2_link|forearm_link"
"near_limit_j3_upper_0.18rad",119,0.19161480910785517,0.016633937929095038,"forearm_link|horseshoe_wall_43","wrist2_link|forearm_link"
"near_limit_j3_upper_0.18rad",120,0.19365331775253958,0.016645099528984519,"forearm_link|horseshoe_wall_44","wrist2_link|forearm_link"
"near_limit_j3_upper_0.18rad",121,0.1957036723303805,0.01666618407744205,"forearm_link|horseshoe_wall_45","wrist2_link|forearm_link"
"near_limit_j3_upper_0.18rad",122,0.19773062247686907,0.016697234642067148,"forearm_link|horseshoe_wall_45","wrist2_link|forearm_link"
"near_limit_j3_upper_0.18rad",123,0.19970569819024289,0.016735997046029565,"forearm_link|horseshoe_wall_46","wrist2_link|forearm_link"
"near_limit_j3_upper_0.18rad",124,0.20000000000000001,0.016765506079783919,"base_link|tunnel_floor","wrist2_link|forearm_link"
"near_limit_j3_upper_0.18rad",125,0.20000000000000001,0.016759304139505382,"base_link|tunnel_floor","wrist2_link|forearm_link"
"near_limit_j3_upper_0.18rad",126,0.20000000000000001,0.016749446417763648,"base_link|tunnel_floor","wrist2_link|forearm_link"
"near_limit_j3_upper_0.18rad",127,0.20000000000000001,0.016737491188302242,"base_link|tunnel_floor","wrist2_link|forearm_link"
"near_limit_j3_upper_0.18rad",128,0.20000000000000001,0.01673376182052275,"base_link|tunnel_floor","wrist2_link|forearm_link"
"near_limit_j3_upper_0.18rad",129,0.20000000000000001,0.016738291436867739,"base_link|tunnel_floor","wrist2_link|forearm_link"
"near_limit_j3_upper_0.18rad",130,0.20000000000000001,0.01674629379768492,"base_link|tunnel_floor","wrist2_link|forearm_link"
"near_limit_j3_upper_0.18rad",131,0.20000000000000001,0.016761730010817936,"base_link|tunnel_floor","wrist2_link|forearm_link"
"near_limit_j3_upper_0.18rad",132,0.20000000000000001,0.016785180448236001,"base_link|tunnel_floor","wrist2_link|forearm_link"
"near_limit_j3_upper_0.18rad",133,0.20000000000000001,0.016815901684926117,"base_link|tunnel_floor","wrist2_link|forearm_link"
"near_limit_j3_upper_0.18rad",134,0.20000000000000001,0.016846210033822345,"base_link|tunnel_floor","wrist2_link|forearm_link"
"near_limit_j3_upper_0.18rad",135,0.20000000000000001,0.01687384591777373,"base_link|tunnel_floor","wrist2_link|forearm_link"
"near_limit_j3_upper_0.18rad",136,0.20000000000000001,0.016898900184477872,"base_link|tunnel_floor","wrist2_link|forearm_link"
"near_limit_j3_upper_0.18rad",137,0.20000000000000001,0.016891742580033949,"base_link|tunnel_floor","wrist2_link|forearm_link"
"near_limit_j3_upper_0.18rad",138,0.20000000000000001,0.016859323225161968,"base_link|tunnel_floor","wrist2_link|forearm_link"
"near_limit_j3_upper_0.18rad",139,0.20000000000000001,0.016828697093438469,"base_link|tunnel_floor","wrist2_link|forearm_link"
"near_limit_j3_upper_0.18rad",140,0.20000000000000001,0.016799930380164207,"base_link|tunnel_floor","wrist2_link|forearm_link"
"near_limit_j3_upper_0.18rad",141,0.20000000000000001,0.016773149256841948,"base_link|tunnel_floor","wrist2_link|forearm_link"
"near_limit_j3_upper_0.18rad",142,0.20000000000000001,0.016750488106623336,"base_link|tunnel_floor","wrist2_link|forearm_link"
"near_limit_j3_upper_0.18rad",143,0.20000000000000001,0.016733877635915863,"base_link|tunnel_floor","wrist2_link|forearm_link"
"near_limit_j3_upper_0.18rad",144,0.20000000000000001,0.016722128529223963,"base_link|tunnel_floor","wrist2_link|forearm_link"
"near_limit_j3_upper_0.18rad",145,0.20000000000000001,0.016714289755694903,"base_link|tunnel_floor","wrist2_link|forearm_link"
"near_limit_j3_upper_0.18rad",146,0.20000000000000001,0.016709664324736442,"base_link|tunnel_floor","wrist2_link|forearm_link"
"near_limit_j3_upper_0.18rad",147,0.20000000000000001,0.016707799308140786,"base_link|tunnel_floor","wrist2_link|forearm_link"
"near_limit_j3_upper_0.18rad",148,0.20000000000000001,0.016708472190661128,"base_link|tunnel_floor","wrist2_link|forearm_link"
"near_limit_j3_upper_0.18rad",149,0.20000000000000001,0.01671167486145159,"base_link|tunnel_floor","wrist2_link|forearm_link"
"near_limit_j3_upper_0.18rad",150,0.20000000000000001,0.016726832149598678,"base_link|tunnel_floor","wrist2_link|forearm_link"
"near_limit_j3_upper_0.18rad",151,0.20000000000000001,0.016774474286818004,"base_link|tunnel_floor","wrist2_link|forearm_link"
"near_limit_j3_upper_0.18rad",152,0.20000000000000001,0.016880787437018218,"base_link|tunnel_floor","wrist2_link|forearm_link"
"near_limit_j3_upper_0.18rad",153,0.20000000000000001,0.016780144263972119,"base_link|tunnel_floor","wrist2_link|forearm_link"
"near_limit_j3_upper_0.18rad",154,0.20000000000000001,0.01675954501453528,"base_link|tunnel_floor","wrist2_link|forearm_link"
"near_limit_j3_upper_0.18rad",155,0.20000000000000001,0.016632718665293391,"base_link|tunnel_floor","wrist2_link|forearm_link"
"near_limit_j3_upper_0.18rad",156,0.20000000000000001,0.016681720570417127,"base_link|tunnel_floor","wrist2_link|forearm_link"
"near_limit_j3_upper_0.18rad",157,0.20000000000000001,0.016841499132828928,"base_link|tunnel_floor","wrist2_link|forearm_link"
"near_limit_j3_upper_0.18rad",158,0.20000000000000001,0.016757906054069256,"base_link|tunnel_floor","wrist2_link|forearm_link"
"near_limit_j3_upper_0.18rad",159,0.20000000000000001,0.016664887633387523,"base_link|tunnel_floor","wrist2_link|forearm_link"
"near_limit_j3_upper_0.18rad",160,0.20000000000000001,0.016679131331138505,"base_link|tunnel_floor","wrist2_link|forearm_link"
"near_limit_j3_upper_0.18rad",161,0.20000000000000001,0.016747059908414408,"base_link|tunnel_floor","wrist2_link|forearm_link"
"near_limit_j3_upper_0.18rad",162,0.20000000000000001,0.01677994850739882,"base_link|tunnel_floor","wrist2_link|forearm_link"
"near_limit_j3_upper_0.18rad",163,0.20000000000000001,0.016849826108492876,"base_link|tunnel_floor","wrist2_link|forearm_link"
"near_limit_j3_upper_0.18rad",164,0.20000000000000001,0.016712862354652146,"base_link|tunnel_floor","wrist2_link|forearm_link"
"near_limit_j3_upper_0.18rad",165,0.20000000000000001,0.016684868839068633,"base_link|tunnel_floor","wrist2_link|forearm_link"
"near_limit_j3_upper_0.18rad",166,0.20000000000000001,0.016655871891513189,"base_link|tunnel_floor","wrist2_link|forearm_link"
"near_limit_j3_upper_0.18rad",167,0.20000000000000001,0.016658787017895436,"base_link|tunnel_floor","wrist2_link|forearm_link"
"near_limit_j3_upper_0.18rad",168,0.20000000000000001,0.016747291112832952,"base_link|tunnel_floor","wrist2_link|forearm_link"
"near_limit_j3_upper_0.18rad",169,0.20000000000000001,0.016778215775310898,"base_link|tunnel_floor","wrist2_link|forearm_link"
"near_limit_j3_upper_0.18rad",170,0.20000000000000001,0.01687338079248862,"base_link|tunnel_floor","wrist2_link|forearm_link"
"near_limit_j3_upper_0.18rad",171,0.20000000000000001,0.016728545985281413,"base_link|tunnel_floor","wrist2_link|forearm_link"
"near_limit_j3_upper_0.18rad",172,0.20000000000000001,0.01667522860225416,"base_link|tunnel_floor","wrist2_link|forearm_link"
"near_limit_j3_upper_0.18rad",173,0.20000000000000001,0.016677137509336519,"base_link|tunnel_floor","wrist2_link|forearm_link"
"near_limit_j3_upper_0.18rad",174,0.20000000000000001,0.016633492306459795,"base_link|tunnel_floor","wrist2_link|forearm_link"
"near_limit_j3_upper_0.18rad",175,0.20000000000000001,0.016766143167831895,"base_link|tunnel_floor","wrist2_link|forearm_link"
"near_limit_j3_upper_0.18rad",176,0.20000000000000001,0.016733933191161111,"base_link|tunnel_floor","wrist2_link|forearm_link"
"near_limit_j3_upper_0.18rad",177,0.20000000000000001,0.016809134665320594,"base_link|tunnel_floor","wrist2_link|forearm_link"
"near_limit_j3_upper_0.18rad",178,0.20000000000000001,0.01685271081960632,"base_link|tunnel_floor","wrist2_link|forearm_link"
"near_limit_j3_upper_0.18rad",179,0.20000000000000001,0.016726659042940708,"base_link|tunnel_floor","wrist2_link|forearm_link"
"near_limit_j3_upper_0.18rad",180,0.20000000000000001,0.016627569390579071,"base_link|tunnel_floor","wrist2_link|forearm_link"
